session;landmark_id;date;year;month;day;clan;utme;utmn;category
97332.1;DOC_Den_2;2016-11-20;2016;11;20;talek;747700;9837031;cd
s0.26;Disappointment_Den;2008-06-27;2008;06;27;happyzebra;721449;9846717;cd
s0.41;Disappointment_Den;2008-06-29;2008;06;29;serenan;721449;9846717;cd
s0.59;Alumni_Den;2008-07-06;2008;07;06;happyzebra;718903;9833540;cd
s10004;Schiphol_Den;2013-07-02;2013;07;02;serenan;723441;9844921;cd
s10005;Schiphol_Den;2013-07-02;2013;07;02;serenan;723441;9844921;cd
s10010;Grits_Den;2013-07-03;2013;07;03;serenan;724180;9846138;cd
s10016;Schiphol_Den;2013-07-05;2013;07;05;serenan;723441;9844921;cd
s10017;Schiphol_Den;2013-07-05;2013;07;05;serenan;723441;9844921;cd
s10027;Schiphol_Den;2013-07-06;2013;07;06;serenan;723441;9844921;cd
s10030;Grits_Den;2013-07-07;2013;07;07;serenan;724180;9846138;cd
s10034;Schiphol_Den;2013-07-08;2013;07;08;serenan;723441;9844921;cd
s10037;Grits_Den;2013-07-08;2013;07;08;serenan;724180;9846138;cd
s10038;Grits_Den;2013-07-09;2013;07;09;serenan;724180;9846138;cd
s10040;Schiphol_Den;2013-07-10;2013;07;10;serenan;723441;9844921;cd
s10044;Schiphol_Den;2013-07-10;2013;07;10;serenan;723441;9844921;cd
s10047;Schiphol_Den;2013-07-10;2013;07;10;serenan;723441;9844921;cd
s10048;Schiphol_Den;2013-07-10;2013;07;10;serenan;723441;9844921;cd
s10049;Schiphol_Den;2013-07-10;2013;07;10;serenan;723441;9844921;cd
s10057;Grits_Den;2013-07-11;2013;07;11;serenan;724180;9846138;cd
s10058;Grits_Den;2013-07-11;2013;07;11;serenan;724180;9846138;cd
s10059;Grits_Den;2013-07-11;2013;07;11;serenan;724180;9846138;cd
s10060;Schiphol_Den;2013-07-12;2013;07;12;serenan;723441;9844921;cd
s10061;Grits_Den;2013-07-13;2013;07;13;serenan;724180;9846138;cd
s10064;Schiphol_Den;2013-07-13;2013;07;13;serenan;723441;9844921;cd
s10065;Schiphol_Den;2013-07-13;2013;07;13;serenan;723441;9844921;cd
s10066;Schiphol_Den;2013-07-14;2013;07;14;serenan;723441;9844921;cd
s1007;Rocky_Point_Den;2010-03-16;2010;03;16;happyzebra;716191;9842646;cd
s1007.1;Schiphol_Den;2013-07-16;2013;07;16;serenan;723441;9844921;cd
s10070;Schiphol_Den;2013-07-14;2013;07;14;serenan;723441;9844921;cd
s10071;Schiphol_Den;2013-07-15;2013;07;15;serenan;723441;9844921;cd
s10072;Grits_Den;2013-07-16;2013;07;16;serenan;724180;9846138;cd
s10075;Schiphol_Den;2013-07-16;2013;07;16;serenan;723441;9844921;cd
s10076;Schiphol_Den;2013-07-16;2013;07;16;serenan;723441;9844921;cd
s10077;Schiphol_Den;2013-07-16;2013;07;16;serenan;723441;9844921;cd
s10081;Schiphol_Den;2013-07-17;2013;07;17;serenan;723441;9844921;cd
s10082;Schiphol_Den;2013-07-18;2013;07;18;serenan;723441;9844921;cd
s10083;Schiphol_Den;2013-07-18;2013;07;18;serenan;723441;9844921;cd
s10085;Grits_Den;2013-07-19;2013;07;19;serenan;724180;9846138;cd
s10087.1;Bordello_Den;2013-07-19;2013;07;19;serenan;721485;9847576;cd
s1009;Rocky_Point_Den;2010-03-17;2010;03;17;happyzebra;716191;9842646;cd
s10090;Bordello_Den;2013-07-19;2013;07;19;serenan;721485;9847576;cd
s10106;Flapjack_Den;2013-07-21;2013;07;21;serenan;724252;9846273;cd
s10107;Schiphol_Den;2013-07-21;2013;07;21;serenan;723441;9844921;cd
s10108;Bordello_Den;2013-07-23;2013;07;23;serenan;721485;9847576;cd
s1011;Rocky_Point_Den;2010-03-20;2010;03;20;happyzebra;716191;9842646;cd
s10117;Bordello_Den;2013-07-24;2013;07;24;serenan;721485;9847576;cd
s10118;Mindy's_Den;2013-07-24;2013;07;24;serenan;721772;9847129;cd
s10119;Mindy's_Den;2013-07-24;2013;07;24;serenan;721772;9847129;cd
s10120;Mindy's_Den;2013-07-25;2013;07;25;serenan;721772;9847129;cd
s10122;Mindy's_Den;2013-07-25;2013;07;25;serenan;721772;9847129;cd
s10128;Mindy's_Den;2013-07-26;2013;07;26;serenan;721772;9847129;cd
s10130;Schiphol_Den;2013-07-26;2013;07;26;serenan;723441;9844921;cd
s10131;Mindy's_Den;2013-07-26;2013;07;26;serenan;721772;9847129;cd
s10134;Mindy's_Den;2013-07-26;2013;07;26;serenan;721772;9847129;cd
s10137;Mindy's_Den;2013-07-27;2013;07;27;serenan;721772;9847129;cd
s1014;Rocky_Point_Den;2010-03-25;2010;03;25;happyzebra;716191;9842646;cd
s10143;Schiphol_Den;2013-07-29;2013;07;29;serenan;723441;9844921;cd
s10145;Schiphol_Den;2013-07-29;2013;07;29;serenan;723441;9844921;cd
s10148;Mindy's_Den;2013-07-29;2013;07;29;serenan;721772;9847129;cd
s10152;Mindy's_Den;2013-07-29;2013;07;29;serenan;721772;9847129;cd
s10159;Mindy's_Den;2013-07-30;2013;07;30;serenan;721772;9847129;cd
s10162;Mindy's_Den;2013-07-30;2013;07;30;serenan;721772;9847129;cd
s10164;Mindy's_Den;2013-07-30;2013;07;30;serenan;721772;9847129;cd
s10166;DeGaulle_Den;2013-07-31;2013;07;31;serenan;723652;9844975;cd
s10168;DeGaulle_Den;2013-07-31;2013;07;31;serenan;723652;9844975;cd
s10181;Holy_Grail_Den;2013-07-31;2013;07;31;happyzebra;719087;9840152;cd
s1021;Rocky_Point_Den;2010-04-08;2010;04;08;happyzebra;716191;9842646;cd
s1026;Rocky_Point_Den;2010-04-13;2010;04;13;happyzebra;716191;9842646;cd
s1027;Rocky_Point_Den;2010-04-13;2010;04;13;happyzebra;716191;9842646;cd
s1028;Rocky_Point_Den;2010-04-14;2010;04;14;happyzebra;716191;9842646;cd
s10287;National_Cornchip_Day_Den;2013-02-13;2013;02;13;serenan;720449;9847591;cd
s10290;National_Cornchip_Day_Den;2013-02-14;2013;02;14;serenan;720449;9847591;cd
s10291;National_Cornchip_Day_Den;2013-02-15;2013;02;15;serenan;720449;9847591;cd
s10291.1;Schiphol_Den;2013-02-15;2013;02;15;serenan;723441;9844921;cd
s10292.1;National_Cornchip_Day_Den;2013-02-16;2013;02;16;serenan;720449;9847591;cd
s10294;National_Cornchip_Day_Den;2013-02-16;2013;02;16;happyzebra;720449;9847591;cd
s10299;National_Cornchip_Day_Den;2013-02-18;2013;02;18;serenan;720449;9847591;cd
s103;Holy_Grail_Den;2008-08-20;2008;08;20;happyzebra;719087;9840152;cd
s1030;Rocky_Point_Den;2010-04-17;2010;04;17;happyzebra;716191;9842646;cd
s10303;National_Cornchip_Day_Den;2013-02-18;2013;02;18;serenan;720449;9847591;cd
s10307;National_Cornchip_Day_Den;2013-02-19;2013;02;19;serenan;720449;9847591;cd
s10310;National_Cornchip_Day_Den;2013-02-22;2013;02;22;serenan;720449;9847591;cd
s10317;National_Cornchip_Day_Den;2013-02-24;2013;02;24;serenan;720449;9847591;cd
s10321;National_Cornchip_Day_Den;2013-02-24;2013;02;24;serenan;720449;9847591;cd
s10332;National_Cornchip_Day_Den;2013-02-25;2013;02;25;serenan;720449;9847591;cd
s10335;National_Cornchip_Day_Den;2013-02-27;2013;02;27;serenan;720449;9847591;cd
s10349;National_Cornchip_Day_Den;2013-02-28;2013;02;28;serenan;720449;9847591;cd
s1035;Rocky_Point_Den;2010-04-18;2010;04;18;happyzebra;716191;9842646;cd
s10358;National_Cornchip_Day_Den;2013-03-02;2013;03;02;serenan;720449;9847591;cd
s10366;National_Cornchip_Day_Den;2013-03-04;2013;03;04;serenan;720449;9847591;cd
s10380;National_Cornchip_Day_Den;2013-03-06;2013;03;06;serenan;720449;9847591;cd
s10381;Schiphol_Den;2013-03-07;2013;03;07;serenan;723441;9844921;cd
s10382;National_Cornchip_Day_Den;2013-03-10;2013;03;10;serenan;720449;9847591;cd
s10400;National_Cornchip_Day_Den;2013-03-13;2013;03;13;serenan;720449;9847591;cd
s10406;National_Cornchip_Day_Den;2013-03-15;2013;03;15;serenan;720449;9847591;cd
s10408;National_Cornchip_Day_Den;2013-03-15;2013;03;15;serenan;720449;9847591;cd
s1041;Rocky_Point_Den;2010-04-25;2010;04;25;happyzebra;716191;9842646;cd
s1042;Rocky_Point_Den;2010-04-29;2010;04;29;happyzebra;716191;9842646;cd
s10424;National_Cornchip_Day_Den;2013-03-16;2013;03;16;serenan;720449;9847591;cd
s10426;National_Cornchip_Day_Den;2013-03-18;2013;03;18;serenan;720449;9847591;cd
s10431;Schiphol_Den;2013-03-20;2013;03;20;serenan;723441;9844921;cd
s10433;Schiphol_Den;2013-03-22;2013;03;22;serenan;723441;9844921;cd
s10436;National_Cornchip_Day_Den;2013-03-22;2013;03;22;serenan;720449;9847591;cd
s10438;National_Cornchip_Day_Den;2013-03-22;2013;03;22;serenan;720449;9847591;cd
s1044;Rocky_Point_Den;2010-04-30;2010;04;30;happyzebra;716191;9842646;cd
s10446;Schiphol_Den;2013-03-23;2013;03;23;serenan;723441;9844921;cd
s10452;Schiphol_Den;2013-03-23;2013;03;23;serenan;723441;9844921;cd
s10453;Schiphol_Den;2013-03-23;2013;03;23;serenan;723441;9844921;cd
s10456;Schiphol_Den;2013-03-24;2013;03;24;serenan;723441;9844921;cd
s10458;Schiphol_Den;2013-03-24;2013;03;24;serenan;723441;9844921;cd
s10459;Schiphol_Den;2013-03-25;2013;03;25;serenan;723441;9844921;cd
s1046;Rocky_Point_Den;2010-04-30;2010;04;30;happyzebra;716191;9842646;cd
s10464;Schiphol_Den;2013-03-26;2013;03;26;serenan;723441;9844921;cd
s10466;Schiphol_Den;2013-03-26;2013;03;26;serenan;723441;9844921;cd
s10472;Schiphol_Den;2013-03-26;2013;03;26;serenan;723441;9844921;cd
s10473;Schiphol_Den;2013-03-29;2013;03;29;serenan;723441;9844921;cd
s10474;Schiphol_Den;2013-03-31;2013;03;31;serenan;723441;9844921;cd
s10475;Schiphol_Den;2013-04-02;2013;04;02;serenan;723441;9844921;cd
s10477;Schiphol_Den;2013-04-04;2013;04;04;serenan;723441;9844921;cd
s10478;Schiphol_Den;2013-04-08;2013;04;08;serenan;723441;9844921;cd
s10480;Schiphol_Den;2013-04-08;2013;04;08;serenan;723441;9844921;cd
s10483;Schiphol_Den;2013-04-09;2013;04;09;serenan;723441;9844921;cd
s10484;DeGaulle_Den;2013-04-09;2013;04;09;serenan;723652;9844975;cd
s10485;DeGaulle_Den;2013-04-11;2013;04;11;serenan;723652;9844975;cd
s10486;Schiphol_Den;2013-04-11;2013;04;11;serenan;723441;9844921;cd
s10487;DeGaulle_Den;2013-04-12;2013;04;12;serenan;723652;9844975;cd
s10488;Schiphol_Den;2013-04-13;2013;04;13;serenan;723441;9844921;cd
s10494;DeGaulle_Den;2013-04-14;2013;04;14;serenan;723652;9844975;cd
s10495;DeGaulle_Den;2013-04-16;2013;04;16;serenan;723652;9844975;cd
s10497;Schiphol_Den;2013-04-18;2013;04;18;serenan;723441;9844921;cd
s10498;DeGaulle_Den;2013-04-18;2013;04;18;serenan;723652;9844975;cd
s10505;DeGaulle_Den;2013-04-19;2013;04;19;serenan;723652;9844975;cd
s10507;DeGaulle_Den;2013-04-20;2013;04;20;serenan;723652;9844975;cd
s10508.1;DeGaulle_Den;2013-04-22;2013;04;22;serenan;723652;9844975;cd
s10511;DeGaulle_Den;2013-04-22;2013;04;22;serenan;723652;9844975;cd
s10512;DeGaulle_Den;2013-04-22;2013;04;22;serenan;723652;9844975;cd
s10513;DeGaulle_Den;2013-04-23;2013;04;23;serenan;723652;9844975;cd
s10522;DeGaulle_Den;2013-04-24;2013;04;24;serenan;723652;9844975;cd
s10524;DeGaulle_Den;2013-04-25;2013;04;25;serenan;723652;9844975;cd
s10525;Schiphol_Den;2013-04-25;2013;04;25;serenan;723441;9844921;cd
s10526;DeGaulle_Den;2013-04-26;2013;04;26;serenan;723652;9844975;cd
s10528;DeGaulle_Den;2013-04-26;2013;04;26;serenan;723652;9844975;cd
s10531;Schiphol_Den;2013-04-28;2013;04;28;serenan;723441;9844921;cd
s10532;DeGaulle_Den;2013-04-28;2013;04;28;serenan;723652;9844975;cd
s10536;Schiphol_Den;2013-05-03;2013;05;03;serenan;723441;9844921;cd
s10538;Schiphol_Den;2013-05-04;2013;05;04;serenan;723441;9844921;cd
s10539;Schiphol_Den;2013-05-05;2013;05;05;serenan;723441;9844921;cd
s10540;Schiphol_Den;2013-05-05;2013;05;05;serenan;723441;9844921;cd
s10543;Schiphol_Den;2013-05-06;2013;05;06;serenan;723441;9844921;cd
s10546;Schiphol_Den;2013-05-07;2013;05;07;serenan;723441;9844921;cd
s10551;Schiphol_Den;2013-05-07;2013;05;07;serenan;723441;9844921;cd
s10552;Schiphol_Den;2013-05-07;2013;05;07;serenan;723441;9844921;cd
s10558;Schiphol_Den;2013-05-08;2013;05;08;serenan;723441;9844921;cd
s10559;Schiphol_Den;2013-05-09;2013;05;09;serenan;723441;9844921;cd
s10562;Schiphol_Den;2013-05-09;2013;05;09;serenan;723441;9844921;cd
s10563.1;Schiphol_Den;2013-05-10;2013;05;10;serenan;723441;9844921;cd
s10566.1;Schiphol_Den;2013-05-10;2013;05;10;serenan;723441;9844921;cd
s10567;Schiphol_Den;2013-05-10;2013;05;10;serenan;723441;9844921;cd
s10570;Schiphol_Den;2013-05-11;2013;05;11;serenan;723441;9844921;cd
s10575;Schiphol_Den;2013-05-12;2013;05;12;serenan;723441;9844921;cd
s10576;Schiphol_Den;2013-05-12;2013;05;12;serenan;723441;9844921;cd
s10577;Schiphol_Den;2013-05-12;2013;05;12;serenan;723441;9844921;cd
s10581;Schiphol_Den;2013-05-13;2013;05;13;serenan;723441;9844921;cd
s10583;Schiphol_Den;2013-05-13;2013;05;13;serenan;723441;9844921;cd
s10585;Schiphol_Den;2013-05-14;2013;05;14;serenan;723441;9844921;cd
s10587;Schiphol_Den;2013-05-14;2013;05;14;serenan;723441;9844921;cd
s10588;Schiphol_Den;2013-05-14;2013;05;14;serenan;723441;9844921;cd
s1059;Rocky_Point_Den;2010-05-08;2010;05;08;happyzebra;716191;9842646;cd
s10593;Schiphol_Den;2013-05-15;2013;05;15;serenan;723441;9844921;cd
s10595;Schiphol_Den;2013-05-16;2013;05;16;serenan;723441;9844921;cd
s10596;Schiphol_Den;2013-05-17;2013;05;17;serenan;723441;9844921;cd
s10598;Schiphol_Den;2013-05-17;2013;05;17;serenan;723441;9844921;cd
s10606;Schiphol_Den;2013-05-18;2013;05;18;serenan;723441;9844921;cd
s10607;Schiphol_Den;2013-05-18;2013;05;18;serenan;723441;9844921;cd
s10608;Schiphol_Den;2013-05-19;2013;05;19;serenan;723441;9844921;cd
s10613;Schiphol_Den;2013-05-20;2013;05;20;serenan;723441;9844921;cd
s10616;Schiphol_Den;2013-05-20;2013;05;20;serenan;723441;9844921;cd
s10621;Schiphol_Den;2013-05-21;2013;05;21;serenan;723441;9844921;cd
s10622;Schiphol_Den;2013-05-21;2013;05;21;serenan;723441;9844921;cd
s10623;Schiphol_Den;2013-05-21;2013;05;21;serenan;723441;9844921;cd
s10625.1;Schiphol_Den;2013-05-22;2013;05;22;serenan;723441;9844921;cd
s10626;Schiphol_Den;2013-05-22;2013;05;22;serenan;723441;9844921;cd
s10634;Schiphol_Den;2013-05-24;2013;05;24;serenan;723441;9844921;cd
s10640;Grits_Den;2013-05-25;2013;05;25;serenan;724180;9846138;cd
s10643;Grits_Den;2013-05-27;2013;05;27;serenan;724180;9846138;cd
s1065;Rocky_Point_Den;2010-05-09;2010;05;09;happyzebra;716191;9842646;cd
s10650;Grits_Den;2013-05-27;2013;05;27;serenan;724180;9846138;cd
s10652;Grits_Den;2013-05-28;2013;05;28;serenan;724180;9846138;cd
s10656;Grits_Den;2013-05-29;2013;05;29;serenan;724180;9846138;cd
s10659;Grits_Den;2013-05-30;2013;05;30;serenan;724180;9846138;cd
s10661;Flapjack_Den;2013-05-30;2013;05;30;serenan;724252;9846273;cd
s10663;Grits_Den;2013-06-02;2013;06;02;serenan;724180;9846138;cd
s10670;Flapjack_Den;2013-06-03;2013;06;03;serenan;724252;9846273;cd
s10674;Grits_Den;2013-06-05;2013;06;05;serenan;724180;9846138;cd
s10679;Grits_Den;2013-06-07;2013;06;07;serenan;724180;9846138;cd
s10681;Flapjack_Den;2013-06-08;2013;06;08;serenan;724252;9846273;cd
s10687;Flapjack_Den;2013-06-09;2013;06;09;serenan;724252;9846273;cd
s10695;Flapjack_Den;2013-06-09;2013;06;09;serenan;724252;9846273;cd
s10698;Grits_Den;2013-06-10;2013;06;10;serenan;724180;9846138;cd
s1070;Rocky_Point_Den;2010-05-27;2010;05;27;happyzebra;716191;9842646;cd
s10701;DeGaulle_Den;2013-06-11;2013;06;11;serenan;723652;9844975;cd
s10706;Grits_Den;2013-06-11;2013;06;11;serenan;724180;9846138;cd
s10721;Flapjack_Den;2013-06-13;2013;06;13;serenan;724252;9846273;cd
s10722;Grits_Den;2013-06-13;2013;06;13;serenan;724180;9846138;cd
s10723;Flapjack_Den;2013-06-15;2013;06;15;serenan;724252;9846273;cd
s10724;Grits_Den;2013-06-15;2013;06;15;serenan;724180;9846138;cd
s10737;Flapjack_Den;2013-06-15;2013;06;15;serenan;724252;9846273;cd
s10738;Flapjack_Den;2013-06-16;2013;06;16;serenan;724252;9846273;cd
s10744;Flapjack_Den;2013-06-16;2013;06;16;serenan;724252;9846273;cd
s10745;Grits_Den;2013-06-17;2013;06;17;serenan;724180;9846138;cd
s10752;Grits_Den;2013-06-17;2013;06;17;serenan;724180;9846138;cd
s10753;Grits_Den;2013-06-18;2013;06;18;serenan;724180;9846138;cd
s10764;Grits_Den;2013-06-18;2013;06;18;serenan;724180;9846138;cd
s10765;Flapjack_Den;2013-06-19;2013;06;19;serenan;724252;9846273;cd
s1077;Rocky_Point_Den;2010-06-03;2010;06;03;happyzebra;716191;9842646;cd
s1079;Texarkana_Den;2010-06-04;2010;06;04;happyzebra;716373;9842739;cd
s1080;Rocky_Point_Den;2010-06-04;2010;06;04;happyzebra;716191;9842646;cd
s10803;Flapjack_Den;2013-06-19;2013;06;19;serenan;724252;9846273;cd
s10813;Grits_Den;2013-06-20;2013;06;20;serenan;724180;9846138;cd
s10814;Flapjack_Den;2013-06-21;2013;06;21;serenan;724252;9846273;cd
s10826;Flapjack_Den;2013-06-21;2013;06;21;serenan;724252;9846273;cd
s10832;Grits_Den;2013-06-22;2013;06;22;serenan;724180;9846138;cd
s10835;Grits_Den;2013-06-24;2013;06;24;serenan;724180;9846138;cd
s10858;Flapjack_Den;2013-06-27;2013;06;27;serenan;724252;9846273;cd
s10868.1;DeGaulle_Den;2013-08-01;2013;08;01;serenan;723652;9844975;cd
s10869;Schiphol_Den;2013-08-01;2013;08;01;serenan;723441;9844921;cd
s1087;Texarkana_Den;2010-06-08;2010;06;08;happyzebra;716373;9842739;cd
s10870;DeGaulle_Den;2013-08-01;2013;08;01;serenan;723652;9844975;cd
s10872;Mindy's_Den;2013-08-01;2013;08;01;serenan;721772;9847129;cd
s10877;Mindy's_Den;2013-08-02;2013;08;02;serenan;721772;9847129;cd
s10878;DeGaulle_Den;2013-08-02;2013;08;02;serenan;723652;9844975;cd
s10880;DeGaulle_Den;2013-08-03;2013;08;03;serenan;723652;9844975;cd
s10887;Mindy's_Den;2013-08-04;2013;08;04;serenan;721772;9847129;cd
s1089;Rocky_Point_Den;2010-06-13;2010;06;13;happyzebra;716191;9842646;cd
s10893;Mindy's_Den;2013-08-06;2013;08;06;serenan;721772;9847129;cd
s10897;DeGaulle_Den;2013-08-07;2013;08;07;serenan;723652;9844975;cd
s108994;Ollivander's_Den;2019-04-06;2019;04;06;serenan;719224;9848877;cd
s108995;All_Hallows'_Eve_Den;2019-04-06;2019;04;06;serenan;720265;9848034;cd
s108996;All_Hallows'_Eve_Den;2019-04-07;2019;04;07;serenan;720265;9848034;cd
s108999;Ollivander's_Den;2019-04-11;2019;04;11;serenan;719224;9848877;cd
s109008;All_Hallows'_Eve_Den;2019-04-13;2019;04;13;serenan;720265;9848034;cd
s109013;DeGaulle_Den;2019-04-15;2019;04;15;serenan;723652;9844975;cd
s109014.1;All_Hallows'_Eve_Den;2019-04-15;2019;04;15;serenan;720265;9848034;cd
s109018;All_Hallows'_Eve_Den;2019-04-19;2019;04;19;serenan;720265;9848034;cd
s10902;DeGaulle_Den;2013-08-07;2013;08;07;serenan;723652;9844975;cd
s109029;All_Hallows'_Eve_Den;2019-04-24;2019;04;24;serenan;720265;9848034;cd
s10904;DeGaulle_Den;2013-08-09;2013;08;09;serenan;723652;9844975;cd
s109052;All_Hallows'_Eve_Den;2019-05-03;2019;05;03;serenan;720265;9848034;cd
s109075;DeGaulle_Den;2019-05-08;2019;05;08;serenan;723652;9844975;cd
s109077;DeGaulle_Den;2019-05-11;2019;05;11;serenan;723652;9844975;cd
s10908;DeGaulle_Den;2013-08-09;2013;08;09;serenan;723652;9844975;cd
s10909;DeGaulle_Den;2013-08-09;2013;08;09;serenan;723652;9844975;cd
s109092;DeGaulle_Den;2019-05-13;2019;05;13;serenan;723652;9844975;cd
s109097;DeGaulle_Den;2019-05-13;2019;05;13;serenan;723652;9844975;cd
s109099;DeGaulle_Den;2019-05-16;2019;05;16;serenan;723652;9844975;cd
s109102;DeGaulle_Den;2019-05-16;2019;05;16;serenan;723652;9844975;cd
s109108;DeGaulle_Den;2019-05-18;2019;05;18;serenan;723652;9844975;cd
s109109;DeGaulle_Den;2019-05-19;2019;05;19;serenan;723652;9844975;cd
s10911;Mindy's_Den;2013-08-10;2013;08;10;serenan;721772;9847129;cd
s109112;DeGaulle_Den;2019-05-21;2019;05;21;serenan;723652;9844975;cd
s109115;DeGaulle_Den;2019-05-21;2019;05;21;serenan;723652;9844975;cd
s109117;DeGaulle_Den;2019-05-23;2019;05;23;serenan;723652;9844975;cd
s109118;DeGaulle_Den;2019-05-23;2019;05;23;serenan;723652;9844975;cd
s10912;DeGaulle_Den;2013-08-10;2013;08;10;serenan;723652;9844975;cd
s109121;DeGaulle_Den;2019-05-26;2019;05;26;serenan;723652;9844975;cd
s109123;DeGaulle_Den;2019-05-29;2019;05;29;serenan;723652;9844975;cd
s10913;DeGaulle_Den;2013-08-10;2013;08;10;serenan;723652;9844975;cd
s109132;DeGaulle_Den;2019-06-01;2019;06;01;serenan;723652;9844975;cd
s109135;DeGaulle_Den;2019-06-04;2019;06;04;serenan;723652;9844975;cd
s109139;DeGaulle_Den;2019-06-05;2019;06;05;serenan;723652;9844975;cd
s10914;DeGaulle_Den;2013-08-10;2013;08;10;serenan;723652;9844975;cd
s109140;DeGaulle_Den;2019-06-05;2019;06;05;serenan;723652;9844975;cd
s109146;DeGaulle_Den;2019-06-05;2019;06;05;serenan;723652;9844975;cd
s109147;DeGaulle_Den;2019-06-08;2019;06;08;serenan;723652;9844975;cd
s109155;DeGaulle_Den;2019-06-11;2019;06;11;serenan;723652;9844975;cd
s109159;DeGaulle_Den;2019-06-11;2019;06;11;serenan;723652;9844975;cd
s10916;DeGaulle_Den;2013-08-11;2013;08;11;serenan;723652;9844975;cd
s109163;DeGaulle_Den;2019-06-13;2019;06;13;serenan;723652;9844975;cd
s109168;DeGaulle_Den;2019-06-15;2019;06;15;serenan;723652;9844975;cd
s109172;DeGaulle_Den;2019-06-15;2019;06;15;serenan;723652;9844975;cd
s109174;DeGaulle_Den;2019-06-16;2019;06;16;serenan;723652;9844975;cd
s109176;DeGaulle_Den;2019-06-19;2019;06;19;serenan;723652;9844975;cd
s109177;DeGaulle_Den;2019-06-20;2019;06;20;serenan;723652;9844975;cd
s109179;DeGaulle_Den;2019-06-22;2019;06;22;serenan;723652;9844975;cd
s10918;DeGaulle_Den;2013-08-12;2013;08;12;serenan;723652;9844975;cd
s109184;DeGaulle_Den;2019-06-23;2019;06;23;serenan;723652;9844975;cd
s109186;DeGaulle_Den;2019-06-24;2019;06;24;serenan;723652;9844975;cd
s109191;DeGaulle_Den;2019-06-25;2019;06;25;serenan;723652;9844975;cd
s109194;DeGaulle_Den;2019-06-26;2019;06;26;serenan;723652;9844975;cd
s10920;DeGaulle_Den;2013-08-12;2013;08;12;serenan;723652;9844975;cd
s10921;DeGaulle_Den;2013-08-13;2013;08;13;serenan;723652;9844975;cd
s10923;DeGaulle_Den;2013-08-14;2013;08;14;serenan;723652;9844975;cd
s10927;DeGaulle_Den;2013-08-15;2013;08;15;serenan;723652;9844975;cd
s109277;Lugga_Den_II;2019-04-02;2019;04;02;happyzebra;718642;9844590;cd
s109279;Wapi_Dave_Den;2019-04-05;2019;04;05;happyzebra;714577;9847556;cd
s109282;Wapi_Dave_Den;2019-04-07;2019;04;07;happyzebra;714577;9847556;cd
s109283;Lugga_Den_II;2019-04-07;2019;04;07;happyzebra;718642;9844590;cd
s109284;Wapi_Dave_Den;2019-04-12;2019;04;12;happyzebra;714577;9847556;cd
s109285;Lugga_Den_II;2019-04-12;2019;04;12;happyzebra;718642;9844590;cd
s109290;Lugga_Den_II;2019-04-14;2019;04;14;happyzebra;718642;9844590;cd
s109292;Lugga_Den_II;2019-04-14;2019;04;14;happyzebra;718642;9844590;cd
s109297;Wapi_Dave_Den;2019-04-17;2019;04;17;happyzebra;714577;9847556;cd
s109299;Lugga_Den_II;2019-04-18;2019;04;18;happyzebra;718642;9844590;cd
s1093;Rocky_Point_Den;2010-06-17;2010;06;17;happyzebra;716191;9842646;cd
s109301;Wapi_Dave_Den;2019-04-20;2019;04;20;happyzebra;714577;9847556;cd
s109302;Lugga_Den_II;2019-04-20;2019;04;20;happyzebra;718642;9844590;cd
s109306;Wapi_Dave_Den;2019-04-23;2019;04;23;happyzebra;714577;9847556;cd
s109308;Lugga_Den_II;2019-04-24;2019;04;24;happyzebra;718642;9844590;cd
s109309;Lugga_Den_II;2019-04-28;2019;04;28;happyzebra;718642;9844590;cd
s10931;DeGaulle_Den;2013-08-15;2013;08;15;serenan;723652;9844975;cd
s109312;Wapi_Dave_Den;2019-04-28;2019;04;28;happyzebra;714577;9847556;cd
s109313;Wapi_Dave_Den;2019-04-30;2019;04;30;happyzebra;714577;9847556;cd
s109315;Lugga_Den_II;2019-05-01;2019;05;01;happyzebra;718642;9844590;cd
s109317;Lugga_Den_II;2019-05-03;2019;05;03;happyzebra;718642;9844590;cd
s109320;Wapi_Dave_Den;2019-05-05;2019;05;05;happyzebra;714577;9847556;cd
s109324;Lugga_Den_II;2019-05-07;2019;05;07;happyzebra;718642;9844590;cd
s109325;Lugga_Den;2019-05-08;2019;05;08;happyzebra;718649;9844548;cd
s109328;Wapi_Dave_Den;2019-05-11;2019;05;11;happyzebra;714577;9847556;cd
s10933;DeGaulle_Den;2013-08-16;2013;08;16;serenan;723652;9844975;cd
s109330;Lugga_Den_II;2019-05-13;2019;05;13;happyzebra;718642;9844590;cd
s109331;Lugga_Den_II;2019-05-15;2019;05;15;happyzebra;718642;9844590;cd
s109333;Wapi_Dave_Den;2019-05-15;2019;05;15;happyzebra;714577;9847556;cd
s109335;Lugga_Den_II;2019-05-17;2019;05;17;happyzebra;718642;9844590;cd
s109337;Lugga_Den_II;2019-05-20;2019;05;20;happyzebra;718642;9844590;cd
s109338;Lugga_Den_II;2019-05-21;2019;05;21;happyzebra;718642;9844590;cd
s10934;DeGaulle_Den;2013-08-16;2013;08;16;serenan;723652;9844975;cd
s109340;Wapi_Dave_Den;2019-05-21;2019;05;21;happyzebra;714577;9847556;cd
s109341;Lugga_Den_II;2019-05-22;2019;05;22;happyzebra;718642;9844590;cd
s109342;Lugga_Den_II;2019-05-25;2019;05;25;happyzebra;718642;9844590;cd
s109343;Wapi_Dave_Den;2019-05-26;2019;05;26;happyzebra;714577;9847556;cd
s109346;Lugga_Den_II;2019-05-28;2019;05;28;happyzebra;718642;9844590;cd
s109348;Wapi_Dave_Den;2019-05-29;2019;05;29;happyzebra;714577;9847556;cd
s109351;Lugga_Den_II;2019-06-01;2019;06;01;happyzebra;718642;9844590;cd
s109354;Wapi_Dave_Den;2019-06-03;2019;06;03;happyzebra;714577;9847556;cd
s109356;Lugga_Den_II;2019-06-05;2019;06;05;happyzebra;718642;9844590;cd
s109359;Wapi_Dave_Den;2019-06-07;2019;06;07;happyzebra;714577;9847556;cd
s109360;Lugga_Den_II;2019-06-11;2019;06;11;happyzebra;718642;9844590;cd
s109365;Wapi_Dave_Den;2019-06-12;2019;06;12;happyzebra;714577;9847556;cd
s109368;Wapi_Dave_Den;2019-06-13;2019;06;13;happyzebra;714577;9847556;cd
s109371;Lugga_Den_II;2019-06-14;2019;06;14;happyzebra;718642;9844590;cd
s109373;Wapi_Dave_Den;2019-06-15;2019;06;15;happyzebra;714577;9847556;cd
s109376;Wapi_Dave_Den;2019-06-18;2019;06;18;happyzebra;714577;9847556;cd
s109379;Wapi_Dave_Den;2019-06-18;2019;06;18;happyzebra;714577;9847556;cd
s109383;Lugga_Den_II;2019-06-20;2019;06;20;happyzebra;718642;9844590;cd
s109385;Lugga_Den_II;2019-06-22;2019;06;22;happyzebra;718642;9844590;cd
s109387;Lugga_Den_II;2019-06-22;2019;06;22;happyzebra;718642;9844590;cd
s109389;Wapi_Dave_Den;2019-06-24;2019;06;24;happyzebra;714577;9847556;cd
s109392;Wapi_Dave_Den;2019-06-26;2019;06;26;happyzebra;714577;9847556;cd
s109394;DeGaulle_Den;2019-07-01;2019;07;01;serenan;723652;9844975;cd
s109397;DeGaulle_Den;2019-07-02;2019;07;02;serenan;723652;9844975;cd
s109398;DeGaulle_Den;2019-07-03;2019;07;03;serenan;723652;9844975;cd
s1094;Rocky_Point_Den;2010-06-20;2010;06;20;happyzebra;716191;9842646;cd
s10940;DeGaulle_Den;2013-08-18;2013;08;18;serenan;723652;9844975;cd
s109401;DeGaulle_Den;2019-07-03;2019;07;03;serenan;723652;9844975;cd
s109403;DeGaulle_Den;2019-07-04;2019;07;04;serenan;723652;9844975;cd
s109404;DeGaulle_Den;2019-07-04;2019;07;04;serenan;723652;9844975;cd
s109411;DeGaulle_Den;2019-07-09;2019;07;09;serenan;723652;9844975;cd
s109413;DeGaulle_Den;2019-07-12;2019;07;12;serenan;723652;9844975;cd
s109418;DeGaulle_Den;2019-07-17;2019;07;17;serenan;723652;9844975;cd
s109421;DeGaulle_Den;2019-07-18;2019;07;18;serenan;723652;9844975;cd
s109427;DeGaulle_Den;2019-07-22;2019;07;22;serenan;723652;9844975;cd
s109428;DeGaulle_Den;2019-07-24;2019;07;24;serenan;723652;9844975;cd
s109429;DeGaulle_Den;2019-07-25;2019;07;25;serenan;723652;9844975;cd
s109431;DeGaulle_Den;2019-07-26;2019;07;26;serenan;723652;9844975;cd
s109434;DeGaulle_Den;2019-07-30;2019;07;30;serenan;723652;9844975;cd
s109440;DeGaulle_Den;2019-08-01;2019;08;01;serenan;723652;9844975;cd
s109447;Runway_Den_3;2019-08-02;2019;08;02;serenan;723190;9844517;cd
s109458;Runway_Den_3;2019-08-04;2019;08;04;serenan;723190;9844517;cd
s10946;DeGaulle_Den;2013-08-19;2013;08;19;serenan;723652;9844975;cd
s109466;Runway_Den_3;2019-08-05;2019;08;05;serenan;723190;9844517;cd
s109469;Runway_Den_3;2019-08-07;2019;08;07;serenan;723190;9844517;cd
s109473;Runway_Den_3;2019-08-09;2019;08;09;serenan;723190;9844517;cd
s109482;Runway_Den_3;2019-08-10;2019;08;10;serenan;723190;9844517;cd
s109484;Runway_Den_3;2019-08-13;2019;08;13;serenan;723190;9844517;cd
s109491;Runway_Den_3;2019-08-14;2019;08;14;serenan;723190;9844517;cd
s109493;Runway_Den;2019-08-16;2019;08;16;serenan;723060;9844579;cd
s109497;Runway_Den_3;2019-08-17;2019;08;17;serenan;723190;9844517;cd
s109498;Runway_Den;2019-08-17;2019;08;17;serenan;723060;9844579;cd
s1095;Rocky_Point_Den;2010-06-21;2010;06;21;happyzebra;716191;9842646;cd
s10950;DeGaulle_Den;2013-08-20;2013;08;20;serenan;723652;9844975;cd
s109503;Runway_Den;2019-08-19;2019;08;19;serenan;723060;9844579;cd
s109507;Runway_Den_3;2019-08-21;2019;08;21;serenan;723190;9844517;cd
s109508;Runway_Den;2019-08-21;2019;08;21;serenan;723060;9844579;cd
s109511;Runway_Den;2019-08-23;2019;08;23;serenan;723060;9844579;cd
s109512;Runway_Den;2019-08-25;2019;08;25;serenan;723060;9844579;cd
s109513;Runway_Den;2019-08-25;2019;08;25;serenan;723060;9844579;cd
s10952;DeGaulle_Den;2013-08-21;2013;08;21;serenan;723652;9844975;cd
s109522;Runway_Den;2019-08-26;2019;08;26;serenan;723060;9844579;cd
s109525;Runway_Den;2019-08-28;2019;08;28;serenan;723060;9844579;cd
s109529;Runway_Den;2019-08-31;2019;08;31;serenan;723060;9844579;cd
s10953;DeGaulle_Den;2013-08-22;2013;08;22;serenan;723652;9844975;cd
s109534;Runway_Den;2019-09-02;2019;09;02;serenan;723060;9844579;cd
s109536;Runway_Den;2019-09-04;2019;09;04;serenan;723060;9844579;cd
s10954;DeGaulle_Den;2013-08-22;2013;08;22;serenan;723652;9844975;cd
s109541;Runway_Den;2019-09-06;2019;09;06;serenan;723060;9844579;cd
s10955;DeGaulle_Den;2013-08-23;2013;08;23;serenan;723652;9844975;cd
s109555;Runway_Den;2019-09-08;2019;09;08;serenan;723060;9844579;cd
s109559;Runway_Den;2019-09-09;2019;09;09;serenan;723060;9844579;cd
s109566;Runway_Den;2019-09-11;2019;09;11;serenan;723060;9844579;cd
s109567;Runway_Den;2019-09-13;2019;09;13;serenan;723060;9844579;cd
s109571;Runway_Den;2019-09-15;2019;09;15;serenan;723060;9844579;cd
s109580;Runway_Den;2019-09-17;2019;09;17;serenan;723060;9844579;cd
s109581;Runway_Den;2019-09-18;2019;09;18;serenan;723060;9844579;cd
s109582;Runway_Den;2019-09-19;2019;09;19;serenan;723060;9844579;cd
s109585;Runway_Den;2019-09-20;2019;09;20;serenan;723060;9844579;cd
s109587;Runway_Den;2019-09-22;2019;09;22;serenan;723060;9844579;cd
s109588;Runway_Den;2019-09-24;2019;09;24;serenan;723060;9844579;cd
s109592;Runway_Den;2019-09-25;2019;09;25;serenan;723060;9844579;cd
s109594;Runway_Den;2019-09-27;2019;09;27;serenan;723060;9844579;cd
s109606;Runway_Den;2019-09-29;2019;09;29;serenan;723060;9844579;cd
s10961;DeGaulle_Den;2013-08-24;2013;08;24;serenan;723652;9844975;cd
s109635;Snowbird_Den;2019-07-24;2019;07;24;serenas;725146;9840846;cd
s109636;Snowbird_Den;2019-07-25;2019;07;25;serenas;725146;9840846;cd
s109637;Snowbird_Den;2019-07-26;2019;07;26;serenas;725146;9840846;cd
s109641;Snowbird_Den;2019-07-27;2019;07;27;serenas;725146;9840846;cd
s109643;Snowbird_Den;2019-07-29;2019;07;29;serenas;725146;9840846;cd
s109644;Snowbird_Den;2019-07-31;2019;07;31;serenas;725146;9840846;cd
s109649;Snowbird_Den;2019-08-02;2019;08;02;serenas;725146;9840846;cd
s109653;Snowbird_Den;2019-08-03;2019;08;03;serenas;725146;9840846;cd
s109655;Snowbird_Den;2019-08-05;2019;08;05;serenas;725146;9840846;cd
s10966;DeGaulle_Den;2013-08-24;2013;08;24;serenan;723652;9844975;cd
s109660;Snowbird_Den;2019-08-06;2019;08;06;serenas;725146;9840846;cd
s109664;Snowbird_Den;2019-08-08;2019;08;08;serenas;725146;9840846;cd
s109665;Snowbird_Den;2019-08-10;2019;08;10;serenas;725146;9840846;cd
s109669;Snowbird_Den;2019-08-12;2019;08;12;serenas;725146;9840846;cd
s109671;Snowbird_Den;2019-08-14;2019;08;14;serenas;725146;9840846;cd
s109676;Snowbird_Den;2019-08-15;2019;08;15;serenas;725146;9840846;cd
s109677;Snowbird_Den;2019-08-17;2019;08;17;serenas;725146;9840846;cd
s109680;Snowbird_Den;2019-08-19;2019;08;19;serenas;725146;9840846;cd
s109685;Snowbird_Den;2019-08-20;2019;08;20;serenas;725146;9840846;cd
s109691;Dawn_Den;2019-08-23;2019;08;23;serenas;725153;9840668;cd
s109694;Dawn_Den;2019-08-24;2019;08;24;serenas;725153;9840668;cd
s109695;Dawn_Den;2019-08-26;2019;08;26;serenas;725153;9840668;cd
s109696;Dawn_Den;2019-08-26;2019;08;26;serenas;725153;9840668;cd
s109698;Dawn_Den;2019-08-26;2019;08;26;serenas;725153;9840668;cd
s10970;DeGaulle_Den;2013-08-26;2013;08;26;serenan;723652;9844975;cd
s109703;Dawn_Den;2019-08-27;2019;08;27;serenas;725153;9840668;cd
s109704;Dawn_Den;2019-08-30;2019;08;30;serenas;725153;9840668;cd
s10971;DeGaulle_Den;2013-08-27;2013;08;27;serenan;723652;9844975;cd
s109710;Dawn_Den;2019-09-01;2019;09;01;serenas;725153;9840668;cd
s109712;Dawn_Den;2019-09-04;2019;09;04;serenas;725153;9840668;cd
s109719;Dawn_Den;2019-09-05;2019;09;05;serenas;725153;9840668;cd
s10972;DeGaulle_Den;2013-08-27;2013;08;27;serenan;723652;9844975;cd
s109721;Dawn_Den;2019-09-08;2019;09;08;serenas;725153;9840668;cd
s109735;Dawn_Den;2019-09-09;2019;09;09;serenas;725153;9840668;cd
s109737;Dawn_Den;2019-09-11;2019;09;11;serenas;725153;9840668;cd
s109738;Dawn_Den_2;2019-09-11;2019;09;11;serenas;725266;9840651;cd
s109744;Dawn_Den;2019-09-12;2019;09;12;serenas;725153;9840668;cd
s109746;Dawn_Den;2019-09-14;2019;09;14;serenas;725153;9840668;cd
s109746.1;Dawn_Den_2;2019-09-14;2019;09;14;serenas;725266;9840651;cd
s109749;Dawn_Den_2;2019-09-17;2019;09;17;serenas;725266;9840651;cd
s109754;Dawn_Den_2;2019-09-18;2019;09;18;serenas;725266;9840651;cd
s109756;Dawn_Den_2;2019-09-20;2019;09;20;serenas;725266;9840651;cd
s109763;Dawn_Den_2;2019-09-22;2019;09;22;serenas;725266;9840651;cd
s109764;Foggy_Den;2019-09-22;2019;09;22;serenas;724958;9840745;cd
s109771;Foggy_Den;2019-09-23;2019;09;23;serenas;724958;9840745;cd
s109772;Dawn_Den_2;2019-09-23;2019;09;23;serenas;725266;9840651;cd
s109774;Foggy_Den;2019-09-25;2019;09;25;serenas;724958;9840745;cd
s109775;Dawn_Den_2;2019-09-25;2019;09;25;serenas;725266;9840651;cd
s109776;Foggy_Den;2019-09-25;2019;09;25;serenas;724958;9840745;cd
s10978.1;DeGaulle_Den;2013-08-28;2013;08;28;serenan;723652;9844975;cd
s109780;Dawn_Den_2;2019-09-27;2019;09;27;serenas;725266;9840651;cd
s109781;Foggy_Den;2019-09-27;2019;09;27;serenas;724958;9840745;cd
s109786;Dawn_Den_2;2019-09-29;2019;09;29;serenas;725266;9840651;cd
s109787;Foggy_Den;2019-09-29;2019;09;29;serenas;724958;9840745;cd
s109797;Dawn_Den_2;2019-09-30;2019;09;30;serenas;725266;9840651;cd
s109798;Lugga_Den_II;2019-07-01;2019;07;01;happyzebra;718642;9844590;cd
s109799;Lugga_Den_II;2019-07-03;2019;07;03;happyzebra;718642;9844590;cd
s109804;Wapi_Dave_Den;2019-07-04;2019;07;04;happyzebra;714577;9847556;cd
s109806;Wapi_Dave_Den;2019-07-10;2019;07;10;happyzebra;714577;9847556;cd
s10981;DeGaulle_Den;2013-08-30;2013;08;30;serenan;723652;9844975;cd
s109810;Lugga_Den_II;2019-07-11;2019;07;11;happyzebra;718642;9844590;cd
s109813;Wapi_Dave_Den;2019-07-12;2019;07;12;happyzebra;714577;9847556;cd
s109814;Lugga_Den_II;2019-07-15;2019;07;15;happyzebra;718642;9844590;cd
s109815;Wapi_Dave_Den;2019-07-17;2019;07;17;happyzebra;714577;9847556;cd
s109818;Lugga_Den_II;2019-07-17;2019;07;17;happyzebra;718642;9844590;cd
s109821;Wapi_Dave_Den;2019-07-19;2019;07;19;happyzebra;714577;9847556;cd
s109823.1;Lugga_Den_II;2019-07-19;2019;07;19;happyzebra;718642;9844590;cd
s109824;Lugga_Den_II;2019-07-21;2019;07;21;happyzebra;718642;9844590;cd
s109827;Wapi_Dave_Den;2019-07-22;2019;07;22;happyzebra;714577;9847556;cd
s109831;Lugga_Den_II;2019-07-23;2019;07;23;happyzebra;718642;9844590;cd
s109835;Wapi_Dave_Den;2019-07-27;2019;07;27;happyzebra;714577;9847556;cd
s109839;Lugga_Den;2019-07-28;2019;07;28;happyzebra;718649;9844548;cd
s109843;Wapi_Dave_Den;2019-07-30;2019;07;30;happyzebra;714577;9847556;cd
s109847;Lugga_Den_II;2019-08-01;2019;08;01;happyzebra;718642;9844590;cd
s109849;Lugga_Den_II;2019-08-03;2019;08;03;happyzebra;718642;9844590;cd
s109854;Wapi_Dave_Den;2019-08-04;2019;08;04;happyzebra;714577;9847556;cd
s109859;Wapi_Dave_Den;2019-08-06;2019;08;06;happyzebra;714577;9847556;cd
s109862;Lugga_Den_II;2019-08-08;2019;08;08;happyzebra;718642;9844590;cd
s109866;Wapi_Dave_Den;2019-08-09;2019;08;09;happyzebra;714577;9847556;cd
s109869;Lugga_Den_II;2019-08-12;2019;08;12;happyzebra;718642;9844590;cd
s10987;DeGaulle_Den;2013-08-30;2013;08;30;serenan;723652;9844975;cd
s109873;Wapi_Dave_Den;2019-08-13;2019;08;13;happyzebra;714577;9847556;cd
s109876;Lugga_Den_II;2019-08-15;2019;08;15;happyzebra;718642;9844590;cd
s109880;Lugga_Den_II;2019-08-16;2019;08;16;happyzebra;718642;9844590;cd
s109882;Wapi_Dave_Den;2019-08-18;2019;08;18;happyzebra;714577;9847556;cd
s109886;Wapi_Dave_Den;2019-08-20;2019;08;20;happyzebra;714577;9847556;cd
s109889;Lugga_Den_II;2019-08-22;2019;08;22;happyzebra;718642;9844590;cd
s10989;DeGaulle_Den;2013-08-31;2013;08;31;serenan;723652;9844975;cd
s109890;Lugga_Den_II;2019-08-24;2019;08;24;happyzebra;718642;9844590;cd
s109893;Wapi_Dave_Den;2019-08-25;2019;08;25;happyzebra;714577;9847556;cd
s109896;Wapi_Dave_Den;2019-08-27;2019;08;27;happyzebra;714577;9847556;cd
s109899;Lugga_Den_II;2019-08-29;2019;08;29;happyzebra;718642;9844590;cd
s1099;Rocky_Point_Den;2010-06-22;2010;06;22;happyzebra;716191;9842646;cd
s10990;DeGaulle_Den;2013-09-01;2013;09;01;serenan;723652;9844975;cd
s109904;Lugga_Den_II;2019-09-01;2019;09;01;happyzebra;718642;9844590;cd
s109910;Wapi_Dave_Den;2019-09-03;2019;09;03;happyzebra;714577;9847556;cd
s109913;Lugga_Den_II;2019-09-03;2019;09;03;happyzebra;718642;9844590;cd
s109920;Wapi_Dave_Den;2019-09-05;2019;09;05;happyzebra;714577;9847556;cd
s109922;Lugga_Den_II;2019-09-05;2019;09;05;happyzebra;718642;9844590;cd
s109929;Lugga_Den_II;2019-09-06;2019;09;06;happyzebra;718642;9844590;cd
s109930;Lugga_Den_II;2019-09-09;2019;09;09;happyzebra;718642;9844590;cd
s109934;Armani_Den;2019-09-10;2019;09;10;happyzebra;715027;9847714;cd
s109938;Armani_Den;2019-09-12;2019;09;12;happyzebra;715027;9847714;cd
s109940;Lugga_Den_II;2019-09-14;2019;09;14;happyzebra;718642;9844590;cd
s109942;Lugga_Den_II;2019-09-16;2019;09;16;happyzebra;718642;9844590;cd
s109951;Lugga_Den_II;2019-09-18;2019;09;18;happyzebra;718642;9844590;cd
s109955;Lugga_Den_II;2019-09-19;2019;09;19;happyzebra;718642;9844590;cd
s109956;Lugga_Den_II;2019-09-21;2019;09;21;happyzebra;718642;9844590;cd
s109958;Armani_Den;2019-09-21;2019;09;21;happyzebra;715027;9847714;cd
s10996;DeGaulle_Den;2013-09-01;2013;09;01;serenan;723652;9844975;cd
s109962;Lugga_Den_II;2019-09-23;2019;09;23;happyzebra;718642;9844590;cd
s109969;Lugga_Den_II;2019-09-24;2019;09;24;happyzebra;718642;9844590;cd
s109971;Armani_Den;2019-09-26;2019;09;26;happyzebra;715027;9847714;cd
s109976;Lilac_Breasted_Roller_Den;2019-09-28;2019;09;28;happyzebra;714856;9847447;cd
s10998;DeGaulle_Den;2013-09-01;2013;09;01;serenan;723652;9844975;cd
s109981;Lilac_Breasted_Roller_Den;2019-09-30;2019;09;30;happyzebra;714856;9847447;cd
s109988;Runway_Den;2019-10-01;2019;10;01;serenan;723060;9844579;cd
s10999;DeGaulle_Den;2013-09-02;2013;09;02;serenan;723652;9844975;cd
s109995;Runway_Den;2019-10-04;2019;10;04;serenan;723060;9844579;cd
s11000;DeGaulle_Den;2013-09-02;2013;09;02;serenan;723652;9844975;cd
s110004;Runway_Den;2019-10-05;2019;10;05;serenan;723060;9844579;cd
s110009;Runway_Den;2019-10-07;2019;10;07;serenan;723060;9844579;cd
s110018;Runway_Den;2019-10-13;2019;10;13;serenan;723060;9844579;cd
s110025;Runway_Den;2019-10-16;2019;10;16;serenan;723060;9844579;cd
s110035;Runway_Den;2019-10-17;2019;10;17;serenan;723060;9844579;cd
s110036;Runway_Den;2019-10-21;2019;10;21;serenan;723060;9844579;cd
s110053;Runway_Den;2019-10-24;2019;10;24;serenan;723060;9844579;cd
s110058;Runway_Den;2019-10-25;2019;10;25;serenan;723060;9844579;cd
s110068;Runway_Den;2019-10-27;2019;10;27;serenan;723060;9844579;cd
s110073;Runway_Den;2019-10-29;2019;10;29;serenan;723060;9844579;cd
s110084;Runway_Den;2019-10-31;2019;10;31;serenan;723060;9844579;cd
s110086;Runway_Den;2019-11-02;2019;11;02;serenan;723060;9844579;cd
s110092;Runway_Den;2019-11-05;2019;11;05;serenan;723060;9844579;cd
s110098;Runway_Den;2019-11-06;2019;11;06;serenan;723060;9844579;cd
s110099;Runway_Den;2019-11-08;2019;11;08;serenan;723060;9844579;cd
s110114;Runway_Den;2019-11-09;2019;11;09;serenan;723060;9844579;cd
s110115;Runway_Den;2019-11-11;2019;11;11;serenan;723060;9844579;cd
s110123;Runway_Den;2019-11-12;2019;11;12;serenan;723060;9844579;cd
s110125;Runway_Den;2019-11-14;2019;11;14;serenan;723060;9844579;cd
s110130;Runway_Den;2019-11-15;2019;11;15;serenan;723060;9844579;cd
s110131;Runway_Den;2019-11-17;2019;11;17;serenan;723060;9844579;cd
s110140;Runway_Den;2019-11-20;2019;11;20;serenan;723060;9844579;cd
s110143;Runway_Den;2019-11-26;2019;11;26;serenan;723060;9844579;cd
s110147;Runway_Den;2019-12-01;2019;12;01;serenan;723060;9844579;cd
s110159;Runway_Den;2019-12-14;2019;12;14;serenan;723060;9844579;cd
s110166;Runway_Den;2019-12-17;2019;12;17;serenan;723060;9844579;cd
s110170;DeGaulle_Den;2019-12-24;2019;12;24;serenan;723652;9844975;cd
s110172;Runway_Den;2019-12-24;2019;12;24;serenan;723060;9844579;cd
s110175;Runway_Den;2019-12-25;2019;12;25;serenan;723060;9844579;cd
s110182;Runway_Den;2019-12-31;2019;12;31;serenan;723060;9844579;cd
s110184;Oceanic_Den;2019-10-03;2019;10;03;serenas;725466;9841032;cd
s110188;Oceanic_Den;2019-10-05;2019;10;05;serenas;725466;9841032;cd
s110189;Oceanic_Den;2019-10-05;2019;10;05;serenas;725466;9841032;cd
s110195;Oceanic_Den;2019-10-06;2019;10;06;serenas;725466;9841032;cd
s110196.1;Oceanic_Den;2019-10-12;2019;10;12;serenas;725466;9841032;cd
s110197;Big_Sky_Den;2019-10-12;2019;10;12;serenas;725670;9841131;cd
s110198;Oceanic_Den;2019-10-12;2019;10;12;serenas;725466;9841032;cd
s110206;Big_Sky_Den;2019-10-15;2019;10;15;serenas;725670;9841131;cd
s110207;Big_Sky_Den;2019-10-17;2019;10;17;serenas;725670;9841131;cd
s110213;Big_Sky_Den;2019-10-19;2019;10;19;serenas;725670;9841131;cd
s110216;Big_Sky_Den;2019-10-22;2019;10;22;serenas;725670;9841131;cd
s110217;Big_Sky_Den;2019-10-22;2019;10;22;serenas;725670;9841131;cd
s11022;Cinnabon_Den;2013-09-10;2013;09;10;serenan;724027;9845768;cd
s110224;Big_Sky_Den;2019-10-23;2019;10;23;serenas;725670;9841131;cd
s110225;Dudu_Den;2019-10-23;2019;10;23;serenas;725634;9840969;cd
s110228;Big_Sky_Den;2019-10-23;2019;10;23;serenas;725670;9841131;cd
s11024;Cinnabon_Den;2013-09-12;2013;09;12;serenan;724027;9845768;cd
s110242;Big_Sky_Den;2019-10-28;2019;10;28;serenas;725670;9841131;cd
s110243;Big_Sky_Den;2019-10-28;2019;10;28;serenas;725670;9841131;cd
s110244;Big_Sky_Den;2019-10-31;2019;10;31;serenas;725670;9841131;cd
s110253;Big_Sky_Den;2019-11-04;2019;11;04;serenas;725670;9841131;cd
s110258;Big_Sky_Den;2019-11-04;2019;11;04;serenas;725670;9841131;cd
s110272;Big_Bush_Communal_Den;2019-11-07;2019;11;07;serenas;748061;9838502;d
s110274;Big_Sky_Den;2019-11-09;2019;11;09;serenas;725670;9841131;cd
s110276;Hanging_Gardens_Den;2019-11-09;2019;11;09;serenas;724783;9841530;cd
s110280;Hanging_Gardens_Den;2019-11-10;2019;11;10;serenas;724783;9841530;cd
s110281;Hanging_Gardens_Den;2019-11-10;2019;11;10;serenas;724783;9841530;cd
s110284;Hanging_Gardens_Den;2019-11-12;2019;11;12;serenas;724783;9841530;cd
s110285;Hanging_Gardens_Den;2019-11-12;2019;11;12;serenas;724783;9841530;cd
s110295;Hanging_Gardens_Den;2019-11-13;2019;11;13;serenas;724783;9841530;cd
s110296;Hanging_Gardens_Den;2019-11-15;2019;11;15;serenas;724783;9841530;cd
s110306;Hanging_Gardens_Den;2019-11-16;2019;11;16;serenas;724783;9841530;cd
s110310;Hanging_Gardens_Den;2019-11-18;2019;11;18;serenas;724783;9841530;cd
s110319;Hanging_Gardens_Den;2019-11-22;2019;11;22;serenas;724783;9841530;cd
s110327;Hanging_Gardens_Den;2019-11-30;2019;11;30;serenas;724783;9841530;cd
s11033;Cinnabon_Den;2013-09-13;2013;09;13;serenan;724027;9845768;cd
s110331;Hanging_Gardens_Den;2019-12-16;2019;12;16;serenas;724783;9841530;cd
s110333;Jalapeno_Den;2019-10-01;2019;10;01;happyzebra;718268;9844620;cd
s110339;Lilac_Breasted_Roller_Den;2019-10-04;2019;10;04;happyzebra;714856;9847447;cd
s11034;Cinnabon_Den;2013-09-15;2013;09;15;serenan;724027;9845768;cd
s110342;Jalapeno_Den;2019-10-06;2019;10;06;happyzebra;718268;9844620;cd
s110348;Jalapeno_Den;2019-10-07;2019;10;07;happyzebra;718268;9844620;cd
s110350;Jalapeno_Den;2019-10-07;2019;10;07;happyzebra;718268;9844620;cd
s110351;Jalapeno_Den;2019-10-14;2019;10;14;happyzebra;718268;9844620;cd
s110362;Jalapeno_Den;2019-10-16;2019;10;16;happyzebra;718268;9844620;cd
s110363;Challah_Den;2019-10-16;2019;10;16;happyzebra;717707;9844717;cd
s110368;Sleepy_Den;2019-10-18;2019;10;18;happyzebra;731627;9840990;cd
s110372;Nogales_Den;2019-10-21;2019;10;21;happyzebra;716267;9842643;cd
s110374;Innocent_Den;2019-10-21;2019;10;21;happyzebra;717831;9844399;cd
s110381;Nogales_Den;2019-10-23;2019;10;23;happyzebra;716267;9842643;cd
s110386;Challah_Den;2019-10-24;2019;10;24;happyzebra;717707;9844717;cd
s110388;Nogales_Den;2019-10-24;2019;10;24;happyzebra;716267;9842643;cd
s110389;Nogales_Den;2019-10-26;2019;10;26;happyzebra;716267;9842643;cd
s110392;Challah_Den;2019-10-26;2019;10;26;happyzebra;717707;9844717;cd
s110393;Sleepy_Den;2019-10-26;2019;10;26;happyzebra;731627;9840990;cd
s110396;Sleepy_Den;2019-10-28;2019;10;28;happyzebra;731627;9840990;cd
s110397;Challah_Den;2019-10-28;2019;10;28;happyzebra;717707;9844717;cd
s110398;Hullabaloo_Den_2;2019-10-28;2019;10;28;happyzebra;716585;9843403;cd
s110399;Nogales_Den;2019-10-28;2019;10;28;happyzebra;716267;9842643;cd
s1104;Rocky_Point_Den;2010-06-23;2010;06;23;happyzebra;716191;9842646;cd
s110403;Sleepy_Den;2019-10-30;2019;10;30;happyzebra;731627;9840990;cd
s110405;Nogales_Den;2019-11-01;2019;11;01;happyzebra;716267;9842643;cd
s110408;Nogales_Den;2019-11-03;2019;11;03;happyzebra;716267;9842643;cd
s11041;Cinnabon_Den;2013-09-16;2013;09;16;serenan;724027;9845768;cd
s110411;Nogales_Den;2019-11-05;2019;11;05;happyzebra;716267;9842643;cd
s110413;Sleepy_Den;2019-11-05;2019;11;05;happyzebra;731627;9840990;cd
s110415;Nogales_Den;2019-11-07;2019;11;07;happyzebra;716267;9842643;cd
s110423;Nogales_Den;2019-11-10;2019;11;10;happyzebra;716267;9842643;cd
s110433;Nogales_Den;2019-11-11;2019;11;11;happyzebra;716267;9842643;cd
s110436;Nogales_Den;2019-11-13;2019;11;13;happyzebra;716267;9842643;cd
s110447;Nogales_Den;2019-11-14;2019;11;14;happyzebra;716267;9842643;cd
s110450;Nogales_Den;2019-11-16;2019;11;16;happyzebra;716267;9842643;cd
s110453;Nogales_Den;2019-11-18;2019;11;18;happyzebra;716267;9842643;cd
s110455;Nogales_Den;2019-11-18;2019;11;18;happyzebra;716267;9842643;cd
s110463;Nogales_Den;2019-11-21;2019;11;21;happyzebra;716267;9842643;cd
s110464;Tijuana_Den;2019-11-30;2019;11;30;happyzebra;716446;9842598;cd
s110466;Tijuana_Den;2019-12-07;2019;12;07;happyzebra;716446;9842598;cd
s110468;Tijuana_Den;2019-12-17;2019;12;17;happyzebra;716446;9842598;cd
s110474;Runway_Den;2020-01-03;2020;01;03;serenan;723060;9844579;cd
s110489;Runway_Den;2020-01-04;2020;01;04;serenan;723060;9844579;cd
s110492;Runway_Den;2020-01-06;2020;01;06;serenan;723060;9844579;cd
s1105;Texarkana_Den;2010-06-23;2010;06;23;happyzebra;716373;9842739;cd
s110505;Runway_Den;2020-01-08;2020;01;08;serenan;723060;9844579;cd
s110512;Runway_Den;2020-01-10;2020;01;10;serenan;723060;9844579;cd
s110519;Runway_Den;2020-01-12;2020;01;12;serenan;723060;9844579;cd
s110519.1;Runway_Den;2020-01-14;2020;01;14;serenan;723060;9844579;cd
s110524;Runway_Den;2020-01-16;2020;01;16;serenan;723060;9844579;cd
s110527;Runway_Den;2020-01-17;2020;01;17;serenan;723060;9844579;cd
s110535;Runway_Den;2020-01-20;2020;01;20;serenan;723060;9844579;cd
s110551;Runway_Den;2020-01-22;2020;01;22;serenan;723060;9844579;cd
s110557;Runway_Den;2020-01-24;2020;01;24;serenan;723060;9844579;cd
s110567;Runway_Den;2020-01-25;2020;01;25;serenan;723060;9844579;cd
s110572;Runway_Den;2020-01-27;2020;01;27;serenan;723060;9844579;cd
s110573.1;Runway_Den;2020-02-02;2020;02;02;serenan;723060;9844579;cd
s110577;Runway_Den;2020-02-04;2020;02;04;serenan;723060;9844579;cd
s110587;Runway_Den;2020-02-05;2020;02;05;serenan;723060;9844579;cd
s110590;Runway_Den;2020-02-07;2020;02;07;serenan;723060;9844579;cd
s110594;Runway_Den;2020-02-08;2020;02;08;serenan;723060;9844579;cd
s110602;Runway_Den;2020-02-09;2020;02;09;serenan;723060;9844579;cd
s110615;Runway_Den;2020-02-10;2020;02;10;serenan;723060;9844579;cd
s110619;Runway_Den;2020-02-11;2020;02;11;serenan;723060;9844579;cd
s110630;Runway_Den;2020-02-12;2020;02;12;serenan;723060;9844579;cd
s110633;Runway_Den;2020-02-13;2020;02;13;serenan;723060;9844579;cd
s110643;Runway_Den;2020-02-15;2020;02;15;serenan;723060;9844579;cd
s110656;Runway_Den;2020-02-18;2020;02;18;serenan;723060;9844579;cd
s110663;Runway_Den;2020-02-19;2020;02;19;serenan;723060;9844579;cd
s110665;Runway_Den;2020-02-21;2020;02;21;serenan;723060;9844579;cd
s110668;Runway_Den;2020-02-23;2020;02;23;serenan;723060;9844579;cd
s110670;Runway_Den;2020-02-25;2020;02;25;serenan;723060;9844579;cd
s110684;Runway_Den;2020-02-28;2020;02;28;serenan;723060;9844579;cd
s110688;Runway_Den;2020-03-02;2020;03;02;serenan;723060;9844579;cd
s1107;Rocky_Point_Den;2010-06-23;2010;06;23;happyzebra;716191;9842646;cd
s110700;Runway_Den;2020-03-03;2020;03;03;serenan;723060;9844579;cd
s110706;Runway_Den;2020-03-06;2020;03;06;serenan;723060;9844579;cd
s110716;Runway_Den;2020-03-07;2020;03;07;serenan;723060;9844579;cd
s110720;Runway_Den;2020-03-12;2020;03;12;serenan;723060;9844579;cd
s110729;Runway_Den;2020-03-16;2020;03;16;serenan;723060;9844579;cd
s110739;Runway_Den;2020-03-19;2020;03;19;serenan;723060;9844579;cd
s110742;Twix_Den_2;2020-01-02;2020;01;02;serenas;726354;9842516;cd
s110745;Twix_Den_2;2020-01-02;2020;01;02;serenas;726354;9842516;cd
s110748;Twix_Den_2;2020-01-04;2020;01;04;serenas;726354;9842516;cd
s110753;Twix_Den_2;2020-01-04;2020;01;04;serenas;726354;9842516;cd
s11076;Biscuits_n'_Gravy_Den;2013-09-30;2013;09;30;serenan;722792;9845795;cd
s110761;Twix_Den_2;2020-01-05;2020;01;05;serenas;726354;9842516;cd
s110762;Twix_Den_2;2020-01-08;2020;01;08;serenas;726354;9842516;cd
s110763;Suzi_Den_III;2020-01-08;2020;01;08;serenas;726324;9842426;cd
s110765;Twix_Den_2;2020-01-08;2020;01;08;serenas;726354;9842516;cd
s110774;Suzi_Den_III;2020-01-08;2020;01;08;serenas;726324;9842426;cd
s110780;Twix_Den_2;2020-01-09;2020;01;09;serenas;726354;9842516;cd
s110783;Twix_Den_2;2020-01-12;2020;01;12;serenas;726354;9842516;cd
s110785.1;Twix_Den_2;2020-01-12;2020;01;12;serenas;726354;9842516;cd
s110796;Twix_Den_2;2020-01-13;2020;01;13;serenas;726354;9842516;cd
s110797;Twix_Den_2;2020-01-13;2020;01;13;serenas;726354;9842516;cd
s110798.1;Twix_Den_2;2020-01-16;2020;01;16;serenas;726354;9842516;cd
s110799;Twix_Den_2;2020-01-13;2020;01;13;serenas;726354;9842516;cd
s110809;Twix_Den_2;2020-01-21;2020;01;21;serenas;726354;9842516;cd
s110816;Twix_Den_2;2020-01-21;2020;01;21;serenas;726354;9842516;cd
s110818;Twix_Den_2;2020-01-23;2020;01;23;serenas;726354;9842516;cd
s110822;Twix_Den_2;2020-01-23;2020;01;23;serenas;726354;9842516;cd
s110835;Suzi_Den_III;2020-01-24;2020;01;24;serenas;726324;9842426;cd
s110836;Twix_Den_2;2020-01-24;2020;01;24;serenas;726354;9842516;cd
s110837;Suzi_Den_III;2020-01-24;2020;01;24;serenas;726324;9842426;cd
s110838;Twix_Den_2;2020-01-26;2020;01;26;serenas;726354;9842516;cd
s110849;Twix_Den_2;2020-01-26;2020;01;26;serenas;726354;9842516;cd
s11085;Biscuits_n'_Gravy_Den;2013-10-02;2013;10;02;serenan;722792;9845795;cd
s110855;Twix_Den_2;2020-01-28;2020;01;28;serenas;726354;9842516;cd
s110861;Suzi_Den_III;2020-02-17;2020;02;17;serenas;726324;9842426;cd
s110866;Twix_Den_2;2020-02-19;2020;02;19;serenas;726354;9842516;cd
s110872;Twix_Den_2;2020-02-20;2020;02;20;serenas;726354;9842516;cd
s110879;Twix_Den_2;2020-02-20;2020;02;20;serenas;726354;9842516;cd
s110884;Twix_Den_2;2020-02-22;2020;02;22;serenas;726354;9842516;cd
s110894;Twix_Den_2;2020-02-22;2020;02;22;serenas;726354;9842516;cd
s110896;Twix_Den_2;2020-02-22;2020;02;22;serenas;726354;9842516;cd
s110898;Suzi_Den_III;2020-02-22;2020;02;22;serenas;726324;9842426;cd
s110899;Twix_Den_2;2020-02-22;2020;02;22;serenas;726354;9842516;cd
s110904;Twix_Den_2;2020-02-22;2020;02;22;serenas;726354;9842516;cd
s110906;Twix_Den_2;2020-02-27;2020;02;27;serenas;726354;9842516;cd
s110911;Twix_Den_2;2020-02-27;2020;02;27;serenas;726354;9842516;cd
s110913;Twix_Den_2;2020-02-27;2020;02;27;serenas;726354;9842516;cd
s110920;Twix_Den_2;2020-03-01;2020;03;01;serenas;726354;9842516;cd
s110923;Twix_Den_2;2020-03-03;2020;03;03;serenas;726354;9842516;cd
s110933;Twix_Den_2;2020-03-05;2020;03;05;serenas;726354;9842516;cd
s110934;Twix_Den_2;2020-03-07;2020;03;07;serenas;726354;9842516;cd
s110944;Twix_Den_2;2020-03-13;2020;03;13;serenas;726354;9842516;cd
s110958;Twix_Den_2;2020-03-15;2020;03;15;serenas;726354;9842516;cd
s110963;Guava_Den;2020-03-18;2020;03;18;serenas;725917;9842387;cd
s110966;Guava_Den;2020-03-21;2020;03;21;serenas;725917;9842387;cd
s110973;Tijuana_Den;2020-01-01;2020;01;01;happyzebra;716446;9842598;cd
s110978;Tijuana_Den;2020-01-02;2020;01;02;happyzebra;716446;9842598;cd
s110980;Tijuana_Den;2020-01-03;2020;01;03;happyzebra;716446;9842598;cd
s110982;Tijuana_Den;2020-01-05;2020;01;05;happyzebra;716446;9842598;cd
s110988;Tijuana_Den;2020-01-07;2020;01;07;happyzebra;716446;9842598;cd
s110990;Tijuana_Den;2020-01-09;2020;01;09;happyzebra;716446;9842598;cd
s110995;Tijuana_Den;2020-01-11;2020;01;11;happyzebra;716446;9842598;cd
s111003;Tijuana_Den;2020-01-15;2020;01;15;happyzebra;716446;9842598;cd
s111004;Tijuana_Den;2020-01-16;2020;01;16;happyzebra;716446;9842598;cd
s111005;Tijuana_Den;2020-01-18;2020;01;18;happyzebra;716446;9842598;cd
s111009;Tijuana_Den;2020-01-22;2020;01;22;happyzebra;716446;9842598;cd
s111012;Tijuana_Den;2020-01-23;2020;01;23;happyzebra;716446;9842598;cd
s111015;Tijuana_Den;2020-01-25;2020;01;25;happyzebra;716446;9842598;cd
s111019;Tijuana_Den;2020-01-27;2020;01;27;happyzebra;716446;9842598;cd
s111024;Tijuana_Den;2020-01-30;2020;01;30;happyzebra;716446;9842598;cd
s111025;Tijuana_Den;2020-02-03;2020;02;03;happyzebra;716446;9842598;cd
s111029;Tijuana_Den;2020-02-04;2020;02;04;happyzebra;716446;9842598;cd
s111030;Tijuana_Den;2020-02-06;2020;02;06;happyzebra;716446;9842598;cd
s111038;Tijuana_Den;2020-02-07;2020;02;07;happyzebra;716446;9842598;cd
s111043;Tijuana_Den;2020-02-08;2020;02;08;happyzebra;716446;9842598;cd
s111049;Tijuana_Den;2020-02-09;2020;02;09;happyzebra;716446;9842598;cd
s111056;Tijuana_Den;2020-02-10;2020;02;10;happyzebra;716446;9842598;cd
s111059;Tijuana_Den;2020-02-11;2020;02;11;happyzebra;716446;9842598;cd
s111065;Tijuana_Den;2020-02-12;2020;02;12;happyzebra;716446;9842598;cd
s111071;Tijuana_Den;2020-02-14;2020;02;14;happyzebra;716446;9842598;cd
s111073;Tijuana_Den;2020-02-15;2020;02;15;happyzebra;716446;9842598;cd
s111077;Tijuana_Den;2020-02-16;2020;02;16;happyzebra;716446;9842598;cd
s111080;Tijuana_Den;2020-02-17;2020;02;17;happyzebra;716446;9842598;cd
s111087;Tijuana_Den;2020-02-18;2020;02;18;happyzebra;716446;9842598;cd
s111089;Tijuana_Den;2020-02-20;2020;02;20;happyzebra;716446;9842598;cd
s111093;Tijuana_Den;2020-02-22;2020;02;22;happyzebra;716446;9842598;cd
s111096;Tijuana_Den;2020-02-23;2020;02;23;happyzebra;716446;9842598;cd
s111106;Tijuana_Den;2020-02-25;2020;02;25;happyzebra;716446;9842598;cd
s111112;Tijuana_Den;2020-02-29;2020;02;29;happyzebra;716446;9842598;cd
s111114;Tijuana_Den;2020-03-02;2020;03;02;happyzebra;716446;9842598;cd
s111117;Tijuana_Den;2020-03-05;2020;03;05;happyzebra;716446;9842598;cd
s111120;Tijuana_Den;2020-03-06;2020;03;06;happyzebra;716446;9842598;cd
s111125;Tijuana_Den;2020-03-08;2020;03;08;happyzebra;716446;9842598;cd
s111131;Tijuana_Den;2020-03-12;2020;03;12;happyzebra;716446;9842598;cd
s111136;Tijuana_Den;2020-03-17;2020;03;17;happyzebra;716446;9842598;cd
s111139;Tijuana_Den;2020-03-20;2020;03;20;happyzebra;716446;9842598;cd
s1112;Rocky_Point_Den;2010-06-25;2010;06;25;happyzebra;716191;9842646;cd
s1113;Texarkana_Den;2010-06-25;2010;06;25;happyzebra;716373;9842739;cd
s1114;Rocky_Point_Den;2010-06-25;2010;06;25;happyzebra;716191;9842646;cd
s1116;Texarkana_Den;2010-06-26;2010;06;26;happyzebra;716373;9842739;cd
s1117;Rocky_Point_Den;2010-06-26;2010;06;26;happyzebra;716191;9842646;cd
s1118;Texarkana_Den;2010-06-26;2010;06;26;happyzebra;716373;9842739;cd
s1120;Rocky_Point_Den;2010-06-26;2010;06;26;happyzebra;716191;9842646;cd
s1121;Texarkana_Den;2010-06-28;2010;06;28;happyzebra;716373;9842739;cd
s1123;Texarkana_Den;2010-06-28;2010;06;28;happyzebra;716373;9842739;cd
s1124;Rocky_Point_Den;2010-06-28;2010;06;28;happyzebra;716191;9842646;cd
s1126;Texarkana_Den;2010-06-29;2010;06;29;happyzebra;716373;9842739;cd
s1130;Texarkana_Den;2010-07-02;2010;07;02;happyzebra;716373;9842739;cd
s11327;IAT_Den;2013-12-04;2013;12;04;serenan;718355;9849119;cd
s11334;IAT_Den;2013-12-06;2013;12;06;serenan;718355;9849119;cd
s1134;Texarkana_Den;2010-07-03;2010;07;03;happyzebra;716373;9842739;cd
s11348;IAT_Den;2013-12-09;2013;12;09;serenan;718355;9849119;cd
s11353;Schiphol_Den;2013-12-16;2013;12;16;serenan;723441;9844921;cd
s11358;Schiphol_Den;2013-12-17;2013;12;17;serenan;723441;9844921;cd
s11359;Schiphol_Den;2013-12-18;2013;12;18;serenan;723441;9844921;cd
s11365;Schiphol_Den;2013-12-20;2013;12;20;serenan;723441;9844921;cd
s11374;J_Fab_Den;2013-12-22;2013;12;22;serenan;718389;9849092;cd
s11377;Schiphol_Den;2013-12-22;2013;12;22;serenan;723441;9844921;cd
s11378;Schiphol_Den;2013-12-23;2013;12;23;serenan;723441;9844921;cd
s11379;Schiphol_Den;2013-12-23;2013;12;23;serenan;723441;9844921;cd
s11393;J_Fab_Den;2013-12-26;2013;12;26;serenan;718389;9849092;cd
s11395;Schiphol_Den;2013-12-26;2013;12;26;serenan;723441;9844921;cd
s11403;Schiphol_Den;2013-12-27;2013;12;27;serenan;723441;9844921;cd
s11404;Schiphol_Den;2013-12-29;2013;12;29;serenan;723441;9844921;cd
s11408;The_Hatch_Den;2013-01-03;2013;01;03;serenas;727333;9840695;cd
s11436;The_Hatch_Den;2013-01-12;2013;01;12;serenas;727333;9840695;cd
s11438;The_Hatch_Den;2013-01-14;2013;01;14;serenas;727333;9840695;cd
s11439;The_Hatch_Den;2013-01-16;2013;01;16;serenas;727333;9840695;cd
s1144;Tijuana_Den;2010-07-16;2010;07;16;happyzebra;716446;9842598;cd
s114445.1;Runway_Den;2020-08-04;2020;08;04;serenan;723060;9844579;cd
s114448;Runway_Den;2021-02-15;2021;02;15;serenan;723060;9844579;cd
s114449.1;Runway_Den;2020-08-04;2020;08;04;serenan;723060;9844579;cd
s114450.1;Runway_Den;2020-08-08;2020;08;08;serenan;723060;9844579;cd
s114451;Runway_Den;2021-02-16;2021;02;16;serenan;723060;9844579;cd
s114451.1;Runway_Den;2020-08-11;2020;08;11;serenan;723060;9844579;cd
s114452;Runway_Den;2021-02-16;2021;02;16;serenan;723060;9844579;cd
s114453.1;Runway_Den;2020-08-12;2020;08;12;serenan;723060;9844579;cd
s114455.1;Runway_Den;2020-08-13;2020;08;13;serenan;723060;9844579;cd
s114456.1;Runway_Den;2020-08-14;2020;08;14;serenan;723060;9844579;cd
s114458;Runway_Den;2021-02-18;2021;02;18;serenan;723060;9844579;cd
s114459.1;Runway_Den;2020-08-15;2020;08;15;serenan;723060;9844579;cd
s114460.1;Runway_Den;2020-08-17;2020;08;17;serenan;723060;9844579;cd
s114463.1;Runway_Den_3;2020-08-19;2020;08;19;serenan;723190;9844517;cd
s114465.1;Runway_Den;2020-08-22;2020;08;22;serenan;723060;9844579;cd
s114466;Runway_Den;2021-02-18;2021;02;18;serenan;723060;9844579;cd
s114467;Runway_Den;2021-02-18;2021;02;18;serenan;723060;9844579;cd
s114470.1;Runway_Den;2020-08-25;2020;08;25;serenan;723060;9844579;cd
s114471.1;Runway_Den_3;2020-08-25;2020;08;25;serenan;723190;9844517;cd
s114473;Runway_Den;2021-02-19;2021;02;19;serenan;723060;9844579;cd
s114473.1;Runway_Den_3;2020-08-25;2020;08;25;serenan;723190;9844517;cd
s114474;Runway_Den;2021-02-23;2021;02;23;serenan;723060;9844579;cd
s114474.1;Runway_Den;2020-08-26;2020;08;26;serenan;723060;9844579;cd
s114474.2;Runway_Den_3;2020-08-26;2020;08;26;serenan;723190;9844517;cd
s114475;Runway_Den;2021-02-24;2021;02;24;serenan;723060;9844579;cd
s114480.1;Runway_Den_3;2020-08-28;2020;08;28;serenan;723190;9844517;cd
s114481.1;Runway_Den_3;2020-08-28;2020;08;28;serenan;723190;9844517;cd
s114482;Runway_Den;2021-02-25;2021;02;25;serenan;723060;9844579;cd
s114482.1;Runway_Den_3;2020-08-29;2020;08;29;serenan;723190;9844517;cd
s114484.1;Runway_Den_3;2020-08-31;2020;08;31;serenan;723190;9844517;cd
s114487;Runway_Den;2021-02-27;2021;02;27;serenan;723060;9844579;cd
s114488.1;Runway_Den_3;2020-09-23;2020;09;23;serenan;723190;9844517;cd
s114489;Runway_Den;2021-02-28;2021;02;28;serenan;723060;9844579;cd
s114493;Runway_Den;2021-02-28;2021;02;28;serenan;723060;9844579;cd
s114496;Runway_Den;2021-03-01;2021;03;01;serenan;723060;9844579;cd
s114498;Runway_Den;2021-03-02;2021;03;02;serenan;723060;9844579;cd
s114498.2;Runway_Den_3;2020-09-25;2020;09;25;serenan;723190;9844517;cd
s11450;The_Hatch_Den;2013-01-17;2013;01;17;serenas;727333;9840695;cd
s114501.1;Runway_Den;2020-09-30;2020;09;30;serenan;723060;9844579;cd
s114502;Runway_Den;2021-03-03;2021;03;03;serenan;723060;9844579;cd
s114504.1;Runway_Den_3;2020-10-04;2020;10;04;serenan;723190;9844517;cd
s114508;Runway_Den;2021-03-05;2021;03;05;serenan;723060;9844579;cd
s114513;Runway_Den;2021-03-06;2021;03;06;serenan;723060;9844579;cd
s114519.1;Runway_Den_3;2020-10-07;2020;10;07;serenan;723190;9844517;cd
s114522;Runway_Den;2021-03-06;2021;03;06;serenan;723060;9844579;cd
s114523.1;Runway_Den_3;2020-10-13;2020;10;13;serenan;723190;9844517;cd
s114525.1;Runway_Den_3;2020-10-16;2020;10;16;serenan;723190;9844517;cd
s114527;Runway_Den;2021-03-07;2021;03;07;serenan;723060;9844579;cd
s11453;The_Hatch_Den;2013-01-21;2013;01;21;serenas;727333;9840695;cd
s114532.1;Runway_Den_3;2020-10-20;2020;10;20;serenan;723190;9844517;cd
s114533;Runway_Den;2021-03-08;2021;03;08;serenan;723060;9844579;cd
s114534.1;Runway_Den_3;2020-10-23;2020;10;23;serenan;723190;9844517;cd
s11454;The_Hatch_Den;2013-01-25;2013;01;25;serenas;727333;9840695;cd
s11454.1;The_Hatch_Den;2013-01-26;2013;01;26;serenas;727333;9840695;cd
s114541;Runway_Den;2021-03-09;2021;03;09;serenan;723060;9844579;cd
s114547;Runway_Den;2021-03-12;2021;03;12;serenan;723060;9844579;cd
s11455;The_Hatch_Den;2013-02-01;2013;02;01;serenas;727333;9840695;cd
s114551;Runway_Den;2021-03-14;2021;03;14;serenan;723060;9844579;cd
s114555;Runway_Den;2021-03-15;2021;03;15;serenan;723060;9844579;cd
s114556;Runway_Den;2021-03-16;2021;03;16;serenan;723060;9844579;cd
s11456;The_Hatch_Den;2013-02-01;2013;02;01;serenas;727333;9840695;cd
s114564;Runway_Den;2021-03-16;2021;03;16;serenan;723060;9844579;cd
s114586;Runway_Den;2021-03-18;2021;03;18;serenan;723060;9844579;cd
s114589;Runway_Den;2021-03-19;2021;03;19;serenan;723060;9844579;cd
s114591;Runway_Den;2021-03-21;2021;03;21;serenan;723060;9844579;cd
s114593;Runway_Den;2021-03-22;2021;03;22;serenan;723060;9844579;cd
s114599;Runway_Den;2021-03-22;2021;03;22;serenan;723060;9844579;cd
s1146;Tijuana_Den;2010-07-17;2010;07;17;happyzebra;716446;9842598;cd
s114602;Runway_Den;2021-03-24;2021;03;24;serenan;723060;9844579;cd
s114607;Runway_Den;2021-03-25;2021;03;25;serenan;723060;9844579;cd
s114618;Runway_Den;2021-03-28;2021;03;28;serenan;723060;9844579;cd
s114625;Circe_Den;2021-02-16;2021;02;16;serenas;724870;9840956;d
s11463;The_Hatch_Den;2013-02-02;2013;02;02;serenas;727333;9840695;cd
s114632;Circe_Den;2021-02-17;2021;02;17;serenas;724870;9840956;d
s114634;Circe_Den;2021-02-19;2021;02;19;serenas;724870;9840956;d
s114635;Circe_Den;2021-02-19;2021;02;19;serenas;724870;9840956;d
s114678;Hanging_Gardens_Den;2021-03-21;2021;03;21;serenas;724783;9841530;cd
s114692;Hanging_Gardens_Den;2021-03-23;2021;03;23;serenas;724783;9841530;cd
s1147;Tijuana_Den;2010-07-21;2010;07;21;happyzebra;716446;9842598;cd
s11472;The_Hatch_Den;2013-02-04;2013;02;04;serenas;727333;9840695;cd
s11474;The_Hatch_Den;2013-02-05;2013;02;05;serenas;727333;9840695;cd
s114808;Runway_Den;2021-04-01;2021;04;01;serenan;723060;9844579;cd
s114819;Runway_Den;2021-04-02;2021;04;02;serenan;723060;9844579;cd
s114824;Runway_Den;2021-04-06;2021;04;06;serenan;723060;9844579;cd
s114832;Runway_Den;2021-04-07;2021;04;07;serenan;723060;9844579;cd
s114834;Runway_Den;2021-04-09;2021;04;09;serenan;723060;9844579;cd
s114835;Runway_Den;2021-04-10;2021;04;10;serenan;723060;9844579;cd
s114843;Runway_Den;2021-04-12;2021;04;12;serenan;723060;9844579;cd
s114849;Runway_Den;2021-04-13;2021;04;13;serenan;723060;9844579;cd
s114855;Runway_Den;2021-04-15;2021;04;15;serenan;723060;9844579;cd
s11486;The_Hatch_Den;2013-02-09;2013;02;09;serenas;727333;9840695;cd
s114866;Runway_Den;2021-04-18;2021;04;18;serenan;723060;9844579;cd
s114868;Runway_Den;2021-04-20;2021;04;20;serenan;723060;9844579;cd
s11487;The_Staff_Den;2013-02-09;2013;02;09;serenas;727253;9840510;cd
s114879;Runway_Den;2021-04-21;2021;04;21;serenan;723060;9844579;cd
s114887;Runway_Den;2021-04-23;2021;04;23;serenan;723060;9844579;cd
s114888;Runway_Den;2021-04-25;2021;04;25;serenan;723060;9844579;cd
s114906;Burning_Den;2021-04-30;2021;04;30;serenan;721298;9846439;cd
s11491;The_Hatch_Den;2013-02-09;2013;02;09;serenas;727333;9840695;cd
s114913;Burning_Den;2021-05-02;2021;05;02;serenan;721298;9846439;cd
s114918;Burning_Den;2021-05-02;2021;05;02;serenan;721298;9846439;cd
s11492;The_Hatch_Den;2013-02-10;2013;02;10;serenas;727333;9840695;cd
s114930;Burning_Den;2021-05-07;2021;05;07;serenan;721298;9846439;cd
s114936;Burning_Den;2021-05-10;2021;05;10;serenan;721298;9846439;cd
s11494;The_Hatch_Den;2013-02-10;2013;02;10;serenas;727333;9840695;cd
s114942;Burning_Den;2021-05-12;2021;05;12;serenan;721298;9846439;cd
s114948;Burning_Den;2021-05-13;2021;05;13;serenan;721298;9846439;cd
s11495;The_Hatch_Den;2013-02-10;2013;02;10;serenas;727333;9840695;cd
s114957;Burning_Den;2021-05-14;2021;05;14;serenan;721298;9846439;cd
s11496;The_Staff_Den;2013-02-10;2013;02;10;serenas;727253;9840510;cd
s114963;Burning_Den;2021-05-15;2021;05;15;serenan;721298;9846439;cd
s114965;Burning_Den;2021-05-17;2021;05;17;serenan;721298;9846439;cd
s11497;The_Hatch_Den;2013-02-10;2013;02;10;serenas;727333;9840695;cd
s11498.1;The_Staff_Den;2013-02-13;2013;02;13;serenas;727253;9840510;cd
s114980;Burning_Den;2021-05-18;2021;05;18;serenan;721298;9846439;cd
s114988;Burning_Den;2021-05-21;2021;05;21;serenan;721298;9846439;cd
s114993;Burning_Den;2021-05-23;2021;05;23;serenan;721298;9846439;cd
s114997;Burning_Den;2021-05-24;2021;05;24;serenan;721298;9846439;cd
s1150;Tijuana_Den;2010-07-23;2010;07;23;happyzebra;716446;9842598;cd
s115006;Burning_Den;2021-05-27;2021;05;27;serenan;721298;9846439;cd
s115018;Burning_Den;2021-05-28;2021;05;28;serenan;721298;9846439;cd
s115024;Burning_Den;2021-05-30;2021;05;30;serenan;721298;9846439;cd
s115034;Burning_Den;2021-05-31;2021;05;31;serenan;721298;9846439;cd
s115036;Burning_Den;2021-06-02;2021;06;02;serenan;721298;9846439;cd
s115038;Burning_Den;2021-06-05;2021;06;05;serenan;721298;9846439;cd
s11504;The_Staff_Den;2013-02-13;2013;02;13;serenas;727253;9840510;cd
s115046;Burning_Den;2021-06-21;2021;06;21;serenan;721298;9846439;cd
s115048;Burning_Den;2021-06-23;2021;06;23;serenan;721298;9846439;cd
s11505;The_Staff_Den;2013-02-15;2013;02;15;serenas;727253;9840510;cd
s115052;Burning_Den;2021-06-24;2021;06;24;serenan;721298;9846439;cd
s115056;Burning_Den;2021-06-24;2021;06;24;serenan;721298;9846439;cd
s115057;Burning_Den;2021-06-26;2021;06;26;serenan;721298;9846439;cd
s115064;Burning_Den;2021-06-29;2021;06;29;serenan;721298;9846439;cd
s115066;Burning_Den;2021-06-29;2021;06;29;serenan;721298;9846439;cd
s115135;Circe_Den;2021-04-26;2021;04;26;serenas;724870;9840956;d
s115145;Superstar_Den;2021-05-01;2021;05;01;serenas;724855;9840062;cd
s115146;Superstar_Den;2021-05-04;2021;05;04;serenas;724855;9840062;cd
s115148;Superstar_Den;2021-05-06;2021;05;06;serenas;724855;9840062;cd
s11515;Lighthouse_Den;2013-02-16;2013;02;16;serenan;727206;9840510;cd
s115155;Superstar_Den;2021-05-07;2021;05;07;serenas;724855;9840062;cd
s115169;Superstar_Den_2;2021-05-12;2021;05;12;serenas;724791;9840072;cd
s115171;Superstar_Den_2;2021-05-14;2021;05;14;serenas;724791;9840072;cd
s115173;Superstar_Den_2;2021-05-15;2021;05;15;serenas;724791;9840072;cd
s115177;Superstar_Den_2;2021-05-16;2021;05;16;serenas;724791;9840072;cd
s11518;The_Staff_Den;2013-02-17;2013;02;17;serenas;727253;9840510;cd
s115180;Superstar_Den_2;2021-05-18;2021;05;18;serenas;724791;9840072;cd
s115185;Superstar_Den_2;2021-05-20;2021;05;20;serenas;724791;9840072;cd
s115190;Superstar_Den_2;2021-05-22;2021;05;22;serenas;724791;9840072;cd
s115197;Superstar_Den_2;2021-05-25;2021;05;25;serenas;724791;9840072;cd
s115199;Superstar_Den_2;2021-05-27;2021;05;27;serenas;724791;9840072;cd
s115200;Superstar_Den_2;2021-05-29;2021;05;29;serenas;724791;9840072;cd
s115202;Superstar_Den_2;2021-05-31;2021;05;31;serenas;724791;9840072;cd
s115204;Superstar_Den_2;2021-06-02;2021;06;02;serenas;724791;9840072;cd
s115209;Superstar_Den_2;2021-06-04;2021;06;04;serenas;724791;9840072;cd
s115211;Superstar_Den_2;2021-06-06;2021;06;06;serenas;724791;9840072;cd
s115213;Superstar_Den_2;2021-06-22;2021;06;22;serenas;724791;9840072;cd
s115216;Superstar_Den_2;2021-06-24;2021;06;24;serenas;724791;9840072;cd
s115219;Superstar_Den_2;2021-06-25;2021;06;25;serenas;724791;9840072;cd
s11522;Lighthouse_Den;2013-02-19;2013;02;19;serenas;727206;9840510;cd
s115225;Superstar_Den_2;2021-06-27;2021;06;27;serenas;724791;9840072;cd
s115236;Superstar_Den_2;2021-06-30;2021;06;30;serenas;724791;9840072;cd
s11524;Lighthouse_Den;2013-02-22;2013;02;22;serenas;727206;9840510;cd
s11533;Lighthouse_Den;2013-03-01;2013;03;01;serenas;727206;9840510;cd
s11534;Lighthouse_Den;2013-03-02;2013;03;02;serenas;727206;9840510;cd
s11535;Lighthouse_Den;2013-02-23;2013;02;23;serenas;727206;9840510;cd
s115413;Eyrie_Den;2021-06-22;2021;06;22;happyzebra;718933;9843943;cd
s115419;Eyrie_Den;2021-06-23;2021;06;23;happyzebra;718933;9843943;cd
s115421;Eyrie_Den_2;2021-06-25;2021;06;25;happyzebra;718888;9843911;cd
s115426;Eyrie_Den_2;2021-06-26;2021;06;26;happyzebra;718888;9843911;cd
s115427;Eyrie_Den_2;2021-06-28;2021;06;28;happyzebra;718888;9843911;cd
s115436;Superstar_Den_2;2021-07-03;2021;07;03;serenas;724791;9840072;cd
s115439;Superstar_Den_2;2021-07-10;2021;07;10;serenas;724791;9840072;cd
s115446;Superstar_Den_2;2021-07-11;2021;07;11;serenas;724791;9840072;cd
s115449;Superstar_Den_2;2021-07-13;2021;07;13;serenas;724791;9840072;cd
s115453;Superstar_Den_2;2021-07-15;2021;07;15;serenas;724791;9840072;cd
s115462;Superstar_Den_2;2021-07-17;2021;07;17;serenas;724791;9840072;cd
s115463;Superstar_Den_2;2021-07-19;2021;07;19;serenas;724791;9840072;cd
s115465;Superstar_Den_2;2021-07-20;2021;07;20;serenas;724791;9840072;cd
s115468;Superstar_Den_2;2021-07-22;2021;07;22;serenas;724791;9840072;cd
s115471;Superstar_Den_2;2021-07-23;2021;07;23;serenas;724791;9840072;cd
s115473;Superstar_Den_2;2021-07-25;2021;07;25;serenas;724791;9840072;cd
s115478;Superstar_Den_2;2021-07-26;2021;07;26;serenas;724791;9840072;cd
s11548;Lighthouse_Den;2013-02-24;2013;02;24;serenas;727206;9840510;cd
s115482;Superstar_Den_2;2021-07-28;2021;07;28;serenas;724791;9840072;cd
s115486;Superstar_Den_2;2021-07-29;2021;07;29;serenas;724791;9840072;cd
s115487;Superstar_Den_2;2021-07-31;2021;07;31;serenas;724791;9840072;cd
s115488;Superstar_Den_3;2021-08-07;2021;08;07;serenas;724828;9840099;cd
s115490;Superstar_Den_3;2021-08-09;2021;08;09;serenas;724828;9840099;cd
s115494;Superstar_Den_3;2021-08-10;2021;08;10;serenas;724828;9840099;cd
s115496;Superstar_Den_3;2021-08-12;2021;08;12;serenas;724828;9840099;cd
s115498;Superstar_Den_3;2021-08-13;2021;08;13;serenas;724828;9840099;cd
s11550;Lighthouse_Den;2013-02-26;2013;02;26;serenas;727206;9840510;cd
s115500;Superstar_Den_3;2021-08-16;2021;08;16;serenas;724828;9840099;cd
s115503;Superstar_Den_3;2021-08-20;2021;08;20;serenas;724828;9840099;cd
s115508;Superstar_Den_3;2021-08-21;2021;08;21;serenas;724828;9840099;cd
s115510;Superstar_Den_3;2021-08-23;2021;08;23;serenas;724828;9840099;cd
s115511;Superstar_Den;2021-08-25;2021;08;25;serenas;724855;9840062;cd
s115514;Superstar_Den;2021-08-26;2021;08;26;serenas;724855;9840062;cd
s115516;Superstar_Den_3;2021-08-28;2021;08;28;serenas;724828;9840099;cd
s115521;Superstar_Den;2021-08-31;2021;08;31;serenas;724855;9840062;cd
s115522;Superstar_Den_3;2021-09-03;2021;09;03;serenas;724828;9840099;cd
s115527;Superstar_Den;2021-09-07;2021;09;07;serenas;724855;9840062;cd
s115533;Superstar_Den;2021-09-10;2021;09;10;serenas;724855;9840062;cd
s115536;Superstar_Den;2021-09-12;2021;09;12;serenas;724855;9840062;cd
s115537;Superstar_Den;2021-09-13;2021;09;13;serenas;724855;9840062;cd
s115539;Superstar_Den_2;2021-09-20;2021;09;20;serenas;724791;9840072;cd
s115542;Superstar_Den;2021-09-21;2021;09;21;serenas;724855;9840062;cd
s115549;Nchoko_Den;2021-10-23;2021;10;23;serenas;724749;9839441;cd
s115552;Nchoko_Den;2021-10-25;2021;10;25;serenas;724749;9839441;cd
s115554;Nchoko_Den;2021-10-27;2021;10;27;serenas;724749;9839441;cd
s115559;Nchoko_Den_2;2021-10-28;2021;10;28;serenas;724689;9839404;cd
s115561;Nchoko_Den_2;2021-11-02;2021;11;02;serenas;724689;9839404;cd
s115569;Nchoko_Den_2;2021-11-04;2021;11;04;serenas;724689;9839404;cd
s115570;Nchoko_Den_2;2021-11-08;2021;11;08;serenas;724689;9839404;cd
s115577;Nchoko_Den;2021-11-09;2021;11;09;serenas;724749;9839441;cd
s115578;Nchoko_Den;2021-11-12;2021;11;12;serenas;724749;9839441;cd
s115580;Nchoko_Den;2021-11-15;2021;11;15;serenas;724749;9839441;cd
s115585;Nchoko_Den;2021-11-17;2021;11;17;serenas;724749;9839441;cd
s115586;Nchoko_Den;2021-11-19;2021;11;19;serenas;724749;9839441;cd
s115587;Nchoko_Den;2021-11-19;2021;11;19;serenas;724749;9839441;cd
s11559;Lighthouse_Den;2013-02-27;2013;02;27;serenas;727206;9840510;cd
s115597;Lone_Elephant_Den;2021-12-04;2021;12;04;serenas;724765;9839596;cd
s115599;Lone_Elephant_Den;2021-12-04;2021;12;04;serenas;724765;9839596;cd
s115605;Lone_Elephant_Den;2021-12-16;2021;12;16;serenas;724765;9839596;cd
s115607;Lone_Elephant_Den2;2021-12-19;2021;12;19;serenas;724875;9839737;cd
s115609;Lone_Elephant_Den2;2021-12-21;2021;12;21;serenas;724875;9839737;cd
s115611;Lone_Elephant_Den2;2021-12-22;2021;12;22;serenas;724875;9839737;cd
s115612;Lone_Elephant_Den2;2022-01-13;2022;01;13;serenas;724875;9839737;cd
s115613;Lone_Elephant_Den2;2022-01-15;2022;01;15;serenas;724875;9839737;cd
s115617;Lone_Elephant_Den_3;2022-01-21;2022;01;21;serenas;724854;9839665;d
s115619;Lone_Elephant_Den_3;2022-01-24;2022;01;24;serenas;724854;9839665;d
s115626;Lone_Elephant_Den_3;2022-01-25;2022;01;25;serenas;724854;9839665;d
s115633;Lone_Elephant_Den_3;2022-02-08;2022;02;08;serenas;724854;9839665;d
s115646;Lone_Elephant_Den_4;2022-03-13;2022;03;13;serenas;724824;9839786;d
s115648;Lone_Elephant_Den_4;2022-03-15;2022;03;15;serenas;724824;9839786;d
s115650;Lone_Elephant_Den_4;2022-03-21;2022;03;21;serenas;724824;9839786;d
s115654;Lone_Elephant_Den_4;2022-03-22;2022;03;22;serenas;724824;9839786;d
s115656;Lone_Elephant_Den_4;2022-03-25;2022;03;25;serenas;724824;9839786;d
s115658;Lone_Elephant_Den_4;2022-03-30;2022;03;30;serenas;724824;9839786;d
s11566;Lighthouse_Den;2013-03-03;2013;03;03;serenas;727206;9840510;cd
s115664;Lone_Elephant_Den_4;2022-03-31;2022;03;31;serenas;724824;9839786;d
s115668;Lone_Elephant_Den_4;2022-04-04;2022;04;04;serenas;724824;9839786;d
s11567;Lighthouse_Den;2013-03-07;2013;03;07;serenas;727206;9840510;cd
s115672;Lone_Elephant_Den_4;2022-04-05;2022;04;05;serenas;724824;9839786;d
s115673;Lone_Elephant_Den_4;2022-04-07;2022;04;07;serenas;724824;9839786;d
s115677;Lone_Elephant_Den_4;2022-04-09;2022;04;09;serenas;724824;9839786;d
s115680.1;Dawn_Den;2022-05-16;2022;05;16;serenas;725153;9840668;cd
s115682.1;Dawn_Den;2022-05-16;2022;05;16;serenas;725153;9840668;cd
s115683;Dawn_Den;2022-05-18;2022;05;18;serenas;725153;9840668;cd
s115685;Dawn_Den;2022-05-20;2022;05;20;serenas;725153;9840668;cd
s115688;Dawn_Den;2022-05-20;2022;05;20;serenas;725153;9840668;cd
s115689;Dawn_Den;2022-05-24;2022;05;24;serenas;725153;9840668;cd
s115690;Dawn_Den;2022-05-31;2022;05;31;serenas;725153;9840668;cd
s115690.1;Dawn_Den;2022-06-02;2022;06;02;serenas;725153;9840668;cd
s115693;Dawn_Den;2022-06-03;2022;06;03;serenas;725153;9840668;cd
s115698;Dawn_Den;2022-06-03;2022;06;03;serenas;725153;9840668;cd
s11570;Lighthouse_Den;2013-03-13;2013;03;13;serenas;727206;9840510;cd
s115700;Dawn_Den;2022-06-03;2022;06;03;serenas;725153;9840668;cd
s115703;Dawn_Den;2022-06-05;2022;06;05;serenas;725153;9840668;cd
s115708;Dawn_Den;2022-06-06;2022;06;06;serenas;725153;9840668;cd
s115713;Dawn_Den;2022-06-08;2022;06;08;serenas;725153;9840668;cd
s115718;Dawn_Den;2022-06-10;2022;06;10;serenas;725153;9840668;cd
s115721;Dawn_Den;2022-06-10;2022;06;10;serenas;725153;9840668;cd
s115722;Dawn_Den;2022-06-12;2022;06;12;serenas;725153;9840668;cd
s115728;Dawn_Den;2022-06-14;2022;06;14;serenas;725153;9840668;cd
s115733;Dawn_Den;2022-06-15;2022;06;15;serenas;725153;9840668;cd
s115734;Dawn_Den;2022-06-17;2022;06;17;serenas;725153;9840668;cd
s11574;Lighthouse_Den;2013-03-14;2013;03;14;serenas;727206;9840510;cd
s115741;Dawn_Den;2022-06-20;2022;06;20;serenas;725153;9840668;cd
s115742;Dawn_Den;2022-06-22;2022;06;22;serenas;725153;9840668;cd
s115747;Dawn_Den;2022-06-22;2022;06;22;serenas;725153;9840668;cd
s115750;Dawn_Den;2022-07-04;2022;07;04;serenas;725153;9840668;cd
s115756;Dawn_Den;2022-07-09;2022;07;09;serenas;725153;9840668;cd
s115758;Dawn_Den;2022-07-12;2022;07;12;serenas;725153;9840668;cd
s11576;Lighthouse_Den;2013-03-16;2013;03;16;serenas;727206;9840510;cd
s115763;Dawn_Den;2022-07-20;2022;07;20;serenas;725153;9840668;cd
s115765;Dawn_Den;2022-07-22;2022;07;22;serenas;725153;9840668;cd
s115766;Dawn_Den;2022-07-26;2022;07;26;serenas;725153;9840668;cd
s115771;Dawn_Den_2;2022-07-27;2022;07;27;serenas;725266;9840651;cd
s115772;Dawn_Den;2022-07-27;2022;07;27;serenas;725153;9840668;cd
s115773;Dawn_Den_2;2022-08-02;2022;08;02;serenas;725266;9840651;cd
s115774;Dawn_Den;2022-08-04;2022;08;04;serenas;725153;9840668;cd
s11578.1;Lighthouse_Den;2013-03-17;2013;03;17;serenas;727206;9840510;cd
s11579.1;Lighthouse_Den;2013-03-21;2013;03;21;serenas;727206;9840510;cd
s115794;Lone_Elephant_Den_3;2022-08-22;2022;08;22;serenas;724854;9839665;d
s115799;Lone_Elephant_Den_3;2022-08-24;2022;08;24;serenas;724854;9839665;d
s115804;Lone_Elephant_Den;2022-08-26;2022;08;26;serenas;724765;9839596;cd
s11583;Lighthouse_Den;2013-03-21;2013;03;21;serenas;727206;9840510;cd
s115842;Superstar_Den_2;2022-09-20;2022;09;20;serenas;724791;9840072;cd
s11586;Lighthouse_Den;2013-03-22;2013;03;22;serenas;727206;9840510;cd
s11588;Lighthouse_Den;2013-03-24;2013;03;24;serenas;727206;9840510;cd
s115893;Lugga_Den_III;2022-04-01;2022;04;01;happyzebra;718592;9844639;cd
s115895;Lugga_Den_III;2022-04-05;2022;04;05;happyzebra;718592;9844639;cd
s115898;Lugga_Den_III;2022-04-06;2022;04;06;happyzebra;718592;9844639;cd
s115899;Lugga_Den_III;2022-04-09;2022;04;09;happyzebra;718592;9844639;cd
s11590;Lighthouse_Den;2013-03-24;2013;03;24;serenas;727206;9840510;cd
s115900;Lugga_Den_III;2022-04-19;2022;04;19;happyzebra;718592;9844639;cd
s115901.1;Lugga_Den_III;2022-04-19;2022;04;19;happyzebra;718592;9844639;cd
s115903;Lugga_Den_III;2022-05-17;2022;05;17;happyzebra;718592;9844639;cd
s115904;Lugga_Den;2022-05-20;2022;05;20;happyzebra;718649;9844548;cd
s115906;Lugga_Den_III;2022-05-23;2022;05;23;happyzebra;718592;9844639;cd
s115909;Lugga_Den;2022-06-06;2022;06;06;happyzebra;718649;9844548;cd
s11592;Lighthouse_Den;2013-03-24;2013;03;24;serenas;727206;9840510;cd
s115920;Buffalo_Den;2022-06-13;2022;06;13;happyzebra;719627;9837833;d
s115921;Buffalo_Den;2022-06-13;2022;06;13;happyzebra;719627;9837833;d
s115929;Buffalo_Den;2022-06-16;2022;06;16;happyzebra;719627;9837833;d
s115931;Lugga_Den_4;2022-06-16;2022;06;16;happyzebra;718622;9844671;d
s115935;Buffalo_Den;2022-06-18;2022;06;18;happyzebra;719627;9837833;d
s115941;Buffalo_Den;2022-06-19;2022;06;19;happyzebra;719627;9837833;d
s115944;Buffalo_Den;2022-06-21;2022;06;21;happyzebra;719627;9837833;d
s115950;Buffalo_Den;2022-06-22;2022;06;22;happyzebra;719627;9837833;d
s115952;Buffalo_Den;2022-06-22;2022;06;22;happyzebra;719627;9837833;d
s115953;Lugga_Den;2022-06-22;2022;06;22;happyzebra;718649;9844548;cd
S115955;Saito's_Den_2;2022-10-01;2022;10;01;serenas;724929;9840470;cd
S115956;Saito's_Den_2;2022-10-02;2022;10;02;serenas;724929;9840470;cd
S115967;Saito's_Den_2;2022-10-02;2022;10;02;serenas;724929;9840470;cd
S115969;Saito's_Den_2;2022-10-03;2022;10;03;serenas;724929;9840470;cd
s11598;Lighthouse_Den;2013-03-25;2013;03;25;serenas;727206;9840510;cd
S115982;Saito's_Den_2;2022-10-08;2022;10;08;serenas;724929;9840470;cd
S115987;Saito's_Den_2;2022-10-12;2022;10;12;serenas;724929;9840470;cd
s11599;Lighthouse_Den;2013-03-25;2013;03;25;serenas;727206;9840510;cd
S115992;Saito's_Den_2;2022-10-12;2022;10;12;serenas;724929;9840470;cd
S115994;Saito's_Den_2;2022-10-13;2022;10;13;serenas;724929;9840470;cd
s11600;Lighthouse_Den;2013-03-27;2013;03;27;serenas;727206;9840510;cd
S116000;Mars_Den;2022-10-13;2022;10;13;serenas;723417;9840596;d
S116002;Saito's_Den;2022-10-14;2022;10;14;serenas;725054;9840520;cd
S116014;Saito's_Den_2;2022-10-23;2022;10;23;serenas;724929;9840470;cd
S116020;Saito's_Den_2;2022-10-24;2022;10;24;serenas;724929;9840470;cd
S116029;Saito's_Den_2;2022-10-25;2022;10;25;serenas;724929;9840470;cd
S116035;Saito's_Den_2;2022-10-27;2022;10;27;serenas;724929;9840470;cd
s116046;Saito's_Den_2;2022-11-01;2022;11;01;serenas;724929;9840470;cd
s116052;Saito's_Den_2;2022-11-02;2022;11;02;serenas;724929;9840470;cd
s116063;Saito's_Den_2;2022-11-04;2022;11;04;serenas;724929;9840470;cd
s116064;Dawn_Den_2;2022-11-04;2022;11;04;serenas;725266;9840651;cd
s116067;Dawn_Den_2;2022-11-12;2022;11;12;serenas;725266;9840651;cd
S116072;Saito's_Den_2;2022-11-12;2022;11;12;serenas;724929;9840470;cd
S116074;Saito's_Den;2022-11-15;2022;11;15;serenas;725054;9840520;cd
S116076;Dawn_Den_2;2022-11-15;2022;11;15;serenas;725266;9840651;cd
S116077;Saito's_Den_2;2022-11-16;2022;11;16;serenas;724929;9840470;cd
S116078;Dawn_Den_2;2022-11-16;2022;11;16;serenas;725266;9840651;cd
S116086;Saito's_Den_2;2022-11-18;2022;11;18;serenas;724929;9840470;cd
S116093;Dawn_Den;2022-11-18;2022;11;18;serenas;725153;9840668;cd
S116099;Saito's_Den_2;2022-11-19;2022;11;19;serenas;724929;9840470;cd
S116106;Dawn_Den_2;2022-11-22;2022;11;22;serenas;725266;9840651;cd
S116117;Dawn_Den_2;2022-11-22;2022;11;22;serenas;725266;9840651;cd
S116124;Dawn_Den_2;2022-11-25;2022;11;25;serenas;725266;9840651;cd
S116131;Saito's_Den;2022-11-28;2022;11;28;serenas;725054;9840520;cd
S116137;Saito's_Den_2;2022-11-29;2022;11;29;serenas;724929;9840470;cd
s11614;Lighthouse_Den;2013-04-11;2013;04;11;serenas;727206;9840510;cd
S116147;Saito's_Den_2;2022-11-30;2022;11;30;serenas;724929;9840470;cd
S116151;Saito's_Den_2;2022-12-01;2022;12;01;serenas;724929;9840470;cd
S116164;Dawn_Den_2;2022-12-02;2022;12;02;serenas;725266;9840651;cd
S116176;Saito's_Den_2;2022-12-02;2022;12;02;serenas;724929;9840470;cd
S116182;Dawn_Den_2;2022-12-03;2022;12;03;serenas;725266;9840651;cd
S116196;Dawn_Den;2022-12-06;2022;12;06;serenas;725153;9840668;cd
s11620;Lighthouse_Den;2013-04-22;2013;04;22;serenas;727206;9840510;cd
S116200;Scenic_Den;2022-12-06;2022;12;06;serenas;722522;9841425;cd
S116220;Scenic_Den;2022-12-19;2022;12;19;serenas;722522;9841425;cd
S116267;Crunk_Den_8;2022-10-03;2022;10;03;serenan;718181;9849203;cd
S116271;Crunk_Den_8;2022-10-04;2022;10;04;serenan;718181;9849203;cd
S116273;J_Fab_Den;2022-10-12;2022;10;12;serenan;718389;9849092;cd
S116276;J_Fab_Den;2022-10-17;2022;10;17;serenan;718389;9849092;cd
S116282;J_Fab_Den;2022-10-18;2022;10;18;serenan;718389;9849092;cd
S116284;J_Fab_Den;2022-10-24;2022;10;24;serenan;718389;9849092;cd
S116287;J_Fab_Den;2022-10-25;2022;10;25;serenan;718389;9849092;cd
S116290;J_Fab_Den;2022-10-28;2022;10;28;serenan;718389;9849092;cd
S116294;J_Fab_Den;2022-11-04;2022;11;04;serenan;718389;9849092;cd
S116295;J_Fab_Den;2022-11-07;2022;11;07;serenan;718389;9849092;cd
S116301;Diagon_Alley_Den_II;2022-11-20;2022;11;20;serenan;717981;9849311;cd
S116307;Diagon_Alley_Den_II;2022-11-25;2022;11;25;serenan;717981;9849311;cd
S116309;Diagon_Alley_Den_II;2022-11-28;2022;11;28;serenan;717981;9849311;cd
S116311;Diagon_Alley_Den_II;2022-11-29;2022;11;29;serenan;717981;9849311;cd
S116332;Lugga_Den_II;2022-10-03;2022;10;03;happyzebra;718642;9844590;cd
S116333;Lilac_Breasted_Roller_Den;2022-10-03;2022;10;03;happyzebra;714856;9847447;cd
S116334;Lugga_Den_II;2022-10-03;2022;10;03;happyzebra;718642;9844590;cd
S116336;Lilac_Breasted_Roller_Den;2022-10-07;2022;10;07;happyzebra;714856;9847447;cd
S116338;Lugga_Den_II;2022-10-07;2022;10;07;happyzebra;718642;9844590;cd
S116340;Lugga_Den_II;2022-10-09;2022;10;09;happyzebra;718642;9844590;cd
S116343;Lugga_Den_II;2022-10-14;2022;10;14;happyzebra;718642;9844590;cd
S116346;Lugga_Den_II;2022-10-17;2022;10;17;happyzebra;718642;9844590;cd
S116349;Lugga_Den_II;2022-10-20;2022;10;20;happyzebra;718642;9844590;cd
S116352;Wapi_Dave_Den;2022-10-24;2022;10;24;happyzebra;714577;9847556;cd
S116357;Lugga_Den_II;2022-10-27;2022;10;27;happyzebra;718642;9844590;cd
S116359;Lugga_Den_II;2022-10-29;2022;10;29;happyzebra;718642;9844590;cd
S116361;Wapi_Dave_Den;2022-11-01;2022;11;01;happyzebra;714577;9847556;cd
S116362;Lugga_Den_II;2022-11-03;2022;11;03;happyzebra;718642;9844590;cd
S116363;Lugga_Den_II;2022-11-05;2022;11;05;happyzebra;718642;9844590;cd
S116370;Lugga_Den_II;2022-11-24;2022;11;24;happyzebra;718642;9844590;cd
S116380;Lugga_Den_II;2022-11-29;2022;11;29;happyzebra;718642;9844590;cd
S116384;Lugga_Den_II;2022-12-05;2022;12;05;happyzebra;718642;9844590;cd
S116387;Lugga_Den_II;2022-12-15;2022;12;15;happyzebra;718642;9844590;cd
s116506;Big_Sky_Den_2;2023-01-07;2023;01;07;serenas;725618;9841109;cd
s116509;Big_Sky_Den_2;2023-01-07;2023;01;07;serenas;725618;9841109;cd
s116538;Big_Sky_Den_2;2023-01-09;2023;01;09;serenas;725618;9841109;cd
s116540;Dudu_Den;2023-01-09;2023;01;09;serenas;725634;9840969;cd
s116551;South_Den;2023-01-10;2023;01;10;serenas;724375;9842053;cd
s116575;Big_Sky_Den_2;2023-01-11;2023;01;11;serenas;725618;9841109;cd
s116581;Big_Sky_Den_2;2023-01-11;2023;01;11;serenas;725618;9841109;cd
s116595;Big_Sky_Den_2;2023-01-12;2023;01;12;serenas;725618;9841109;cd
s11663;The_Hatch_Den;2013-06-01;2013;06;01;serenas;727333;9840695;cd
s116649;Big_Sky_Den_2;2023-01-16;2023;01;16;serenas;725618;9841109;cd
s116654;Big_Sky_Den_2;2023-01-16;2023;01;16;serenas;725618;9841109;cd
s11669;The_Hatch_Den;2013-06-04;2013;06;04;serenas;727333;9840695;cd
s116692;Big_Sky_Den_2;2023-01-18;2023;01;18;serenas;725618;9841109;cd
s116704;Big_Sky_Den_2;2023-01-18;2023;01;18;serenas;725618;9841109;cd
s116713.1;Big_Sky_Den;2023-01-20;2023;01;20;serenas;725670;9841131;cd
s116718;Big_Sky_Den_2;2023-01-20;2023;01;20;serenas;725618;9841109;cd
s116726;Big_Sky_Den_2;2023-01-21;2023;01;21;serenas;725618;9841109;cd
s116755;Big_Sky_Den_2;2023-01-23;2023;01;23;serenas;725618;9841109;cd
s116763;Big_Sky_Den_2;2023-01-23;2023;01;23;serenas;725618;9841109;cd
s116786;Big_Sky_Den_2;2023-01-24;2023;01;24;serenas;725618;9841109;cd
s116798;Big_Bush_Communal_Den;2023-01-25;2023;01;25;serenas;748061;9838502;d
s116810;Big_Sky_Den_2;2023-01-25;2023;01;25;serenas;725618;9841109;cd
s116811;Big_Sky_Den_2;2023-01-26;2023;01;26;serenas;725618;9841109;cd
s11682;The_Hatch_Den;2013-06-08;2013;06;08;serenas;727333;9840695;cd
s116828;Big_Sky_Den_2;2023-01-26;2023;01;26;serenas;725618;9841109;cd
s116840;Big_Sky_Den;2023-01-27;2023;01;27;serenas;725670;9841131;cd
s116841;Big_Sky_Den;2023-01-27;2023;01;27;serenas;725670;9841131;cd
s116853;Big_Sky_Den;2023-01-28;2023;01;28;serenas;725670;9841131;cd
s11687;The_Hatch_Den;2013-06-10;2013;06;10;serenas;727333;9840695;cd
s116893;Big_Sky_Den;2023-01-30;2023;01;30;serenas;725670;9841131;cd
s116894;Big_Sky_Den;2023-02-01;2023;02;01;serenas;725670;9841131;cd
s116916;Big_Sky_Den;2023-02-06;2023;02;06;serenas;725670;9841131;cd
s116918;Big_Sky_Den;2023-02-17;2023;02;17;serenas;725670;9841131;cd
s116921;Big_Sky_Den;2023-02-19;2023;02;19;serenas;725670;9841131;cd
s116924;Big_Sky_Den;2023-02-19;2023;02;19;serenas;725670;9841131;cd
s116931;Big_Sky_Den;2023-02-21;2023;02;21;serenas;725670;9841131;cd
s116937;Big_Sky_Den;2023-02-21;2023;02;21;serenas;725670;9841131;cd
s116940;Bird_Bath_Den;2023-02-23;2023;02;23;serenas;725337;9841541;cd
s116949;Bird_Bath_Den;2023-02-25;2023;02;25;serenas;725337;9841541;cd
s116950;Big_Sky_Den;2023-02-25;2023;02;25;serenas;725670;9841131;cd
s116953;Bird_Bath_Den;2023-02-28;2023;02;28;serenas;725337;9841541;cd
s116959;Bird_Bath_Den;2023-03-03;2023;03;03;serenas;725337;9841541;cd
s116971;Bird_Bath_Den;2023-03-04;2023;03;04;serenas;725337;9841541;cd
s116979;Bird_Bath_Den;2023-03-07;2023;03;07;serenas;725337;9841541;cd
s116981;Bird_Bath_Den;2023-03-07;2023;03;07;serenas;725337;9841541;cd
s116988;Bird_Bath_Den;2023-03-08;2023;03;08;serenas;725337;9841541;cd
s116993;Bird_Bath_Den;2023-03-10;2023;03;10;serenas;725337;9841541;cd
s117003;Bird_Bath_Den;2023-03-12;2023;03;12;serenas;725337;9841541;cd
s117011;Bird_Bath_Den;2023-03-12;2023;03;12;serenas;725337;9841541;cd
s11703;The_Hatch_Den;2013-06-15;2013;06;15;serenas;727333;9840695;cd
s117034;Bird_Bath_Den;2023-03-18;2023;03;18;serenas;725337;9841541;cd
s117035;Bird_Bath_Den;2023-03-22;2023;03;22;serenas;725337;9841541;cd
s117039;Bird_Bath_Den;2023-03-22;2023;03;22;serenas;725337;9841541;cd
s117053;Bird_Bath_Den;2023-03-28;2023;03;28;serenas;725337;9841541;cd
s117060;Bird_Bath_Den;2023-03-28;2023;03;28;serenas;725337;9841541;cd
s117068;Bird_Bath_Den;2023-03-30;2023;03;30;serenas;725337;9841541;cd
s11707;The_Hatch_Den;2013-06-15;2013;06;15;serenas;727333;9840695;cd
s117070;Bird_Bath_Den;2023-03-30;2023;03;30;serenas;725337;9841541;cd
s117075;Changra_Den;2023-01-07;2023;01;07;serenan;718635;9849330;cd
s117079;Changra_Den;2023-01-08;2023;01;08;serenan;718635;9849330;cd
s117081;Changra_Den;2023-01-10;2023;01;10;serenan;718635;9849330;cd
s117083;Changra_Den;2023-01-10;2023;01;10;serenan;718635;9849330;cd
s117091;Changra_Den;2023-01-12;2023;01;12;serenan;718635;9849330;cd
s117098;Changra_Den;2023-01-14;2023;01;14;serenan;718635;9849330;cd
s117099;Wild_Berry_Den;2023-01-14;2023;01;14;serenan;718776;9849282;cd
s117105;Wild_Berry_Den;2023-01-14;2023;01;14;serenan;718776;9849282;cd
s117106;Changra_Den;2023-01-14;2023;01;14;serenan;718635;9849330;cd
s117107;Wild_Berry_Den;2023-01-14;2023;01;14;serenan;718776;9849282;cd
s11711;The_Hatch_Den;2013-06-16;2013;06;16;serenas;727333;9840695;cd
s117112;Changra_Den;2023-01-17;2023;01;17;serenan;718635;9849330;cd
s117116;Wild_Berry_Den;2023-01-18;2023;01;18;serenan;718776;9849282;cd
s117119;Wild_Berry_Den;2023-01-20;2023;01;20;serenan;718776;9849282;cd
s117123;Changra_Den_2;2023-01-23;2023;01;23;serenan;718673;9849323;cd
s117124;Judith_Den;2023-01-23;2023;01;23;serenan;718861;9849286;cd
s117129;Judith_Den;2023-01-23;2023;01;23;serenan;718861;9849286;cd
s11713;The_Hatch_Den;2013-06-17;2013;06;17;serenas;727333;9840695;cd
s117133;Judith_Den;2023-01-25;2023;01;25;serenan;718861;9849286;cd
s117136;Judith_Den;2023-01-26;2023;01;26;serenan;718861;9849286;cd
s117140;Judith_Den;2023-01-27;2023;01;27;serenan;718861;9849286;cd
s117141;Judith_Den;2023-01-28;2023;01;28;serenan;718861;9849286;cd
s117150;Judith_Den;2023-01-31;2023;01;31;serenan;718861;9849286;cd
s117152;Judith_Den;2023-02-01;2023;02;01;serenan;718861;9849286;cd
s117160;Judith_Den;2023-02-03;2023;02;03;serenan;718861;9849286;cd
s117167;Ollivander's_Den;2023-02-04;2023;02;04;serenan;719224;9848877;cd
s117170;Ollivander's_Den;2023-02-06;2023;02;06;serenan;719224;9848877;cd
s117173;Ollivander's_Den;2023-02-07;2023;02;07;serenan;719224;9848877;cd
s117179;Ollivander's_Den;2023-02-10;2023;02;10;serenan;719224;9848877;cd
s117185;Ollivander's_Den;2023-02-20;2023;02;20;serenan;719224;9848877;cd
s117189;Ollivander's_Den;2023-02-24;2023;02;24;serenan;719224;9848877;cd
s117191;Ollivander's_Den;2023-02-27;2023;02;27;serenan;719224;9848877;cd
s117194;Ollivander's_Den;2023-03-01;2023;03;01;serenan;719224;9848877;cd
s117197;Ollivander's_Den;2023-03-03;2023;03;03;serenan;719224;9848877;cd
s117203;Ollivander's_Den;2023-03-04;2023;03;04;serenan;719224;9848877;cd
s117205;Ollivander's_Den;2023-03-06;2023;03;06;serenan;719224;9848877;cd
s117208;Ollivander's_Den;2023-03-06;2023;03;06;serenan;719224;9848877;cd
s117209;Ollivander's_Den;2023-03-07;2023;03;07;serenan;719224;9848877;cd
s117213;Ollivander's_Den;2023-03-07;2023;03;07;serenan;719224;9848877;cd
s117234;Ollivander's_Den;2023-03-09;2023;03;09;serenan;719224;9848877;cd
s117241;Ollivander's_Den;2023-03-09;2023;03;09;serenan;719224;9848877;cd
s117244;Ollivander's_Den;2023-03-11;2023;03;11;serenan;719224;9848877;cd
s117248;Ollivander's_Den;2023-03-12;2023;03;12;serenan;719224;9848877;cd
s117250;Ollivander's_Den;2023-03-13;2023;03;13;serenan;719224;9848877;cd
s117253.1;Ollivander's_Den;2023-03-13;2023;03;13;serenan;719224;9848877;cd
s117260;Ollivander's_Den;2023-03-16;2023;03;16;serenan;719224;9848877;cd
s117265;Ollivander's_Den;2023-03-19;2023;03;19;serenan;719224;9848877;cd
s117269;Ollivander's_Den;2023-03-25;2023;03;25;serenan;719224;9848877;cd
s117271;Ollivander's_Den;2023-03-27;2023;03;27;serenan;719224;9848877;cd
s117284;The_Burrow_Den;2023-03-29;2023;03;29;serenan;719609;9848844;cd
s117299;Migration_Den_3;2023-01-07;2023;01;07;happyzebra;719817;9837650;cd
s117303;Migration_Den_2;2023-01-09;2023;01;09;happyzebra;719675;9837753;cd
s117306;Migration_Den_2;2023-01-09;2023;01;09;happyzebra;719675;9837753;cd
s117308;Migration_Den_2;2023-01-11;2023;01;11;happyzebra;719675;9837753;cd
s117309;Migration_Den_3;2023-01-12;2023;01;12;happyzebra;719817;9837650;cd
s117311;Migration_Den_3;2023-01-13;2023;01;13;happyzebra;719817;9837650;cd
s117314;Migration_Den_2;2023-01-16;2023;01;16;happyzebra;719675;9837753;cd
s117317;Migration_Den;2023-01-16;2023;01;16;happyzebra;719721;9937675;cd
s117320;Migration_Den;2023-01-18;2023;01;18;happyzebra;719721;9937675;cd
s117325;Migration_Den;2023-01-21;2023;01;21;happyzebra;719721;9937675;cd
s117330;Migration_Den;2023-01-21;2023;01;21;happyzebra;719721;9937675;cd
s117333;Migration_Den;2023-01-24;2023;01;24;happyzebra;719721;9937675;cd
s117336;Migration_Den;2023-01-24;2023;01;24;happyzebra;719721;9937675;cd
s117339.1;Migration_Den;2023-01-26;2023;01;26;happyzebra;719721;9937675;cd
s117340;Migration_Den;2023-01-27;2023;01;27;happyzebra;719721;9937675;cd
s117343;Coincidence_D;2023-01-28;2023;01;28;happyzebra;719522;9837495;cd
s117345;Coincidence_D;2023-01-28;2023;01;28;happyzebra;719522;9837495;cd
s117347;Coincidence_Den_2;2023-02-01;2023;02;01;happyzebra;719576;9837606;cd
s117350;Coincidence_Den_2;2023-02-02;2023;02;02;happyzebra;719576;9837606;cd
s117355.1;Coincidence_Den_2;2023-02-07;2023;02;07;happyzebra;719576;9837606;cd
s117356;Coincidence_Den_2;2023-02-10;2023;02;10;happyzebra;719576;9837606;cd
s117357;Coincidence_Den_2;2023-02-11;2023;02;11;happyzebra;719576;9837606;cd
s117359;Coincidence_Den_2;2023-02-13;2023;02;13;happyzebra;719576;9837606;cd
s117360;Coincidence_Den_2;2023-02-18;2023;02;18;happyzebra;719576;9837606;cd
s117365;Coincidence_Den_2;2023-02-20;2023;02;20;happyzebra;719576;9837606;cd
s117368;Coincidence_D;2023-02-22;2023;02;22;happyzebra;719522;9837495;cd
s117370;Coincidence_Den_2;2023-02-23;2023;02;23;happyzebra;719576;9837606;cd
s117374;Migration_Den_4;2023-02-24;2023;02;24;happyzebra;719680;9837699;cd
s117375;Coincidence_Den_2;2023-02-25;2023;02;25;happyzebra;719576;9837606;cd
s117377;Coincidence_Den_2;2023-03-01;2023;03;01;happyzebra;719576;9837606;cd
s117379;Migration_Den_3;2023-03-02;2023;03;02;happyzebra;719817;9837650;cd
s117383;Migration_Den_3;2023-03-05;2023;03;05;happyzebra;719817;9837650;cd
s117388;Migration_Den_3;2023-03-06;2023;03;06;happyzebra;719817;9837650;cd
s117393;Coincidence_Den_2;2023-03-06;2023;03;06;happyzebra;719576;9837606;cd
s117395;Coincidence_Den_2;2023-03-07;2023;03;07;happyzebra;719576;9837606;cd
s117398;Migration_Den_4;2023-03-08;2023;03;08;happyzebra;719680;9837699;cd
s1174;Grand_Theft_Auto_Den;2010-09-12;2010;09;12;happyzebra;717033;9844406;cd
s117405;Coincidence_D;2023-03-08;2023;03;08;happyzebra;719522;9837495;cd
s117408;Coincidence_Den_2;2023-03-10;2023;03;10;happyzebra;719576;9837606;cd
s117410;Coincidence_Den_2;2023-03-10;2023;03;10;happyzebra;719576;9837606;cd
s117417;Coincidence_Den_2;2023-03-10;2023;03;10;happyzebra;719576;9837606;cd
s117420;Migration_Den_4;2023-03-11;2023;03;11;happyzebra;719680;9837699;cd
s117422;Migration_Den_4;2023-03-13;2023;03;13;happyzebra;719680;9837699;cd
s117432;Coincidence_Den_2;2023-03-18;2023;03;18;happyzebra;719576;9837606;cd
s117443;Coincidence_Den_2;2023-03-19;2023;03;19;happyzebra;719576;9837606;cd
s117447;Coincidence_Den_2;2023-03-25;2023;03;25;happyzebra;719576;9837606;cd
s117452;Coincidence_Den_2;2023-03-28;2023;03;28;happyzebra;719576;9837606;cd
s117455;Coincidence_Den_2;2023-03-30;2023;03;30;happyzebra;719576;9837606;cd
s117461;Migration_Den_4;2023-03-31;2023;03;31;happyzebra;719680;9837699;cd
s1176;Grand_Theft_Auto_Den;2010-09-12;2010;09;12;happyzebra;717033;9844406;cd
s1178;Grand_Theft_Auto_Den;2010-09-14;2010;09;14;happyzebra;717033;9844406;cd
s1179;Grand_Theft_Auto_Den;2010-09-14;2010;09;14;happyzebra;717033;9844406;cd
s1182;Grand_Theft_Auto_Den;2010-09-15;2010;09;15;happyzebra;717033;9844406;cd
s1183;Arson_Den;2010-09-15;2010;09;15;happyzebra;717309;9844189;cd
s1184;Homicide_Den;2010-09-15;2010;09;15;happyzebra;717090;9844193;cd
s1186;Homicide_Den;2010-09-17;2010;09;17;happyzebra;717090;9844193;cd
s1187;Arson_Den;2010-09-23;2010;09;23;happyzebra;717309;9844189;cd
s1189;Homicide_Den;2010-09-24;2010;09;24;happyzebra;717090;9844193;cd
s1190;Arson_Den;2010-09-24;2010;09;24;happyzebra;717309;9844189;cd
s1192;Arson_Den;2010-09-26;2010;09;26;happyzebra;717309;9844189;cd
s11933;FML_Den;2013-10-09;2013;10;09;serenas;725171;9841252;cd
s11935;FML_Den;2013-10-13;2013;10;13;serenas;725171;9841252;cd
s11937;FML_Den;2013-10-14;2013;10;14;serenas;725171;9841252;cd
s1194;Homicide_Den;2010-09-26;2010;09;26;happyzebra;717090;9844193;cd
s11946;FML_Den;2013-10-17;2013;10;17;serenas;725171;9841252;cd
s1195;Arson_Den;2010-09-26;2010;09;26;happyzebra;717309;9844189;cd
s11950;FML_Den;2013-10-19;2013;10;19;serenas;725171;9841252;cd
s11951;FML_Den;2013-10-21;2013;10;21;serenas;725171;9841252;cd
s11956;FML_Den;2013-10-22;2013;10;22;serenas;725171;9841252;cd
s1196;Arson_Den;2010-09-28;2010;09;28;happyzebra;717309;9844189;cd
s11960;FML_Den;2013-10-24;2013;10;24;serenas;725171;9841252;cd
s11961;FML_Den;2013-10-26;2013;10;26;serenas;725171;9841252;cd
s11971;FML_Den;2013-10-27;2013;10;27;serenas;725171;9841252;cd
s11973;FML_Den;2013-10-29;2013;10;29;serenas;725171;9841252;cd
s1198;Homicide_Den;2010-10-03;2010;10;03;happyzebra;717090;9844193;cd
s11983;FML_Den;2013-10-30;2013;10;30;serenas;725171;9841252;cd
s11985;FML_Den;2013-11-01;2013;11;01;serenas;725171;9841252;cd
s11990;FML_Den;2013-11-02;2013;11;02;serenas;725171;9841252;cd
s11993.1;FML_Den;2013-11-04;2013;11;04;serenas;725171;9841252;cd
s11994;FML_Den;2013-11-06;2013;11;06;serenas;725171;9841252;cd
s1200;Vandalism_Den;2010-10-03;2010;10;03;happyzebra;717253;9844123;cd
s12002;FML_Den;2013-11-10;2013;11;10;serenas;725171;9841252;cd
s12011;FML_Den;2013-11-13;2013;11;13;serenas;725171;9841252;cd
s12012;FML_Den;2013-11-15;2013;11;15;serenas;725171;9841252;cd
s12012.2;FML_Den;2013-11-15;2013;11;15;serenas;725171;9841252;cd
s12012.5;FML_Den;2013-11-15;2013;11;15;serenas;725171;9841252;cd
s12016;FML_Den;2013-11-16;2013;11;16;serenas;725171;9841252;cd
s12017;FML_Den;2013-11-18;2013;11;18;serenas;725171;9841252;cd
s1202;Arson_Den;2010-10-05;2010;10;05;happyzebra;717309;9844189;cd
s12024;FML_Den;2013-11-19;2013;11;19;serenas;725171;9841252;cd
s12025;FML_Den;2013-11-22;2013;11;22;serenas;725171;9841252;cd
s1203;Vandalism_Den;2010-10-05;2010;10;05;happyzebra;717253;9844123;cd
s12030;FML_Den;2013-11-23;2013;11;23;serenas;725171;9841252;cd
s12031;FML_Den;2013-11-25;2013;11;25;serenas;725171;9841252;cd
s12034;FML_Den;2013-11-26;2013;11;26;serenas;725171;9841252;cd
s12037;FML_Den;2013-11-26;2013;11;26;serenas;725171;9841252;cd
s12038;FML_Den;2013-11-28;2013;11;28;serenas;725171;9841252;cd
s12039;Boone_Den;2013-11-28;2013;11;28;serenas;725499;9840852;cd
s1205;Vandalism_Den;2010-10-05;2010;10;05;happyzebra;717253;9844123;cd
s12053;FML_Den;2013-11-29;2013;11;29;serenas;725171;9841252;cd
s12057;FML_Den;2013-11-29;2013;11;29;serenas;725171;9841252;cd
s1206;Arson_Den;2010-10-05;2010;10;05;happyzebra;717309;9844189;cd
s12062;FML_Den;2013-12-02;2013;12;02;serenas;725171;9841252;cd
s12064;FML_Den;2013-12-02;2013;12;02;serenas;725171;9841252;cd
s12065;Boone_Den;2013-12-04;2013;12;04;serenas;725499;9840852;cd
s1207;Vandalism_Den;2010-10-08;2010;10;08;happyzebra;717253;9844123;cd
s12073;Smoke_Monster_Den;2013-12-05;2013;12;05;serenas;725574;9841261;cd
s12074;FML_Den;2013-12-05;2013;12;05;serenas;725171;9841252;cd
s12098;FML_Den;2013-12-17;2013;12;17;serenas;725171;9841252;cd
s12099;FML_Den;2013-12-18;2013;12;18;serenas;725171;9841252;cd
s12114;FML_Den;2013-12-21;2013;12;21;serenas;725171;9841252;cd
s12116;FML_Den;2013-12-21;2013;12;21;serenas;725171;9841252;cd
s12119;Smoke_Monster_Den;2013-12-22;2013;12;22;serenas;725574;9841261;cd
s1213;Vandalism_Den;2010-10-14;2010;10;14;happyzebra;717253;9844123;cd
s12140;Rousseau_Den;2013-12-28;2013;12;28;serenas;725441;9840912;cd
s12147;Rousseau_Den;2013-12-30;2013;12;30;serenas;725441;9840912;cd
s1215;Vandalism_Den;2010-10-15;2010;10;15;happyzebra;717253;9844123;cd
s12154;Windsor_Den;2013-01-05;2013;01;05;happyzebra;716432;9842596;cd
s1216;Vandalism_Den;2010-10-18;2010;10;18;happyzebra;717253;9844123;cd
s12169;Holy_Grail_Den;2013-02-02;2013;02;02;happyzebra;719087;9840152;cd
s12170;Holy_Grail_Den;2013-02-03;2013;02;03;happyzebra;719087;9840152;cd
s12176;Holy_Grail_Den;2013-02-05;2013;02;05;happyzebra;719087;9840152;cd
s12177;Holy_Grail_Den;2013-02-06;2013;02;06;happyzebra;719087;9840152;cd
s1218;Vandalism_Den;2010-10-19;2010;10;19;happyzebra;717253;9844123;cd
s12181;Holy_Grail_Den;2013-02-09;2013;02;09;happyzebra;719087;9840152;cd
s12182;Holy_Grail_Den;2013-02-12;2013;02;12;happyzebra;719087;9840152;cd
s12184;Holy_Grail_Den;2013-02-15;2013;02;15;happyzebra;719087;9840152;cd
s12189;Holy_Grail_Den;2013-02-15;2013;02;15;happyzebra;719087;9840152;cd
s12192;Holy_Grail_Den;2013-02-16;2013;02;16;happyzebra;719087;9840152;cd
s12193;Holy_Grail_Den;2013-02-17;2013;02;17;happyzebra;719087;9840152;cd
s12195;Holy_Grail_Den;2013-02-20;2013;02;20;happyzebra;719087;9840152;cd
s12197;Holy_Grail_Den;2013-02-23;2013;02;23;happyzebra;719087;9840152;cd
s12198;Holy_Grail_Den;2013-02-25;2013;02;25;happyzebra;719087;9840152;cd
s1220;Vandalism_Den;2010-10-24;2010;10;24;happyzebra;717253;9844123;cd
s12203;Holy_Grail_Den;2013-02-26;2013;02;26;happyzebra;719087;9840152;cd
s12209;Holy_Grail_Den;2013-03-04;2013;03;04;happyzebra;719087;9840152;cd
s1221;Vandalism_Den;2010-10-27;2010;10;27;happyzebra;717253;9844123;cd
s12210;Holy_Grail_Den;2013-03-09;2013;03;09;happyzebra;719087;9840152;cd
s12211;Amazon_Den;2013-03-11;2013;03;11;happyzebra;719656;9838561;cd
s12212;Holy_Grail_Den;2013-03-11;2013;03;11;happyzebra;719087;9840152;cd
s12213;Holy_Grail_Den;2013-03-14;2013;03;14;happyzebra;719087;9840152;cd
s12219;Holy_Grail_Den;2013-03-15;2013;03;15;happyzebra;719087;9840152;cd
s1222;Larceny_Den;2010-10-27;2010;10;27;happyzebra;717242;9843722;cd
s12221;Holy_Grail_Den;2013-03-17;2013;03;17;happyzebra;719087;9840152;cd
s12227;Holy_Grail_Den;2013-03-18;2013;03;18;happyzebra;719087;9840152;cd
s12230;Holy_Grail_Den;2013-03-22;2013;03;22;happyzebra;719087;9840152;cd
s12233;Holy_Grail_Den;2013-03-23;2013;03;23;happyzebra;719087;9840152;cd
s12237;Holy_Grail_Den;2013-03-24;2013;03;24;happyzebra;719087;9840152;cd
s12238;Holy_Grail_Den;2013-03-26;2013;03;26;happyzebra;719087;9840152;cd
s12239;Holy_Grail_Den;2013-04-02;2013;04;02;happyzebra;719087;9840152;cd
s1224;Larceny_Den;2010-10-30;2010;10;30;happyzebra;717242;9843722;cd
s12242;Holy_Grail_Den;2013-04-23;2013;04;23;happyzebra;719087;9840152;cd
s12243;Holy_Grail_Den;2013-04-25;2013;04;25;happyzebra;719087;9840152;cd
s12245;Holy_Grail_Den;2013-04-26;2013;04;26;happyzebra;719087;9840152;cd
s12247;Holy_Grail_Den;2013-05-05;2013;05;05;happyzebra;719087;9840152;cd
s12248;Holy_Grail_Den;2013-05-07;2013;05;07;happyzebra;719087;9840152;cd
s12249;Holy_Grail_Den;2013-05-10;2013;05;10;happyzebra;719087;9840152;cd
s1225;Vandalism_Den;2010-10-30;2010;10;30;happyzebra;717253;9844123;cd
s12253;Holy_Grail_Den;2013-05-12;2013;05;12;happyzebra;719087;9840152;cd
s12255;Holy_Grail_Den;2013-05-13;2013;05;13;happyzebra;719087;9840152;cd
s12259;Holy_Grail_Den;2013-05-16;2013;05;16;happyzebra;719087;9840152;cd
s1226;Vandalism_Den;2010-11-01;2010;11;01;happyzebra;717253;9844123;cd
s12260;Holy_Grail_Den;2013-05-17;2013;05;17;happyzebra;719087;9840152;cd
s12262;Holy_Grail_Den;2013-05-18;2013;05;18;happyzebra;719087;9840152;cd
s12267;Holy_Grail_Den;2013-05-20;2013;05;20;happyzebra;719087;9840152;cd
s12268;Holy_Grail_Den;2013-05-21;2013;05;21;happyzebra;719087;9840152;cd
s12269;Holy_Grail_Den;2013-05-21;2013;05;21;happyzebra;719087;9840152;cd
s12269.1;Holy_Grail_Den;2013-05-22;2013;05;22;happyzebra;719087;9840152;cd
s12271;Holy_Grail_Den;2013-05-24;2013;05;24;happyzebra;719087;9840152;cd
s12279;Holy_Grail_Den;2013-05-27;2013;05;27;happyzebra;719087;9840152;cd
s1228;Larceny_Den;2010-11-05;2010;11;05;happyzebra;717242;9843722;cd
s12281;Holy_Grail_Den;2013-05-28;2013;05;28;happyzebra;719087;9840152;cd
s12284;Holy_Grail_Den;2013-05-28;2013;05;28;happyzebra;719087;9840152;cd
s12289;Holy_Grail_Den;2013-05-31;2013;05;31;happyzebra;719087;9840152;cd
s1229;Larceny_Den;2010-11-06;2010;11;06;happyzebra;717242;9843722;cd
s12291;Holy_Grail_Den;2013-06-02;2013;06;02;happyzebra;719087;9840152;cd
s12295;Holy_Grail_Den;2013-06-05;2013;06;05;happyzebra;719087;9840152;cd
s1230;Larceny_Den;2010-11-07;2010;11;07;happyzebra;717242;9843722;cd
s12301;Holy_Grail_Den;2013-06-06;2013;06;06;happyzebra;719087;9840152;cd
s12303;Holy_Grail_Den;2013-06-08;2013;06;08;happyzebra;719087;9840152;cd
s12304;Holy_Grail_Den;2013-06-09;2013;06;09;happyzebra;719087;9840152;cd
s12311;Holy_Grail_Den;2013-06-12;2013;06;12;happyzebra;719087;9840152;cd
s12314;Holy_Grail_Den;2013-06-13;2013;06;13;happyzebra;719087;9840152;cd
s12317;Holy_Grail_Den;2013-06-16;2013;06;16;happyzebra;719087;9840152;cd
s1232;Larceny_Den;2010-11-08;2010;11;08;happyzebra;717242;9843722;cd
s12321;Holy_Grail_Den;2013-06-17;2013;06;17;happyzebra;719087;9840152;cd
s12329;Holy_Grail_Den;2013-06-18;2013;06;18;happyzebra;719087;9840152;cd
s12330;Holy_Grail_Den;2013-06-20;2013;06;20;happyzebra;719087;9840152;cd
s12334;Holy_Grail_Den;2013-06-21;2013;06;21;happyzebra;719087;9840152;cd
s12335;Holy_Grail_Den;2013-06-22;2013;06;22;happyzebra;719087;9840152;cd
s12340;Holy_Grail_Den;2013-06-22;2013;06;22;happyzebra;719087;9840152;cd
s12342;Holy_Grail_Den;2013-06-23;2013;06;23;happyzebra;719087;9840152;cd
s12345;Holy_Grail_Den;2013-06-24;2013;06;24;happyzebra;719087;9840152;cd
s12346;Holy_Grail_Den;2013-06-25;2013;06;25;happyzebra;719087;9840152;cd
s1235;Larceny_Den;2010-11-13;2010;11;13;happyzebra;717242;9843722;cd
s12353;Holy_Grail_Den;2013-06-25;2013;06;25;happyzebra;719087;9840152;cd
s12356;Holy_Grail_Den;2013-06-26;2013;06;26;happyzebra;719087;9840152;cd
s12361;Holy_Grail_Den;2013-06-27;2013;06;27;happyzebra;719087;9840152;cd
s12364;Holy_Grail_Den;2013-06-30;2013;06;30;happyzebra;719087;9840152;cd
s12367;Holy_Grail_Den;2013-07-02;2013;07;02;happyzebra;719087;9840152;cd
s12367.1;Holy_Grail_Den;2013-07-05;2013;07;05;happyzebra;719087;9840152;cd
s1237;Larceny_Den;2010-11-14;2010;11;14;happyzebra;717242;9843722;cd
s12371;Holy_Grail_Den;2013-07-06;2013;07;06;happyzebra;719087;9840152;cd
s12373;Holy_Grail_Den;2013-07-10;2013;07;10;happyzebra;719087;9840152;cd
s12375;Holy_Grail_Den;2013-07-12;2013;07;12;happyzebra;719087;9840152;cd
s12379;Holy_Grail_Den;2013-07-13;2013;07;13;happyzebra;719087;9840152;cd
s1238;Larceny_Den;2010-11-15;2010;11;15;happyzebra;717242;9843722;cd
s12381;Gettysburg_Den;2013-07-15;2013;07;15;happyzebra;719322;9840190;cd
s12384;Holy_Grail_Den;2013-07-16;2013;07;16;happyzebra;719087;9840152;cd
s12385;Gettysburg_Den;2013-07-16;2013;07;16;happyzebra;719322;9840190;cd
s12386;Holy_Grail_Den;2013-07-16;2013;07;16;happyzebra;719087;9840152;cd
s12387;Gettysburg_Den;2013-07-18;2013;07;18;happyzebra;719322;9840190;cd
s12393;Gettysburg_Den;2013-07-21;2013;07;21;happyzebra;719322;9840190;cd
s12395;Holy_Grail_Den;2013-07-22;2013;07;22;happyzebra;719087;9840152;cd
s12395.1;Gettysburg_Den;2013-07-22;2013;07;22;happyzebra;719322;9840190;cd
s12399;Gettysburg_Den;2013-07-24;2013;07;24;happyzebra;719322;9840190;cd
s1240;Larceny_Den;2010-11-16;2010;11;16;happyzebra;717242;9843722;cd
s12403;Schmuzty_Den;2013-07-27;2013;07;27;happyzebra;720201;9839904;cd
s12405;Schmuzty_Den;2013-07-28;2013;07;28;happyzebra;720201;9839904;cd
s12408;Schmuzty_Den;2013-07-29;2013;07;29;happyzebra;720201;9839904;cd
s1241;Larceny_Den;2010-11-17;2010;11;17;happyzebra;717242;9843722;cd
s12410;Schmuzty_Den;2013-07-30;2013;07;30;happyzebra;720201;9839904;cd
s12413;Schiphol_Den;2013-07-30;2013;07;30;happyzebra;723441;9844921;cd
s12415;Schmuzty_Den;2013-07-31;2013;07;31;happyzebra;720201;9839904;cd
s12417;Schmuzty_Den;2013-08-02;2013;08;02;happyzebra;720201;9839904;cd
s12422;Schmuzty_Den;2013-08-04;2013;08;04;happyzebra;720201;9839904;cd
s12423;Schmuzty_Den;2013-08-05;2013;08;05;happyzebra;720201;9839904;cd
s12426;Schiphol_Den;2013-08-07;2013;08;07;happyzebra;723441;9844921;cd
s12428;Schmuzty_Den;2013-08-08;2013;08;08;happyzebra;720201;9839904;cd
s1243;Larceny_Den;2010-11-19;2010;11;19;happyzebra;717242;9843722;cd
s12433;Schmuck_Den;2013-08-10;2013;08;10;happyzebra;720374;9839933;cd
s12434;Schmuck_Den;2013-08-12;2013;08;12;happyzebra;720374;9839933;cd
s12435;Schmuck_Den;2013-08-14;2013;08;14;happyzebra;720374;9839933;cd
s12442;Schmuck_Den;2013-08-18;2013;08;18;happyzebra;720374;9839933;cd
s12443;Schmuck_Den;2013-08-19;2013;08;19;happyzebra;720374;9839933;cd
s12445;Schmuck_Den;2013-08-21;2013;08;21;happyzebra;720374;9839933;cd
s12446;Schmuck_Den;2013-08-21;2013;08;21;happyzebra;720374;9839933;cd
s12450;Schmuck_Den;2013-08-22;2013;08;22;happyzebra;720374;9839933;cd
s12457;Schmuck_Den;2013-08-24;2013;08;24;happyzebra;720374;9839933;cd
s1246;Larceny_Den;2010-11-20;2010;11;20;happyzebra;717242;9843722;cd
s12464;Oy_Vey_Den;2013-08-28;2013;08;28;happyzebra;721091;9840261;cd
s12465;Oy_Vey_Den;2013-08-30;2013;08;30;happyzebra;721091;9840261;cd
s12466;Oy_Vey_Den;2013-08-31;2013;08;31;happyzebra;721091;9840261;cd
s12468;Oy_Vey_Den;2013-09-03;2013;09;03;happyzebra;721091;9840261;cd
s1247;Larceny_Den;2010-11-22;2010;11;22;happyzebra;717242;9843722;cd
s12477;Mashugana_Den;2013-09-08;2013;09;08;happyzebra;721208;9840487;cd
s12479;Mashugana_Den_II;2013-09-09;2013;09;09;happyzebra;721189;9840596;cd
s12480;Mashugana_Den_II;2013-09-12;2013;09;12;happyzebra;721189;9840596;cd
s12480.1;Mashugana_Den;2013-09-14;2013;09;14;happyzebra;721208;9840487;cd
s12483;Mashugana_Den_II;2013-09-15;2013;09;15;happyzebra;721189;9840596;cd
s12493;Bubula_Den;2013-10-01;2013;10;01;happyzebra;720534;9840559;cd
s12498;Bubula_Den;2013-10-02;2013;10;02;happyzebra;720534;9840559;cd
s1251;Gila_River_Den_II;2010-11-23;2010;11;23;happyzebra;716426;9843696;cd
s1253;Larceny_Den;2010-11-23;2010;11;23;happyzebra;717242;9843722;cd
s1256;Gila_River_Den_II;2010-11-26;2010;11;26;happyzebra;716426;9843696;cd
s1264;Gila_River_Den_II;2010-12-07;2010;12;07;happyzebra;716426;9843696;cd
s1265;Gila_River_Den_II;2010-12-11;2010;12;11;happyzebra;716426;9843696;cd
s1266;Gila_River_Den_II;2010-12-11;2010;12;11;happyzebra;716426;9843696;cd
s12665;Windsor_Den;2013-12-19;2013;12;19;happyzebra;716432;9842596;cd
s12667;Amazon_Den;2013-12-19;2013;12;19;happyzebra;719656;9838561;cd
s12668;Amazon_Den;2013-12-27;2013;12;27;happyzebra;719656;9838561;cd
s1269;Gila_River_Den_II;2010-12-13;2010;12;13;happyzebra;716426;9843696;cd
s12690;Windsor_Den;2014-01-05;2014;01;05;happyzebra;716432;9842596;cd
s12695;Windsor_Den;2014-01-11;2014;01;11;happyzebra;716432;9842596;cd
s12696;Windsor_Den;2014-01-12;2014;01;12;happyzebra;716432;9842596;cd
s12698;Windsor_Den;2014-01-15;2014;01;15;happyzebra;716432;9842596;cd
s12699;Windsor_Den;2014-01-17;2014;01;17;happyzebra;716432;9842596;cd
s1270;Gila_River_Den;2010-12-13;2010;12;13;happyzebra;716307;9843668;cd
s12703;Windsor_Den;2014-01-25;2014;01;25;happyzebra;716432;9842596;cd
s12704;Windsor_Den;2014-01-27;2014;01;27;happyzebra;716432;9842596;cd
s12708;Windsor_Den;2014-01-28;2014;01;28;happyzebra;716432;9842596;cd
s12712;Windsor_Den;2014-01-30;2014;01;30;happyzebra;716432;9842596;cd
s12721;Windsor_Den;2014-02-02;2014;02;02;happyzebra;716432;9842596;cd
s12725;Windsor_Den;2014-02-06;2014;02;06;happyzebra;716432;9842596;cd
s1274;Gila_River_Den_II;2010-12-14;2010;12;14;happyzebra;716426;9843696;cd
s12744;Tigris_Den;2014-02-09;2014;02;09;happyzebra;719693;9838330;cd
s12751;Windsor_Den;2014-02-14;2014;02;14;happyzebra;716432;9842596;cd
s12760;Tigris_Den;2014-02-17;2014;02;17;happyzebra;719693;9838330;cd
s12767;Tigris_Den;2014-02-22;2014;02;22;happyzebra;719693;9838330;cd
s12771;Tigris_Den;2014-02-23;2014;02;23;happyzebra;719693;9838330;cd
s12774;Tigris_Den;2014-02-24;2014;02;24;happyzebra;719693;9838330;cd
s12776;Windsor_Den;2014-02-26;2014;02;26;happyzebra;716432;9842596;cd
s1278;Gila_River_Den_III;2010-12-16;2010;12;16;happyzebra;716452;9843748;cd
s12784;Tigris_Den;2014-02-26;2014;02;26;happyzebra;719693;9838330;cd
s12794;Tigris_Den;2014-03-01;2014;03;01;happyzebra;719693;9838330;cd
s12798;Tigris_Den;2014-03-04;2014;03;04;happyzebra;719693;9838330;cd
s12799;Tigris_Den;2014-03-06;2014;03;06;happyzebra;719693;9838330;cd
s12801;Windsor_Den;2014-03-07;2014;03;07;happyzebra;716432;9842596;cd
s12806;Windsor_Den;2014-03-10;2014;03;10;happyzebra;716432;9842596;cd
s1281;Gila_River_Den_II;2010-12-16;2010;12;16;happyzebra;716426;9843696;cd
s12810;Tigris_Den;2014-03-11;2014;03;11;happyzebra;719693;9838330;cd
s12814;Tigris_Den;2014-03-20;2014;03;20;happyzebra;719693;9838330;cd
s12815;Tigris_Den;2014-03-22;2014;03;22;happyzebra;719693;9838330;cd
s12821;Tigris_Den;2014-03-27;2014;03;27;happyzebra;719693;9838330;cd
s12825;Tigris_Den;2014-03-29;2014;03;29;happyzebra;719693;9838330;cd
s12830;Tigris_Den;2014-04-02;2014;04;02;happyzebra;719693;9838330;cd
s12832;Tigris_Den;2014-04-05;2014;04;05;happyzebra;719693;9838330;cd
s12833;Tigris_Den;2014-04-06;2014;04;06;happyzebra;719693;9838330;cd
s12835;Tigris_Den;2014-04-09;2014;04;09;happyzebra;719693;9838330;cd
s12841;Tigris_Den;2014-04-10;2014;04;10;happyzebra;719693;9838330;cd
s12847;Tigris_Den;2014-04-12;2014;04;12;happyzebra;719693;9838330;cd
s12853;Tigris_Den;2014-04-13;2014;04;13;happyzebra;719693;9838330;cd
s12858;Tigris_Den;2014-04-14;2014;04;14;happyzebra;719693;9838330;cd
s12867;Tigris_Den;2014-04-17;2014;04;17;happyzebra;719693;9838330;cd
s12869;Tigris_Den;2014-04-19;2014;04;19;happyzebra;719693;9838330;cd
s1287;Gila_River_Den_II;2010-12-17;2010;12;17;happyzebra;716426;9843696;cd
s12872;Tigris_Den;2014-04-21;2014;04;21;happyzebra;719693;9838330;cd
s12873;Tigris_Den;2014-04-23;2014;04;23;happyzebra;719693;9838330;cd
s12876;Tigris_Den;2014-04-24;2014;04;24;happyzebra;719693;9838330;cd
s1288;Gila_River_Den_III;2010-12-17;2010;12;17;happyzebra;716452;9843748;cd
s12881;Tigris_Den;2014-04-26;2014;04;26;happyzebra;719693;9838330;cd
s12884;Tigris_Den;2014-04-28;2014;04;28;happyzebra;719693;9838330;cd
s12885;Tigris_Den;2014-04-30;2014;04;30;happyzebra;719693;9838330;cd
s12890;Tigris_Den;2014-05-02;2014;05;02;happyzebra;719693;9838330;cd
s12893;Tigris_Den;2014-05-04;2014;05;04;happyzebra;719693;9838330;cd
s1290;Gila_River_Den_II;2010-12-19;2010;12;19;happyzebra;716426;9843696;cd
s12904;Tigris_Den;2014-05-10;2014;05;10;happyzebra;719693;9838330;cd
s12907;Tigris_Den;2014-05-12;2014;05;12;happyzebra;719693;9838330;cd
s1291;Gila_River_Den_III;2010-12-19;2010;12;19;happyzebra;716452;9843748;cd
s12910;Tigris_Den;2014-05-13;2014;05;13;happyzebra;719693;9838330;cd
s12912;Tigris_Den;2014-05-15;2014;05;15;happyzebra;719693;9838330;cd
s12919;Tigris_Den;2014-05-17;2014;05;17;happyzebra;719693;9838330;cd
s12920;Tigris_Den;2014-05-18;2014;05;18;happyzebra;719693;9838330;cd
s12921;Tigris_Den;2014-05-20;2014;05;20;happyzebra;719693;9838330;cd
s12925;Tigris_Den;2014-05-21;2014;05;21;happyzebra;719693;9838330;cd
s12930;Tigris_Den;2014-05-23;2014;05;23;happyzebra;719693;9838330;cd
s12931;Tigris_Den;2014-05-25;2014;05;25;happyzebra;719693;9838330;cd
s12934;Tigris_Den;2014-05-27;2014;05;27;happyzebra;719693;9838330;cd
s12941;Tigris_Den;2014-05-28;2014;05;28;happyzebra;719693;9838330;cd
s12943;Tigris_Den;2014-05-30;2014;05;30;happyzebra;719693;9838330;cd
s12955;Tigris_Den;2014-06-01;2014;06;01;happyzebra;719693;9838330;cd
s12960;Tigris_Den;2014-06-02;2014;06;02;happyzebra;719693;9838330;cd
s12962;Tigris_Den;2014-06-08;2014;06;08;happyzebra;719693;9838330;cd
s12964;Tigris_Den;2014-06-11;2014;06;11;happyzebra;719693;9838330;cd
s12965;Tigris_Den;2014-06-12;2014;06;12;happyzebra;719693;9838330;cd
s12966;Tigris_Den;2014-06-14;2014;06;14;happyzebra;719693;9838330;cd
s12969;Tigris_Den;2014-06-15;2014;06;15;happyzebra;719693;9838330;cd
s12971;Tigris_Den;2014-06-22;2014;06;22;happyzebra;719693;9838330;cd
s12972;Tigris_Den;2014-06-24;2014;06;24;happyzebra;719693;9838330;cd
s12973;Tigris_Den;2014-06-26;2014;06;26;happyzebra;719693;9838330;cd
s12975;Tigris_Den;2014-06-27;2014;06;27;happyzebra;719693;9838330;cd
s12980;Tigris_Den;2014-07-06;2014;07;06;happyzebra;719693;9838330;cd
s12985;Tigris_Den;2014-07-07;2014;07;07;happyzebra;719693;9838330;cd
s12988;Tigris_Den;2014-07-09;2014;07;09;happyzebra;719693;9838330;cd
s1299;Gila_River_Den_II;2010-12-20;2010;12;20;happyzebra;716426;9843696;cd
s12990;Tigris_Den;2014-07-11;2014;07;11;happyzebra;719693;9838330;cd
s12992;Tigris_Den;2014-07-12;2014;07;12;happyzebra;719693;9838330;cd
s12999;Tigris_Den;2014-07-17;2014;07;17;happyzebra;719693;9838330;cd
s1300;Gila_River_Den_III;2010-12-20;2010;12;20;happyzebra;716452;9843748;cd
s13000;Tigris_Den;2014-07-19;2014;07;19;happyzebra;719693;9838330;cd
s13006;Tigris_Den;2014-07-20;2014;07;20;happyzebra;719693;9838330;cd
s13008;Tigris_Den;2014-07-22;2014;07;22;happyzebra;719693;9838330;cd
s13012;Tigris_Den;2014-07-23;2014;07;23;happyzebra;719693;9838330;cd
s13013;Tigris_Den;2014-07-25;2014;07;25;happyzebra;719693;9838330;cd
s1303;Gila_River_Den_II;2010-12-22;2010;12;22;happyzebra;716426;9843696;cd
s1304;Gila_River_Den_III;2010-12-22;2010;12;22;happyzebra;716452;9843748;cd
s13059.1;Cannibal_Cami_Den;2014-09-22;2014;09;22;happyzebra;718608;9836934;cd
s13061;Cannibal_Cami_Den;2014-09-23;2014;09;23;happyzebra;718608;9836934;cd
s13063;Cannibal_Cami_Den;2014-09-25;2014;09;25;happyzebra;718608;9836934;cd
s13066;Cannibal_Cami_Den;2014-10-03;2014;10;03;happyzebra;718608;9836934;cd
s13067;Cannibal_Cami_Den;2014-10-07;2014;10;07;happyzebra;718608;9836934;cd
s13068.1;Cannibal_Cami_Den;2014-10-08;2014;10;08;happyzebra;718608;9836934;cd
s13069;Whooping_Cami_Den;2014-10-08;2014;10;08;happyzebra;718655;9836894;cd
s13072;Cannibal_Cami_Den;2014-10-09;2014;10;09;happyzebra;718608;9836934;cd
s13073;Whooping_Cami_Den;2014-10-09;2014;10;09;happyzebra;718655;9836894;cd
s13073.1;Whooping_Cami_Den;2014-10-11;2014;10;11;happyzebra;718655;9836894;cd
s13074;Whooping_Cami_Den;2014-10-12;2014;10;12;happyzebra;718655;9836894;cd
s13076;Whooping_Cami_Den;2014-10-14;2014;10;14;happyzebra;718655;9836894;cd
s13078;Whooping_Cami_Den;2014-10-24;2014;10;24;happyzebra;718655;9836894;cd
s1308;Gila_River_Den_III;2010-12-27;2010;12;27;happyzebra;716452;9843748;cd
s13081;Whooping_Cami_Den;2014-10-27;2014;10;27;happyzebra;718655;9836894;cd
s13083;Whooping_Cami_Den;2014-10-29;2014;10;29;happyzebra;718655;9836894;cd
s13085;Whooping_Cami_Den;2014-10-30;2014;10;30;happyzebra;718655;9836894;cd
s13088;Whooping_Cami_Den;2014-10-30;2014;10;30;happyzebra;718655;9836894;cd
s13089;Whooping_Cami_Den;2014-11-01;2014;11;01;happyzebra;718655;9836894;cd
s13092;Whooping_Cami_Den;2014-11-02;2014;11;02;happyzebra;718655;9836894;cd
s13093;Whooping_Cami_Den;2014-11-05;2014;11;05;happyzebra;718655;9836894;cd
s13097;Whooping_Cami_Den;2014-11-07;2014;11;07;happyzebra;718655;9836894;cd
s1310;Gila_River_Den_II;2010-12-31;2010;12;31;happyzebra;716426;9843696;cd
s13102;Whooping_Cami_Den;2014-11-11;2014;11;11;happyzebra;718655;9836894;cd
s13106;Whooping_Cami_Den;2014-11-15;2014;11;15;happyzebra;718655;9836894;cd
s13109;Whooping_Cami_Den;2014-11-16;2014;11;16;happyzebra;718655;9836894;cd
s1311;Gila_River_Den_III;2010-12-31;2010;12;31;happyzebra;716452;9843748;cd
s13111;Whooping_Cami_Den;2014-11-18;2014;11;18;happyzebra;718655;9836894;cd
s13116;Whooping_Cami_Den;2014-11-20;2014;11;20;happyzebra;718655;9836894;cd
s13118;Whooping_Cami_Den;2014-11-23;2014;11;23;happyzebra;718655;9836894;cd
s1312;Gila_River_Den_III;2010-12-31;2010;12;31;happyzebra;716452;9843748;cd
s1313;Disappointment_Den;2008-06-29;2008;06;29;serenan;721449;9846717;cd
s13131;Whooping_Cami_Den;2014-11-24;2014;11;24;happyzebra;718655;9836894;cd
s13134;Whooping_Cami_Den;2014-11-26;2014;11;26;happyzebra;718655;9836894;cd
s13135;Whooping_Cami_Den;2014-12-01;2014;12;01;happyzebra;718655;9836894;cd
s13139;Whooping_Cami_Den;2014-12-02;2014;12;02;happyzebra;718655;9836894;cd
s13145;Whooping_Cami_Den;2014-12-05;2014;12;05;happyzebra;718655;9836894;cd
s13146;Whooping_Cami_Den;2014-12-07;2014;12;07;happyzebra;718655;9836894;cd
s13151;Whooping_Cami_Den;2014-12-09;2014;12;09;happyzebra;718655;9836894;cd
s13153;Whooping_Cami_Den;2014-12-11;2014;12;11;happyzebra;718655;9836894;cd
s13155;Whooping_Cami_Den;2014-12-14;2014;12;14;happyzebra;718655;9836894;cd
s13156;Whooping_Cami_Den;2014-12-12;2014;12;12;happyzebra;718655;9836894;cd
s13156.2;Whooping_Cami_Den;2014-12-17;2014;12;17;happyzebra;718655;9836894;cd
s13160;Whooping_Cami_Den;2014-12-18;2014;12;18;happyzebra;718655;9836894;cd
s13164;Whooping_Cami_Den;2014-12-19;2014;12;19;happyzebra;718655;9836894;cd
s1317;Disappointment_Den;2008-07-01;2008;07;01;serenan;721449;9846717;cd
s13171;Whooping_Cami_Den;2014-12-23;2014;12;23;happyzebra;718655;9836894;cd
s13173;Whooping_Cami_Den;2014-12-27;2014;12;27;happyzebra;718655;9836894;cd
s13176;Whooping_Cami_Den;2014-12-30;2014;12;30;happyzebra;718655;9836894;cd
s13177;Whooping_Cami_Den;2014-12-30;2014;12;30;happyzebra;718655;9836894;cd
s1319;Disappointment_Den;2008-07-03;2008;07;03;serenan;721449;9846717;cd
s13200;Schiphol_Den;2014-01-04;2014;01;04;serenan;723441;9844921;cd
s13202;Schiphol_Den;2014-01-06;2014;01;06;serenan;723441;9844921;cd
s13205;Schiphol_Den;2014-01-09;2014;01;09;serenan;723441;9844921;cd
s13206;Schiphol_Den;2014-01-08;2014;01;08;serenan;723441;9844921;cd
s13207;Schiphol_Den;2014-01-08;2014;01;08;serenan;723441;9844921;cd
s13209;Schiphol_Den;2014-01-08;2014;01;08;serenan;723441;9844921;cd
s13215;Schiphol_Den;2014-01-11;2014;01;11;serenan;723441;9844921;cd
s13216;Schiphol_Den;2014-01-11;2014;01;11;serenan;723441;9844921;cd
s13219;Schiphol_Den;2014-01-12;2014;01;12;serenan;723441;9844921;cd
s13220;Schiphol_Den;2014-01-12;2014;01;12;serenan;723441;9844921;cd
s13221;Schiphol_Den;2014-01-12;2014;01;12;serenan;723441;9844921;cd
s13224;Schiphol_Den;2014-01-13;2014;01;13;serenan;723441;9844921;cd
s13229;Schiphol_Den;2014-01-13;2014;01;13;serenan;723441;9844921;cd
s13231;Schiphol_Den;2014-01-14;2014;01;14;serenan;723441;9844921;cd
s13232;Schiphol_Den;2014-01-15;2014;01;15;serenan;723441;9844921;cd
s13233.1;Schiphol_Den;2014-01-15;2014;01;15;serenan;723441;9844921;cd
s13237;Schiphol_Den;2014-01-16;2014;01;16;serenan;723441;9844921;cd
s13241;Schiphol_Den;2014-01-16;2014;01;16;serenan;723441;9844921;cd
s13242;Schiphol_Den;2014-01-17;2014;01;17;serenan;723441;9844921;cd
s13243;Schiphol_Den;2014-01-17;2014;01;17;serenan;723441;9844921;cd
s13249;Schiphol_Den;2014-01-19;2014;01;19;serenan;723441;9844921;cd
s1325;Airstrip_Den;2008-07-06;2008;07;06;serenan;723463;9844931;d
s13250;Schiphol_Den;2014-01-19;2014;01;19;serenan;723441;9844921;cd
s13251;Schiphol_Den;2014-01-20;2014;01;20;serenan;723441;9844921;cd
s13253;Schiphol_Den;2014-01-20;2014;01;20;serenan;723441;9844921;cd
s13256;Schiphol_Den;2014-01-20;2014;01;20;serenan;723441;9844921;cd
s13257;Schiphol_Den;2014-01-21;2014;01;21;serenan;723441;9844921;cd
s13259;Schiphol_Den;2014-01-21;2014;01;21;serenan;723441;9844921;cd
s13267;Schiphol_Den;2014-01-24;2014;01;24;serenan;723441;9844921;cd
s13268;Schiphol_Den;2014-01-25;2014;01;25;serenan;723441;9844921;cd
s13269;Schiphol_Den;2014-01-25;2014;01;25;serenan;723441;9844921;cd
s13272;Schiphol_Den;2014-01-26;2014;01;26;serenan;723441;9844921;cd
s13273;Schiphol_Den;2014-01-26;2014;01;26;serenan;723441;9844921;cd
s13280;Schiphol_Den;2014-01-27;2014;01;27;serenan;723441;9844921;cd
s13281;Schiphol_Den;2014-01-27;2014;01;27;serenan;723441;9844921;cd
s13286;Schiphol_Den;2014-01-27;2014;01;27;serenan;723441;9844921;cd
s13291;Schiphol_Den;2014-01-29;2014;01;29;serenan;723441;9844921;cd
s13292;Schiphol_Den;2014-01-30;2014;01;30;serenan;723441;9844921;cd
s13294;Schiphol_Den;2014-01-30;2014;01;30;serenan;723441;9844921;cd
s13301;Schiphol_Den;2014-02-01;2014;02;01;serenan;723441;9844921;cd
s13302;Schiphol_Den;2014-02-01;2014;02;01;serenan;723441;9844921;cd
s13306;Schiphol_Den;2014-02-01;2014;02;01;serenan;723441;9844921;cd
s13308;Schiphol_Den;2014-02-01;2014;02;01;serenan;723441;9844921;cd
s13310;Schiphol_Den;2014-02-02;2014;02;02;serenan;723441;9844921;cd
s13311;Schiphol_Den;2014-02-02;2014;02;02;serenan;723441;9844921;cd
s13316;Schiphol_Den;2014-02-04;2014;02;04;serenan;723441;9844921;cd
s13318;Schiphol_Den;2014-02-05;2014;02;05;serenan;723441;9844921;cd
s13321;Schiphol_Den;2014-02-05;2014;02;05;serenan;723441;9844921;cd
s13322;Schiphol_Den;2014-02-06;2014;02;06;serenan;723441;9844921;cd
s13323;Schiphol_Den;2014-02-06;2014;02;06;serenan;723441;9844921;cd
s13329;Schiphol_Den;2014-02-07;2014;02;07;serenan;723441;9844921;cd
s1333;Airstrip_Den;2008-07-07;2008;07;07;serenan;723463;9844931;d
s13330;Schiphol_Den;2014-02-08;2014;02;08;serenan;723441;9844921;cd
s13340;Schiphol_Den;2014-02-09;2014;02;09;serenan;723441;9844921;cd
s13341;Schiphol_Den;2014-02-09;2014;02;09;serenan;723441;9844921;cd
s13347;Schiphol_Den;2014-02-10;2014;02;10;serenan;723441;9844921;cd
s13348;Schiphol_Den;2014-02-11;2014;02;11;serenan;723441;9844921;cd
s1335;Disappointment_Den;2008-07-08;2008;07;08;serenan;721449;9846717;cd
s13350;Schiphol_Den;2014-02-12;2014;02;12;serenan;723441;9844921;cd
s13368;Schiphol_Den;2014-02-16;2014;02;16;serenan;723441;9844921;cd
s13369;Schiphol_Den;2014-02-16;2014;02;16;serenan;723441;9844921;cd
s1337;Redemption_Den;2008-07-10;2008;07;10;serenan;722500;9844773;cd
s13386;Schiphol_Den;2014-02-16;2014;02;16;serenan;723441;9844921;cd
s13388;Schiphol_Den;2014-02-17;2014;02;17;serenan;723441;9844921;cd
s13389;Schiphol_Den;2014-02-17;2014;02;17;serenan;723441;9844921;cd
s13399;Schiphol_Den;2014-02-19;2014;02;19;serenan;723441;9844921;cd
s134;Holy_Grail_Den_II;2008-09-18;2008;09;18;happyzebra;718859;9840103;cd
s13401;Schiphol_Den;2014-02-20;2014;02;20;serenan;723441;9844921;cd
s13409;Schiphol_Den;2014-02-22;2014;02;22;serenan;723441;9844921;cd
s13412;Schiphol_Den;2014-02-23;2014;02;23;serenan;723441;9844921;cd
s13415;Schiphol_Den;2014-02-24;2014;02;24;serenan;723441;9844921;cd
s13421;Schiphol_Den;2014-02-25;2014;02;25;serenan;723441;9844921;cd
s1343;Redemption_Den;2008-07-10;2008;07;10;serenan;722500;9844773;cd
s13430;Schiphol_Den;2014-02-26;2014;02;26;serenan;723441;9844921;cd
s13431;Schiphol_Den;2014-02-26;2014;02;26;serenan;723441;9844921;cd
s13433;Schiphol_Den;2014-02-26;2014;02;26;serenan;723441;9844921;cd
s13434;Schiphol_Den;2014-02-26;2014;02;26;serenan;723441;9844921;cd
s13438;Schiphol_Den;2014-02-26;2014;02;26;serenan;723441;9844921;cd
s1344;Redemption_Den;2008-07-11;2008;07;11;serenan;722500;9844773;cd
s13455;Schiphol_Den;2014-02-27;2014;02;27;serenan;723441;9844921;cd
s13456;Schiphol_Den;2014-02-27;2014;02;27;serenan;723441;9844921;cd
s13456.1;Schiphol_Den;2014-02-27;2014;02;27;serenan;723441;9844921;cd
s13457;Schiphol_Den;2014-02-28;2014;02;28;serenan;723441;9844921;cd
s1346;Redemption_Den;2008-07-11;2008;07;11;serenan;722500;9844773;cd
s13461;Schiphol_Den;2014-02-28;2014;02;28;serenan;723441;9844921;cd
s13462;Schiphol_Den;2014-03-01;2014;03;01;serenan;723441;9844921;cd
s13468;Schiphol_Den;2014-03-01;2014;03;01;serenan;723441;9844921;cd
s1347;Redemption_Den;2008-07-12;2008;07;12;serenan;722500;9844773;cd
s13471;Schiphol_Den;2014-03-01;2014;03;01;serenan;723441;9844921;cd
s13472;Schiphol_Den;2014-03-02;2014;03;02;serenan;723441;9844921;cd
s13479;Schiphol_Den;2014-03-03;2014;03;03;serenan;723441;9844921;cd
s13480;Schiphol_Den;2014-03-04;2014;03;04;serenan;723441;9844921;cd
s13480.1;Schiphol_Den;2014-03-05;2014;03;05;serenan;723441;9844921;cd
s13484;Schiphol_Den;2014-03-06;2014;03;06;serenan;723441;9844921;cd
s13485;Schiphol_Den;2014-03-06;2014;03;06;serenan;723441;9844921;cd
s13486;Schiphol_Den;2014-03-07;2014;03;07;serenan;723441;9844921;cd
s13489;Schiphol_Den;2014-03-08;2014;03;08;serenan;723441;9844921;cd
s13503;Schiphol_Den;2014-03-10;2014;03;10;serenan;723441;9844921;cd
s13506;Schiphol_Den;2014-03-10;2014;03;10;serenan;723441;9844921;cd
s13507;Schiphol_Den;2014-03-10;2014;03;10;serenan;723441;9844921;cd
s13508;Schiphol_Den;2014-03-11;2014;03;11;serenan;723441;9844921;cd
s13509;Schiphol_Den;2014-03-11;2014;03;11;serenan;723441;9844921;cd
s1351;Redemption_Den;2008-07-12;2008;07;12;serenan;722500;9844773;cd
s13512;Schiphol_Den;2014-03-11;2014;03;11;serenan;723441;9844921;cd
s13514;Schiphol_Den;2014-03-12;2014;03;12;serenan;723441;9844921;cd
s13522;Schiphol_Den;2014-03-12;2014;03;12;serenan;723441;9844921;cd
s13531;Schiphol_Den;2014-03-16;2014;03;16;serenan;723441;9844921;cd
s13533;Schiphol_Den;2014-03-17;2014;03;17;serenan;723441;9844921;cd
s13537;Schiphol_Den;2014-03-18;2014;03;18;serenan;723441;9844921;cd
s1354;Redemption_Den;2008-07-12;2008;07;12;serenan;722500;9844773;cd
s13540;Schiphol_Den;2014-03-18;2014;03;18;serenan;723441;9844921;cd
s1355;Redemption_Den;2008-07-13;2008;07;13;serenan;722500;9844773;cd
s13550;Schiphol_Den;2014-03-19;2014;03;19;serenan;723441;9844921;cd
s13552;Schiphol_Den;2014-03-20;2014;03;20;serenan;723441;9844921;cd
s13556;Schiphol_Den;2014-03-20;2014;03;20;serenan;723441;9844921;cd
s13557;Schiphol_Den;2014-03-21;2014;03;21;serenan;723441;9844921;cd
s13557.1;DeGaulle_Den;2014-03-21;2014;03;21;serenan;723652;9844975;cd
s13562;DeGaulle_Den;2014-03-21;2014;03;21;serenan;723652;9844975;cd
s13565;DeGaulle_Den;2014-03-22;2014;03;22;serenan;723652;9844975;cd
s13567;DeGaulle_Den;2014-03-23;2014;03;23;serenan;723652;9844975;cd
s13568;Schiphol_Den;2014-03-23;2014;03;23;serenan;723441;9844921;cd
s13574;Schiphol_Den;2014-03-23;2014;03;23;serenan;723441;9844921;cd
s13575;Schiphol_Den;2014-03-23;2014;03;23;serenan;723441;9844921;cd
s13576;Schiphol_Den;2014-03-26;2014;03;26;serenan;723441;9844921;cd
s13583;Schiphol_Den;2014-03-26;2014;03;26;serenan;723441;9844921;cd
s13584;Schiphol_Den;2014-03-27;2014;03;27;serenan;723441;9844921;cd
s13595;Schiphol_Den;2014-03-27;2014;03;27;serenan;723441;9844921;cd
s13596;Schiphol_Den;2014-03-28;2014;03;28;serenan;723441;9844921;cd
s13602;Schiphol_Den;2014-03-28;2014;03;28;serenan;723441;9844921;cd
s13605;Schiphol_Den;2014-03-29;2014;03;29;serenan;723441;9844921;cd
s13613;Schiphol_Den;2014-03-29;2014;03;29;serenan;723441;9844921;cd
s13614;Schiphol_Den;2014-03-29;2014;03;29;serenan;723441;9844921;cd
s13620;Schiphol_Den;2014-03-31;2014;03;31;serenan;723441;9844921;cd
s13621;Schiphol_Den;2014-04-01;2014;04;01;serenan;723441;9844921;cd
s13622;Schiphol_Den;2014-04-01;2014;04;01;serenan;723441;9844921;cd
s13623;Schiphol_Den;2014-04-02;2014;04;02;serenan;723441;9844921;cd
s13628;Schiphol_Den;2014-04-02;2014;04;02;serenan;723441;9844921;cd
s13629;Schiphol_Den;2014-04-02;2014;04;02;serenan;723441;9844921;cd
s13637;Schiphol_Den;2014-04-05;2014;04;05;serenan;723441;9844921;cd
s1364;Redemption_Den;2008-07-13;2008;07;13;serenan;722500;9844773;cd
s13644;Schiphol_Den;2014-04-06;2014;04;06;serenan;723441;9844921;cd
s13645;Schiphol_Den;2014-04-07;2014;04;07;serenan;723441;9844921;cd
s13653;Schiphol_Den;2014-04-08;2014;04;08;serenan;723441;9844921;cd
s13657;Schiphol_Den;2014-04-08;2014;04;08;serenan;723441;9844921;cd
s1366;Redemption_Den;2008-07-13;2008;07;13;serenan;722500;9844773;cd
s13660;Schiphol_Den;2014-04-09;2014;04;09;serenan;723441;9844921;cd
s13667;Schiphol_Den;2014-04-10;2014;04;10;serenan;723441;9844921;cd
s13669;Schiphol_Den;2014-04-10;2014;04;10;serenan;723441;9844921;cd
s13670;Schiphol_Den;2014-04-11;2014;04;11;serenan;723441;9844921;cd
s1368;Redemption_Den;2008-07-13;2008;07;13;serenan;722500;9844773;cd
s13685;Schiphol_Den;2014-04-12;2014;04;12;serenan;723441;9844921;cd
s13686;Schiphol_Den;2014-04-12;2014;04;12;serenan;723441;9844921;cd
s13689;Schiphol_Den;2014-04-13;2014;04;13;serenan;723441;9844921;cd
s13699;Schiphol_Den;2014-04-14;2014;04;14;serenan;723441;9844921;cd
s13701;Schiphol_Den;2014-04-14;2014;04;14;serenan;723441;9844921;cd
s13703;Schiphol_Den;2014-04-14;2014;04;14;serenan;723441;9844921;cd
s13704;Schiphol_Den;2014-04-15;2014;04;15;serenan;723441;9844921;cd
s13705;Schiphol_Den;2014-04-15;2014;04;15;serenan;723441;9844921;cd
s13706;Schiphol_Den;2014-04-16;2014;04;16;serenan;723441;9844921;cd
s1372;Redemption_Den;2008-07-14;2008;07;14;serenan;722500;9844773;cd
s13726;Schiphol_Den;2014-04-17;2014;04;17;serenan;723441;9844921;cd
s13735;Schiphol_Den;2014-04-17;2014;04;17;serenan;723441;9844921;cd
s13737;Schiphol_Den;2014-04-18;2014;04;18;serenan;723441;9844921;cd
s13740;Schiphol_Den;2014-04-19;2014;04;19;serenan;723441;9844921;cd
s13741;Schiphol_Den;2014-04-20;2014;04;20;serenan;723441;9844921;cd
s1375;Redemption_Den;2008-07-15;2008;07;15;serenan;722500;9844773;cd
s13750;Schiphol_Den;2014-04-20;2014;04;20;serenan;723441;9844921;cd
s13751;Schiphol_Den;2014-04-21;2014;04;21;serenan;723441;9844921;cd
s13753;Schiphol_Den;2014-04-22;2014;04;22;serenan;723441;9844921;cd
s13755;Schiphol_Den;2014-04-23;2014;04;23;serenan;723441;9844921;cd
s13759;Schiphol_Den;2014-04-23;2014;04;23;serenan;723441;9844921;cd
s13760;Schiphol_Den;2014-04-24;2014;04;24;serenan;723441;9844921;cd
s13761;Schiphol_Den;2014-04-24;2014;04;24;serenan;723441;9844921;cd
s13763;Schiphol_Den;2014-04-25;2014;04;25;serenan;723441;9844921;cd
s13770;Schiphol_Den;2014-04-25;2014;04;25;serenan;723441;9844921;cd
s13771;Schiphol_Den;2014-04-26;2014;04;26;serenan;723441;9844921;cd
s13780;Schiphol_Den;2014-04-26;2014;04;26;serenan;723441;9844921;cd
s1380;Redemption_Den;2008-07-16;2008;07;16;serenan;722500;9844773;cd
s13802;Uji_Den;2014-05-03;2014;05;03;serenan;723067;9846159;cd
s1381;Redemption_Den;2008-07-17;2008;07;17;serenan;722500;9844773;cd
s13810;Uji_Den;2014-05-05;2014;05;05;serenan;723067;9846159;cd
s13816;Uji_Den;2014-05-09;2014;05;09;serenan;723067;9846159;cd
s13822;Uji_Den;2014-05-11;2014;05;11;serenan;723067;9846159;cd
s1383;Redemption_Den;2008-07-17;2008;07;17;serenan;722500;9844773;cd
s13830;Uji_Den;2014-05-14;2014;05;14;serenan;723067;9846159;cd
s13831;Uji_Den;2014-05-16;2014;05;16;serenan;723067;9846159;cd
s13837;Uji_Den;2014-05-16;2014;05;16;serenan;723067;9846159;cd
s13838;Uji_Den;2014-05-18;2014;05;18;serenan;723067;9846159;cd
s1384;Redemption_Den;2008-07-17;2008;07;17;serenan;722500;9844773;cd
s13847;Uji_Den;2014-05-19;2014;05;19;serenan;723067;9846159;cd
s13850;Uji_Den;2014-05-21;2014;05;21;serenan;723067;9846159;cd
s1386;Redemption_Den;2008-07-24;2008;07;24;serenan;722500;9844773;cd
s13865;Uji_Den;2014-05-22;2014;05;22;serenan;723067;9846159;cd
s1387;Redemption_Den;2008-07-24;2008;07;24;serenan;722500;9844773;cd
s13871;Uji_Den;2014-05-24;2014;05;24;serenan;723067;9846159;cd
s13875;Uji_Den;2014-05-25;2014;05;25;serenan;723067;9846159;cd
s13877;Uji_Den;2014-05-28;2014;05;28;serenan;723067;9846159;cd
s1388;Redemption_Den;2008-07-25;2008;07;25;serenan;722500;9844773;cd
s1389;Redemption_Den;2008-07-25;2008;07;25;serenan;722500;9844773;cd
s13897;Uji_Den;2014-05-29;2014;05;29;serenan;723067;9846159;cd
s13902;Uji_Den;2014-05-31;2014;05;31;serenan;723067;9846159;cd
s13908;Uji_Den;2014-06-02;2014;06;02;serenan;723067;9846159;cd
s1392;Redemption_Den;2008-07-25;2008;07;25;serenan;722500;9844773;cd
s13921;Uji_Den;2014-06-06;2014;06;06;serenan;723067;9846159;cd
s13925;Uji_Den;2014-06-09;2014;06;09;serenan;723067;9846159;cd
s13929;Uji_Den;2014-06-09;2014;06;09;serenan;723067;9846159;cd
s1393;Redemption_Den;2008-07-26;2008;07;26;serenan;722500;9844773;cd
s13933;Uji_Den;2014-06-10;2014;06;10;serenan;723067;9846159;cd
s1395;Redemption_Den;2008-07-26;2008;07;26;serenan;722500;9844773;cd
s1396;Redemption_Den;2008-07-26;2008;07;26;serenan;722500;9844773;cd
s1398;Redemption_Den;2008-07-26;2008;07;26;serenan;722500;9844773;cd
s1399;Redemption_Den;2008-07-27;2008;07;27;serenan;722500;9844773;cd
s1402;Redemption_Den;2008-07-27;2008;07;27;serenan;722500;9844773;cd
s1407;Runway_Den;2008-08-01;2008;08;01;serenan;723060;9844579;cd
s1408;Runway_Den_II;2008-08-01;2008;08;01;serenan;723179;9844719;cd
s1411;Runway_Den_II;2008-08-02;2008;08;02;serenan;723179;9844719;cd
s1416;Runway_Den_II;2008-08-03;2008;08;03;serenan;723179;9844719;cd
s14247;IAT_Den;2014-08-28;2014;08;28;serenan;718355;9849119;cd
s14252;IAT_Den;2014-08-28;2014;08;28;serenan;718355;9849119;cd
s14258;IAT_Den;2014-08-30;2014;08;30;serenan;718355;9849119;cd
s1426;Wanderlust_Den;2008-08-09;2008;08;09;serenan;722573;9844992;cd
s1427;Redemption_Den;2008-08-09;2008;08;09;serenan;722500;9844773;cd
s14281;Bright_Eyes_Den;2014-09-09;2014;09;09;serenan;718430;9848948;cd
s14283;Bordello_Den;2014-09-10;2014;09;10;serenan;721485;9847576;cd
s14289;Bright_Eyes_Den;2014-09-13;2014;09;13;serenan;718430;9848948;cd
s14293;Bright_Eyes_Den;2014-09-14;2014;09;14;serenan;718430;9848948;cd
s14294;Bright_Eyes_Den;2014-09-15;2014;09;15;serenan;718430;9848948;cd
s1430;Redemption_Den;2008-08-09;2008;08;09;serenan;722500;9844773;cd
s1431;Wanderlust_Den;2008-08-10;2008;08;10;serenan;722573;9844992;cd
s1432;Wanderlust_Den;2008-08-11;2008;08;11;serenan;722573;9844992;cd
s14320;Crunk_Den;2014-09-22;2014;09;22;serenan;718375;9849268;cd
s14325;IAT_Den;2014-09-23;2014;09;23;serenan;718355;9849119;cd
s14326;IAT_Den;2014-09-23;2014;09;23;serenan;718355;9849119;cd
s14331;Crunk_Den;2014-09-24;2014;09;24;serenan;718375;9849268;cd
s14335;Crunk_Den;2014-09-24;2014;09;24;serenan;718375;9849268;cd
s14361;J_Fab_Den;2014-10-13;2014;10;13;serenan;718389;9849092;cd
s14382;IAT_Den;2014-10-31;2014;10;31;serenan;718355;9849119;cd
s14387;IAT_Den;2014-11-02;2014;11;02;serenan;718355;9849119;cd
s14401;IAT_Den;2014-11-06;2014;11;06;serenan;718355;9849119;cd
s14408;IAT_Den;2014-11-09;2014;11;09;serenan;718355;9849119;cd
s14414;IAT_Den;2014-11-11;2014;11;11;serenan;718355;9849119;cd
s14420;IAT_Den;2014-11-12;2014;11;12;serenan;718355;9849119;cd
s14427;IAT_Den;2014-11-14;2014;11;14;serenan;718355;9849119;cd
s1443;Wanderlust_Den;2008-08-16;2008;08;16;serenan;722573;9844992;cd
s14434;IAT_Den;2014-11-15;2014;11;15;serenan;718355;9849119;cd
s14439;IAT_Den;2014-11-17;2014;11;17;serenan;718355;9849119;cd
s1444;Wanderlust_Den;2008-08-17;2008;08;17;serenan;722573;9844992;cd
s14443;IAT_Den;2014-11-18;2014;11;18;serenan;718355;9849119;cd
s14463;IAT_Den;2014-11-22;2014;11;22;serenan;718355;9849119;cd
s14466;IAT_Den;2014-11-24;2014;11;24;serenan;718355;9849119;cd
s14473;IAT_Den;2014-11-25;2014;11;25;serenan;718355;9849119;cd
s14485;J_Fab_Den;2014-12-06;2014;12;06;serenan;718389;9849092;cd
s14489;J_Fab_Den;2014-12-10;2014;12;10;serenan;718389;9849092;cd
s14493;J_Fab_Den;2014-12-11;2014;12;11;serenan;718389;9849092;cd
s14498;J_Fab_Den;2014-12-13;2014;12;13;serenan;718389;9849092;cd
s14502;J_Fab_Den;2014-12-16;2014;12;16;serenan;718389;9849092;cd
s14510;J_Fab_Den;2014-12-18;2014;12;18;serenan;718389;9849092;cd
s14523;J_Fab_Den;2014-12-24;2014;12;24;serenan;718389;9849092;cd
s14544;Rousseau_Den;2014-01-03;2014;01;03;serenas;725441;9840912;cd
s14547;Rousseau_Den;2014-01-05;2014;01;05;serenas;725441;9840912;cd
s1455;Bakery_Den;2008-08-24;2008;08;24;serenan;722709;9844770;cd
s14553;Rousseau_Den;2014-01-07;2014;01;07;serenas;725441;9840912;cd
s14556;Rousseau_Den;2014-01-10;2014;01;10;serenas;725441;9840912;cd
s14558;Rousseau_Den;2014-01-11;2014;01;11;serenas;725441;9840912;cd
s14560;Rousseau_Den;2014-01-13;2014;01;13;serenas;725441;9840912;cd
s14564;Rousseau_Den;2014-01-14;2014;01;14;serenas;725441;9840912;cd
s14565;Rousseau_Den;2014-01-16;2014;01;16;serenas;725441;9840912;cd
s14566;Rousseau_Den;2014-01-17;2014;01;17;serenas;725441;9840912;cd
s14569;Rousseau_Den;2014-01-19;2014;01;19;serenas;725441;9840912;cd
s14572;Rousseau_Den;2014-01-20;2014;01;20;serenas;725441;9840912;cd
s14577;Rousseau_Den;2014-01-22;2014;01;22;serenas;725441;9840912;cd
s14578;Rousseau_Den;2014-01-25;2014;01;25;serenas;725441;9840912;cd
s1458;Bakery_Den;2008-08-24;2008;08;24;serenan;722709;9844770;cd
s14586;Rousseau_Den;2014-01-26;2014;01;26;serenas;725441;9840912;cd
s14588;Rousseau_Den;2014-01-28;2014;01;28;serenas;725441;9840912;cd
s14590;Rousseau_Den;2014-01-30;2014;01;30;serenas;725441;9840912;cd
s14597;Rousseau_Den;2014-02-02;2014;02;02;serenas;725441;9840912;cd
s14603;Rousseau_Den;2014-02-04;2014;02;04;serenas;725441;9840912;cd
s14612;Rousseau_Den;2014-02-08;2014;02;08;serenas;725441;9840912;cd
s14615;Rousseau_Den;2014-02-10;2014;02;10;serenas;725441;9840912;cd
s14621;Rousseau_Den;2014-02-11;2014;02;11;serenas;725441;9840912;cd
s14622;Rousseau_Den;2014-02-14;2014;02;14;serenas;725441;9840912;cd
s14629;Rousseau_Den;2014-02-17;2014;02;17;serenas;725441;9840912;cd
s14640;Boone_Den;2014-02-18;2014;02;18;serenas;725499;9840852;cd
s14647;Boone_Den;2014-02-21;2014;02;21;serenas;725499;9840852;cd
s14648;Boone_Den;2014-02-23;2014;02;23;serenas;725499;9840852;cd
s14658;Boone_Den;2014-02-24;2014;02;24;serenas;725499;9840852;cd
s14662;Rousseau_Den;2014-02-25;2014;02;25;serenas;725441;9840912;cd
s14665;Boone_Den;2014-02-26;2014;02;26;serenas;725499;9840852;cd
s14671;Boone_Den;2014-02-27;2014;02;27;serenas;725499;9840852;cd
s14681;Boone_Den;2014-02-28;2014;02;28;serenas;725499;9840852;cd
s14690;Rousseau_Den;2014-03-01;2014;03;01;serenas;725441;9840912;cd
s14691;Boone_Den;2014-03-02;2014;03;02;serenas;725499;9840852;cd
s14696;Rousseau_Den;2014-03-04;2014;03;04;serenas;725441;9840912;cd
s147;Holy_Grail_Den_II;2008-09-24;2008;09;24;happyzebra;718859;9840103;cd
s14711;Boone_Den;2014-03-09;2014;03;09;serenas;725499;9840852;cd
s14720;Rousseau_Den;2014-03-17;2014;03;17;serenas;725441;9840912;cd
s14721;Rousseau_Den;2014-03-19;2014;03;19;serenas;725441;9840912;cd
s14726;Rousseau_Den;2014-03-21;2014;03;21;serenas;725441;9840912;cd
s14736;Rousseau_Den;2014-03-24;2014;03;24;serenas;725441;9840912;cd
s14737;Rousseau_Den;2014-03-28;2014;03;28;serenas;725441;9840912;cd
s14749;Rousseau_Den;2014-04-01;2014;04;01;serenas;725441;9840912;cd
s14751;Rousseau_Den;2014-04-03;2014;04;03;serenas;725441;9840912;cd
s14757;Rousseau_Den;2014-04-04;2014;04;04;serenas;725441;9840912;cd
s14760;Rousseau_Den;2014-04-06;2014;04;06;serenas;725441;9840912;cd
s14769;Rousseau_Den;2014-04-09;2014;04;09;serenas;725441;9840912;cd
s14771;Rousseau_Den;2014-04-11;2014;04;11;serenas;725441;9840912;cd
s14778;Rousseau_Den;2014-04-13;2014;04;13;serenas;725441;9840912;cd
s14784;Rousseau_Den;2014-04-14;2014;04;14;serenas;725441;9840912;cd
s14788;Rousseau_Den;2014-04-16;2014;04;16;serenas;725441;9840912;cd
s14794;Rousseau_Den;2014-04-16;2014;04;16;serenas;725441;9840912;cd
s14796;Rousseau_Den;2014-04-17;2014;04;17;serenas;725441;9840912;cd
s14804;Rousseau_Den;2014-04-18;2014;04;18;serenas;725441;9840912;cd
s14806;Rousseau_Den;2014-04-21;2014;04;21;serenas;725441;9840912;cd
s14818;Rousseau_Den;2014-04-22;2014;04;22;serenas;725441;9840912;cd
s14821;Claire_Den;2014-04-24;2014;04;24;serenas;725383;9840846;cd
s14822;Rousseau_Den;2014-04-24;2014;04;24;serenas;725441;9840912;cd
s14828;Mr._Eko_Den;2014-04-25;2014;04;25;serenas;725291;9840944;cd
s14828.1;Mr._Eko_Den;2014-04-27;2014;04;27;serenas;725291;9840944;cd
s14830;Mr._Eko_Den;2014-04-29;2014;04;29;serenas;725291;9840944;cd
s14831;Mr._Eko_Den;2014-05-01;2014;05;01;serenas;725291;9840944;cd
s14837;Mr._Eko_Den;2014-05-01;2014;05;01;serenas;725291;9840944;cd
s14844;FML_Den;2014-05-03;2014;05;03;serenas;725171;9841252;cd
s14846;FML_Den;2014-05-05;2014;05;05;serenas;725171;9841252;cd
s14855;FML_Den;2014-05-07;2014;05;07;serenas;725171;9841252;cd
s14860;FML_Den;2014-05-10;2014;05;10;serenas;725171;9841252;cd
s14866;FML_Den;2014-05-12;2014;05;12;serenas;725171;9841252;cd
s14868;FML_Den;2014-05-14;2014;05;14;serenas;725171;9841252;cd
s14872;FML_Den;2014-05-15;2014;05;15;serenas;725171;9841252;cd
s14875;FML_Den;2014-05-17;2014;05;17;serenas;725171;9841252;cd
s1488;Holy_Grail_Den_II;2008-09-23;2008;09;23;happyzebra;718859;9840103;cd
s14880;FML_Den;2014-05-19;2014;05;19;serenas;725171;9841252;cd
s14883;FML_Den;2014-05-20;2014;05;20;serenas;725171;9841252;cd
s14884;FML_Den;2014-05-22;2014;05;22;serenas;725171;9841252;cd
s14889;FML_Den;2014-05-23;2014;05;23;serenas;725171;9841252;cd
s14901;FML_Den;2014-05-29;2014;05;29;serenas;725171;9841252;cd
s14911;FML_Den;2014-06-03;2014;06;03;serenas;725171;9841252;cd
s14913;Temple_of_Artemis_Den;2014-06-09;2014;06;09;serenas;724900;9841254;cd
s14923.1;Temple_of_Artemis_Den;2014-06-10;2014;06;10;serenas;724900;9841254;cd
s14928;Zeus_Den;2014-06-17;2014;06;17;serenas;724943;9841096;cd
s14929;Zeus_Den;2014-06-21;2014;06;21;serenas;724943;9841096;cd
s14938;Zeus_Den;2014-06-21;2014;06;21;serenas;724943;9841096;cd
s14939;Temple_of_Artemis_Den;2014-06-21;2014;06;21;serenas;724900;9841254;cd
s14941;Zeus_Den;2014-06-22;2014;06;22;serenas;724943;9841096;cd
s14945;Zeus_Den;2014-06-23;2014;06;23;serenas;724943;9841096;cd
s14952;Zeus_Den;2014-06-23;2014;06;23;serenas;724943;9841096;cd
s14953;Zeus_Den;2014-06-25;2014;06;25;serenas;724943;9841096;cd
s14954;Zeus_Den;2014-06-26;2014;06;26;serenas;724943;9841096;cd
s14960;Zeus_Den;2014-06-28;2014;06;28;serenas;724943;9841096;cd
s14966;Zeus_Den;2014-06-28;2014;06;28;serenas;724943;9841096;cd
s14967;Zeus_Den;2014-06-30;2014;06;30;serenas;724943;9841096;cd
s14972;Zeus_Den;2014-06-30;2014;06;30;serenas;724943;9841096;cd
s14979;Zeus_Den;2014-07-02;2014;07;02;serenas;724943;9841096;cd
s14982;Zeus_Den;2014-07-02;2014;07;02;serenas;724943;9841096;cd
s14983;Zeus_Den;2014-07-06;2014;07;06;serenas;724943;9841096;cd
s14984;Zeus_Den;2014-07-06;2014;07;06;serenas;724943;9841096;cd
s14987;Zeus_Den;2014-07-06;2014;07;06;serenas;724943;9841096;cd
s14991;Zeus_Den;2014-07-07;2014;07;07;serenas;724943;9841096;cd
s14993;Zeus_Den;2014-07-08;2014;07;08;serenas;724943;9841096;cd
s14995;Zeus_Den;2014-07-09;2014;07;09;serenas;724943;9841096;cd
s14997;Zeus_Den;2014-07-09;2014;07;09;serenas;724943;9841096;cd
s14999;Zeus_Den;2014-07-10;2014;07;10;serenas;724943;9841096;cd
s15001;Zeus_Den;2014-07-10;2014;07;10;serenas;724943;9841096;cd
s15003;Zeus_Den;2014-07-12;2014;07;12;serenas;724943;9841096;cd
s15005;Zeus_Den;2014-07-16;2014;07;16;serenas;724943;9841096;cd
s15008;Polar_Bear_Den;2014-07-18;2014;07;18;serenas;725352;9840838;cd
s15010;Polar_Bear_Den;2014-07-19;2014;07;19;serenas;725352;9840838;cd
s15012;Polar_Bear_Den;2014-07-25;2014;07;25;serenas;725352;9840838;cd
s15015;Polar_Bear_Den;2014-07-26;2014;07;26;serenas;725352;9840838;cd
s15018;Polar_Bear_Den;2014-07-28;2014;07;28;serenas;725352;9840838;cd
s15019;Temple_of_Artemis_Den;2014-07-28;2014;07;28;serenas;724900;9841254;cd
s15023;Polar_Bear_Den;2014-07-28;2014;07;28;serenas;725352;9840838;cd
s15025;Polar_Bear_Den;2014-07-30;2014;07;30;serenas;725352;9840838;cd
s15031;Temple_of_Artemis_Den;2014-08-01;2014;08;01;serenas;724900;9841254;cd
s15032;Temple_of_Artemis_Den;2014-08-15;2014;08;15;serenas;724900;9841254;cd
s15036;Temple_of_Artemis_Den;2014-08-16;2014;08;16;serenas;724900;9841254;cd
s15037;Temple_of_Artemis_Den;2014-08-18;2014;08;18;serenas;724900;9841254;cd
s15040;Temple_of_Artemis_Den;2014-08-20;2014;08;20;serenas;724900;9841254;cd
s15042;Temple_of_Artemis_Den;2014-08-21;2014;08;21;serenas;724900;9841254;cd
s15043;Temple_of_Artemis_Den;2014-08-22;2014;08;22;serenas;724900;9841254;cd
s15049;Temple_of_Artemis_Den;2014-08-24;2014;08;24;serenas;724900;9841254;cd
s15050;Temple_of_Artemis_Den;2014-08-25;2014;08;25;serenas;724900;9841254;cd
s15053;Temple_of_Artemis_Den;2014-08-25;2014;08;25;serenas;724900;9841254;cd
s15054;Oceanic_Den;2014-08-26;2014;08;26;serenas;725466;9841032;cd
s15055;Oceanic_Den;2014-08-26;2014;08;26;serenas;725466;9841032;cd
s15056;Oceanic_Den;2014-08-27;2014;08;27;serenas;725466;9841032;cd
s15056.1;Oceanic_Den;2014-08-30;2014;08;30;serenas;725466;9841032;cd
s15058;Oceanic_Den;2014-08-27;2014;08;27;serenas;725466;9841032;cd
s15059;Oceanic_Den;2014-08-30;2014;08;30;serenas;725466;9841032;cd
s15061;Oceanic_Den;2014-09-01;2014;09;01;serenas;725466;9841032;cd
s15062;Oceanic_Den;2014-09-02;2014;09;02;serenas;725466;9841032;cd
s15065;Oceanic_Den;2014-09-05;2014;09;05;serenas;725466;9841032;cd
s15077;Temple_of_Artemis_Den;2014-08-04;2014;08;04;serenas;724900;9841254;cd
s15078;Temple_of_Artemis_Den;2014-08-06;2014;08;06;serenas;724900;9841254;cd
s15083;Oceanic_Den;2014-09-07;2014;09;07;serenas;725466;9841032;cd
s15084;Oceanic_Den;2014-09-11;2014;09;11;serenas;725466;9841032;cd
s15085;Oceanic_Den;2014-09-13;2014;09;13;serenas;725466;9841032;cd
s15088;Oceanic_Den;2014-09-14;2014;09;14;serenas;725466;9841032;cd
s15096;Oceanic_Den;2014-09-14;2014;09;14;serenas;725466;9841032;cd
s15097;Oceanic_Den;2014-09-15;2014;09;15;serenas;725466;9841032;cd
s15101;Oceanic_Den;2014-09-15;2014;09;15;serenas;725466;9841032;cd
s15101.1;Oceanic_Den;2014-09-15;2014;09;15;serenas;725466;9841032;cd
s15101.2;Oceanic_Den;2014-09-15;2014;09;15;serenas;725466;9841032;cd
s15101.3;Oceanic_Den;2014-09-15;2014;09;15;serenas;725466;9841032;cd
s15101.4;Jackson's_Hole_Den;2014-09-15;2014;09;15;serenas;725657;9841081;cd
s15102.1;Jackson's_Hole_Den;2014-09-17;2014;09;17;serenas;725657;9841081;cd
s15103;Dudu_Den;2014-09-20;2014;09;20;serenas;725634;9840969;cd
s15104;Big_Sky_Den;2014-09-20;2014;09;20;serenas;725670;9841131;cd
s15105;Big_Sky_Den;2014-09-20;2014;09;20;serenas;725670;9841131;cd
s15106;Oceanic_Den;2014-09-21;2014;09;21;serenas;725466;9841032;cd
s15115;Oceanic_Den;2014-10-06;2014;10;06;serenas;725466;9841032;cd
s15117;Summit_Den;2014-10-06;2014;10;06;serenas;726881;9841004;cd
s15121;Oceanic_Den;2014-10-07;2014;10;07;serenas;725466;9841032;cd
s15124.1;Summit_Den;2014-10-07;2014;10;07;serenas;726881;9841004;cd
s15127;Summit_Den;2014-10-08;2014;10;08;serenas;726881;9841004;cd
s15134;Summit_Den;2014-10-08;2014;10;08;serenas;726881;9841004;cd
s15136;Summit_Den;2014-10-09;2014;10;09;serenas;726881;9841004;cd
s15138;Oceanic_Den;2014-10-09;2014;10;09;serenas;725466;9841032;cd
s15142;Summit_Den;2014-10-10;2014;10;10;serenas;726881;9841004;cd
s15144;Summit_Den;2014-10-10;2014;10;10;serenas;726881;9841004;cd
s15146;Summit_Den;2014-10-13;2014;10;13;serenas;726881;9841004;cd
s15150;Summit_Den;2014-10-14;2014;10;14;serenas;726881;9841004;cd
s15152;Summit_Den;2014-10-23;2014;10;23;serenas;726881;9841004;cd
s15156;Summit_Den;2014-10-26;2014;10;26;serenas;726881;9841004;cd
s15158;Summit_Den;2014-10-28;2014;10;28;serenas;726881;9841004;cd
s15161;Summit_Den;2014-10-31;2014;10;31;serenas;726881;9841004;cd
s15171;Summit_Den;2014-11-01;2014;11;01;serenas;726881;9841004;cd
s15172;Summit_Den;2014-11-04;2014;11;04;serenas;726881;9841004;cd
s15177;Oceanic_Den;2014-11-05;2014;11;05;serenas;725466;9841032;cd
s15179;Summit_Den;2014-11-05;2014;11;05;serenas;726881;9841004;cd
s15180;Summit_Den;2014-11-08;2014;11;08;serenas;726881;9841004;cd
s15182;Oceanic_Den;2014-11-10;2014;11;10;serenas;725466;9841032;cd
s15183;Summit_Den;2014-11-10;2014;11;10;serenas;726881;9841004;cd
s15185;Summit_Den;2014-11-13;2014;11;13;serenas;726881;9841004;cd
s15197;Summit_Den;2014-11-16;2014;11;16;serenas;726881;9841004;cd
s15198;Oceanic_Den;2014-11-16;2014;11;16;serenas;725466;9841032;cd
s15206;Summit_Den;2014-11-17;2014;11;17;serenas;726881;9841004;cd
s15212;Summit_Den;2014-11-21;2014;11;21;serenas;726881;9841004;cd
s15214;Oceanic_Den;2014-11-21;2014;11;21;serenas;725466;9841032;cd
s15220;Summit_Den;2014-11-23;2014;11;23;serenas;726881;9841004;cd
s15225;Summit_Den;2014-11-25;2014;11;25;serenas;726881;9841004;cd
s15226;Oceanic_Den;2014-11-25;2014;11;25;serenas;725466;9841032;cd
s15228;Summit_Den;2014-11-26;2014;11;26;serenas;726881;9841004;cd
s15229;Oceanic_Den;2014-11-26;2014;11;26;serenas;725466;9841032;cd
s15232;Oceanic_Den;2014-11-30;2014;11;30;serenas;725466;9841032;cd
s15236;Summit_Den;2014-12-03;2014;12;03;serenas;726881;9841004;cd
s15241;Oceanic_Den;2014-12-04;2014;12;04;serenas;725466;9841032;cd
s15243;Oceanic_Den;2014-12-04;2014;12;04;serenas;725466;9841032;cd
s15251;Oceanic_Den;2014-12-09;2014;12;09;serenas;725466;9841032;cd
s15260;Summit_Den;2014-12-10;2014;12;10;serenas;726881;9841004;cd
s15262;Oceanic_Den;2014-12-12;2014;12;12;serenas;725466;9841032;cd
s15269;Oceanic_Den;2014-12-14;2014;12;14;serenas;725466;9841032;cd
s15274;Oceanic_Den;2014-12-16;2014;12;16;serenas;725466;9841032;cd
s15278;Oceanic_Den;2014-12-19;2014;12;19;serenas;725466;9841032;cd
s15288;Oceanic_Den;2014-12-23;2014;12;23;serenas;725466;9841032;cd
s15290;Oceanic_Den;2014-12-26;2014;12;26;serenas;725466;9841032;cd
s15291;Dudu_Den;2014-12-26;2014;12;26;serenas;725634;9840969;cd
s15294;Oceanic_Den;2014-12-30;2014;12;30;serenas;725466;9841032;cd
s15295;Dudu_Den;2014-12-30;2014;12;30;serenas;725634;9840969;cd
s15300;Oceanic_Den;2015-01-01;2015;01;01;serenas;725466;9841032;cd
s15302;Oceanic_Den;2015-01-01;2015;01;01;serenas;725466;9841032;cd
s15304;Oceanic_Den;2015-01-02;2015;01;02;serenas;725466;9841032;cd
s15305;Dudu_Den;2015-01-02;2015;01;02;serenas;725634;9840969;cd
s15307;Oceanic_Den;2015-01-02;2015;01;02;serenas;725466;9841032;cd
s15309;Oceanic_Den;2015-01-04;2015;01;04;serenas;725466;9841032;cd
s15316;Oceanic_Den;2015-01-05;2015;01;05;serenas;725466;9841032;cd
s15325;Oceanic_Den;2015-01-06;2015;01;06;serenas;725466;9841032;cd
s15327;Dudu_Den;2015-01-09;2015;01;09;serenas;725634;9840969;cd
s15329;Oceanic_Den;2015-01-12;2015;01;12;serenas;725466;9841032;cd
s15330;Dudu_Den;2015-01-12;2015;01;12;serenas;725634;9840969;cd
s15331;Oceanic_Den;2015-01-12;2015;01;12;serenas;725466;9841032;cd
s15337;Oceanic_Den;2015-01-15;2015;01;15;serenas;725466;9841032;cd
s15338;Dudu_Den;2015-01-15;2015;01;15;serenas;725634;9840969;cd
s15343;Dudu_Den;2015-01-15;2015;01;15;serenas;725634;9840969;cd
s15345;Dudu_Den;2015-01-16;2015;01;16;serenas;725634;9840969;cd
s15346;Oceanic_Den;2015-01-16;2015;01;16;serenas;725466;9841032;cd
s15350;Oceanic_Den;2015-01-17;2015;01;17;serenas;725466;9841032;cd
s15351;Dudu_Den;2015-01-17;2015;01;17;serenas;725634;9840969;cd
s15353;Oceanic_Den;2015-01-18;2015;01;18;serenas;725466;9841032;cd
s15354;Dudu_Den;2015-01-18;2015;01;18;serenas;725634;9840969;cd
s15361;Oceanic_Den;2015-01-21;2015;01;21;serenas;725466;9841032;cd
s15364;Oceanic_Den;2015-01-23;2015;01;23;serenas;725466;9841032;cd
s15368;Oceanic_Den;2015-01-24;2015;01;24;serenas;725466;9841032;cd
s15374;Oceanic_Den;2015-01-26;2015;01;26;serenas;725466;9841032;cd
s15377;Sawyer_Den;2015-01-28;2015;01;28;serenas;725256;9840952;cd
s15383;Sawyer_Den;2015-01-30;2015;01;30;serenas;725256;9840952;cd
s15399;Colossus_of_Rhodes_Den;2015-02-05;2015;02;05;serenas;725114;9841436;cd
s15413;Colossus_of_Rhodes_Den;2015-02-08;2015;02;08;serenas;725114;9841436;cd
s15415;Colossus_of_Rhodes_Den;2015-02-10;2015;02;10;serenas;725114;9841436;cd
s15422;Colossus_of_Rhodes_Den;2015-02-11;2015;02;11;serenas;725114;9841436;cd
s15431;Colossus_of_Rhodes_Den;2015-02-14;2015;02;14;serenas;725114;9841436;cd
s15432;Colossus_of_Rhodes_Den;2015-02-15;2015;02;15;serenas;725114;9841436;cd
s15438;Colossus_of_Rhodes_Den;2015-02-17;2015;02;17;serenas;725114;9841436;cd
s15441;Colossus_of_Rhodes_Den;2015-02-19;2015;02;19;serenas;725114;9841436;cd
s15443;Colossus_of_Rhodes_Den;2015-02-20;2015;02;20;serenas;725114;9841436;cd
s15444;Colossus_of_Rhodes_Den;2015-02-21;2015;02;21;serenas;725114;9841436;cd
s15461;Colossus_of_Rhodes_Den;2015-02-24;2015;02;24;serenas;725114;9841436;cd
s15467.1;Colossus_of_Rhodes_Den;2015-02-27;2015;02;27;serenas;725114;9841436;cd
s15471;Colossus_of_Rhodes_Den;2015-02-28;2015;02;28;serenas;725114;9841436;cd
s15496;Colossus_of_Rhodes_Den;2015-03-05;2015;03;05;serenas;725114;9841436;cd
s1550;Heathrow_Den;2008-10-11;2008;10;11;serenan;719087;9840152;cd
s15506;Hanging_Gardens_Den;2015-03-05;2015;03;05;serenas;724783;9841530;cd
s15509;Hanging_Gardens_Den;2015-03-06;2015;03;06;serenas;724783;9841530;cd
s1551;Heathrow_Den;2008-10-12;2008;10;12;serenan;719087;9840152;cd
s15511;Colossus_of_Rhodes_Den;2015-03-06;2015;03;06;serenas;725114;9841436;cd
s15516;Hanging_Gardens_Den;2015-03-06;2015;03;06;serenas;724783;9841530;cd
s15517;Hanging_Gardens_Den;2015-03-06;2015;03;06;serenas;724783;9841530;cd
s15522;Hanging_Gardens_Den;2015-03-07;2015;03;07;serenas;724783;9841530;cd
s15524;Hanging_Gardens_Den;2015-03-09;2015;03;09;serenas;724783;9841530;cd
s15532;Colossus_of_Rhodes_Den;2015-03-10;2015;03;10;serenas;725114;9841436;cd
s15534;Hanging_Gardens_Den;2015-03-10;2015;03;10;serenas;724783;9841530;cd
s15535;Colossus_of_Rhodes_Den;2015-03-10;2015;03;10;serenas;725114;9841436;cd
s15537;Defenestrate_Den;2015-03-13;2015;03;13;serenas;725405;9841812;cd
s15539;Defenestrate_Den;2015-03-14;2015;03;14;serenas;725405;9841812;cd
s15542;Defenestrate_Den;2015-03-15;2015;03;15;serenas;725405;9841812;cd
s15544;Defenestrate_Den;2015-03-16;2015;03;16;serenas;725405;9841812;cd
s15546;Defenestrate_Den;2015-03-17;2015;03;17;serenas;725405;9841812;cd
s15547;Defenestrate_Den;2015-03-18;2015;03;18;serenas;725405;9841812;cd
s15552;Defenestrate_Den;2015-03-18;2015;03;18;serenas;725405;9841812;cd
s15555;Defenestrate_Den;2015-03-19;2015;03;19;serenas;725405;9841812;cd
s15559;Defenestrate_Den;2015-03-20;2015;03;20;serenas;725405;9841812;cd
s15561;Defenestrate_Den;2015-03-22;2015;03;22;serenas;725405;9841812;cd
s15566;Defenestrate_Den;2015-03-23;2015;03;23;serenas;725405;9841812;cd
s15572;Defenestrate_Den;2015-03-24;2015;03;24;serenas;725405;9841812;cd
s15573;Defenestrate_Den;2015-03-25;2015;03;25;serenas;725405;9841812;cd
s15577;Defenestrate_Den;2015-03-27;2015;03;27;serenas;725405;9841812;cd
s15579;Defenestrate_Den;2015-03-28;2015;03;28;serenas;725405;9841812;cd
s15584;Defenestrate_Den;2015-03-31;2015;03;31;serenas;725405;9841812;cd
s15588;Defenestrate_Den;2015-03-31;2015;03;31;serenas;725405;9841812;cd
s15596;IAT_Den;2015-01-03;2015;01;03;serenan;718355;9849119;cd
s15603;IAT_Den;2015-01-04;2015;01;04;serenan;718355;9849119;cd
s15606;IAT_Den;2015-01-06;2015;01;06;serenan;718355;9849119;cd
s1562;Airstrip_Den;2008-10-31;2008;10;31;serenan;723463;9844931;d
s15624;IAT_Den;2015-01-12;2015;01;12;serenan;718355;9849119;cd
s15630;IAT_Den;2015-01-13;2015;01;13;serenan;718355;9849119;cd
s15644;IAT_Den;2015-01-14;2015;01;14;serenan;718355;9849119;cd
s15657;J_Fab_Den;2015-01-16;2015;01;16;serenan;718389;9849092;cd
s15669;IAT_Den;2015-01-16;2015;01;16;serenan;718355;9849119;cd
s15676;IAT_Den;2015-01-17;2015;01;17;serenan;718355;9849119;cd
s15679;IAT_Den;2015-01-20;2015;01;20;serenan;718355;9849119;cd
s15685;IAT_Den;2015-01-22;2015;01;22;serenan;718355;9849119;cd
s15688;IAT_Den;2015-01-24;2015;01;24;serenan;718355;9849119;cd
s15697;IAT_Den;2015-01-26;2015;01;26;serenan;718355;9849119;cd
s15703;IAT_Den;2015-01-28;2015;01;28;serenan;718355;9849119;cd
s15707;IAT_Den;2015-01-29;2015;01;29;serenan;718355;9849119;cd
s15712;IAT_Den;2015-01-31;2015;01;31;serenan;718355;9849119;cd
s15718;IAT_Den;2015-02-01;2015;02;01;serenan;718355;9849119;cd
s15723;J_Fab_Den;2015-02-04;2015;02;04;serenan;718389;9849092;cd
s15728;J_Fab_Den;2015-02-06;2015;02;06;serenan;718389;9849092;cd
s15740;J_Fab_Den;2015-02-07;2015;02;07;serenan;718389;9849092;cd
s15744;J_Fab_Den;2015-02-09;2015;02;09;serenan;718389;9849092;cd
s15749.1;J_Fab_Den;2015-02-11;2015;02;11;serenan;718389;9849092;cd
s15754;J_Fab_Den;2015-02-12;2015;02;12;serenan;718389;9849092;cd
s15759;J_Fab_Den;2015-02-15;2015;02;15;serenan;718389;9849092;cd
s15768;J_Fab_Den;2015-02-16;2015;02;16;serenan;718389;9849092;cd
s15773;J_Fab_Den;2015-02-19;2015;02;19;serenan;718389;9849092;cd
s15780;J_Fab_Den;2015-02-20;2015;02;20;serenan;718389;9849092;cd
s15783;J_Fab_Den;2015-02-20;2015;02;20;serenan;718389;9849092;cd
s15791;J_Fab_Den;2015-02-21;2015;02;21;serenan;718389;9849092;cd
s15796;J_Fab_Den;2015-02-22;2015;02;22;serenan;718389;9849092;cd
s15800;J_Fab_Den;2015-02-22;2015;02;22;serenan;718389;9849092;cd
s15810;J_Fab_Den;2015-02-23;2015;02;23;serenan;718389;9849092;cd
s15812;J_Fab_Den;2015-02-24;2015;02;24;serenan;718389;9849092;cd
s15818;J_Fab_Den;2015-02-24;2015;02;24;serenan;718389;9849092;cd
s15825;J_Fab_Den;2015-02-26;2015;02;26;serenan;718389;9849092;cd
s15835;J_Fab_Den;2015-02-26;2015;02;26;serenan;718389;9849092;cd
s15838;J_Fab_Den;2015-02-28;2015;02;28;serenan;718389;9849092;cd
s15843;J_Fab_Den;2015-02-28;2015;02;28;serenan;718389;9849092;cd
s15846;J_Fab_Den;2015-03-01;2015;03;01;serenan;718389;9849092;cd
s15862;J_Fab_Den;2015-03-03;2015;03;03;serenan;718389;9849092;cd
s15867;J_Fab_Den;2015-03-04;2015;03;04;serenan;718389;9849092;cd
s15876;J_Fab_Den;2015-03-04;2015;03;04;serenan;718389;9849092;cd
s15880;J_Fab_Den;2015-03-05;2015;03;05;serenan;718389;9849092;cd
s15889;J_Fab_Den;2015-03-05;2015;03;05;serenan;718389;9849092;cd
s15892;J_Fab_Den;2015-03-06;2015;03;06;serenan;718389;9849092;cd
s15893;J_Fab_Den;2015-03-07;2015;03;07;serenan;718389;9849092;cd
s15900;J_Fab_Den;2015-03-09;2015;03;09;serenan;718389;9849092;cd
s15911;J_Fab_Den;2015-03-10;2015;03;10;serenan;718389;9849092;cd
s15925;J_Fab_Den;2015-03-13;2015;03;13;serenan;718389;9849092;cd
s15931;J_Fab_Den;2015-03-14;2015;03;14;serenan;718389;9849092;cd
s15938;J_Fab_Den;2015-03-15;2015;03;15;serenan;718389;9849092;cd
s15944;J_Fab_Den;2015-03-17;2015;03;17;serenan;718389;9849092;cd
s15946;IAT_Den;2015-03-17;2015;03;17;serenan;718355;9849119;cd
s15960;IAT_Den;2015-03-19;2015;03;19;serenan;718355;9849119;cd
s15973;IAT_Den;2015-03-21;2015;03;21;serenan;718355;9849119;cd
s15976;IAT_Den;2015-03-22;2015;03;22;serenan;718355;9849119;cd
s15982;IAT_Den;2015-03-22;2015;03;22;serenan;718355;9849119;cd
s15989;IAT_Den;2015-03-23;2015;03;23;serenan;718355;9849119;cd
s15991;IAT_Den;2015-03-26;2015;03;26;serenan;718355;9849119;cd
s16001;IAT_Den;2015-03-27;2015;03;27;serenan;718355;9849119;cd
s16006;IAT_Den;2015-03-28;2015;03;28;serenan;718355;9849119;cd
s16010;IAT_Den;2015-03-31;2015;03;31;serenan;718355;9849119;cd
s16011;Whooping_Cami_Den;2015-01-02;2015;01;02;happyzebra;718655;9836894;cd
s16014;Whooping_Cami_Den;2015-01-03;2015;01;03;happyzebra;718655;9836894;cd
s16015;Whooping_Cami_Den;2015-01-04;2015;01;04;happyzebra;718655;9836894;cd
s16018;Whooping_Cami_Den;2015-01-05;2015;01;05;happyzebra;718655;9836894;cd
s16021;Whooping_Cami_Den;2015-01-07;2015;01;07;happyzebra;718655;9836894;cd
s16025;Whooping_Cami_Den;2015-01-09;2015;01;09;happyzebra;718655;9836894;cd
s16031;Summit_Den;2015-01-10;2015;01;10;happyzebra;726881;9841004;cd
s16034;Whooping_Cami_Den;2015-01-11;2015;01;11;happyzebra;718655;9836894;cd
s16040;Whooping_Cami_Den;2015-01-11;2015;01;11;happyzebra;718655;9836894;cd
s16044;Whooping_Cami_Den;2015-01-12;2015;01;12;happyzebra;718655;9836894;cd
s16046;Whooping_Cami_Den;2015-01-14;2015;01;14;happyzebra;718655;9836894;cd
s16048;Whooping_Cami_Den;2015-01-15;2015;01;15;happyzebra;718655;9836894;cd
s1605;Airstrip_Den;2008-11-08;2008;11;08;serenan;723463;9844931;d
s16050;Whooping_Cami_Den;2015-01-16;2015;01;16;happyzebra;718655;9836894;cd
s16056;Whooping_Cami_Den;2015-01-18;2015;01;18;happyzebra;718655;9836894;cd
s16059;Whooping_Cami_Den;2015-01-18;2015;01;18;happyzebra;718655;9836894;cd
s16061;Whooping_Cami_Den;2015-01-18;2015;01;18;happyzebra;718655;9836894;cd
s16062;Whooping_Cami_Den;2015-01-19;2015;01;19;happyzebra;718655;9836894;cd
s16069;Whooping_Cami_Den;2015-01-22;2015;01;22;happyzebra;718655;9836894;cd
s16072;Whooping_Cami_Den;2015-01-23;2015;01;23;happyzebra;718655;9836894;cd
s16074;Whooping_Cami_Den;2015-01-25;2015;01;25;happyzebra;718655;9836894;cd
s16078;Whooping_Cami_Den;2015-01-27;2015;01;27;happyzebra;718655;9836894;cd
s16081;Whooping_Cami_Den;2015-01-28;2015;01;28;happyzebra;718655;9836894;cd
s16082;Whooping_Cami_Den;2015-01-28;2015;01;28;happyzebra;718655;9836894;cd
s16083;Whooping_Cami_Den;2015-01-29;2015;01;29;happyzebra;718655;9836894;cd
s16087.10;Whooping_Cami_Den;2015-01-31;2015;01;31;happyzebra;718655;9836894;cd
s16087.3;Whooping_Cami_Den;2015-01-31;2015;01;31;happyzebra;718655;9836894;cd
s16096;Whooping_Cami_Den;2015-02-01;2015;02;01;happyzebra;718655;9836894;cd
s161;Holy_Grail_Den_II;2008-09-29;2008;09;29;happyzebra;718859;9840103;cd
s16100;Whooping_Cami_Den;2015-02-03;2015;02;03;happyzebra;718655;9836894;cd
s16102;Whooping_Cami_Den;2015-02-05;2015;02;05;happyzebra;718655;9836894;cd
s16104;Whooping_Cami_Den;2015-02-06;2015;02;06;happyzebra;718655;9836894;cd
s16107;Whooping_Cami_Den;2015-02-08;2015;02;08;happyzebra;718655;9836894;cd
s16112;Whooping_Cami_Den;2015-02-10;2015;02;10;happyzebra;718655;9836894;cd
s16121;Whooping_Cami_Den;2015-02-13;2015;02;13;happyzebra;718655;9836894;cd
s16124;Whooping_Cami_Den;2015-02-14;2015;02;14;happyzebra;718655;9836894;cd
s16130;Whooping_Cami_Den;2015-02-16;2015;02;16;happyzebra;718655;9836894;cd
s16135;Whooping_Cami_Den;2015-02-17;2015;02;17;happyzebra;718655;9836894;cd
s16137;Whooping_Cami_Den;2015-02-18;2015;02;18;happyzebra;718655;9836894;cd
s16139;Whooping_Cami_Den;2015-02-19;2015;02;19;happyzebra;718655;9836894;cd
s16144;Whooping_Cami_Den;2015-02-21;2015;02;21;happyzebra;718655;9836894;cd
s16145;Whooping_Cami_Den;2015-02-21;2015;02;21;happyzebra;718655;9836894;cd
s16147;Whooping_Cami_Den;2015-02-22;2015;02;22;happyzebra;718655;9836894;cd
s1615;Airstrip_Den;2008-11-09;2008;11;09;serenan;723463;9844931;d
s16150;Whooping_Cami_Den;2015-02-22;2015;02;22;happyzebra;718655;9836894;cd
s16152;Whooping_Cami_Den;2015-02-23;2015;02;23;happyzebra;718655;9836894;cd
s16154;Whooping_Cami_Den;2015-02-23;2015;02;23;happyzebra;718655;9836894;cd
s16155;Whooping_Cami_Den;2015-02-24;2015;02;24;happyzebra;718655;9836894;cd
s16158;Whooping_Cami_Den;2015-02-26;2015;02;26;happyzebra;718655;9836894;cd
s16161;Whooping_Cami_Den;2015-02-27;2015;02;27;happyzebra;718655;9836894;cd
s16166;Whooping_Cami_Den;2015-02-28;2015;02;28;happyzebra;718655;9836894;cd
s16170;Whooping_Cami_Den;2015-03-02;2015;03;02;happyzebra;718655;9836894;cd
s16176;Whooping_Cami_Den;2015-03-02;2015;03;02;happyzebra;718655;9836894;cd
s16187;Whooping_Cami_Den;2015-03-05;2015;03;05;happyzebra;718655;9836894;cd
s16192;Whooping_Cami_Den;2015-03-05;2015;03;05;happyzebra;718655;9836894;cd
s16206;Whooping_Cami_Den;2015-03-06;2015;03;06;happyzebra;718655;9836894;cd
s16208;Whooping_Cami_Den;2015-03-07;2015;03;07;happyzebra;718655;9836894;cd
s16212;Whooping_Cami_Den;2015-03-08;2015;03;08;happyzebra;718655;9836894;cd
s16213;Whooping_Cami_Den;2015-03-09;2015;03;09;happyzebra;718655;9836894;cd
s16221;Whooping_Cami_Den;2015-03-10;2015;03;10;happyzebra;718655;9836894;cd
s16238;Whooping_Cami_Den;2015-03-12;2015;03;12;happyzebra;718655;9836894;cd
s16240;Whooping_Cami_Den;2015-03-12;2015;03;12;happyzebra;718655;9836894;cd
s16248;Whooping_Cami_Den;2015-03-13;2015;03;13;happyzebra;718655;9836894;cd
s16256;Euphrates_Den;2015-03-14;2015;03;14;happyzebra;719599;9838284;cd
s16259;Euphrates_Den;2015-03-15;2015;03;15;happyzebra;719599;9838284;cd
s16262;Euphrates_Den;2015-03-15;2015;03;15;happyzebra;719599;9838284;cd
s16264;Euphrates_Den;2015-03-16;2015;03;16;happyzebra;719599;9838284;cd
s16265.1;Euphrates_Den;2015-03-16;2015;03;16;happyzebra;719599;9838284;cd
s16276;Euphrates_Den;2015-03-16;2015;03;16;happyzebra;719599;9838284;cd
s16280;Euphrates_Den;2015-03-17;2015;03;17;happyzebra;719599;9838284;cd
s16285;Euphrates_Den;2015-03-17;2015;03;17;happyzebra;719599;9838284;cd
s16290;Euphrates_Den;2015-03-18;2015;03;18;happyzebra;719599;9838284;cd
s16291;Whooping_Cami_Den;2015-03-18;2015;03;18;happyzebra;718655;9836894;cd
s16294;Euphrates_Den;2015-03-20;2015;03;20;happyzebra;719599;9838284;cd
s16295;Whooping_Cami_Den;2015-03-21;2015;03;21;happyzebra;718655;9836894;cd
s16297;Euphrates_Den;2015-03-21;2015;03;21;happyzebra;719599;9838284;cd
s16299;Euphrates_Den;2015-03-22;2015;03;22;happyzebra;719599;9838284;cd
s16303;Euphrates_Den;2015-03-23;2015;03;23;happyzebra;719599;9838284;cd
s16304;Whooping_Cami_Den;2015-03-23;2015;03;23;happyzebra;718655;9836894;cd
s16306;Euphrates_Den;2015-03-23;2015;03;23;happyzebra;719599;9838284;cd
s16311;Euphrates_Den;2015-03-24;2015;03;24;happyzebra;719599;9838284;cd
s16323;Whooping_Cami_Den;2015-03-26;2015;03;26;happyzebra;718655;9836894;cd
s16324;Tigris_Den;2015-03-26;2015;03;26;happyzebra;719693;9838330;cd
s16326;Tigris_Den;2015-03-28;2015;03;28;happyzebra;719693;9838330;cd
s16331;Tigris_Den;2015-04-01;2015;04;01;happyzebra;719693;9838330;cd
s16333;Tigris_Den;2015-04-02;2015;04;02;happyzebra;719693;9838330;cd
s16334;Cannibal_Cami_Den;2015-04-06;2015;04;06;happyzebra;718608;9836934;cd
s16340;Cannibal_Cami_Den;2015-04-08;2015;04;08;happyzebra;718608;9836934;cd
s16346;Cannibal_Cami_Den;2015-04-08;2015;04;08;happyzebra;718608;9836934;cd
s16346.1;Whooping_Cami_Den;2015-04-14;2015;04;14;happyzebra;718655;9836894;cd
s16347;Cannibal_Cami_Den;2015-04-16;2015;04;16;happyzebra;718608;9836934;cd
s16349;Whooping_Cami_Den;2015-04-17;2015;04;17;happyzebra;718655;9836894;cd
s16350;Cannibal_Cami_Den;2015-04-17;2015;04;17;happyzebra;718608;9836934;cd
s16354;Cannibal_Cami_Den;2015-04-17;2015;04;17;happyzebra;718608;9836934;cd
s16355;Cannibal_Cami_Den;2015-04-18;2015;04;18;happyzebra;718608;9836934;cd
s16362;Cannibal_Cami_Den;2015-04-19;2015;04;19;happyzebra;718608;9836934;cd
s16366;Cannibal_Cami_Den;2015-04-20;2015;04;20;happyzebra;718608;9836934;cd
s16370;Whooping_Cami_Den;2015-04-21;2015;04;21;happyzebra;718655;9836894;cd
s16371;Cannibal_Cami_Den;2015-04-22;2015;04;22;happyzebra;718608;9836934;cd
s16378;Cannibal_Cami_Den;2015-04-23;2015;04;23;happyzebra;718608;9836934;cd
s16380;Whooping_Cami_Den;2015-04-24;2015;04;24;happyzebra;718655;9836894;cd
s16382;Cannibal_Cami_Den;2015-04-24;2015;04;24;happyzebra;718608;9836934;cd
s16385;Cannibal_Cami_Den;2015-04-25;2015;04;25;happyzebra;718608;9836934;cd
s16387;Cannibal_Cami_Den;2015-04-26;2015;04;26;happyzebra;718608;9836934;cd
s16393;Oodelali_Den;2015-04-07;2015;04;07;serenan;718352;9849222;cd
s16399;IAT_Den;2015-04-10;2015;04;10;serenan;718355;9849119;cd
s1643;Airstrip_Den;2008-11-14;2008;11;14;serenan;723463;9844931;d
s1645;Airstrip_Den;2008-11-15;2008;11;15;serenan;723463;9844931;d
s1646;Airstrip_Den;2008-11-15;2008;11;15;serenan;723463;9844931;d
s16521.1;Cannibal_Cami_Den;2015-06-04;2015;06;04;happyzebra;718608;9836934;cd
s16522;Cannibal_Cami_Den;2015-06-04;2015;06;04;happyzebra;718608;9836934;cd
s16534;Cannibal_Cami_Den;2015-06-20;2015;06;20;happyzebra;718608;9836934;cd
s16545;Whooping_Cami_Den;2015-06-22;2015;06;22;happyzebra;718655;9836894;cd
s16551;Cannibal_Cami_Den;2015-06-23;2015;06;23;happyzebra;718608;9836934;cd
s16556;Cannibal_Cami_Den;2015-06-25;2015;06;25;happyzebra;718608;9836934;cd
s16559;Cannibal_Cami_Den;2015-06-26;2015;06;26;happyzebra;718608;9836934;cd
s16563;Cannibal_Cami_Den;2015-06-27;2015;06;27;happyzebra;718608;9836934;cd
s16575;Cannibal_Cami_Den;2015-06-28;2015;06;28;happyzebra;718608;9836934;cd
s16576;Cannibal_Cami_Den;2015-06-28;2015;06;28;happyzebra;718608;9836934;cd
s16581;Cannibal_Cami_Den;2015-06-30;2015;06;30;happyzebra;718608;9836934;cd
s16583;Cannibal_Cami_Den;2015-05-01;2015;05;01;happyzebra;718608;9836934;cd
s16586;Cannibal_Cami_Den;2015-05-02;2015;05;02;happyzebra;718608;9836934;cd
s16588;Whooping_Cami_Den;2015-05-03;2015;05;03;happyzebra;718655;9836894;cd
s16589;Cannibal_Cami_Den;2015-05-03;2015;05;03;happyzebra;718608;9836934;cd
s1659;Airstrip_Den;2008-11-17;2008;11;17;serenan;723463;9844931;d
s16591;Cannibal_Cami_Den;2015-05-04;2015;05;04;happyzebra;718608;9836934;cd
s16597;Whooping_Cami_Den;2015-05-05;2015;05;05;happyzebra;718655;9836894;cd
s16600;Cannibal_Cami_Den;2015-05-06;2015;05;06;happyzebra;718608;9836934;cd
s16604;Cannibal_Cami_Den;2015-05-07;2015;05;07;happyzebra;718608;9836934;cd
s16609;Cannibal_Cami_Den;2015-05-11;2015;05;11;happyzebra;718608;9836934;cd
s16611;Whooping_Cami_Den;2015-05-11;2015;05;11;happyzebra;718655;9836894;cd
s16614;Whooping_Cami_Den;2015-05-12;2015;05;12;happyzebra;718655;9836894;cd
s16617;Cannibal_Cami_Den;2015-05-13;2015;05;13;happyzebra;718608;9836934;cd
s16622;Whooping_Cami_Den;2015-05-14;2015;05;14;happyzebra;718655;9836894;cd
s16623;Cannibal_Cami_Den;2015-05-16;2015;05;16;happyzebra;718608;9836934;cd
s16624;Cannibal_Cami_Den;2015-05-17;2015;05;17;happyzebra;718608;9836934;cd
s16626;Whooping_Cami_Den;2015-05-17;2015;05;17;happyzebra;718655;9836894;cd
s16628;Cannibal_Cami_Den;2015-05-19;2015;05;19;happyzebra;718608;9836934;cd
s16635;Cannibal_Cami_Den;2015-05-21;2015;05;21;happyzebra;718608;9836934;cd
s16639;Cannibal_Cami_Den;2015-05-21;2015;05;21;happyzebra;718608;9836934;cd
s16641;Cannibal_Cami_Den;2015-05-22;2015;05;22;happyzebra;718608;9836934;cd
s16642;Cannibal_Cami_Den;2015-05-23;2015;05;23;happyzebra;718608;9836934;cd
s16644;Cannibal_Cami_Den;2015-05-24;2015;05;24;happyzebra;718608;9836934;cd
s16647;Cannibal_Cami_Den;2015-05-24;2015;05;24;happyzebra;718608;9836934;cd
s16653;Cannibal_Cami_Den;2015-05-25;2015;05;25;happyzebra;718608;9836934;cd
s16659;Cannibal_Cami_Den;2015-05-28;2015;05;28;happyzebra;718608;9836934;cd
s16662;Cannibal_Cami_Den;2015-05-28;2015;05;28;happyzebra;718608;9836934;cd
s16673;Cannibal_Cami_Den;2015-05-29;2015;05;29;happyzebra;718608;9836934;cd
s16680;Defenestrate_Den;2015-04-01;2015;04;01;serenas;725405;9841812;cd
s16682;Defenestrate_Den;2015-04-01;2015;04;01;serenas;725405;9841812;cd
s16688;Defenestrate_Den;2015-04-06;2015;04;06;serenas;725405;9841812;cd
s16690;Defenestrate_Den;2015-04-07;2015;04;07;serenas;725405;9841812;cd
s16698;Defenestrate_Den;2015-04-08;2015;04;08;serenas;725405;9841812;cd
s16710;Defenestrate_Den;2015-04-17;2015;04;17;serenas;725405;9841812;cd
s16711;Defenestrate_Den;2015-04-17;2015;04;17;serenas;725405;9841812;cd
s16716;Defenestrate_Den;2015-04-18;2015;04;18;serenas;725405;9841812;cd
s16720;Defenestrate_Den;2015-04-20;2015;04;20;serenas;725405;9841812;cd
s16724;Guava_Den;2015-04-25;2015;04;25;serenas;725917;9842387;cd
s16726;Moat_Den;2015-04-25;2015;04;25;serenas;724573;9842044;cd
s16732;Guava_Den;2015-04-26;2015;04;26;serenas;725917;9842387;cd
s16736;Guava_Den;2015-04-30;2015;04;30;serenas;725917;9842387;cd
s16740.1;Guava_Den;2015-05-02;2015;05;02;serenas;725917;9842387;cd
s16747;Portcullis_Den;2015-05-02;2015;05;02;serenas;724448;9842095;d
s16748;Guava_Den;2015-05-03;2015;05;03;serenas;725917;9842387;cd
s16749;Guava_Den;2015-05-03;2015;05;03;serenas;725917;9842387;cd
s16750;Portcullis_Den;2015-05-04;2015;05;04;serenas;724448;9842095;d
s16750.2;Guava_Den;2015-05-04;2015;05;04;serenas;725917;9842387;cd
s16751;Portcullis_Den;2015-05-06;2015;05;06;serenas;724448;9842095;d
s16755;Guava_Den;2015-05-07;2015;05;07;serenas;725917;9842387;cd
s16756;Portcullis_Den;2015-05-07;2015;05;07;serenas;724448;9842095;d
s16758;Guava_Den;2015-05-07;2015;05;07;serenas;725917;9842387;cd
s16760;Portcullis_Den;2015-05-12;2015;05;12;serenas;724448;9842095;d
s16762;Guava_Den;2015-05-13;2015;05;13;serenas;725917;9842387;cd
s16764;Guava_Den;2015-05-14;2015;05;14;serenas;725917;9842387;cd
s16765;Guava_Den;2015-05-18;2015;05;18;serenas;725917;9842387;cd
s16771;Guava_Den;2015-05-18;2015;05;18;serenas;725917;9842387;cd
s16774;Guava_Den;2015-05-21;2015;05;21;serenas;725917;9842387;cd
s16778;Guava_Den;2015-05-21;2015;05;21;serenas;725917;9842387;cd
s16781;Guava_Den;2015-05-26;2015;05;26;serenas;725917;9842387;cd
s16783;Guava_Den;2015-05-27;2015;05;27;serenas;725917;9842387;cd
s16787;Guava_Den;2015-05-28;2015;05;28;serenas;725917;9842387;cd
s16791;Guava_Den;2015-06-01;2015;06;01;serenas;725917;9842387;cd
s16793.1;Guava_Den;2015-06-01;2015;06;01;serenas;725917;9842387;cd
s16800;Ugli_Den;2015-06-07;2015;06;07;serenas;726305;9842484;d
s16802;Ugli_Den;2015-06-12;2015;06;12;serenas;726305;9842484;d
s16805;Ugli_Den;2015-06-21;2015;06;21;serenas;726305;9842484;d
s16808;Ugli_Den;2015-06-22;2015;06;22;serenas;726305;9842484;d
s16811;Ugli_Den;2015-06-27;2015;06;27;serenas;726305;9842484;d
s16812;Ugli_Den;2015-06-28;2015;06;28;serenas;726305;9842484;d
s16815;Cannibal_Cami_Den;2015-07-01;2015;07;01;happyzebra;718608;9836934;cd
s16817;Cannibal_Cami_Den;2015-07-02;2015;07;02;happyzebra;718608;9836934;cd
s16820;Cannibal_Cami_Den;2015-07-05;2015;07;05;happyzebra;718608;9836934;cd
s16822;Cannibal_Cami_Den;2015-07-05;2015;07;05;happyzebra;718608;9836934;cd
s16828;Cannibal_Cami_Den;2015-07-06;2015;07;06;happyzebra;718608;9836934;cd
s16832;Cannibal_Cami_Den;2015-07-07;2015;07;07;happyzebra;718608;9836934;cd
s16834;Cannibal_Cami_Den;2015-07-08;2015;07;08;happyzebra;718608;9836934;cd
s16835;Cannibal_Cami_Den;2015-07-09;2015;07;09;happyzebra;718608;9836934;cd
s16837;Cannibal_Cami_Den;2015-07-10;2015;07;10;happyzebra;718608;9836934;cd
s16841;Cannibal_Cami_Den;2015-07-11;2015;07;11;happyzebra;718608;9836934;cd
s16844;Cannibal_Cami_Den;2015-07-13;2015;07;13;happyzebra;718608;9836934;cd
s16846;Cannibal_Cami_Den;2015-07-14;2015;07;14;happyzebra;718608;9836934;cd
s16853;Whooping_Cami_Den;2015-07-17;2015;07;17;happyzebra;718655;9836894;cd
s16859;Whooping_Cami_Den;2015-07-18;2015;07;18;happyzebra;718655;9836894;cd
s16870;Moonset_Den;2015-07-31;2015;07;31;happyzebra;720892;9838075;d
s16872;Moonset_Den;2015-08-01;2015;08;01;happyzebra;720892;9838075;d
s16876;Moonset_Den;2015-08-01;2015;08;01;happyzebra;720892;9838075;d
s16881;Moonset_Den;2015-08-06;2015;08;06;happyzebra;720892;9838075;d
s16886;Moonset_Den;2015-08-08;2015;08;08;happyzebra;720892;9838075;d
s16887;Whooping_Cami_Den;2015-08-08;2015;08;08;happyzebra;718655;9836894;cd
s16888;Moonset_Den;2015-08-09;2015;08;09;happyzebra;720892;9838075;d
s16893;Moonset_Den;2015-08-10;2015;08;10;happyzebra;720892;9838075;d
s16898;Moonset_Den;2015-08-14;2015;08;14;happyzebra;720892;9838075;d
s16899;Moonset_Den;2015-08-16;2015;08;16;happyzebra;720892;9838075;d
s16900;Moonset_Den;2015-08-17;2015;08;17;happyzebra;720892;9838075;d
s16901;Moonset_Den;2015-08-18;2015;08;18;happyzebra;720892;9838075;d
s16902;Moonset_Den;2015-08-19;2015;08;19;happyzebra;720892;9838075;d
s16903;Whooping_Cami_Den;2015-08-21;2015;08;21;happyzebra;718655;9836894;cd
s16905;Moonset_Den;2015-08-22;2015;08;22;happyzebra;720892;9838075;d
s16906;Moonset_Den;2015-08-23;2015;08;23;happyzebra;720892;9838075;d
s16907;Moonset_Den;2015-08-23;2015;08;23;happyzebra;720892;9838075;d
s16909;Moonset_Den;2015-08-24;2015;08;24;happyzebra;720892;9838075;d
s16912;Moonset_Den;2015-08-24;2015;08;24;happyzebra;720892;9838075;d
s16913;Moonset_Den;2015-08-25;2015;08;25;happyzebra;720892;9838075;d
s16915;Moonset_Den;2015-08-26;2015;08;26;happyzebra;720892;9838075;d
s16918;Whooping_Cami_Den;2015-08-27;2015;08;27;happyzebra;718655;9836894;cd
s1692;Airstrip_Den;2008-11-23;2008;11;23;serenan;723463;9844931;d
s16923;Moonset_Den;2015-08-28;2015;08;28;happyzebra;720892;9838075;d
s16924;Moonset_Den;2015-08-29;2015;08;29;happyzebra;720892;9838075;d
s16925;Whooping_Cami_Den;2015-08-29;2015;08;29;happyzebra;718655;9836894;cd
s16926;Moonset_Den;2015-09-01;2015;09;01;happyzebra;720892;9838075;d
s16932;Moonset_Den;2015-09-02;2015;09;02;happyzebra;720892;9838075;d
s16934;Moonset_Den;2015-09-03;2015;09;03;happyzebra;720892;9838075;d
s16936;Cannibal_Cami_Den;2015-09-07;2015;09;07;happyzebra;718608;9836934;cd
s16939;Cannibal_Cami_Den;2015-09-10;2015;09;10;happyzebra;718608;9836934;cd
s16941;Cannibal_Cami_Den;2015-09-12;2015;09;12;happyzebra;718608;9836934;cd
s16943;Cannibal_Cami_Den;2015-09-12;2015;09;12;happyzebra;718608;9836934;cd
s16944;Cannibal_Cami_Den;2015-09-13;2015;09;13;happyzebra;718608;9836934;cd
s16947;Cannibal_Cami_Den;2015-09-14;2015;09;14;happyzebra;718608;9836934;cd
s16951;Cannibal_Cami_Den;2015-09-15;2015;09;15;happyzebra;718608;9836934;cd
s16954;Nogales_Den;2015-09-15;2015;09;15;happyzebra;716267;9842643;cd
s16957;Nogales_Den;2015-09-17;2015;09;17;happyzebra;716267;9842643;cd
s16958;Cannibal_Cami_Den;2015-09-17;2015;09;17;happyzebra;718608;9836934;cd
s16962;Cannibal_Cami_Den;2015-09-18;2015;09;18;happyzebra;718608;9836934;cd
s16963;Nogales_Den;2015-09-19;2015;09;19;happyzebra;716267;9842643;cd
s16964;Cannibal_Cami_Den;2015-09-19;2015;09;19;happyzebra;718608;9836934;cd
s16966;Cannibal_Cami_Den;2015-09-19;2015;09;19;happyzebra;718608;9836934;cd
s16970;Cannibal_Cami_Den;2015-09-21;2015;09;21;happyzebra;718608;9836934;cd
s16971;Nogales_Den;2015-09-21;2015;09;21;happyzebra;716267;9842643;cd
s16972;Nogales_Den;2015-09-22;2015;09;22;happyzebra;716267;9842643;cd
s16976;Cannibal_Cami_Den;2015-09-22;2015;09;22;happyzebra;718608;9836934;cd
s1698;Airstrip_Den;2008-11-24;2008;11;24;serenan;723463;9844931;d
s16980;Nogales_Den;2015-09-24;2015;09;24;happyzebra;716267;9842643;cd
s16982;Cannibal_Cami_Den;2015-09-24;2015;09;24;happyzebra;718608;9836934;cd
s16984;Cannibal_Cami_Den;2015-09-26;2015;09;26;happyzebra;718608;9836934;cd
s16987;Nogales_Den;2015-09-28;2015;09;28;happyzebra;716267;9842643;cd
s1699;Airstrip_Den;2008-11-25;2008;11;25;serenan;723463;9844931;d
s16990;Nogales_Den;2015-09-29;2015;09;29;happyzebra;716267;9842643;cd
s1700;Airstrip_Den;2008-11-25;2008;11;25;serenan;723463;9844931;d
s1702;Airstrip_Den;2008-11-26;2008;11;26;serenan;723463;9844931;d
s1704;Airstrip_Den;2008-11-27;2008;11;27;serenan;723463;9844931;d
s17089;Albatross_Den;2015-08-08;2015;08;08;serenan;718494;9849303;cd
s17094;Albatross_Den;2015-08-09;2015;08;09;serenan;718494;9849303;cd
s1710;Airstrip_Den;2008-11-30;2008;11;30;serenan;723463;9844931;d
s17103;Albatross_Den;2015-08-10;2015;08;10;serenan;718494;9849303;cd
s17106;Albatross_Den;2015-08-11;2015;08;11;serenan;718494;9849303;cd
s17109;Schiphol_Den;2015-08-13;2015;08;13;serenan;723441;9844921;cd
s1711;Airstrip_Den;2008-11-30;2008;11;30;serenan;723463;9844931;d
s17110;Albatross_Den;2015-08-14;2015;08;14;serenan;718494;9849303;cd
s17118;Albatross_Den;2015-08-16;2015;08;16;serenan;718494;9849303;cd
s17126;Albatross_Den;2015-08-17;2015;08;17;serenan;718494;9849303;cd
s1714;Airstrip_Den;2008-12-04;2008;12;04;serenan;723463;9844931;d
s17140;Schiphol_Den;2015-08-21;2015;08;21;serenan;723441;9844921;cd
s17141;Schiphol_Den;2015-08-21;2015;08;21;serenan;723441;9844921;cd
s17152;Albatross_Den;2015-08-23;2015;08;23;serenan;718494;9849303;cd
s17160;Albatross_Den;2015-08-24;2015;08;24;serenan;718494;9849303;cd
s17165.1;Albatross_Den;2015-08-25;2015;08;25;serenan;718494;9849303;cd
s17177;Albatross_Den;2015-08-29;2015;08;29;serenan;718494;9849303;cd
s17179;Albatross_Den;2015-08-29;2015;08;29;serenan;718494;9849303;cd
s17186;Albatross_Den;2015-08-29;2015;08;29;serenan;718494;9849303;cd
s17200;IAT_Den;2015-09-09;2015;09;09;serenan;718355;9849119;cd
s17202;IAT_Den;2015-09-10;2015;09;10;serenan;718355;9849119;cd
s17208;IAT_Den;2015-09-12;2015;09;12;serenan;718355;9849119;cd
s17210;IAT_Den;2015-09-13;2015;09;13;serenan;718355;9849119;cd
s17219;IAT_Den;2015-09-14;2015;09;14;serenan;718355;9849119;cd
s17223;IAT_Den;2015-09-16;2015;09;16;serenan;718355;9849119;cd
s17227;IAT_Den;2015-09-17;2015;09;17;serenan;718355;9849119;cd
s17232;IAT_Den;2015-09-19;2015;09;19;serenan;718355;9849119;cd
s17236;IAT_Den;2015-09-20;2015;09;20;serenan;718355;9849119;cd
s17238;IAT_Den;2015-09-22;2015;09;22;serenan;718355;9849119;cd
s17241;IAT_Den;2015-09-23;2015;09;23;serenan;718355;9849119;cd
s17247;IAT_Den;2015-09-27;2015;09;27;serenan;718355;9849119;cd
s17256;IAT_Den;2015-09-30;2015;09;30;serenan;718355;9849119;cd
s17259;Ugli_Den;2015-07-02;2015;07;02;serenas;726305;9842484;d
s17266;Ugli_Den;2015-07-03;2015;07;03;serenas;726305;9842484;d
s17276;Ugli_Den;2015-07-10;2015;07;10;serenas;726305;9842484;d
s17284;Ugli_Den;2015-07-12;2015;07;12;serenas;726305;9842484;d
s17285;Ugli_Den;2015-07-14;2015;07;14;serenas;726305;9842484;d
s17287;Ugli_Den;2015-07-17;2015;07;17;serenas;726305;9842484;d
s17295;Ugli_Den;2015-07-20;2015;07;20;serenas;726305;9842484;d
s17365;Defenestrate_Den;2015-08-28;2015;08;28;serenas;725405;9841812;cd
s17368;Defenestrate_Den;2015-08-28;2015;08;28;serenas;725405;9841812;cd
s17371;Defenestrate_Den;2015-08-30;2015;08;30;serenas;725405;9841812;cd
s17376;Defenestrate_Den;2015-09-03;2015;09;03;serenas;725405;9841812;cd
s17379;Defenestrate_Den;2015-09-05;2015;09;05;serenas;725405;9841812;cd
s17382;Defenestrate_Den;2015-09-08;2015;09;08;serenas;725405;9841812;cd
s17383;Defenestrate_Den;2015-09-09;2015;09;09;serenas;725405;9841812;cd
s17386;Defenestrate_Den;2015-09-11;2015;09;11;serenas;725405;9841812;cd
s17390;Defenestrate_Den;2015-09-12;2015;09;12;serenas;725405;9841812;cd
s17399;Defenestrate_Den;2015-09-13;2015;09;13;serenas;725405;9841812;cd
s17400;Defenestrate_Den;2015-09-15;2015;09;15;serenas;725405;9841812;cd
s17403;Defenestrate_Den;2015-09-15;2015;09;15;serenas;725405;9841812;cd
s17416;Defenestrate_Den;2015-09-20;2015;09;20;serenas;725405;9841812;cd
s17426;Defenestrate_Den;2015-09-21;2015;09;21;serenas;725405;9841812;cd
s17432;Defenestrate_Den;2015-09-24;2015;09;24;serenas;725405;9841812;cd
s17438;Defenestrate_Den;2015-09-24;2015;09;24;serenas;725405;9841812;cd
s17439;Defenestrate_Den;2015-09-25;2015;09;25;serenas;725405;9841812;cd
s17442;Defenestrate_Den;2015-09-27;2015;09;27;serenas;725405;9841812;cd
s17444;Defenestrate_Den;2015-09-29;2015;09;29;serenas;725405;9841812;cd
s17449;Defenestrate_Den;2015-09-30;2015;09;30;serenas;725405;9841812;cd
s17451;Defenestrate_Den;2015-09-30;2015;09;30;serenas;725405;9841812;cd
s17453;Defenestrate_Den;2015-10-02;2015;10;02;serenas;725405;9841812;cd
s17465;Defenestrate_Den;2015-10-03;2015;10;03;serenas;725405;9841812;cd
s17474;Defenestrate_Den;2015-10-07;2015;10;07;serenas;725405;9841812;cd
s17475;Defenestrate_Den;2015-10-09;2015;10;09;serenas;725405;9841812;cd
s17482;Defenestrate_Den;2015-10-11;2015;10;11;serenas;725405;9841812;cd
s17488;Defenestrate_Den;2015-10-13;2015;10;13;serenas;725405;9841812;cd
s17496;Defenestrate_Den;2015-10-14;2015;10;14;serenas;725405;9841812;cd
s17500;Defenestrate_Den;2015-10-16;2015;10;16;serenas;725405;9841812;cd
s17505;Defenestrate_Den;2015-10-19;2015;10;19;serenas;725405;9841812;cd
s17508;Defenestrate_Den;2015-10-21;2015;10;21;serenas;725405;9841812;cd
s17518;Defenestrate_Den;2015-10-25;2015;10;25;serenas;725405;9841812;cd
s17522;Defenestrate_Den;2015-10-25;2015;10;25;serenas;725405;9841812;cd
s17544;Defenestrate_Den;2015-11-06;2015;11;06;serenas;725405;9841812;cd
s17553;Defenestrate_Den;2015-11-14;2015;11;14;serenas;725405;9841812;cd
s17560.1;Defenestrate_Den;2015-11-15;2015;11;15;serenas;725405;9841812;cd
s17568;Defenestrate_Den;2015-11-16;2015;11;16;serenas;725405;9841812;cd
s17575;Defenestrate_Den;2015-11-18;2015;11;18;serenas;725405;9841812;cd
s17582;Defenestrate_Den;2015-11-20;2015;11;20;serenas;725405;9841812;cd
s17587;Defenestrate_Den;2015-11-20;2015;11;20;serenas;725405;9841812;cd
s17588;Defenestrate_Den;2015-11-22;2015;11;22;serenas;725405;9841812;cd
s17597;Defenestrate_Den;2015-11-24;2015;11;24;serenas;725405;9841812;cd
s17603;Defenestrate_Den;2015-11-25;2015;11;25;serenas;725405;9841812;cd
s17605;Defenestrate_Den;2015-11-29;2015;11;29;serenas;725405;9841812;cd
s17606;Defenestrate_Den;2015-12-01;2015;12;01;serenas;725405;9841812;cd
s17609;Defenestrate_Den;2015-12-01;2015;12;01;serenas;725405;9841812;cd
s17611;Defenestrate_Den;2015-12-02;2015;12;02;serenas;725405;9841812;cd
s17621;Defenestrate_Den;2015-12-05;2015;12;05;serenas;725405;9841812;cd
s17625;Defenestrate_Den;2015-12-05;2015;12;05;serenas;725405;9841812;cd
s17626;Defenestrate_Den;2015-12-08;2015;12;08;serenas;725405;9841812;cd
s17637;Defenestrate_Den;2015-12-09;2015;12;09;serenas;725405;9841812;cd
s17641;Defenestrate_Den;2015-12-10;2015;12;10;serenas;725405;9841812;cd
s17650;Defenestrate_Den;2015-12-11;2015;12;11;serenas;725405;9841812;cd
s17651;Defenestrate_Den;2015-12-11;2015;12;11;serenas;725405;9841812;cd
s17657;Defenestrate_Den;2015-12-13;2015;12;13;serenas;725405;9841812;cd
s17658;Kit_Kat_Den;2015-12-13;2015;12;13;serenas;726433;9842488;cd
s1766;DeGaulle_Den;2009-01-26;2009;01;26;serenan;723652;9844975;cd
s17670;Defenestrate_Den;2015-12-14;2015;12;14;serenas;725405;9841812;cd
s17671;Defenestrate_Den;2015-12-16;2015;12;16;serenas;725405;9841812;cd
s17673;Kit_Kat_Den;2015-12-16;2015;12;16;serenas;726433;9842488;cd
s17676;Kit_Kat_Den;2015-12-16;2015;12;16;serenas;726433;9842488;cd
s17678;Defenestrate_Den;2015-12-17;2015;12;17;serenas;725405;9841812;cd
s1768;DeGaulle_Den;2009-01-27;2009;01;27;serenan;723652;9844975;cd
s17689;Kit_Kat_Den;2015-12-19;2015;12;19;serenas;726433;9842488;cd
s1769;DeGaulle_Den;2009-01-27;2009;01;27;serenan;723652;9844975;cd
s17695;Kit_Kat_Den;2015-12-19;2015;12;19;serenas;726433;9842488;cd
s17697;Kit_Kat_Den;2015-12-19;2015;12;19;serenas;726433;9842488;cd
s1770;DeGaulle_Den;2009-01-28;2009;01;28;serenan;723652;9844975;cd
s17700;Kit_Kat_Den;2015-12-20;2015;12;20;serenas;726433;9842488;cd
s17704;Kit_Kat_Den;2015-12-20;2015;12;20;serenas;726433;9842488;cd
s17707;Kit_Kat_Den;2015-12-21;2015;12;21;serenas;726433;9842488;cd
s17709;Twix_Den;2015-12-22;2015;12;22;serenas;726356;9842540;cd
s17712;Twix_Den;2015-12-24;2015;12;24;serenas;726356;9842540;cd
s17715;Defenestrate_Den;2015-12-25;2015;12;25;serenas;725405;9841812;cd
s17717;Twix_Den;2015-12-25;2015;12;25;serenas;726356;9842540;cd
s17722;Twix_Den;2015-12-25;2015;12;25;serenas;726356;9842540;cd
s17728;Twix_Den;2015-12-27;2015;12;27;serenas;726356;9842540;cd
s17738;Twix_Den;2015-12-29;2015;12;29;serenas;726356;9842540;cd
s17747;Twix_Den;2015-12-31;2015;12;31;serenas;726356;9842540;cd
s17748;Nogales_Den;2015-10-01;2015;10;01;happyzebra;716267;9842643;cd
s1775;DeGaulle_Den;2009-01-30;2009;01;30;serenan;723652;9844975;cd
s17751;Cannibal_Cami_Den;2015-10-01;2015;10;01;happyzebra;718608;9836934;cd
s17755;Nogales_Den;2015-10-03;2015;10;03;happyzebra;716267;9842643;cd
s17756;Nogales_Den;2015-10-04;2015;10;04;happyzebra;716267;9842643;cd
s17758;Cannibal_Cami_Den;2015-10-04;2015;10;04;happyzebra;718608;9836934;cd
s1776;DeGaulle_Den;2009-01-31;2009;01;31;serenan;723652;9844975;cd
s17764;Nogales_Den;2015-10-05;2015;10;05;happyzebra;716267;9842643;cd
s17767;Nogales_Den;2015-10-07;2015;10;07;happyzebra;716267;9842643;cd
s1777;DeGaulle_Den;2009-01-31;2009;01;31;serenan;723652;9844975;cd
s17773;Meatloaf_Den;2015-10-07;2015;10;07;happyzebra;715241;9843545;cd
s17775;Windsor_Den;2015-10-07;2015;10;07;happyzebra;716432;9842596;cd
s17776;Windsor_Den;2015-10-08;2015;10;08;happyzebra;716432;9842596;cd
s17776.1;Nogales_Den;2015-10-08;2015;10;08;happyzebra;716267;9842643;cd
s17777;Meatloaf_Den;2015-10-08;2015;10;08;happyzebra;715241;9843545;cd
s1778;DeGaulle_Den_II;2009-01-31;2009;01;31;serenan;723670;9844868;cd
s17780;Windsor_Den;2015-10-10;2015;10;10;happyzebra;716432;9842596;cd
s17783;Meatloaf_Den;2015-10-10;2015;10;10;happyzebra;715241;9843545;cd
s17786;Windsor_Den;2015-10-10;2015;10;10;happyzebra;716432;9842596;cd
s17787;Windsor_Den;2015-10-12;2015;10;12;happyzebra;716432;9842596;cd
s17789;Meatloaf_Den;2015-10-12;2015;10;12;happyzebra;715241;9843545;cd
s1779;DeGaulle_Den;2009-02-01;2009;02;01;serenan;723652;9844975;cd
s17795.1;Meatloaf_Den;2015-10-14;2015;10;14;happyzebra;715241;9843545;cd
s17797;Meatloaf_Den;2015-10-12;2015;10;12;happyzebra;715241;9843545;cd
s17797.1;Meatloaf_Den;2015-10-15;2015;10;15;happyzebra;715241;9843545;cd
s17798.1;Windsor_Den;2015-10-15;2015;10;15;happyzebra;716432;9842596;cd
s17799;Meatloaf_Den;2015-10-12;2015;10;12;happyzebra;715241;9843545;cd
s17799.1;Meatloaf_Den;2015-10-15;2015;10;15;happyzebra;715241;9843545;cd
s17802;Meatloaf_Den;2015-10-19;2015;10;19;happyzebra;715241;9843545;cd
s17803;Meatloaf_Den;2015-10-20;2015;10;20;happyzebra;715241;9843545;cd
s17805;Windsor_Den;2015-10-20;2015;10;20;happyzebra;716432;9842596;cd
s17806;Meatloaf_Den;2015-10-24;2015;10;24;happyzebra;715241;9843545;cd
s17808;Windsor_Den;2015-10-26;2015;10;26;happyzebra;716432;9842596;cd
s17809;Meatloaf_Den;2015-10-26;2015;10;26;happyzebra;715241;9843545;cd
s1781;DeGaulle_Den;2009-02-01;2009;02;01;serenan;723652;9844975;cd
s17811;Windsor_Den;2015-10-29;2015;10;29;happyzebra;716432;9842596;cd
s17812;Windsor_Den;2015-10-29;2015;10;29;happyzebra;716432;9842596;cd
s17814;Windsor_Den;2015-11-01;2015;11;01;happyzebra;716432;9842596;cd
s17816;Meatloaf_Den;2015-11-03;2015;11;03;happyzebra;715241;9843545;cd
s17821;Meatloaf_Den;2015-11-05;2015;11;05;happyzebra;715241;9843545;cd
s17825;Windsor_Den;2015-11-06;2015;11;06;happyzebra;716432;9842596;cd
s17827;Meatloaf_Den;2015-11-06;2015;11;06;happyzebra;715241;9843545;cd
s17829;Windsor_Den;2015-11-06;2015;11;06;happyzebra;716432;9842596;cd
s17833;Windsor_Den;2015-11-08;2015;11;08;happyzebra;716432;9842596;cd
s17834;Meatloaf_Den;2015-11-08;2015;11;08;happyzebra;715241;9843545;cd
s1784;DeGaulle_Den;2009-02-02;2009;02;02;serenan;723652;9844975;cd
s17840;Meatloaf_Den;2015-11-11;2015;11;11;happyzebra;715241;9843545;cd
s17842;Windsor_Den;2015-11-13;2015;11;13;happyzebra;716432;9842596;cd
s17845;Meatloaf_Den;2015-11-13;2015;11;13;happyzebra;715241;9843545;cd
s17846;Windsor_Den;2015-11-13;2015;11;13;happyzebra;716432;9842596;cd
s1785;DeGaulle_Den;2009-02-02;2009;02;02;serenan;723652;9844975;cd
s17852;Windsor_Den;2015-11-14;2015;11;14;happyzebra;716432;9842596;cd
s17855;Meatloaf_Den;2015-11-15;2015;11;15;happyzebra;715241;9843545;cd
s17856;Windsor_Den;2015-11-16;2015;11;16;happyzebra;716432;9842596;cd
s17858;Windsor_Den;2015-11-16;2015;11;16;happyzebra;716432;9842596;cd
s17863;Windsor_Den;2015-11-16;2015;11;16;happyzebra;716432;9842596;cd
s17870;Windsor_Den;2015-11-21;2015;11;21;happyzebra;716432;9842596;cd
s17872;Windsor_Den;2015-11-24;2015;11;24;happyzebra;716432;9842596;cd
s17874;Meatloaf_Den;2015-11-25;2015;11;25;happyzebra;715241;9843545;cd
s17877;Windsor_Den;2015-11-30;2015;11;30;happyzebra;716432;9842596;cd
s17917;IAT_Den;2015-10-01;2015;10;01;serenan;718355;9849119;cd
s1792;DeGaulle_Den;2009-02-03;2009;02;03;serenan;723652;9844975;cd
s17920;IAT_Den;2015-10-02;2015;10;02;serenan;718355;9849119;cd
s17923;IAT_Den;2015-10-04;2015;10;04;serenan;718355;9849119;cd
s17927;IAT_Den;2015-10-06;2015;10;06;serenan;718355;9849119;cd
s1793;DeGaulle_Den;2009-02-04;2009;02;04;serenan;723652;9844975;cd
s17934;IAT_Den;2015-10-08;2015;10;08;serenan;718355;9849119;cd
s1794;DeGaulle_Den;2009-02-04;2009;02;04;serenan;723652;9844975;cd
s17940;IAT_Den;2015-10-09;2015;10;09;serenan;718355;9849119;cd
s17946;IAT_Den;2015-10-11;2015;10;11;serenan;718355;9849119;cd
s1795;DeGaulle_Den;2009-02-05;2009;02;05;serenan;723652;9844975;cd
s17950;IAT_Den;2015-10-13;2015;10;13;serenan;718355;9849119;cd
s17953;IAT_Den;2015-10-15;2015;10;15;serenan;718355;9849119;cd
s17959;IAT_Den;2015-10-20;2015;10;20;serenan;718355;9849119;cd
s1796;DeGaulle_Den;2009-02-05;2009;02;05;serenan;723652;9844975;cd
s1797;DeGaulle_Den;2009-02-06;2009;02;06;serenan;723652;9844975;cd
s1798;DeGaulle_Den;2009-02-06;2009;02;06;serenan;723652;9844975;cd
s17989;IAT_Den;2015-11-05;2015;11;05;serenan;718355;9849119;cd
s17999;IAT_Den;2015-11-07;2015;11;07;serenan;718355;9849119;cd
s1802;DeGaulle_Den;2009-02-08;2009;02;08;serenan;723652;9844975;cd
s1803;DeGaulle_Den;2009-02-09;2009;02;09;serenan;723652;9844975;cd
s18032;IAT_Den;2015-11-19;2015;11;19;serenan;718355;9849119;cd
s1804;DeGaulle_Den;2009-02-10;2009;02;10;serenan;723652;9844975;cd
s18040;IAT_Den;2015-11-20;2015;11;20;serenan;718355;9849119;cd
s18043;IAT_Den;2015-11-21;2015;11;21;serenan;718355;9849119;cd
s18057;IAT_Den;2015-12-01;2015;12;01;serenan;718355;9849119;cd
s18125;IAT_Den;2015-12-26;2015;12;26;serenan;718355;9849119;cd
s1813;DeGaulle_Den;2009-02-11;2009;02;11;serenan;723652;9844975;cd
s18133;IAT_Den;2015-12-30;2015;12;30;serenan;718355;9849119;cd
s18137;Twix_Den;2016-01-03;2016;01;03;serenas;726356;9842540;cd
s1814;DeGaulle_Den;2009-02-12;2009;02;12;serenan;723652;9844975;cd
s18149;Twix_Den;2016-01-04;2016;01;04;serenas;726356;9842540;cd
s18156;Twix_Den;2016-01-04;2016;01;04;serenas;726356;9842540;cd
s18158;Defenestrate_Den;2016-01-06;2016;01;06;serenas;725405;9841812;cd
s18159;Twix_Den;2016-01-06;2016;01;06;serenas;726356;9842540;cd
s1816;DeGaulle_Den;2009-02-12;2009;02;12;serenan;723652;9844975;cd
s18168;Twix_Den;2016-01-07;2016;01;07;serenas;726356;9842540;cd
s18174;Twix_Den;2016-01-07;2016;01;07;serenas;726356;9842540;cd
s18177;Twix_Den;2016-01-09;2016;01;09;serenas;726356;9842540;cd
s18186;Twix_Den;2016-01-09;2016;01;09;serenas;726356;9842540;cd
s1819;DeGaulle_Den;2009-02-13;2009;02;13;serenan;723652;9844975;cd
s18191.1;Twix_Den;2016-01-12;2016;01;12;serenas;726356;9842540;cd
s1820;DeGaulle_Den;2009-02-13;2009;02;13;serenan;723652;9844975;cd
s18201;Twix_Den;2016-01-13;2016;01;13;serenas;726356;9842540;cd
s18203;Twix_Den;2016-01-13;2016;01;13;serenas;726356;9842540;cd
s1821;DeGaulle_Den;2009-02-14;2009;02;14;serenan;723652;9844975;cd
s18212;Twix_Den;2016-01-14;2016;01;14;serenas;726356;9842540;cd
s18213;Twix_Den;2016-01-16;2016;01;16;serenas;726356;9842540;cd
s18217;Twix_Den;2016-01-16;2016;01;16;serenas;726356;9842540;cd
s18221;Twix_Den;2016-01-16;2016;01;16;serenas;726356;9842540;cd
s18224;Twix_Den;2016-01-17;2016;01;17;serenas;726356;9842540;cd
s18225;Twix_Den;2016-01-17;2016;01;17;serenas;726356;9842540;cd
s1823;DeGaulle_Den;2009-02-16;2009;02;16;serenan;723652;9844975;cd
s18231;Twix_Den;2016-01-18;2016;01;18;serenas;726356;9842540;cd
s18232;Defenestrate_Den;2016-01-20;2016;01;20;serenas;725405;9841812;cd
s18235;Defenestrate_Den;2016-01-21;2016;01;21;serenas;725405;9841812;cd
s18236;Twix_Den;2016-01-21;2016;01;21;serenas;726356;9842540;cd
s18241;Twix_Den;2016-01-25;2016;01;25;serenas;726356;9842540;cd
s18248;Twix_Den;2016-01-25;2016;01;25;serenas;726356;9842540;cd
s1825;DeGaulle_Den;2009-02-17;2009;02;17;serenan;723652;9844975;cd
s18250;Defenestrate_Den;2016-01-26;2016;01;26;serenas;725405;9841812;cd
s18252;Twix_Den;2016-01-27;2016;01;27;serenas;726356;9842540;cd
s18261;Twix_Den;2016-01-28;2016;01;28;serenas;726356;9842540;cd
s18263;Twix_Den;2016-01-29;2016;01;29;serenas;726356;9842540;cd
s1827;DeGaulle_Den;2009-02-18;2009;02;18;serenan;723652;9844975;cd
s18274;Twix_Den;2016-01-29;2016;01;29;serenas;726356;9842540;cd
s18275;Twix_Den;2016-01-31;2016;01;31;serenas;726356;9842540;cd
s18278;Twix_Den;2016-01-31;2016;01;31;serenas;726356;9842540;cd
s18281;Twix_Den;2016-02-01;2016;02;01;serenas;726356;9842540;cd
s18284;Twix_Den;2016-02-01;2016;02;01;serenas;726356;9842540;cd
s18287;Twix_Den;2016-02-03;2016;02;03;serenas;726356;9842540;cd
s1829;DeGaulle_Den;2009-02-19;2009;02;19;serenan;723652;9844975;cd
s18290;Twix_Den;2016-02-04;2016;02;04;serenas;726356;9842540;cd
s18299;Twix_Den;2016-02-05;2016;02;05;serenas;726356;9842540;cd
s1830;DeGaulle_Den;2009-02-20;2009;02;20;serenan;723652;9844975;cd
s18307;Twix_Den;2016-02-05;2016;02;05;serenas;726356;9842540;cd
s18309.1;Twix_Den;2016-02-05;2016;02;05;serenas;726356;9842540;cd
s1831;DeGaulle_Den;2009-02-21;2009;02;21;serenan;723652;9844975;cd
s18313;Twix_Den;2016-02-06;2016;02;06;serenas;726356;9842540;cd
s18314;Twix_Den;2016-02-07;2016;02;07;serenas;726356;9842540;cd
s18315;Twix_Den;2016-02-07;2016;02;07;serenas;726356;9842540;cd
s18319;Twix_Den;2016-02-07;2016;02;07;serenas;726356;9842540;cd
s18321;Twix_Den;2016-02-10;2016;02;10;serenas;726356;9842540;cd
s18325;Twix_Den;2016-02-11;2016;02;11;serenas;726356;9842540;cd
s18337;Twix_Den;2016-02-15;2016;02;15;serenas;726356;9842540;cd
s18338;Twix_Den;2016-02-16;2016;02;16;serenas;726356;9842540;cd
s18342;Twix_Den;2016-02-17;2016;02;17;serenas;726356;9842540;cd
s18351;Twix_Den;2016-02-19;2016;02;19;serenas;726356;9842540;cd
s18352;Twix_Den;2016-02-20;2016;02;20;serenas;726356;9842540;cd
s18356;Kit_Kat_Den;2016-02-20;2016;02;20;serenas;726433;9842488;cd
s18358;Twix_Den;2016-02-21;2016;02;21;serenas;726356;9842540;cd
s1836;DeGaulle_Den;2009-02-22;2009;02;22;serenan;723652;9844975;cd
s18365;Twix_Den;2016-02-21;2016;02;21;serenas;726356;9842540;cd
s18369;Twix_Den;2016-02-22;2016;02;22;serenas;726356;9842540;cd
s18372;Twix_Den;2016-02-22;2016;02;22;serenas;726356;9842540;cd
s18373;Twix_Den;2016-02-24;2016;02;24;serenas;726356;9842540;cd
s1838;DeGaulle_Den;2009-02-23;2009;02;23;serenan;723652;9844975;cd
s18380;Twix_Den;2016-02-25;2016;02;25;serenas;726356;9842540;cd
s1839;DeGaulle_Den;2009-02-24;2009;02;24;serenan;723652;9844975;cd
s18390;Twix_Den;2016-02-28;2016;02;28;serenas;726356;9842540;cd
s18399;Twix_Den;2016-02-28;2016;02;28;serenas;726356;9842540;cd
s18401;Twix_Den;2016-03-01;2016;03;01;serenas;726356;9842540;cd
s18405;Kit_Kat_Den;2016-03-01;2016;03;01;serenas;726433;9842488;cd
s18408;Kit_Kat_Den;2016-03-01;2016;03;01;serenas;726433;9842488;cd
s1841;DeGaulle_Den;2009-02-25;2009;02;25;serenan;723652;9844975;cd
s18414;Kit_Kat_Den;2016-03-02;2016;03;02;serenas;726433;9842488;cd
s18415;Twix_Den;2016-03-02;2016;03;02;serenas;726356;9842540;cd
s18415.1;Kit_Kat_Den;2016-03-02;2016;03;02;serenas;726433;9842488;cd
s1842;DeGaulle_Den;2009-02-25;2009;02;25;serenan;723652;9844975;cd
s18426;Twix_Den;2016-03-04;2016;03;04;serenas;726356;9842540;cd
s18427;Kit_Kat_Den;2016-03-04;2016;03;04;serenas;726433;9842488;cd
s18437;Kit_Kat_Den;2016-03-04;2016;03;04;serenas;726433;9842488;cd
s1844;DeGaulle_Den;2009-02-26;2009;02;26;serenan;723652;9844975;cd
s18440;Twix_Den;2016-03-05;2016;03;05;serenas;726356;9842540;cd
s18450;Kit_Kat_Den;2016-03-05;2016;03;05;serenas;726433;9842488;cd
s18451;Twix_Den;2016-03-05;2016;03;05;serenas;726356;9842540;cd
s18452;Twix_Den;2016-03-07;2016;03;07;serenas;726356;9842540;cd
s18459;Kit_Kat_Den;2016-03-10;2016;03;10;serenas;726433;9842488;cd
s18465;Kit_Kat_Den;2016-03-14;2016;03;14;serenas;726433;9842488;cd
s18469;Kit_Kat_Den;2016-03-15;2016;03;15;serenas;726433;9842488;cd
s18471;Kit_Kat_Den;2016-03-15;2016;03;15;serenas;726433;9842488;cd
s18475;Kit_Kat_Den;2016-03-15;2016;03;15;serenas;726433;9842488;cd
s18477;Kit_Kat_Den;2016-03-16;2016;03;16;serenas;726433;9842488;cd
s18485;Kit_Kat_Den;2016-03-16;2016;03;16;serenas;726433;9842488;cd
s18486;Kit_Kat_Den;2016-03-20;2016;03;20;serenas;726433;9842488;cd
s1849;DeGaulle_Den;2009-02-27;2009;02;27;serenan;723652;9844975;cd
s18499;Kit_Kat_Den;2016-03-20;2016;03;20;serenas;726433;9842488;cd
s1850;DeGaulle_Den;2009-02-27;2009;02;27;serenan;723652;9844975;cd
s18501;Kit_Kat_Den;2016-03-22;2016;03;22;serenas;726433;9842488;cd
s18507;Kit_Kat_Den;2016-03-26;2016;03;26;serenas;726433;9842488;cd
s18508;Kit_Kat_Den;2016-03-26;2016;03;26;serenas;726433;9842488;cd
s18512;Kit_Kat_Den;2016-03-28;2016;03;28;serenas;726433;9842488;cd
s18524;Kit_Kat_Den;2016-03-28;2016;03;28;serenas;726433;9842488;cd
s18545;IAT_Den;2016-01-03;2016;01;03;serenan;718355;9849119;cd
s18554;IAT_Den;2016-01-05;2016;01;05;serenan;718355;9849119;cd
s18568;IAT_Den;2016-01-07;2016;01;07;serenan;718355;9849119;cd
s1857;DeGaulle_Den;2009-03-01;2009;03;01;serenan;723652;9844975;cd
s18575;IAT_Den;2016-01-12;2016;01;12;serenan;718355;9849119;cd
s18581;IAT_Den;2016-01-12;2016;01;12;serenan;718355;9849119;cd
s18584;IAT_Den;2016-01-13;2016;01;13;serenan;718355;9849119;cd
s18588;IAT_Den;2016-01-14;2016;01;14;serenan;718355;9849119;cd
s18591;IAT_Den;2016-01-15;2016;01;15;serenan;718355;9849119;cd
s18594;IAT_Den;2016-01-16;2016;01;16;serenan;718355;9849119;cd
s18599;IAT_Den;2016-01-18;2016;01;18;serenan;718355;9849119;cd
s1861;DeGaulle_Den;2009-03-02;2009;03;02;serenan;723652;9844975;cd
s18616;IAT_Den;2016-01-22;2016;01;22;serenan;718355;9849119;cd
s1862;DeGaulle_Den;2009-03-03;2009;03;03;serenan;723652;9844975;cd
s1863;DeGaulle_Den;2009-03-03;2009;03;03;serenan;723652;9844975;cd
s18630;IAT_Den;2016-01-27;2016;01;27;serenan;718355;9849119;cd
s18635;IAT_Den;2016-01-28;2016;01;28;serenan;718355;9849119;cd
s1864;DeGaulle_Den;2009-03-04;2009;03;04;serenan;723652;9844975;cd
s18640;IAT_Den;2016-01-29;2016;01;29;serenan;718355;9849119;cd
s18645;IAT_Den;2016-01-30;2016;01;30;serenan;718355;9849119;cd
s1865;DeGaulle_Den;2009-03-04;2009;03;04;serenan;723652;9844975;cd
s18658;IAT_Den;2016-02-04;2016;02;04;serenan;718355;9849119;cd
s18666;IAT_Den;2016-02-06;2016;02;06;serenan;718355;9849119;cd
s18667;IAT_Den;2016-02-06;2016;02;06;serenan;718355;9849119;cd
s1867;DeGaulle_Den;2009-03-05;2009;03;05;serenan;723652;9844975;cd
s18671;IAT_Den;2016-02-07;2016;02;07;serenan;718355;9849119;cd
s18674;IAT_Den;2016-02-08;2016;02;08;serenan;718355;9849119;cd
s1868;DeGaulle_Den;2009-03-05;2009;03;05;serenan;723652;9844975;cd
s18683;IAT_Den;2016-02-09;2016;02;09;serenan;718355;9849119;cd
s18687;IAT_Den;2016-02-10;2016;02;10;serenan;718355;9849119;cd
s18697;IAT_Den;2016-02-16;2016;02;16;serenan;718355;9849119;cd
s1870;DeGaulle_Den;2009-03-06;2009;03;06;serenan;723652;9844975;cd
s1871;DeGaulle_Den;2009-03-07;2009;03;07;serenan;723652;9844975;cd
s18710;IAT_Den;2016-02-18;2016;02;18;serenan;718355;9849119;cd
s1872;DeGaulle_Den;2009-03-07;2009;03;07;serenan;723652;9844975;cd
s18721;IAT_Den;2016-02-20;2016;02;20;serenan;718355;9849119;cd
s18727;IAT_Den;2016-02-21;2016;02;21;serenan;718355;9849119;cd
s18736;IAT_Den;2016-02-23;2016;02;23;serenan;718355;9849119;cd
s1875;DeGaulle_Den;2009-03-07;2009;03;07;serenan;723652;9844975;cd
s18763;IAT_Den;2016-02-28;2016;02;28;serenan;718355;9849119;cd
s18766;IAT_Den;2016-02-29;2016;02;29;serenan;718355;9849119;cd
s1877;DeGaulle_Den;2009-03-08;2009;03;08;serenan;723652;9844975;cd
s18773;IAT_Den;2016-03-02;2016;03;02;serenan;718355;9849119;cd
s18779;IAT_Den;2016-03-03;2016;03;03;serenan;718355;9849119;cd
s18797;IAT_Den;2016-03-06;2016;03;06;serenan;718355;9849119;cd
s18807;IAT_Den;2016-03-11;2016;03;11;serenan;718355;9849119;cd
s18819;IAT_Den;2016-03-13;2016;03;13;serenan;718355;9849119;cd
s18830;IAT_Den;2016-03-14;2016;03;14;serenan;718355;9849119;cd
s18839;IAT_Den;2016-03-15;2016;03;15;serenan;718355;9849119;cd
s18849;IAT_Den;2016-03-17;2016;03;17;serenan;718355;9849119;cd
s18853;IAT_Den;2016-03-20;2016;03;20;serenan;718355;9849119;cd
s18860;J_Fab_Den;2016-03-21;2016;03;21;serenan;718389;9849092;cd
s18869;J_Fab_Den;2016-03-25;2016;03;25;serenan;718389;9849092;cd
s1887;DeGaulle_Den;2009-03-09;2009;03;09;serenan;723652;9844975;cd
s18876;IAT_Den;2016-03-27;2016;03;27;serenan;718355;9849119;cd
s18884;IAT_Den;2016-03-29;2016;03;29;serenan;718355;9849119;cd
s1890;DeGaulle_Den;2009-03-12;2009;03;12;serenan;723652;9844975;cd
s18943;Houdini_Den;2016-02-26;2016;02;26;happyzebra;716763;9843937;cd
s18948;Houdini_Den;2016-02-27;2016;02;27;happyzebra;716763;9843937;cd
s18949;Houdini_Den;2016-02-29;2016;02;29;happyzebra;716763;9843937;cd
s1895;DeGaulle_Den;2009-03-13;2009;03;13;serenan;723652;9844975;cd
s18954;Houdini_Den;2016-03-01;2016;03;01;happyzebra;716763;9843937;cd
s18955;Houdini_Den;2016-03-02;2016;03;02;happyzebra;716763;9843937;cd
s18956;Houdini_Den;2016-03-03;2016;03;03;happyzebra;716763;9843937;cd
s18959;Houdini_Den;2016-03-05;2016;03;05;happyzebra;716763;9843937;cd
s1896;DeGaulle_Den;2009-03-13;2009;03;13;serenan;723652;9844975;cd
s18962;Houdini_Den;2016-03-06;2016;03;06;happyzebra;716763;9843937;cd
s18967.1;Houdini_Den;2016-03-08;2016;03;08;happyzebra;716763;9843937;cd
s18973;Houdini_Den;2016-03-10;2016;03;10;happyzebra;716763;9843937;cd
s18981;Houdini_Den;2016-03-13;2016;03;13;happyzebra;716763;9843937;cd
s18983;Houdini_Den;2016-03-15;2016;03;15;happyzebra;716763;9843937;cd
s18987;Houdini_Den;2016-03-16;2016;03;16;happyzebra;716763;9843937;cd
s18988;Houdini_Den;2016-03-17;2016;03;17;happyzebra;716763;9843937;cd
s1899;DeGaulle_Den;2009-03-15;2009;03;15;serenan;723652;9844975;cd
s18990;Houdini_Den;2016-03-21;2016;03;21;happyzebra;716763;9843937;cd
s18991;Houdini_Den;2016-03-24;2016;03;24;happyzebra;716763;9843937;cd
s18995;Houdini_Den;2016-03-26;2016;03;26;happyzebra;716763;9843937;cd
s18996;Houdini_Den;2016-03-29;2016;03;29;happyzebra;716763;9843937;cd
s190;Coincidence_D;2008-10-08;2008;10;08;happyzebra;719522;9837495;cd
s19000;Houdini_Den;2016-03-30;2016;03;30;happyzebra;716763;9843937;cd
s19009;Houdini_Den;2016-04-06;2016;04;06;happyzebra;716763;9843937;cd
s19011;Houdini_Den;2016-04-07;2016;04;07;happyzebra;716763;9843937;cd
s19016;Houdini_Den;2016-04-08;2016;04;08;happyzebra;716763;9843937;cd
s19018;Houdini_Den;2016-04-09;2016;04;09;happyzebra;716763;9843937;cd
s19019;Houdini_Den;2016-04-09;2016;04;09;happyzebra;716763;9843937;cd
s19025;Houdini_Den;2016-04-10;2016;04;10;happyzebra;716763;9843937;cd
s19027;Houdini_Den;2016-04-11;2016;04;11;happyzebra;716763;9843937;cd
s1903;DeGaulle_Den_II;2009-03-29;2009;03;29;serenan;723670;9844868;cd
s19040;Houdini_Den;2016-04-16;2016;04;16;happyzebra;716763;9843937;cd
s1905;DeGaulle_Den_II;2009-03-29;2009;03;29;serenan;723670;9844868;cd
s19050;Houdini_Den;2016-04-24;2016;04;24;happyzebra;716763;9843937;cd
s19061;Houdini_Den;2016-04-26;2016;04;26;happyzebra;716763;9843937;cd
s19065;Houdini_Den;2016-04-27;2016;04;27;happyzebra;716763;9843937;cd
s19066;Houdini_Den;2016-04-29;2016;04;29;happyzebra;716763;9843937;cd
s19076;Houdini_Den;2016-05-04;2016;05;04;happyzebra;716763;9843937;cd
s19079;Houdini_Den;2016-05-05;2016;05;05;happyzebra;716763;9843937;cd
s1908;DeGaulle_Den_II;2009-03-31;2009;03;31;serenan;723670;9844868;cd
s19080;Houdini_Den;2016-05-06;2016;05;06;happyzebra;716763;9843937;cd
s19084;Houdini_Den;2016-05-09;2016;05;09;happyzebra;716763;9843937;cd
s19088;Houdini_Den;2016-05-17;2016;05;17;happyzebra;716763;9843937;cd
s19090;Houdini_Den;2016-05-19;2016;05;19;happyzebra;716763;9843937;cd
s19092.1;Houdini_Den;2016-05-30;2016;05;30;happyzebra;716763;9843937;cd
s19093;Houdini_Den;2016-05-22;2016;05;22;happyzebra;716763;9843937;cd
s19097;Houdini_Den;2016-05-23;2016;05;23;happyzebra;716763;9843937;cd
s19100;Houdini_Den;2016-05-24;2016;05;24;happyzebra;716763;9843937;cd
s19101;Houdini_Den;2016-05-27;2016;05;27;happyzebra;716763;9843937;cd
s19102;Houdini_Den;2016-05-29;2016;05;29;happyzebra;716763;9843937;cd
s19105;Houdini_Den;2016-05-31;2016;05;31;happyzebra;716763;9843937;cd
s19115;Houdini_Den;2016-06-03;2016;06;03;happyzebra;716763;9843937;cd
s19117;Houdini_Den;2016-06-05;2016;06;05;happyzebra;716763;9843937;cd
s19120;Houdini_Den;2016-06-06;2016;06;06;happyzebra;716763;9843937;cd
s19122;Houdini_Den;2016-06-08;2016;06;08;happyzebra;716763;9843937;cd
s19126;Houdini_Den;2016-06-09;2016;06;09;happyzebra;716763;9843937;cd
s19133;Houdini_Den;2016-06-10;2016;06;10;happyzebra;716763;9843937;cd
s19135;Houdini_Den;2016-06-12;2016;06;12;happyzebra;716763;9843937;cd
s19136;Houdini_Den;2016-06-14;2016;06;14;happyzebra;716763;9843937;cd
s1914;Runway_Den;2009-04-02;2009;04;02;serenan;723060;9844579;cd
s19141;Houdini_Den;2016-06-15;2016;06;15;happyzebra;716763;9843937;cd
s19149;Houdini_Den;2016-06-18;2016;06;18;happyzebra;716763;9843937;cd
s19152;Houdini_Den;2016-06-26;2016;06;26;happyzebra;716763;9843937;cd
s19160;IAT_Den;2016-04-03;2016;04;03;serenan;718355;9849119;cd
s1917;DeGaulle_Den_II;2009-04-02;2009;04;02;serenan;723670;9844868;cd
s19171;IAT_Den;2016-04-05;2016;04;05;serenan;718355;9849119;cd
s19184;J_Fab_Den;2016-04-07;2016;04;07;serenan;718389;9849092;cd
s1919;Runway_Den;2009-04-02;2009;04;02;serenan;723060;9844579;cd
s19193;IAT_Den;2016-04-08;2016;04;08;serenan;718355;9849119;cd
s1920;Runway_Den;2009-04-03;2009;04;03;serenan;723060;9844579;cd
s19206;IAT_Den;2016-04-11;2016;04;11;serenan;718355;9849119;cd
s19211;IAT_Den;2016-04-11;2016;04;11;serenan;718355;9849119;cd
s19223;Oodelali_Den;2016-04-12;2016;04;12;serenan;718352;9849222;cd
s19223.1;IAT_Den;2016-04-12;2016;04;12;serenan;718355;9849119;cd
s1923;Runway_Den;2009-04-04;2009;04;04;serenan;723060;9844579;cd
s19233;Oodelali_Den;2016-04-13;2016;04;13;serenan;718352;9849222;cd
s19234;IAT_Den;2016-04-14;2016;04;14;serenan;718355;9849119;cd
s1924;Runway_Den;2009-04-04;2009;04;04;serenan;723060;9844579;cd
s19240;IAT_Den;2016-04-15;2016;04;15;serenan;718355;9849119;cd
s19247;IAT_Den;2016-04-16;2016;04;16;serenan;718355;9849119;cd
s1927;Runway_Den;2009-04-05;2009;04;05;serenan;723060;9844579;cd
s1932;Runway_Den;2009-04-06;2009;04;06;serenan;723060;9844579;cd
s1933;Runway_Den;2009-04-07;2009;04;07;serenan;723060;9844579;cd
s1936;Runway_Den;2009-04-07;2009;04;07;serenan;723060;9844579;cd
s1939;Runway_Den;2009-04-09;2009;04;09;serenan;723060;9844579;cd
s194;Coincidence_D;2008-10-09;2008;10;09;happyzebra;719522;9837495;cd
s1940;Runway_Den;2009-04-09;2009;04;09;serenan;723060;9844579;cd
s1941;Runway_Den;2009-04-10;2009;04;10;serenan;723060;9844579;cd
s1942;Runway_Den;2009-04-11;2009;04;11;serenan;723060;9844579;cd
s1943;Runway_Den;2009-04-11;2009;04;11;serenan;723060;9844579;cd
s1944;Runway_Den;2009-04-12;2009;04;12;serenan;723060;9844579;cd
s1947;Runway_Den;2009-04-13;2009;04;13;serenan;723060;9844579;cd
s1948;Runway_Den;2009-04-14;2009;04;14;serenan;723060;9844579;cd
s19480;Ollivander's_Den;2016-06-28;2016;06;28;serenan;719224;9848877;cd
s19485;Kit_Kat_Den;2016-04-04;2016;04;04;serenas;726433;9842488;cd
s19491;Kit_Kat_Den;2016-04-04;2016;04;04;serenas;726433;9842488;cd
s19497;Kit_Kat_Den;2016-04-06;2016;04;06;serenas;726433;9842488;cd
s1950;Runway_Den;2009-04-14;2009;04;14;serenan;723060;9844579;cd
s19501;Kit_Kat_Den;2016-04-07;2016;04;07;serenas;726433;9842488;cd
s19509;Kit_Kat_Den;2016-04-08;2016;04;08;serenas;726433;9842488;cd
s1951;Runway_Den;2009-04-15;2009;04;15;serenan;723060;9844579;cd
s19510;Kit_Kat_Den;2016-04-09;2016;04;09;serenas;726433;9842488;cd
s19512;Kit_Kat_Den;2016-04-11;2016;04;11;serenas;726433;9842488;cd
s19515;Kit_Kat_Den;2016-04-11;2016;04;11;serenas;726433;9842488;cd
s19516;Kit_Kat_Den;2016-04-12;2016;04;12;serenas;726433;9842488;cd
s19520;Kit_Kat_Den;2016-04-13;2016;04;13;serenas;726433;9842488;cd
s19527;Kit_Kat_Den;2016-04-13;2016;04;13;serenas;726433;9842488;cd
s1953;Runway_Den;2009-04-20;2009;04;20;serenan;723060;9844579;cd
s19530;Kit_Kat_Den;2016-04-13;2016;04;13;serenas;726433;9842488;cd
s19536.1;Kit_Kat_Den;2016-04-14;2016;04;14;serenas;726433;9842488;cd
s19543;Kit_Kat_Den;2016-04-15;2016;04;15;serenas;726433;9842488;cd
s19544;Kit_Kat_Den;2016-04-24;2016;04;24;serenas;726433;9842488;cd
s19548;Kit_Kat_Den;2016-04-24;2016;04;24;serenas;726433;9842488;cd
s19549;Kit_Kat_Den;2016-04-24;2016;04;24;serenas;726433;9842488;cd
s19557;Kit_Kat_Den;2016-04-24;2016;04;24;serenas;726433;9842488;cd
s1956;Runway_Den;2009-04-26;2009;04;26;serenan;723060;9844579;cd
s19578;Kit_Kat_Den;2016-04-27;2016;04;27;serenas;726433;9842488;cd
s19580;Kit_Kat_Den;2016-04-28;2016;04;28;serenas;726433;9842488;cd
s19585;Kit_Kat_Den;2016-04-28;2016;04;28;serenas;726433;9842488;cd
s1959;Runway_Den;2009-04-26;2009;04;26;serenan;723060;9844579;cd
s19591;Kit_Kat_Den;2016-04-28;2016;04;28;serenas;726433;9842488;cd
s19592;Kit_Kat_Den;2016-05-01;2016;05;01;serenas;726433;9842488;cd
s19595;Kit_Kat_Den;2016-05-01;2016;05;01;serenas;726433;9842488;cd
s19597;Kit_Kat_Den;2016-05-01;2016;05;01;serenas;726433;9842488;cd
s19603;Kit_Kat_Den;2016-05-01;2016;05;01;serenas;726433;9842488;cd
s19605;Kit_Kat_Den;2016-05-02;2016;05;02;serenas;726433;9842488;cd
s19610;Kit_Kat_Den;2016-05-04;2016;05;04;serenas;726433;9842488;cd
s19616;Kit_Kat_Den;2016-05-04;2016;05;04;serenas;726433;9842488;cd
s19617;Kit_Kat_Den;2016-05-05;2016;05;05;serenas;726433;9842488;cd
s19623;Kit_Kat_Den;2016-05-07;2016;05;07;serenas;726433;9842488;cd
s19624;Kit_Kat_Den;2016-05-08;2016;05;08;serenas;726433;9842488;cd
s19626;Kit_Kat_Den;2016-05-10;2016;05;10;serenas;726433;9842488;cd
s1963;Runway_Den;2009-04-28;2009;04;28;serenan;723060;9844579;cd
s19634;Kit_Kat_Den;2016-05-12;2016;05;12;serenas;726433;9842488;cd
s19641;Kit_Kat_Den;2016-05-12;2016;05;12;serenas;726433;9842488;cd
s19658;Kit_Kat_Den;2016-05-17;2016;05;17;serenas;726433;9842488;cd
s19662;Kit_Kat_Den;2016-05-17;2016;05;17;serenas;726433;9842488;cd
s19664;Kit_Kat_Den;2016-05-18;2016;05;18;serenas;726433;9842488;cd
s1967;Runway_Den;2009-04-30;2009;04;30;serenan;723060;9844579;cd
s19672;Kit_Kat_Den;2016-05-18;2016;05;18;serenas;726433;9842488;cd
s19673;Kit_Kat_Den;2016-05-19;2016;05;19;serenas;726433;9842488;cd
s19677;Kit_Kat_Den;2016-05-19;2016;05;19;serenas;726433;9842488;cd
s19678;Kit_Kat_Den;2016-05-21;2016;05;21;serenas;726433;9842488;cd
s19683;Kit_Kat_Den;2016-05-21;2016;05;21;serenas;726433;9842488;cd
s19685;Kit_Kat_Den;2016-05-22;2016;05;22;serenas;726433;9842488;cd
s19694;Kit_Kat_Den;2016-05-22;2016;05;22;serenas;726433;9842488;cd
s19695;Kit_Kat_Den;2016-05-23;2016;05;23;serenas;726433;9842488;cd
s19707;Kit_Kat_Den;2016-05-24;2016;05;24;serenas;726433;9842488;cd
s19708;Kit_Kat_Den;2016-05-26;2016;05;26;serenas;726433;9842488;cd
s1971;Runway_Den;2009-05-01;2009;05;01;serenan;723060;9844579;cd
s19714;Kit_Kat_Den;2016-05-26;2016;05;26;serenas;726433;9842488;cd
s19715;Kit_Kat_Den;2016-05-30;2016;05;30;serenas;726433;9842488;cd
s19720;Kit_Kat_Den;2016-05-30;2016;05;30;serenas;726433;9842488;cd
s19721;Kit_Kat_Den;2016-05-31;2016;05;31;serenas;726433;9842488;cd
s19722;Kit_Kat_Den;2016-06-01;2016;06;01;serenas;726433;9842488;cd
s19729;Kit_Kat_Den;2016-06-01;2016;06;01;serenas;726433;9842488;cd
s19731;Kit_Kat_Den;2016-06-03;2016;06;03;serenas;726433;9842488;cd
s19743;Kit_Kat_Den;2016-06-03;2016;06;03;serenas;726433;9842488;cd
s19744;Kit_Kat_Den;2016-06-04;2016;06;04;serenas;726433;9842488;cd
s19755;Kit_Kat_Den;2016-06-04;2016;06;04;serenas;726433;9842488;cd
s19757;Kit_Kat_Den;2016-06-06;2016;06;06;serenas;726433;9842488;cd
s19764;Kit_Kat_Den;2016-06-06;2016;06;06;serenas;726433;9842488;cd
s19769;Kit_Kat_Den;2016-06-07;2016;06;07;serenas;726433;9842488;cd
s19770;Kit_Kat_Den;2016-06-07;2016;06;07;serenas;726433;9842488;cd
s19773;Kit_Kat_Den;2016-06-07;2016;06;07;serenas;726433;9842488;cd
s19775;Kit_Kat_Den;2016-06-08;2016;06;08;serenas;726433;9842488;cd
s19778;Kit_Kat_Den;2016-06-09;2016;06;09;serenas;726433;9842488;cd
s19780;Kit_Kat_Den;2016-06-10;2016;06;10;serenas;726433;9842488;cd
s19782;Kit_Kat_Den;2016-06-11;2016;06;11;serenas;726433;9842488;cd
s19789;Kit_Kat_Den;2016-06-12;2016;06;12;serenas;726433;9842488;cd
s1979;Runway_Den;2009-05-02;2009;05;02;serenan;723060;9844579;cd
s19790.1;Kit_Kat_Den;2016-06-12;2016;06;12;serenas;726433;9842488;cd
s19797;Kit_Kat_Den;2016-06-13;2016;06;13;serenas;726433;9842488;cd
s19798;Kit_Kat_Den;2016-06-14;2016;06;14;serenas;726433;9842488;cd
s19799;Kit_Kat_Den;2016-06-15;2016;06;15;serenas;726433;9842488;cd
s19815;Kit_Kat_Den;2016-06-16;2016;06;16;serenas;726433;9842488;cd
s19816;Kit_Kat_Den;2016-06-17;2016;06;17;serenas;726433;9842488;cd
s1982;Runway_Den;2009-05-02;2009;05;02;serenan;723060;9844579;cd
s19821;Kit_Kat_Den;2016-06-17;2016;06;17;serenas;726433;9842488;cd
s19822;Kit_Kat_Den;2016-06-17;2016;06;17;serenas;726433;9842488;cd
s19823;Kit_Kat_Den;2016-06-18;2016;06;18;serenas;726433;9842488;cd
s19831;Kit_Kat_Den;2016-06-18;2016;06;18;serenas;726433;9842488;cd
s19834;Kit_Kat_Den;2016-06-19;2016;06;19;serenas;726433;9842488;cd
s19835;Kit_Kat_Den;2016-06-25;2016;06;25;serenas;726433;9842488;cd
s19836;Kit_Kat_Den;2016-06-26;2016;06;26;serenas;726433;9842488;cd
s19838;Kit_Kat_Den;2016-06-27;2016;06;27;serenas;726433;9842488;cd
s19840;Kit_Kat_Den;2016-06-29;2016;06;29;serenas;726433;9842488;cd
s19848;Kit_Kat_Den;2016-07-05;2016;07;05;serenas;726433;9842488;cd
s1985;Runway_Den;2009-05-03;2009;05;03;serenan;723060;9844579;cd
s19852;Kit_Kat_Den;2016-07-05;2016;07;05;serenas;726433;9842488;cd
s19853;Kit_Kat_Den;2016-07-07;2016;07;07;serenas;726433;9842488;cd
s19856;Kit_Kat_Den;2016-07-07;2016;07;07;serenas;726433;9842488;cd
s19859;Kit_Kat_Den;2016-07-08;2016;07;08;serenas;726433;9842488;cd
s1986;Runway_Den;2009-05-03;2009;05;03;serenan;723060;9844579;cd
s19861;Kit_Kat_Den;2016-07-08;2016;07;08;serenas;726433;9842488;cd
s19865;Kit_Kat_Den;2016-07-10;2016;07;10;serenas;726433;9842488;cd
s1987;Runway_Den;2009-05-04;2009;05;04;serenan;723060;9844579;cd
s19876;Kit_Kat_Den;2016-07-10;2016;07;10;serenas;726433;9842488;cd
s19880;Kit_Kat_Den;2016-07-12;2016;07;12;serenas;726433;9842488;cd
s19884;Colossus_of_Rhodes_Den;2016-07-14;2016;07;14;serenas;725114;9841436;cd
s19886;Kit_Kat_Den;2016-07-14;2016;07;14;serenas;726433;9842488;cd
s19892;Colossus_of_Rhodes_Den;2016-07-14;2016;07;14;serenas;725114;9841436;cd
s19894;Colossus_of_Rhodes_Den;2016-07-16;2016;07;16;serenas;725114;9841436;cd
s19895;Kit_Kat_Den;2016-07-16;2016;07;16;serenas;726433;9842488;cd
s19897;Colossus_of_Rhodes_Den;2016-07-22;2016;07;22;serenas;725114;9841436;cd
s19898;Colossus_of_Rhodes_Den;2016-07-22;2016;07;22;serenas;725114;9841436;cd
s19898.1;FML_Den;2016-07-22;2016;07;22;serenas;725171;9841252;cd
s19902;Colossus_of_Rhodes_Den;2016-07-23;2016;07;23;serenas;725114;9841436;cd
s19904.3;Colossus_of_Rhodes_Den;2016-07-25;2016;07;25;serenas;725114;9841436;cd
s19904.4;Colossus_of_Rhodes_Den;2016-07-25;2016;07;25;serenas;725114;9841436;cd
s19905;FML_Den;2016-07-27;2016;07;27;serenas;725171;9841252;cd
s19905.1;Colossus_of_Rhodes_Den;2016-07-27;2016;07;27;serenas;725114;9841436;cd
s19905.2;FML_Den;2016-07-27;2016;07;27;serenas;725171;9841252;cd
s19908;Colossus_of_Rhodes_Den;2016-07-29;2016;07;29;serenas;725114;9841436;cd
s1991;Runway_Den;2009-05-05;2009;05;05;serenan;723060;9844579;cd
s19910;Colossus_of_Rhodes_Den;2016-07-29;2016;07;29;serenas;725114;9841436;cd
s19912;Colossus_of_Rhodes_Den;2016-07-29;2016;07;29;serenas;725114;9841436;cd
s19913;Colossus_of_Rhodes_Den;2016-07-29;2016;07;29;serenas;725114;9841436;cd
s19914;Colossus_of_Rhodes_Den;2016-07-29;2016;07;29;serenas;725114;9841436;cd
s19922;Ollivander's_Den;2016-07-02;2016;07;02;serenan;719224;9848877;cd
s19933;Ollivander's_Den;2016-07-04;2016;07;04;serenan;719224;9848877;cd
s19939;Ollivander's_Den;2016-07-06;2016;07;06;serenan;719224;9848877;cd
s19949;Ollivander's_Den;2016-07-07;2016;07;07;serenan;719224;9848877;cd
s1995;Runway_Den;2009-05-06;2009;05;06;serenan;723060;9844579;cd
s19953;Ollivander's_Den;2016-07-09;2016;07;09;serenan;719224;9848877;cd
s1996;Runway_Den;2009-05-07;2009;05;07;serenan;723060;9844579;cd
s19961;Ollivander's_Den;2016-07-11;2016;07;11;serenan;719224;9848877;cd
s19967;Ollivander's_Den;2016-07-13;2016;07;13;serenan;719224;9848877;cd
s19971;Ollivander's_Den;2016-07-16;2016;07;16;serenan;719224;9848877;cd
s19979;Ollivander's_Den;2016-07-25;2016;07;25;serenan;719224;9848877;cd
s19985;Ollivander's_Den;2016-07-26;2016;07;26;serenan;719224;9848877;cd
s1999;Runway_Den;2009-05-08;2009;05;08;serenan;723060;9844579;cd
s20002;Ollivander's_Den;2016-07-30;2016;07;30;serenan;719224;9848877;cd
s20007;Ollivander's_Den;2016-08-01;2016;08;01;serenan;719224;9848877;cd
s2001;Runway_Den;2009-05-09;2009;05;09;serenan;723060;9844579;cd
s20015;Ollivander's_Den;2016-08-02;2016;08;02;serenan;719224;9848877;cd
s20018;Ollivander's_Den;2016-08-05;2016;08;05;serenan;719224;9848877;cd
s20027;Ilvermorny_Den;2016-08-06;2016;08;06;serenan;719409;9848777;cd
s2003;Runway_Den;2009-05-09;2009;05;09;serenan;723060;9844579;cd
s20032;Ilvermorny_Den;2016-08-08;2016;08;08;serenan;719409;9848777;cd
s20042;Ilvermorny_Den;2016-08-11;2016;08;11;serenan;719409;9848777;cd
s20063;Ilvermorny_Den;2016-08-15;2016;08;15;serenan;719409;9848777;cd
s20067;Ilvermorny_Den;2016-08-18;2016;08;18;serenan;719409;9848777;cd
s20078;Ilvermorny_Den;2016-08-19;2016;08;19;serenan;719409;9848777;cd
s2008;Runway_Den;2009-05-10;2009;05;10;serenan;723060;9844579;cd
s20081;Ilvermorny_Den;2016-08-22;2016;08;22;serenan;719409;9848777;cd
s20087;Ilvermorny_Den;2016-08-22;2016;08;22;serenan;719409;9848777;cd
s20089;Ilvermorny_Den;2016-08-22;2016;08;22;serenan;719409;9848777;cd
s20096;Ollivander's_Den;2016-08-25;2016;08;25;serenan;719224;9848877;cd
s201;Coincidence_D;2008-10-10;2008;10;10;happyzebra;719522;9837495;cd
s20105;Ollivander's_Den;2016-08-28;2016;08;28;serenan;719224;9848877;cd
s2011;Runway_Den;2009-05-11;2009;05;11;serenan;723060;9844579;cd
s20111;Ollivander's_Den;2016-08-29;2016;08;29;serenan;719224;9848877;cd
s20116;Ollivander's_Den;2016-08-31;2016;08;31;serenan;719224;9848877;cd
s20120;Ollivander's_Den;2016-09-01;2016;09;01;serenan;719224;9848877;cd
s20131;Ollivander's_Den;2016-09-01;2016;09;01;serenan;719224;9848877;cd
s20133;Ollivander's_Den;2016-09-03;2016;09;03;serenan;719224;9848877;cd
s20135;Ollivander's_Den;2016-09-03;2016;09;03;serenan;719224;9848877;cd
s20137;Ollivander's_Den;2016-09-07;2016;09;07;serenan;719224;9848877;cd
s20146;Ollivander's_Den;2016-09-08;2016;09;08;serenan;719224;9848877;cd
s20148;Ollivander's_Den;2016-09-10;2016;09;10;serenan;719224;9848877;cd
s20154;Ollivander's_Den;2016-09-12;2016;09;12;serenan;719224;9848877;cd
s20156;Ollivander's_Den;2016-09-12;2016;09;12;serenan;719224;9848877;cd
s2016;Runway_Den;2009-05-12;2009;05;12;serenan;723060;9844579;cd
s20160;Ollivander's_Den;2016-09-13;2016;09;13;serenan;719224;9848877;cd
s20162;Ollivander's_Den;2016-09-13;2016;09;13;serenan;719224;9848877;cd
s20165;Ollivander's_Den;2016-09-13;2016;09;13;serenan;719224;9848877;cd
s20167;J_Fab_Den;2016-09-16;2016;09;16;serenan;718389;9849092;cd
s2017;Runway_Den;2009-05-13;2009;05;13;serenan;723060;9844579;cd
s20172;IAT_Den;2016-09-21;2016;09;21;serenan;718355;9849119;cd
s20177;J_Fab_Den;2016-09-23;2016;09;23;serenan;718389;9849092;cd
s20186;Colossus_of_Rhodes_Den;2016-08-01;2016;08;01;serenas;725114;9841436;cd
s20188;Colossus_of_Rhodes_Den;2016-08-03;2016;08;03;serenas;725114;9841436;cd
s20189;Colossus_of_Rhodes_Den;2016-08-03;2016;08;03;serenas;725114;9841436;cd
s20194;Colossus_of_Rhodes_Den;2016-08-05;2016;08;05;serenas;725114;9841436;cd
s20195;Colossus_of_Rhodes_Den;2016-08-05;2016;08;05;serenas;725114;9841436;cd
s20196.1;FML_Den;2016-08-07;2016;08;07;serenas;725171;9841252;cd
s20198.1;Portcullis_Den;2016-12-21;2016;12;21;serenas;724448;9842095;d
s20203.2;FML_Den;2016-08-08;2016;08;08;serenas;725171;9841252;cd
s20203.3;Colossus_of_Rhodes_Den;2016-08-08;2016;08;08;serenas;725114;9841436;cd
s20207;Colossus_of_Rhodes_Den;2016-08-11;2016;08;11;serenas;725114;9841436;cd
s20208;Colossus_of_Rhodes_Den;2016-08-11;2016;08;11;serenas;725114;9841436;cd
s20208.1;Colossus_of_Rhodes_Den;2016-08-11;2016;08;11;serenas;725114;9841436;cd
s2021;Runway_Den;2009-05-14;2009;05;14;serenan;723060;9844579;cd
s20215;Colossus_of_Rhodes_Den;2016-08-12;2016;08;12;serenas;725114;9841436;cd
s20216;FML_Den;2016-08-12;2016;08;12;serenas;725171;9841252;cd
s20217;FML_Den;2016-08-14;2016;08;14;serenas;725171;9841252;cd
s20222;FML_Den;2016-08-16;2016;08;16;serenas;725171;9841252;cd
s20225;Colossus_of_Rhodes_Den;2016-08-18;2016;08;18;serenas;725114;9841436;cd
s20226;FML_Den;2016-08-18;2016;08;18;serenas;725171;9841252;cd
s20228;Moat_Den;2016-08-20;2016;08;20;serenas;724573;9842044;cd
s20230;Colossus_of_Rhodes_Den;2016-08-20;2016;08;20;serenas;725114;9841436;cd
s20231;FML_Den;2016-08-20;2016;08;20;serenas;725171;9841252;cd
s20233;FML_Den;2016-08-21;2016;08;21;serenas;725171;9841252;cd
s20235;FML_Den;2016-08-22;2016;08;22;serenas;725171;9841252;cd
s20236;Colossus_of_Rhodes_Den;2016-08-22;2016;08;22;serenas;725114;9841436;cd
s20237;Moat_Den;2016-08-22;2016;08;22;serenas;724573;9842044;cd
s2024;Runway_Den;2009-05-15;2009;05;15;serenan;723060;9844579;cd
s20246;FML_Den;2016-08-23;2016;08;23;serenas;725171;9841252;cd
s20247;Moat_Den;2016-08-24;2016;08;24;serenas;724573;9842044;cd
s20248;FML_Den;2016-08-24;2016;08;24;serenas;725171;9841252;cd
s20249;Moat_Den;2016-08-24;2016;08;24;serenas;724573;9842044;cd
s20252;Moat_Den;2016-08-26;2016;08;26;serenas;724573;9842044;cd
s20259;FML_Den;2016-08-28;2016;08;28;serenas;725171;9841252;cd
s20260;Moat_Den;2016-08-28;2016;08;28;serenas;724573;9842044;cd
s20261;Moat_Den;2016-08-28;2016;08;28;serenas;724573;9842044;cd
s20262;Moat_Den;2016-08-29;2016;08;29;serenas;724573;9842044;cd
s20262.1;Bastion_Den;2016-08-29;2016;08;29;serenas;724676;9842170;cd
s20269;FML_Den;2016-08-30;2016;08;30;serenas;725171;9841252;cd
s20271;Moat_Den;2016-08-30;2016;08;30;serenas;724573;9842044;cd
s20276;Bastion_Den;2016-08-30;2016;08;30;serenas;724676;9842170;cd
s20277;Moat_Den;2016-08-30;2016;08;30;serenas;724573;9842044;cd
s20278;FML_Den;2016-08-30;2016;08;30;serenas;725171;9841252;cd
s20280;Bastion_Den;2016-09-02;2016;09;02;serenas;724676;9842170;cd
s20287;Bastion_Den;2016-09-02;2016;09;02;serenas;724676;9842170;cd
s20288;Moat_Den;2016-09-02;2016;09;02;serenas;724573;9842044;cd
s20290;FML_Den;2016-09-03;2016;09;03;serenas;725171;9841252;cd
s20291;Moat_Den;2016-09-03;2016;09;03;serenas;724573;9842044;cd
s20293;Moat_Den;2016-09-05;2016;09;05;serenas;724573;9842044;cd
s20295;FML_Den;2016-09-06;2016;09;06;serenas;725171;9841252;cd
s20296;Moat_Den;2016-09-06;2016;09;06;serenas;724573;9842044;cd
s20297;Bastion_Den;2016-09-06;2016;09;06;serenas;724676;9842170;cd
s20299;FML_Den;2016-09-08;2016;09;08;serenas;725171;9841252;cd
s20299.2;Moat_Den;2016-09-08;2016;09;08;serenas;724573;9842044;cd
s203;Coincidence_D;2008-10-11;2008;10;11;happyzebra;719522;9837495;cd
s20303;Moat_Den;2016-09-09;2016;09;09;serenas;724573;9842044;cd
s20305;Turret_Den;2016-09-09;2016;09;09;serenas;724950;9842127;cd
s20305.1;Moat_Den;2016-09-09;2016;09;09;serenas;724573;9842044;cd
s20306;Bastion_Den;2016-09-13;2016;09;13;serenas;724676;9842170;cd
s20307;Moat_Den;2016-09-13;2016;09;13;serenas;724573;9842044;cd
s20308;Bastion_Den;2016-09-13;2016;09;13;serenas;724676;9842170;cd
s20310;Bastion_Den;2016-09-17;2016;09;17;serenas;724676;9842170;cd
s20316;Bastion_Den;2016-09-20;2016;09;20;serenas;724676;9842170;cd
s20319;Bastion_Den;2016-09-22;2016;09;22;serenas;724676;9842170;cd
s2032;Runway_Den;2009-05-17;2009;05;17;serenan;723060;9844579;cd
s20320;Bastion_Den;2016-09-24;2016;09;24;serenas;724676;9842170;cd
s20321;Portcullis_Den;2016-09-24;2016;09;24;serenas;724448;9842095;d
s20324;Portcullis_Den;2016-09-25;2016;09;25;serenas;724448;9842095;d
s20325;Bastion_Den;2016-09-25;2016;09;25;serenas;724676;9842170;cd
s20328;Houdini_Den;2016-07-03;2016;07;03;happyzebra;716763;9843937;cd
s20347;Houdini_Den;2016-07-12;2016;07;12;happyzebra;716763;9843937;cd
s2035;Runway_Den;2009-05-25;2009;05;25;serenan;723060;9844579;cd
s20378.1;Cacophony_Den;2016-07-31;2016;07;31;happyzebra;716718;9843752;cd
s2041;Runway_Den;2009-05-30;2009;05;30;serenan;723060;9844579;cd
s20415;Hullabaloo_Den;2016-08-19;2016;08;19;happyzebra;716721;9843423;cd
s2042;Runway_Den;2009-05-31;2009;05;31;serenan;723060;9844579;cd
s20421;Hullabaloo_Den;2016-08-21;2016;08;21;happyzebra;716721;9843423;cd
s20425;Hullabaloo_Den;2016-08-23;2016;08;23;happyzebra;716721;9843423;cd
s20428;Hullabaloo_Den;2016-08-24;2016;08;24;happyzebra;716721;9843423;cd
s20429;Uproar_Den;2016-08-24;2016;08;24;happyzebra;716771;9843244;cd
s20430;Uproar_Den;2016-08-26;2016;08;26;happyzebra;716771;9843244;cd
s20432;Uproar_Den;2016-08-27;2016;08;27;happyzebra;716771;9843244;cd
s20433;Uproar_Den;2016-08-28;2016;08;28;happyzebra;716771;9843244;cd
s20435;Uproar_Den;2016-08-29;2016;08;29;happyzebra;716771;9843244;cd
s20437;Clamor_Den;2016-08-30;2016;08;30;happyzebra;716904;9843283;cd
s20438;Uproar_Den;2016-08-30;2016;08;30;happyzebra;716771;9843244;cd
s20439;Clamor_Den;2016-08-30;2016;08;30;happyzebra;716904;9843283;cd
s2044;Runway_Den;2009-05-31;2009;05;31;serenan;723060;9844579;cd
s20443;Clamor_Den;2016-09-01;2016;09;01;happyzebra;716904;9843283;cd
s20447;Clamor_Den;2016-09-02;2016;09;02;happyzebra;716904;9843283;cd
s20448;Uproar_Den;2016-09-03;2016;09;03;happyzebra;716771;9843244;cd
s20449;Clamor_Den;2016-09-04;2016;09;04;happyzebra;716904;9843283;cd
s20452;Uproar_Den;2016-09-06;2016;09;06;happyzebra;716771;9843244;cd
s20454;Clamor_Den;2016-09-07;2016;09;07;happyzebra;716904;9843283;cd
s20456;Clamor_Den;2016-09-09;2016;09;09;happyzebra;716904;9843283;cd
s20459;Clamor_Den;2016-09-11;2016;09;11;happyzebra;716904;9843283;cd
s2046;Runway_Den;2009-07-28;2009;07;28;serenan;723060;9844579;cd
s20460;Clamor_Den;2016-09-15;2016;09;15;happyzebra;716904;9843283;cd
s20464;Clamor_Den;2016-09-15;2016;09;15;happyzebra;716904;9843283;cd
s20468;Hubbub_Den;2016-09-18;2016;09;18;happyzebra;716847;9843520;cd
s20472;Extortion_Den;2016-09-21;2016;09;21;happyzebra;717163;9843805;cd
s20474;Extortion_Den;2016-09-23;2016;09;23;happyzebra;717163;9843805;cd
s20478;Extortion_Den;2016-09-25;2016;09;25;happyzebra;717163;9843805;cd
s2048;Runway_Den;2009-06-03;2009;06;03;serenan;723060;9844579;cd
s20480;Extortion_Den;2016-09-29;2016;09;29;happyzebra;717163;9843805;cd
s20488;Judith_Den2;2016-10-03;2016;10;03;serenan;718910;9849244;cd
s20495;Judith_Den2;2016-10-04;2016;10;04;serenan;718910;9849244;cd
s2050;Runway_Den;2009-06-04;2009;06;04;serenan;723060;9844579;cd
s20516;Judith_Den2;2016-10-10;2016;10;10;serenan;718910;9849244;cd
s2052;Runway_Den;2009-06-04;2009;06;04;serenan;723060;9844579;cd
s20520;Judith_Den;2016-10-14;2016;10;14;serenan;718861;9849286;cd
s20534;Judith_Den;2016-10-19;2016;10;19;serenan;718861;9849286;cd
s20539;Judith_Den;2016-10-21;2016;10;21;serenan;718861;9849286;cd
s20543;Judith_Den;2016-10-22;2016;10;22;serenan;718861;9849286;cd
s20544;Judith_Den;2016-10-24;2016;10;24;serenan;718861;9849286;cd
s2055;Runway_Den;2009-06-06;2009;06;06;serenan;723060;9844579;cd
s20557;Judith_Den2;2016-10-25;2016;10;25;serenan;718910;9849244;cd
s20561;Judith_Den2;2016-10-27;2016;10;27;serenan;718910;9849244;cd
s20566;Judith_Den2;2016-10-28;2016;10;28;serenan;718910;9849244;cd
s20568;Judith_Den;2016-10-28;2016;10;28;serenan;718861;9849286;cd
s2057;Runway_Den;2009-06-07;2009;06;07;serenan;723060;9844579;cd
s20570;Judith_Den2;2016-10-30;2016;10;30;serenan;718910;9849244;cd
s20574;Judith_Den;2016-11-02;2016;11;02;serenan;718861;9849286;cd
s20584;Judith_Den2;2016-11-07;2016;11;07;serenan;718910;9849244;cd
s20588;Judith_Den;2016-11-08;2016;11;08;serenan;718861;9849286;cd
s2059;Runway_Den;2009-06-08;2009;06;08;serenan;723060;9844579;cd
s20602;Judith_Den;2016-11-15;2016;11;15;serenan;718861;9849286;cd
s20605;Judith_Den;2016-11-18;2016;11;18;serenan;718861;9849286;cd
s20613;Judith_Den;2016-11-20;2016;11;20;serenan;718861;9849286;cd
s20616;Judith_Den2;2016-11-22;2016;11;22;serenan;718910;9849244;cd
s2062;Runway_Den;2009-06-08;2009;06;08;serenan;723060;9844579;cd
s20629;Judith_Den;2016-12-11;2016;12;11;serenan;718861;9849286;cd
s20635;Judith_Den;2016-12-13;2016;12;13;serenan;718861;9849286;cd
s20638;Judith_Den;2016-12-14;2016;12;14;serenan;718861;9849286;cd
s20643;Judith_Den;2016-12-18;2016;12;18;serenan;718861;9849286;cd
s20646;Judith_Den;2016-12-21;2016;12;21;serenan;718861;9849286;cd
s20652;Judith_Den;2016-12-28;2016;12;28;serenan;718861;9849286;cd
s20656;Portcullis_Den;2016-10-02;2016;10;02;serenas;724448;9842095;d
s20664;Portcullis_Den;2016-10-08;2016;10;08;serenas;724448;9842095;d
s20669;Portcullis_Den;2016-10-09;2016;10;09;serenas;724448;9842095;d
s20672;Portcullis_Den;2016-10-13;2016;10;13;serenas;724448;9842095;d
s20673;Portcullis_Den;2016-10-15;2016;10;15;serenas;724448;9842095;d
s20683;Portcullis_Den;2016-10-16;2016;10;16;serenan;724448;9842095;d
s20684;Portcullis_Den;2016-10-18;2016;10;18;serenas;724448;9842095;d
s20689;Portcullis_Den;2016-10-20;2016;10;20;serenas;724448;9842095;d
s2069;Runway_Den;2009-06-09;2009;06;09;serenan;723060;9844579;cd
s20695;Portcullis_Den;2016-10-21;2016;10;21;serenas;724448;9842095;d
s20697;Portcullis_Den;2016-10-23;2016;10;23;serenas;724448;9842095;d
s2070;Runway_Den;2009-06-10;2009;06;10;serenan;723060;9844579;cd
s20707;Portcullis_Den;2016-10-24;2016;10;24;serenas;724448;9842095;d
s20708;Portcullis_Den;2016-10-26;2016;10;26;serenas;724448;9842095;d
s2072;Runway_Den;2009-06-10;2009;06;10;serenan;723060;9844579;cd
s20721;Portcullis_Den;2016-10-27;2016;10;27;serenas;724448;9842095;d
s20722;Portcullis_Den;2016-10-29;2016;10;29;serenas;724448;9842095;d
s20732;Portcullis_Den;2016-11-01;2016;11;01;serenas;724448;9842095;d
s20733;Portcullis_Den;2016-11-03;2016;11;03;serenas;724448;9842095;d
s20736;Portcullis_Den;2016-11-04;2016;11;04;serenas;724448;9842095;d
s2074;Runway_Den;2009-06-11;2009;06;11;serenan;723060;9844579;cd
s20742;Portcullis_Den;2016-11-06;2016;11;06;serenas;724448;9842095;d
s20746;Portcullis_Den;2016-11-08;2016;11;08;serenas;724448;9842095;d
s2075;Runway_Den;2009-06-11;2009;06;11;serenan;723060;9844579;cd
s20750;Portcullis_Den;2016-11-10;2016;11;10;serenas;724448;9842095;d
s20757;Portcullis_Den;2016-11-14;2016;11;14;serenas;724448;9842095;d
s20758.1;Portcullis_Den;2016-11-16;2016;11;16;serenas;724448;9842095;d
s2076;Runway_Den;2009-06-12;2009;06;12;serenan;723060;9844579;cd
s20767;Portcullis_Den;2016-11-18;2016;11;18;serenas;724448;9842095;d
s20769;Portcullis_Den;2016-11-21;2016;11;21;serenas;724448;9842095;d
s20780;Portcullis_Den;2016-11-29;2016;11;29;serenas;724448;9842095;d
s20782;Portcullis_Den;2016-12-10;2016;12;10;serenas;724448;9842095;d
s20783;Portcullis_Den;2016-12-12;2016;12;12;serenas;724448;9842095;d
s20789;Portcullis_Den;2016-12-13;2016;12;13;serenas;724448;9842095;d
s2079;Runway_Den;2009-06-13;2009;06;13;serenan;723060;9844579;cd
s20790;Portcullis_Den;2016-12-15;2016;12;15;serenas;724448;9842095;d
s20792;Portcullis_Den;2016-12-17;2016;12;17;serenas;724448;9842095;d
s208;Coincidence_D;2008-10-11;2008;10;11;happyzebra;719522;9837495;cd
s20805;Portcullis_Den;2016-12-22;2016;12;22;serenas;724448;9842095;d
s20806;Moat_Den;2016-12-27;2016;12;27;serenas;724573;9842044;cd
s20811;Portcullis_Den;2016-12-29;2016;12;29;serenas;724448;9842095;d
s20817.1;Uproar_Den;2016-10-06;2016;10;06;happyzebra;716771;9843244;cd
s20821;Tiny_Violet_Princess_Den;2016-10-08;2016;10;08;happyzebra;716339;9843900;cd
s20825;Tiny_Violet_Princess_Den;2016-10-11;2016;10;11;happyzebra;716339;9843900;cd
s20827;Tiny_Violet_Princess_Den;2016-10-14;2016;10;14;happyzebra;716339;9843900;cd
s20830;Tiny_Violet_Princess_Den;2016-10-15;2016;10;15;happyzebra;716339;9843900;cd
s2085;Runway_Den;2009-06-18;2009;06;18;serenan;723060;9844579;cd
s20851;Nogales_Den;2016-10-28;2016;10;28;happyzebra;716267;9842643;cd
s20856;Nogales_Den;2016-10-29;2016;10;29;happyzebra;716267;9842643;cd
s20857;Nogales_Den;2016-10-31;2016;10;31;happyzebra;716267;9842643;cd
s20862;Nogales_Den;2016-11-02;2016;11;02;happyzebra;716267;9842643;cd
s20863;Windsor_Den;2016-11-05;2016;11;05;happyzebra;716432;9842596;cd
s20866;Windsor_Den;2016-11-06;2016;11;06;happyzebra;716432;9842596;cd
s20869;Windsor_Den;2016-11-07;2016;11;07;happyzebra;716432;9842596;cd
s20871;Windsor_Den;2016-11-09;2016;11;09;happyzebra;716432;9842596;cd
s20874;Windsor_Den;2016-11-09;2016;11;09;happyzebra;716432;9842596;cd
s20877;Windsor_Den;2016-11-15;2016;11;15;happyzebra;716432;9842596;cd
s20882;Windsor_Den;2016-11-17;2016;11;17;happyzebra;716432;9842596;cd
s20885;Windsor_Den;2016-11-20;2016;11;20;happyzebra;716432;9842596;cd
s20891;Windsor_Den;2016-11-21;2016;11;21;happyzebra;716432;9842596;cd
s20894;Windsor_Den;2016-11-22;2016;11;22;happyzebra;716432;9842596;cd
s20897;Calexico_Den;2016-12-08;2016;12;08;happyzebra;716384;9842738;cd
s20898;Windsor_Den;2016-12-08;2016;12;08;happyzebra;716432;9842596;cd
s20899;Calexico_Den;2016-12-08;2016;12;08;happyzebra;716384;9842738;cd
s20900;Windsor_Den;2016-12-08;2016;12;08;happyzebra;716432;9842596;cd
s20901;Calexico_Den;2016-12-08;2016;12;08;happyzebra;716384;9842738;cd
s20907;Calexico_Den;2016-12-12;2016;12;12;happyzebra;716384;9842738;cd
s20909;Calexico_Den;2016-12-14;2016;12;14;happyzebra;716384;9842738;cd
s2091;Runway_Den;2009-06-20;2009;06;20;serenan;723060;9844579;cd
s20910;Windsor_Den;2016-12-14;2016;12;14;happyzebra;716432;9842596;cd
s20913;Windsor_Den;2016-12-16;2016;12;16;happyzebra;716432;9842596;cd
s20915;Windsor_Den;2016-12-17;2016;12;17;happyzebra;716432;9842596;cd
s20918;Windsor_Den;2016-12-20;2016;12;20;happyzebra;716432;9842596;cd
s20926;Windsor_Den;2016-12-24;2016;12;24;serenan;716432;9842596;cd
s20933;Windsor_Den;2016-12-28;2016;12;28;happyzebra;716432;9842596;cd
s20937;Windsor_Den;2016-12-29;2016;12;29;happyzebra;716432;9842596;cd
s20943;Judith_Den;2017-01-01;2017;01;01;serenan;718861;9849286;cd
s20946;Judith_Den;2017-01-04;2017;01;04;serenan;718861;9849286;cd
s20949;Judith_Den;2017-01-05;2017;01;05;serenan;718861;9849286;cd
s20957;Judith_Den;2017-01-07;2017;01;07;serenan;718861;9849286;cd
s20964;Judith_Den;2017-01-09;2017;01;09;serenan;718861;9849286;cd
s20973;Judith_Den;2017-01-11;2017;01;11;serenan;718861;9849286;cd
s20976;Judith_Den;2017-01-13;2017;01;13;serenan;718861;9849286;cd
s20984;Judith_Den;2017-01-17;2017;01;17;serenan;718861;9849286;cd
s20992;Judith_Den;2017-01-23;2017;01;23;serenan;718861;9849286;cd
s20994;Judith_Den;2017-01-23;2017;01;23;serenan;718861;9849286;cd
s20998;Judith_Den;2017-01-26;2017;01;26;serenan;718861;9849286;cd
s21007;J_Fab_Den;2017-02-09;2017;02;09;serenan;718389;9849092;cd
s21012;J_Fab_Den;2017-02-11;2017;02;11;serenan;718389;9849092;cd
s21017;J_Fab_Den;2017-02-11;2017;02;11;serenan;718389;9849092;cd
s21018;IAT_Den;2017-02-19;2017;02;19;serenan;718355;9849119;cd
s2102;Runway_Den;2009-06-23;2009;06;23;serenan;723060;9844579;cd
s21022;IAT_Den;2017-02-23;2017;02;23;serenan;718355;9849119;cd
s21026;IAT_Den;2017-02-24;2017;02;24;serenan;718355;9849119;cd
s21037;J_Fab_Den;2017-03-06;2017;03;06;serenan;718389;9849092;cd
s21042;J_Fab_Den;2017-03-11;2017;03;11;serenan;718389;9849092;cd
s21043;IAT_Den;2017-03-12;2017;03;12;serenan;718355;9849119;cd
s21045;J_Fab_Den;2017-03-14;2017;03;14;serenan;718389;9849092;cd
s21049;J_Fab_Den;2017-03-15;2017;03;15;serenan;718389;9849092;cd
s2105;Runway_Den;2009-06-24;2009;06;24;serenan;723060;9844579;cd
s21055;J_Fab_Den;2017-03-18;2017;03;18;serenan;718389;9849092;cd
s21058;IAT_Den;2017-03-31;2017;03;31;serenan;718355;9849119;cd
s21061;Portcullis_Den;2017-01-01;2017;01;01;serenas;724448;9842095;d
s21062;Portcullis_Den;2017-01-05;2017;01;05;serenas;724448;9842095;d
s21063;Moat_Den;2017-01-05;2017;01;05;serenas;724573;9842044;cd
s21070;Moat_Den;2017-01-06;2017;01;06;serenas;724573;9842044;cd
s21083;Moat_Den;2017-01-13;2017;01;13;serenas;724573;9842044;cd
s21084;Portcullis_Den;2017-01-13;2017;01;13;serenas;724448;9842095;d
s21088;Portcullis_Den;2017-01-15;2017;01;15;serenas;724448;9842095;d
s21094;Portcullis_Den;2017-01-18;2017;01;18;serenas;724448;9842095;d
s21099;Portcullis_Den;2017-01-19;2017;01;19;serenas;724448;9842095;d
s2110;Runway_Den;2009-06-25;2009;06;25;serenan;723060;9844579;cd
s21101;Portcullis_Den;2017-01-22;2017;01;22;serenas;724448;9842095;d
s21106;Portcullis_Den;2017-01-24;2017;01;24;serenas;724448;9842095;d
s21111;Portcullis_Den;2017-01-25;2017;01;25;serenas;724448;9842095;d
s21113;Portcullis_Den;2017-01-27;2017;01;27;serenas;724448;9842095;d
s21128;Portcullis_Den;2017-02-10;2017;02;10;serenas;724448;9842095;d
s2113;Runway_Den;2009-06-27;2009;06;27;serenan;723060;9844579;cd
s21130;Portcullis_Den;2017-02-18;2017;02;18;serenas;724448;9842095;d
s21133;TSA_Den;2017-02-18;2017;02;18;serenas;724439;9841751;cd
s21141;Portcullis_Den;2017-02-22;2017;02;22;serenas;724448;9842095;d
s21142;Portcullis_Den;2017-02-22;2017;02;22;serenas;724448;9842095;d
s21144;Bastion_Den;2017-02-25;2017;02;25;serenas;724676;9842170;cd
s2115;Runway_Den;2009-06-28;2009;06;28;serenan;723060;9844579;cd
s21153;Hanging_Gardens_Den;2017-03-07;2017;03;07;serenas;724783;9841530;cd
s21162;Hanging_Gardens_Den;2017-03-08;2017;03;08;serenas;724783;9841530;cd
s21163;Hanging_Gardens_Den;2017-03-10;2017;03;10;serenas;724783;9841530;cd
s21172;Hanging_Gardens_Den;2017-03-11;2017;03;11;serenas;724783;9841530;cd
s21173.1;Hanging_Gardens_Den;2017-03-13;2017;03;13;serenas;724783;9841530;cd
s21178;Hanging_Gardens_Den;2017-03-18;2017;03;18;serenas;724783;9841530;cd
s21180;Hanging_Gardens_Den;2017-03-19;2017;03;19;serenas;724783;9841530;cd
s21185;Windsor_Den;2017-01-02;2017;01;02;happyzebra;716432;9842596;cd
s21189;Windsor_Den;2017-01-04;2017;01;04;happyzebra;716432;9842596;cd
s21189.1;Windsor_Den;2017-01-06;2017;01;06;happyzebra;716432;9842596;cd
s2119;Runway_Den;2009-06-28;2009;06;28;serenan;723060;9844579;cd
s21194;Texarkana_Den;2017-01-07;2017;01;07;happyzebra;716373;9842739;cd
s21197;Windsor_Den;2017-01-10;2017;01;10;happyzebra;716432;9842596;cd
s21198;Windsor_Den;2017-01-12;2017;01;12;happyzebra;716432;9842596;cd
s21202;Windsor_Den;2017-01-16;2017;01;16;happyzebra;716432;9842596;cd
s21204;Windsor_Den;2017-01-20;2017;01;20;happyzebra;716432;9842596;cd
s21209;Windsor_Den;2017-01-23;2017;01;23;happyzebra;716432;9842596;cd
s21213;Windsor_Den;2017-01-24;2017;01;24;happyzebra;716432;9842596;cd
s21219;Windsor_Den;2017-01-26;2017;01;26;happyzebra;716432;9842596;cd
s21220;Windsor_Den;2017-02-05;2017;02;05;happyzebra;716432;9842596;cd
s21225;Windsor_Den;2017-02-05;2017;02;05;happyzebra;716432;9842596;cd
s21228;Windsor_Den;2017-02-07;2017;02;07;happyzebra;716432;9842596;cd
s21235;Windsor_Den;2017-02-10;2017;02;10;happyzebra;716432;9842596;cd
s21238;Windsor_Den;2017-02-18;2017;02;18;happyzebra;716432;9842596;cd
s2124;Runway_Den;2009-07-02;2009;07;02;serenan;723060;9844579;cd
s21243;Windsor_Den;2017-02-19;2017;02;19;happyzebra;716432;9842596;cd
s21263;Windsor_Den;2017-03-02;2017;03;02;happyzebra;716432;9842596;cd
s21289;Angry_Ele_Den;2017-03-17;2017;03;17;happyzebra;718523;9844405;cd
s21290;Angry_Ele_Den;2017-03-18;2017;03;18;happyzebra;718523;9844405;cd
s21295;J_Fab_Den;2017-04-02;2017;04;02;serenan;718389;9849092;cd
s21298;J_Fab_Den;2017-04-04;2017;04;04;serenan;718389;9849092;cd
s2130;Runway_Den;2009-07-03;2009;07;03;serenan;723060;9844579;cd
s21303;IAT_Den;2017-04-06;2017;04;06;serenan;718355;9849119;cd
s21306;J_Fab_Den;2017-04-08;2017;04;08;serenan;718389;9849092;cd
s21309;IAT_Den;2017-04-10;2017;04;10;serenan;718355;9849119;cd
s21312;J_Fab_Den;2017-04-12;2017;04;12;serenan;718389;9849092;cd
s21316;IAT_Den;2017-04-14;2017;04;14;serenan;718355;9849119;cd
s21325;J_Fab_Den;2017-04-17;2017;04;17;serenan;718389;9849092;cd
s21327;J_Fab_Den;2017-05-02;2017;05;02;serenan;718389;9849092;cd
s21335;J_Fab_Den;2017-05-07;2017;05;07;serenan;718389;9849092;cd
s21338;J_Fab_Den;2017-05-08;2017;05;08;serenan;718389;9849092;cd
s2134;Runway_Den;2009-07-04;2009;07;04;serenan;723060;9844579;cd
s21344;IAT_Den;2017-05-11;2017;05;11;serenan;718355;9849119;cd
s21348;J_Fab_Den;2017-05-16;2017;05;16;serenan;718389;9849092;cd
s21352;J_Fab_Den;2017-05-19;2017;05;19;serenan;718389;9849092;cd
s21358;J_Fab_Den;2017-05-20;2017;05;20;serenan;718389;9849092;cd
s2136;Runway_Den;2009-07-05;2009;07;05;serenan;723060;9844579;cd
s21365;J_Fab_Den;2017-05-22;2017;05;22;serenan;718389;9849092;cd
s21370;J_Fab_Den;2017-05-24;2017;05;24;serenan;718389;9849092;cd
s21379;J_Fab_Den;2017-05-25;2017;05;25;serenan;718389;9849092;cd
s21383;J_Fab_Den;2017-05-27;2017;05;27;serenan;718389;9849092;cd
s21392;J_Fab_Den;2017-05-30;2017;05;30;serenan;718389;9849092;cd
s21402;J_Fab_Den;2017-06-02;2017;06;02;serenan;718389;9849092;cd
s21405;J_Fab_Den;2017-06-04;2017;06;04;serenan;718389;9849092;cd
s21411;IAT_Den;2017-06-11;2017;06;11;serenan;718355;9849119;cd
s21417;J_Fab_Den;2017-06-14;2017;06;14;serenan;718389;9849092;cd
s21421;J_Fab_Den;2017-06-16;2017;06;16;serenan;718389;9849092;cd
s21427;J_Fab_Den;2017-06-17;2017;06;17;serenan;718389;9849092;cd
s21433;J_Fab_Den;2017-06-18;2017;06;18;serenan;718389;9849092;cd
s21438;J_Fab_Den;2017-06-19;2017;06;19;serenan;718389;9849092;cd
s21440;J_Fab_Den;2017-06-20;2017;06;20;serenan;718389;9849092;cd
s21444;J_Fab_Den;2017-06-21;2017;06;21;serenan;718389;9849092;cd
s21448;J_Fab_Den;2017-06-22;2017;06;22;serenan;718389;9849092;cd
s21465;J_Fab_Den;2017-06-25;2017;06;25;serenan;718389;9849092;cd
s21468;J_Fab_Den;2017-06-25;2017;06;25;serenan;718389;9849092;cd
s21475;J_Fab_Den;2017-06-28;2017;06;28;serenan;718389;9849092;cd
s21482;J_Fab_Den;2017-06-28;2017;06;28;serenan;718389;9849092;cd
s21483;J_Fab_Den;2017-06-30;2017;06;30;serenan;718389;9849092;cd
s21487;J_Fab_Den;2017-06-30;2017;06;30;serenan;718389;9849092;cd
s21493;Hanging_Gardens_Den;2017-04-03;2017;04;03;serenas;724783;9841530;cd
s21495;Hanging_Gardens_Den;2017-04-05;2017;04;05;serenas;724783;9841530;cd
s21499;Hanging_Gardens_Den;2017-04-07;2017;04;07;serenan;724783;9841530;cd
s215;Coincidence_D;2008-10-31;2008;10;31;happyzebra;719522;9837495;cd
s2150;Runway_Den;2009-07-10;2009;07;10;serenan;723060;9844579;cd
s21513;Hanging_Gardens_Den;2017-04-17;2017;04;17;serenas;724783;9841530;cd
s21523;Defenestrate_Den2;2017-05-05;2017;05;05;serenas;725495;9841916;cd
s21524;Defenestrate_Den2;2017-05-06;2017;05;06;serenas;725495;9841916;cd
s21530;Ugli_Den;2017-05-08;2017;05;08;serenas;726305;9842484;d
s21532;Ugli_Den;2017-05-09;2017;05;09;serenas;726305;9842484;d
s21533;Ugli_Den;2017-05-11;2017;05;11;serenas;726305;9842484;d
s2154;Runway_Den;2009-07-13;2009;07;13;serenan;723060;9844579;cd
s21542;Ugli_Den;2017-05-12;2017;05;12;serenas;726305;9842484;d
s21544;Ugli_Den;2017-05-21;2017;05;21;serenas;726305;9842484;d
s21545;Ugli_Den;2017-05-23;2017;05;23;serenas;726305;9842484;d
s21546;Ugli_Den;2017-05-24;2017;05;24;serenas;726305;9842484;d
s21556;Ugli_Den;2017-05-24;2017;05;24;serenas;726305;9842484;d
s21559;Ugli_Den;2017-05-26;2017;05;26;serenas;726305;9842484;d
s21572.1;Ugli_Den;2017-05-27;2017;05;27;serenas;726305;9842484;d
s2158;Runway_Den;2009-07-13;2009;07;13;serenan;723060;9844579;cd
s21588;Ugli_Den;2017-05-30;2017;05;30;serenas;726305;9842484;d
s21592;Ugli_Den;2017-06-01;2017;06;01;serenas;726305;9842484;d
s21595;Ugli_Den;2017-06-01;2017;06;01;serenas;726305;9842484;d
s21596;Ugli_Den;2017-06-03;2017;06;03;serenas;726305;9842484;d
s21602.1;Ugli_Den;2017-06-04;2017;06;04;serenas;726305;9842484;d
s21604;Ugli_Den;2017-06-07;2017;06;07;serenas;726305;9842484;d
s2161;Runway_Den;2009-07-15;2009;07;15;serenan;723060;9844579;cd
s21612;Ugli_Den;2017-06-07;2017;06;07;serenas;726305;9842484;d
s21620;Ugli_Den;2017-06-10;2017;06;10;serenas;726305;9842484;d
s21621;Ugli_Den;2017-06-12;2017;06;12;serenas;726305;9842484;d
s21625;Ugli_Den;2017-06-12;2017;06;12;serenas;726305;9842484;d
s21630;Ugli_Den;2017-06-15;2017;06;15;serenas;726305;9842484;d
s21634;Ugli_Den;2017-06-16;2017;06;16;serenas;726305;9842484;d
s21635;Ugli_Den;2017-06-18;2017;06;18;serenas;726305;9842484;d
s21641;Suzi_Den_3;2017-06-19;2017;06;19;serenas;726324;9842426;cd
s21647;Suzi_Den_3;2017-06-20;2017;06;20;serenas;726324;9842426;cd
s21655;Suzi_Den_3;2017-06-20;2017;06;20;serenas;726324;9842426;cd
s21659;Suzi_Den_3;2017-06-20;2017;06;20;serenas;726324;9842426;cd
s21660;Suzi_Den_3;2017-06-21;2017;06;21;serenas;726324;9842426;cd
s21669;Ugli_Den;2017-06-22;2017;06;22;serenas;726305;9842484;d
s2167;Runway_Den;2009-07-16;2009;07;16;serenan;723060;9844579;cd
s21671;Suzi_Den_3;2017-06-22;2017;06;22;serenas;726324;9842426;cd
s21673;Ugli_Den;2017-06-22;2017;06;22;serenas;726305;9842484;d
s21675;Suzi_Den_3;2017-06-23;2017;06;23;serenas;726324;9842426;cd
s21685;Ugli_Den;2017-06-23;2017;06;23;serenas;726305;9842484;d
s21687;Suzi_Den_3;2017-06-25;2017;06;25;serenas;726324;9842426;cd
s2169;Runway_Den;2009-07-17;2009;07;17;serenan;723060;9844579;cd
s21692;Suzi_Den_3;2017-06-26;2017;06;26;serenas;726324;9842426;cd
s21697;Ugli_Den;2017-06-26;2017;06;26;serenas;726305;9842484;d
s21698;Suzi_Den_3;2017-06-26;2017;06;26;serenas;726324;9842426;cd
s21701;Ugli_Den;2017-06-26;2017;06;26;serenas;726305;9842484;d
s21703;Suzi_Den_3;2017-06-27;2017;06;27;serenas;726324;9842426;cd
s21706;Ugli_Den;2017-06-27;2017;06;27;serenas;726305;9842484;d
s2171;Airstrip_Den;2009-07-17;2009;07;17;serenan;723463;9844931;d
s21711;Ugli_Den;2017-06-27;2017;06;27;serenas;726305;9842484;d
s21712;Suzi_Den_3;2017-06-27;2017;06;27;serenas;726324;9842426;cd
s21714;Ugli_Den;2017-06-27;2017;06;27;serenas;726305;9842484;d
s21716;Suzi_Den_3;2017-06-27;2017;06;27;serenas;726324;9842426;cd
s21718;Suzi_Den_3;2017-06-27;2017;06;27;serenas;726324;9842426;cd
s21720;Ugli_Den;2017-06-29;2017;06;29;serenas;726305;9842484;d
s21727;Suzi_Den_3;2017-06-30;2017;06;30;serenas;726324;9842426;cd
s2173;Runway_Den;2009-07-17;2009;07;17;serenan;723060;9844579;cd
s21731;Suzi_Den_3;2017-06-30;2017;06;30;serenas;726324;9842426;cd
s21734;Ugli_Den;2017-06-30;2017;06;30;serenas;726305;9842484;d
s21736;Angry_Ele_Den;2017-04-01;2017;04;01;happyzebra;718523;9844405;cd
s21738;Angry_Ele_Den;2017-04-03;2017;04;03;happyzebra;718523;9844405;cd
s21739;Angry_Ele_Den;2017-04-03;2017;04;03;happyzebra;718523;9844405;cd
s2174;Airstrip_Den;2009-07-18;2009;07;18;serenan;723463;9844931;d
s21740;Angry_Ele_Den;2017-04-07;2017;04;07;happyzebra;718523;9844405;cd
s21742;Angry_Ele_Den;2017-04-11;2017;04;11;happyzebra;718523;9844405;cd
s21743;Ugli_Den;2017-04-13;2017;04;13;happyzebra;726305;9842484;d
s21744;Ugli_Den;2017-04-15;2017;04;15;happyzebra;726305;9842484;d
s21747;Angry_Ele_Den;2017-05-01;2017;05;01;happyzebra;718523;9844405;cd
s21749;Angry_Ele_Den;2017-05-04;2017;05;04;happyzebra;718523;9844405;cd
s21751;Angry_Ele_Den;2017-05-06;2017;05;06;happyzebra;718523;9844405;cd
s21753;Angry_Ele_Den_2;2017-05-07;2017;05;07;happyzebra;718503;9844377;cd
s21754;Angry_Ele_Den_2;2017-05-09;2017;05;09;happyzebra;718503;9844377;cd
s21756;Angry_Ele_Den_2;2017-05-10;2017;05;10;happyzebra;718503;9844377;cd
s2176;Airstrip_Den;2009-07-18;2009;07;18;serenan;723463;9844931;d
s21760;Angry_Ele_Den;2017-05-12;2017;05;12;happyzebra;718523;9844405;cd
s21761;Angry_Ele_Den_2;2017-05-14;2017;05;14;happyzebra;718503;9844377;cd
s21762;Angry_Ele_Den_2;2017-05-20;2017;05;20;happyzebra;718503;9844377;cd
s21763;Angry_Ele_Den;2017-05-22;2017;05;22;happyzebra;718523;9844405;cd
s2177;Runway_Den;2009-07-19;2009;07;19;serenan;723060;9844579;cd
s21771;Angry_Ele_Den_2;2017-05-23;2017;05;23;happyzebra;718503;9844377;cd
s21773;Angry_Ele_Den_2;2017-05-26;2017;05;26;happyzebra;718503;9844377;cd
s21775;Angry_Ele_Den_2;2017-05-26;2017;05;26;happyzebra;718503;9844377;cd
s21777;Angry_Ele_Den_2;2017-05-29;2017;05;29;happyzebra;718503;9844377;cd
s21781;Angry_Ele_Den_2;2017-05-29;2017;05;29;happyzebra;718503;9844377;cd
s21782;Angry_Ele_Den_2;2017-05-31;2017;05;31;happyzebra;718503;9844377;cd
s21784.1;Angry_Ele_Den_2;2017-06-02;2017;06;02;happyzebra;718503;9844377;cd
s21786;Angry_Ele_Den_2;2017-06-03;2017;06;03;happyzebra;718503;9844377;cd
s21788;Angry_Ele_Den;2017-06-07;2017;06;07;happyzebra;718523;9844405;cd
s21792;Angry_Ele_Den_2;2017-06-10;2017;06;10;happyzebra;718503;9844377;cd
s21794;Angry_Ele_Den_2;2017-06-12;2017;06;12;happyzebra;718503;9844377;cd
s21795;Lugga_Den;2017-06-12;2017;06;12;happyzebra;718649;9844548;cd
s21796;Angry_Ele_Den_2;2017-06-12;2017;06;12;happyzebra;718503;9844377;cd
s21800;Angry_Ele_Den_2;2017-06-13;2017;06;13;happyzebra;718503;9844377;cd
s21801;Lugga_Den;2017-06-13;2017;06;13;happyzebra;718649;9844548;cd
s21804;Angry_Ele_Den_2;2017-06-15;2017;06;15;happyzebra;718503;9844377;cd
s21810;Angry_Ele_Den_2;2017-06-17;2017;06;17;happyzebra;718503;9844377;cd
s21815;Angry_Ele_Den;2017-06-19;2017;06;19;happyzebra;718523;9844405;cd
s21817;Angry_Ele_Den;2017-06-21;2017;06;21;happyzebra;718523;9844405;cd
s2182;Airstrip_Den;2009-07-20;2009;07;20;serenan;723463;9844931;d
s21821;Angry_Ele_Den_2;2017-06-21;2017;06;21;happyzebra;718503;9844377;cd
s21823;Lugga_Den2;2017-06-21;2017;06;21;happyzebra;718624;9844590;cd
s21828;Lugga_Den2;2017-06-21;2017;06;21;happyzebra;718624;9844590;cd
s21830;Angry_Ele_Den_2;2017-06-23;2017;06;23;happyzebra;718503;9844377;cd
s21832;Lugga_Den2;2017-06-25;2017;06;25;happyzebra;718624;9844590;cd
s21836;Lugga_Den2;2017-06-27;2017;06;27;happyzebra;718624;9844590;cd
s21837;Angry_Ele_Den;2017-06-27;2017;06;27;happyzebra;718523;9844405;cd
s21842;Lugga_Den;2017-06-28;2017;06;28;happyzebra;718649;9844548;cd
s21843;Lugga_Den;2017-06-28;2017;06;28;happyzebra;718649;9844548;cd
s21845;Lugga_Den2;2017-06-29;2017;06;29;happyzebra;718624;9844590;cd
s21847;Lugga_Den;2017-07-01;2017;07;01;happyzebra;718649;9844548;cd
s21849;Lugga_Den2;2017-07-03;2017;07;03;happyzebra;718624;9844590;cd
s21851;Lugga_Den;2017-07-07;2017;07;07;happyzebra;718649;9844548;cd
s21854;Lugga_Den;2017-07-08;2017;07;08;happyzebra;718649;9844548;cd
s21855;Lugga_Den;2017-07-10;2017;07;10;happyzebra;718649;9844548;cd
s21856;Lugga_Den;2017-07-11;2017;07;11;happyzebra;718649;9844548;cd
s21856.1;Lugga_Den_lll;2017-07-15;2017;07;15;happyzebra;718592;9844639;cd
s21859;Lugga_Den2;2017-07-18;2017;07;18;happyzebra;718624;9844590;cd
s2186;Airstrip_Den;2009-07-21;2009;07;21;serenan;723463;9844931;d
s21862;Lugga_Den_lll;2017-07-20;2017;07;20;happyzebra;718592;9844639;cd
s21863;Lugga_Den_lll;2017-07-20;2017;07;20;happyzebra;718592;9844639;cd
s21866;Lugga_Den_lll;2017-07-22;2017;07;22;happyzebra;718592;9844639;cd
s21869;Lugga_Den_lll;2017-07-23;2017;07;23;happyzebra;718592;9844639;cd
s2187;Airstrip_Den;2009-07-22;2009;07;22;serenan;723463;9844931;d
s21872;Lugga_Den_lll;2017-07-25;2017;07;25;happyzebra;718592;9844639;cd
s21878;Lugga_Den2;2017-07-29;2017;07;29;happyzebra;718624;9844590;cd
s2188;Airstrip_Den;2009-07-23;2009;07;23;serenan;723463;9844931;d
s21881;Lugga_Den2;2017-07-30;2017;07;30;happyzebra;718624;9844590;cd
s21882;Lugga_Den_lll;2017-08-01;2017;08;01;happyzebra;718592;9844639;cd
s21885;Lugga_Den;2017-08-04;2017;08;04;happyzebra;718649;9844548;cd
s21888;Lugga_Den;2017-08-04;2017;08;04;happyzebra;718649;9844548;cd
s21889;Lugga_Den;2017-08-05;2017;08;05;happyzebra;718649;9844548;cd
s21893;Lugga_Den;2017-08-07;2017;08;07;happyzebra;718649;9844548;cd
s21895;Lugga_Den;2017-08-10;2017;08;10;happyzebra;718649;9844548;cd
s21898;Lugga_Den;2017-08-12;2017;08;12;happyzebra;718649;9844548;cd
s21899;Lugga_Den;2017-08-13;2017;08;13;happyzebra;718649;9844548;cd
s21901;Lugga_Den;2017-08-15;2017;08;15;happyzebra;718649;9844548;cd
s21904;Lugga_Den;2017-08-16;2017;08;16;happyzebra;718649;9844548;cd
s21905;Lugga_Den;2017-08-19;2017;08;19;happyzebra;718649;9844548;cd
s21908;Lugga_Den;2017-08-21;2017;08;21;happyzebra;718649;9844548;cd
s2191;Airstrip_Den;2009-07-23;2009;07;23;serenan;723463;9844931;d
s21912;Lugga_Den;2017-08-22;2017;08;22;happyzebra;718649;9844548;cd
s21913;Lugga_Den;2017-08-24;2017;08;24;happyzebra;718649;9844548;cd
s21922;Angry_Ele_Den_2;2017-08-28;2017;08;28;happyzebra;718503;9844377;cd
s21923;Angry_Ele_Den_2;2017-08-30;2017;08;30;happyzebra;718503;9844377;cd
s21925;Angry_Ele_Den_2;2017-09-01;2017;09;01;happyzebra;718503;9844377;cd
s2193;Airstrip_Den;2009-07-24;2009;07;24;serenan;723463;9844931;d
s21935;Suzi_Den_3;2017-07-02;2017;07;02;serenas;726324;9842426;cd
s21937;Suzi_Den;2017-07-02;2017;07;02;serenas;726298;9842460;cd
s21938.1;Suzi_Den_3;2017-07-03;2017;07;03;serenas;726324;9842426;cd
s21940;Suzi_Den_3;2017-07-03;2017;07;03;serenas;726324;9842426;cd
s21943;Suzi_Den_3;2017-07-03;2017;07;03;serenas;726324;9842426;cd
s21945;Suzi_Den_3;2017-07-04;2017;07;04;serenas;726324;9842426;cd
s21947;Suzi_Den_3;2017-07-04;2017;07;04;serenas;726324;9842426;cd
s21952;Suzi_Den_3;2017-07-04;2017;07;04;serenas;726324;9842426;cd
s21954;Suzi_Den_3;2017-07-04;2017;07;04;serenas;726324;9842426;cd
s21957;Suzi_Den_3;2017-07-08;2017;07;08;serenas;726324;9842426;cd
s21959;Suzi_Den_3;2017-07-08;2017;07;08;serenas;726324;9842426;cd
s21961;Suzi_Den_3;2017-07-09;2017;07;09;serenas;726324;9842426;cd
s21964;Suzi_Den_3;2017-07-09;2017;07;09;serenas;726324;9842426;cd
s21966;Suzi_Den_3;2017-07-09;2017;07;09;serenas;726324;9842426;cd
s21973;Suzi_Den_3;2017-07-10;2017;07;10;serenas;726324;9842426;cd
s21978;Suzi_Den_3;2017-07-10;2017;07;10;serenas;726324;9842426;cd
s2198;Airstrip_Den;2009-07-25;2009;07;25;serenan;723463;9844931;d
s21981;Suzi_Den_3;2017-07-11;2017;07;11;serenas;726324;9842426;cd
s21990;Suzi_Den_3;2017-07-11;2017;07;11;serenas;726324;9842426;cd
s21993;Suzi_Den_3;2017-07-13;2017;07;13;serenas;726324;9842426;cd
s21994;Suzi_Den_3;2017-07-14;2017;07;14;serenas;726324;9842426;cd
s21996;Suzi_Den_3;2017-07-14;2017;07;14;serenas;726324;9842426;cd
s21999;Suzi_Den_3;2017-07-14;2017;07;14;serenas;726324;9842426;cd
s22001;Suzi_Den_3;2017-07-15;2017;07;15;serenas;726324;9842426;cd
s22006;Suzi_Den;2017-07-15;2017;07;15;serenas;726298;9842460;cd
s22007;Suzi_Den_3;2017-07-15;2017;07;15;serenas;726324;9842426;cd
s22009;Suzi_Den_3;2017-07-16;2017;07;16;serenas;726324;9842426;cd
s22010;Suzi_Den;2017-07-17;2017;07;17;serenas;726298;9842460;cd
s22014;Suzi_Den_3;2017-07-18;2017;07;18;serenas;726324;9842426;cd
s22020;Suzi_Den_3;2017-07-18;2017;07;18;serenas;726324;9842426;cd
s22032;Mango_Den_ll;2017-07-22;2017;07;22;serenas;726233;9842257;cd
s22033;Mango_Den_ll;2017-07-23;2017;07;23;serenas;726233;9842257;cd
s22044;Bberry_Den;2017-07-24;2017;07;24;serenas;725937;9841648;cd
s22047;Precipice_Den_ll;2017-07-25;2017;07;25;serenas;726027;9841858;cd
s22049;Precipice_Den_ll;2017-07-27;2017;07;27;serenas;726027;9841858;cd
s22058;Precipice_Den;2017-07-28;2017;07;28;serenas;726069;9841910;cd
s22060;Precipice_Den;2017-07-30;2017;07;30;serenas;726069;9841910;cd
s22065;Precipice_Den;2017-07-30;2017;07;30;serenas;726069;9841910;cd
s22077;Precipice_Den;2017-07-31;2017;07;31;serenas;726069;9841910;cd
s22083;Precipice_Den;2017-07-31;2017;07;31;serenas;726069;9841910;cd
s22088;Precipice_Den;2017-08-01;2017;08;01;serenas;726069;9841910;cd
s22089;Precipice_Den;2017-08-01;2017;08;01;serenas;726069;9841910;cd
s22093;Precipice_Den;2017-08-02;2017;08;02;serenas;726069;9841910;cd
s22101;Precipice_Den;2017-08-03;2017;08;03;serenas;726069;9841910;cd
s22102;Precipice_Den;2017-08-03;2017;08;03;serenas;726069;9841910;cd
s22105;Precipice_Den;2017-08-06;2017;08;06;serenas;726069;9841910;cd
s22109;Precipice_Den;2017-08-06;2017;08;06;serenas;726069;9841910;cd
s2211;Airstrip_Den;2009-07-26;2009;07;26;serenan;723463;9844931;d
s22110;Precipice_Den;2017-08-08;2017;08;08;serenas;726069;9841910;cd
s22117;Precipice_Den;2017-08-12;2017;08;12;serenas;726069;9841910;cd
s22123;Precipice_Den;2017-08-14;2017;08;14;serenas;726069;9841910;cd
s22125;Precipice_Den;2017-08-14;2017;08;14;serenas;726069;9841910;cd
s22131;Precipice_Den;2017-08-15;2017;08;15;serenas;726069;9841910;cd
s22132;Precipice_Den;2017-08-17;2017;08;17;serenas;726069;9841910;cd
s22134;Precipice_Den;2017-08-20;2017;08;20;serenas;726069;9841910;cd
s22146;Precipice_Den_ll;2017-08-23;2017;08;23;serenas;726027;9841858;cd
s22147;Precipice_Den;2017-08-25;2017;08;25;serenas;726069;9841910;cd
s22148;Precipice_Den_ll;2017-08-28;2017;08;28;serenas;726027;9841858;cd
s22156;Precipice_Den_ll;2017-08-29;2017;08;29;serenas;726027;9841858;cd
s22157;Precipice_Den_ll;2017-08-31;2017;08;31;serenas;726027;9841858;cd
s2216;Airstrip_Den;2009-07-29;2009;07;29;serenan;723463;9844931;d
s22165;Precipice_Den_ll;2017-09-02;2017;09;02;serenas;726027;9841858;cd
s22166;Precipice_Den;2017-09-05;2017;09;05;serenas;726069;9841910;cd
s2217;Airstrip_Den;2009-07-30;2009;07;30;serenan;723463;9844931;d
s22173;Precipice_Den_ll;2017-09-08;2017;09;08;serenas;726027;9841858;cd
s22177;Precipice_Den_ll;2017-09-08;2017;09;08;serenas;726027;9841858;cd
s22178;Precipice_Den_ll;2017-09-11;2017;09;11;serenas;726027;9841858;cd
s22183;Precipice_Den;2017-09-12;2017;09;12;serenas;726069;9841910;cd
s22184;Precipice_Den;2017-09-14;2017;09;14;serenas;726069;9841910;cd
s22185;Rang_Natal_Den;2017-09-14;2017;09;14;serenas;726091;9842140;d
s22189;Rang_Natal_Den;2017-09-18;2017;09;18;serenas;726091;9842140;d
s22199;Rang_Natal_Den;2017-09-18;2017;09;18;serenas;726091;9842140;d
s22200;Precipice_Den;2017-09-18;2017;09;18;serenas;726069;9841910;cd
s22201;Precipice_Den;2017-09-20;2017;09;20;serenas;726069;9841910;cd
s22210;Rang_Natal_Den;2017-09-21;2017;09;21;serenas;726091;9842140;d
s22211;Precipice_Den;2017-09-21;2017;09;21;serenas;726069;9841910;cd
s22212;Precipice_Den;2017-09-23;2017;09;23;serenas;726069;9841910;cd
s22221;Precipice_Den;2017-09-25;2017;09;25;serenas;726069;9841910;cd
s22222;Rang_Natal_Den;2017-09-25;2017;09;25;serenas;726091;9842140;d
s22225;Precipice_Den;2017-09-28;2017;09;28;serenas;726069;9841910;cd
s22226;Precipice_Den;2017-09-30;2017;09;30;serenas;726069;9841910;cd
s22228;Rang_Natal_Den;2017-09-30;2017;09;30;serenas;726091;9842140;d
s22231;J_Fab_Den;2017-07-01;2017;07;01;serenan;718389;9849092;cd
s22237;IAT_Den;2017-07-01;2017;07;01;serenan;718355;9849119;cd
s22248;J_Fab_Den;2017-07-02;2017;07;02;serenan;718389;9849092;cd
s22253;J_Fab_Den;2017-07-03;2017;07;03;serenan;718389;9849092;cd
s22258;J_Fab_Den;2017-07-04;2017;07;04;serenan;718389;9849092;cd
s22262;J_Fab_Den;2017-07-05;2017;07;05;serenan;718389;9849092;cd
s22269;J_Fab_Den;2017-07-07;2017;07;07;serenan;718389;9849092;cd
s22271;IAT_Den;2017-07-07;2017;07;07;serenan;718355;9849119;cd
s2228;Airstrip_Den;2009-08-03;2009;08;03;serenan;723463;9844931;d
s22280;J_Fab_Den;2017-07-07;2017;07;07;serenan;718389;9849092;cd
s22283;J_Fab_Den;2017-07-08;2017;07;08;serenan;718389;9849092;cd
s22289;J_Fab_Den;2017-07-09;2017;07;09;serenan;718389;9849092;cd
s22296;J_Fab_Den;2017-07-10;2017;07;10;serenan;718389;9849092;cd
s22299;J_Fab_Den;2017-07-10;2017;07;10;serenan;718389;9849092;cd
s223;Coincidence_D;2008-11-02;2008;11;02;happyzebra;719522;9837495;cd
s22305;J_Fab_Den;2017-07-12;2017;07;12;serenan;718389;9849092;cd
s22312;J_Fab_Den;2017-07-13;2017;07;13;serenan;718389;9849092;cd
s22314;J_Fab_Den;2017-07-14;2017;07;14;serenan;718389;9849092;cd
s22317;J_Fab_Den;2017-07-15;2017;07;15;serenan;718389;9849092;cd
s2232;Seatac_Den;2009-08-04;2009;08;04;serenan;723326;9844804;cd
s22322;J_Fab_Den;2017-07-17;2017;07;17;serenan;718389;9849092;cd
s22323;J_Fab_Den;2017-07-19;2017;07;19;serenan;718389;9849092;cd
s22328;J_Fab_Den;2017-07-20;2017;07;20;serenan;718389;9849092;cd
s2233;Airstrip_Den;2009-08-05;2009;08;05;serenan;723463;9844931;d
s22331;J_Fab_Den;2017-07-21;2017;07;21;serenan;718389;9849092;cd
s22332;Bright_Eyes_Den_ll;2017-07-21;2017;07;21;serenan;718276;9848942;cd
s22335;J_Fab_Den;2017-07-21;2017;07;21;serenan;718389;9849092;cd
s22338;J_Fab_Den;2017-07-22;2017;07;22;serenan;718389;9849092;cd
s22340;J_Fab_Den;2017-07-22;2017;07;22;serenan;718389;9849092;cd
s22343;J_Fab_Den;2017-07-22;2017;07;22;serenan;718389;9849092;cd
s22344;Bright_Eyes_Den;2017-07-22;2017;07;22;serenan;718430;9848948;cd
s22352;J_Fab_Den;2017-07-23;2017;07;23;serenan;718389;9849092;cd
s22355;J_Fab_Den;2017-07-24;2017;07;24;serenan;718389;9849092;cd
s22358;J_Fab_Den;2017-07-24;2017;07;24;serenan;718389;9849092;cd
s22360;J_Fab_Den;2017-07-24;2017;07;24;serenan;718389;9849092;cd
s22365;J_Fab_Den;2017-07-25;2017;07;25;serenan;718389;9849092;cd
s22367;J_Fab_Den;2017-07-26;2017;07;26;serenan;718389;9849092;cd
s22371;J_Fab_Den;2017-07-28;2017;07;28;serenan;718389;9849092;cd
s2238;Seatac_Den;2009-08-07;2009;08;07;serenan;723326;9844804;cd
s22380;J_Fab_Den;2017-07-28;2017;07;28;serenan;718389;9849092;cd
s22387;J_Fab_Den;2017-07-28;2017;07;28;serenan;718389;9849092;cd
s22388;IAT_Den;2017-07-28;2017;07;28;serenan;718355;9849119;cd
s22391;J_Fab_Den;2017-07-29;2017;07;29;serenan;718389;9849092;cd
s22399;J_Fab_Den;2017-07-30;2017;07;30;serenan;718389;9849092;cd
s224;Coincidence_D;2008-11-03;2008;11;03;happyzebra;719522;9837495;cd
s22401;J_Fab_Den;2017-07-31;2017;07;31;serenan;718389;9849092;cd
s22402;J_Fab_Den;2017-08-01;2017;08;01;serenan;718389;9849092;cd
s22408;IAT_Den;2017-08-01;2017;08;01;serenan;718355;9849119;cd
s22412;IAT_Den;2017-08-03;2017;08;03;serenan;718355;9849119;cd
s22413;IAT_Den;2017-08-04;2017;08;04;serenan;718355;9849119;cd
s22417;J_Fab_Den;2017-08-05;2017;08;05;serenan;718389;9849092;cd
s22427;IAT_Den;2017-08-09;2017;08;09;serenan;718355;9849119;cd
s22427.1;Kabbalah_Den;2017-08-09;2017;08;09;serenan;718423;9849180;cd
s22430;Kabbalah_Den;2017-08-11;2017;08;11;serenan;718423;9849180;cd
s22431;J_Fab_Den;2017-08-13;2017;08;13;serenan;718389;9849092;cd
s22442;Diagon_Alley_Den;2017-08-16;2017;08;16;serenan;717949;9849283;cd
s22445;Diagon_Alley_Den;2017-08-19;2017;08;19;serenan;717949;9849283;cd
s22455;Diagon_Alley_Den;2017-08-22;2017;08;22;serenan;717949;9849283;cd
s22462;Diagon_Alley_Den;2017-08-24;2017;08;24;serenan;717949;9849283;cd
s22472;Diagon_Alley_Den;2017-08-27;2017;08;27;serenan;717949;9849283;cd
s22477;Diagon_Alley_Den;2017-08-29;2017;08;29;serenan;717949;9849283;cd
s2248;Seatac_Den;2009-08-10;2009;08;10;serenan;723326;9844804;cd
s22481;Diagon_Alley_Den;2017-08-30;2017;08;30;serenan;717949;9849283;cd
s22481.1;Diagon_Alley_Den;2017-08-30;2017;08;30;serenan;717949;9849283;cd
s22507;Diagon_Alley_Den_II;2017-09-17;2017;09;17;serenan;717981;9849311;cd
s2251;Redemption_Den;2009-08-13;2009;08;13;serenan;722500;9844773;cd
s22512;Gringotts_Den;2017-09-21;2017;09;21;serenan;718155;9849595;cd
s2253;Redemption_Den;2009-08-15;2009;08;15;serenan;722500;9844773;cd
s22531;Precipice_Den;2017-10-03;2017;10;03;serenas;726069;9841910;cd
s22536;Precipice_Den;2017-10-03;2017;10;03;serenas;726069;9841910;cd
s2254;Redemption_Den;2009-08-16;2009;08;16;serenan;722500;9844773;cd
s22540;Precipice_Den;2017-10-06;2017;10;06;serenas;726069;9841910;cd
s22542;Precipice_Den;2017-10-08;2017;10;08;serenas;726069;9841910;cd
s22547;Precipice_Den;2017-10-09;2017;10;09;serenas;726069;9841910;cd
s22557;Precipice_Den;2017-10-14;2017;10;14;serenas;726069;9841910;cd
s2256;Redemption_Den;2009-08-16;2009;08;16;serenan;722500;9844773;cd
s22564;Precipice_Den;2017-10-15;2017;10;15;serenas;726069;9841910;cd
s22567;Precipice_Den;2017-10-15;2017;10;15;serenas;726069;9841910;cd
s22574;Precipice_Den;2017-10-16;2017;10;16;serenas;726069;9841910;cd
s22580;Precipice_Den;2017-10-18;2017;10;18;serenas;726069;9841910;cd
s22581;Precipice_Den;2017-10-21;2017;10;21;serenas;726069;9841910;cd
s22585;Precipice_Den;2017-10-23;2017;10;23;serenas;726069;9841910;cd
s22596;Precipice_Den;2017-10-25;2017;10;25;serenas;726069;9841910;cd
s22597;Precipice_Den;2017-10-28;2017;10;28;serenas;726069;9841910;cd
s2260;Redemption_Den;2009-08-17;2009;08;17;serenan;722500;9844773;cd
s22601;Precipice_Den;2017-10-31;2017;10;31;serenas;726069;9841910;cd
s22602;Precipice_Den;2017-11-02;2017;11;02;serenas;726069;9841910;cd
s22610;Precipice_Den;2017-11-03;2017;11;03;serenas;726069;9841910;cd
s22612;Precipice_Den;2017-11-07;2017;11;07;serenas;726069;9841910;cd
s22620;Precipice_Den;2017-11-10;2017;11;10;serenas;726069;9841910;cd
s22625;Precipice_Den;2017-11-12;2017;11;12;serenas;726069;9841910;cd
s22634;Precipice_Den;2017-11-13;2017;11;13;serenas;726069;9841910;cd
s22637;Precipice_Den;2017-11-17;2017;11;17;serenas;726069;9841910;cd
s22648;Precipice_Den;2017-11-19;2017;11;19;serenas;726069;9841910;cd
s22662;Precipice_Den;2017-11-20;2017;11;20;serenas;726069;9841910;cd
s22664;Precipice_Den;2017-11-25;2017;11;25;serenas;726069;9841910;cd
s22672;Precipice_Den;2017-11-28;2017;11;28;serenas;726069;9841910;cd
s22682;Precipice_Den;2017-12-01;2017;12;01;serenas;726069;9841910;cd
s22684;Precipice_Den;2017-12-02;2017;12;02;serenas;726069;9841910;cd
s22690;Precipice_Den;2017-12-04;2017;12;04;serenas;726069;9841910;cd
s22691;Precipice_Den;2017-12-06;2017;12;06;serenas;726069;9841910;cd
s22699;Precipice_Den;2017-12-10;2017;12;10;serenas;726069;9841910;cd
s22701;Precipice_Den;2017-12-15;2017;12;15;serenas;726069;9841910;cd
s22706;Precipice_Den;2017-12-17;2017;12;17;serenas;726069;9841910;cd
s22707;Precipice_Den;2017-12-19;2017;12;19;serenas;726069;9841910;cd
s22722;Precipice_Den;2017-12-22;2017;12;22;serenas;726069;9841910;cd
s22723;Precipice_Den;2017-12-24;2017;12;24;serenas;726069;9841910;cd
s22736;Precipice_Den;2017-12-27;2017;12;27;serenas;726069;9841910;cd
s22759;IAT_Den;2017-10-05;2017;10;05;serenan;718355;9849119;cd
s22774;IAT_Den;2017-10-07;2017;10;07;serenan;718355;9849119;cd
s22785;IAT_Den;2017-10-08;2017;10;08;serenan;718355;9849119;cd
s22792;IAT_Den;2017-10-14;2017;10;14;serenan;718355;9849119;cd
s22793;IAT_Den;2017-10-16;2017;10;16;serenan;718355;9849119;cd
s228;Coincidence_D;2008-11-08;2008;11;08;happyzebra;719522;9837495;cd
s22803;IAT_Den;2017-10-17;2017;10;17;serenan;718355;9849119;cd
s22809;IAT_Den;2017-10-17;2017;10;17;serenan;718355;9849119;cd
s22811;IAT_Den;2017-10-19;2017;10;19;serenan;718355;9849119;cd
s22821;IAT_Den;2017-10-22;2017;10;22;serenan;718355;9849119;cd
s22828;IAT_Den;2017-10-23;2017;10;23;serenan;718355;9849119;cd
s22831;IAT_Den;2017-10-27;2017;10;27;serenan;718355;9849119;cd
s22834;IAT_Den;2017-10-28;2017;10;28;serenan;718355;9849119;cd
s22839;IAT_Den;2017-10-29;2017;10;29;serenan;718355;9849119;cd
s22842;IAT_Den;2017-11-01;2017;11;01;serenan;718355;9849119;cd
s22847;IAT_Den;2017-11-03;2017;11;03;serenan;718355;9849119;cd
s22855;IAT_Den;2017-11-06;2017;11;06;serenan;718355;9849119;cd
s22858;IAT_Den;2017-11-09;2017;11;09;serenan;718355;9849119;cd
s22863;IAT_Den;2017-11-13;2017;11;13;serenan;718355;9849119;cd
s22870;IAT_Den;2017-11-16;2017;11;16;serenan;718355;9849119;cd
s22877;IAT_Den;2017-11-18;2017;11;18;serenan;718355;9849119;cd
s22881;IAT_Den;2017-11-20;2017;11;20;serenan;718355;9849119;cd
s22889;IAT_Den;2017-11-21;2017;11;21;serenan;718355;9849119;cd
s22892;IAT_Den;2017-11-27;2017;11;27;serenan;718355;9849119;cd
s22905;IAT_Den;2017-12-03;2017;12;03;serenan;718355;9849119;cd
s22908;IAT_Den;2017-12-05;2017;12;05;serenan;718355;9849119;cd
s22910;IAT_Den;2017-12-08;2017;12;08;serenan;718355;9849119;cd
s22910.1;IAT_Den;2017-12-11;2017;12;11;serenan;718355;9849119;cd
s22911;IAT_Den;2017-12-09;2017;12;09;serenan;718355;9849119;cd
s22913;IAT_Den;2017-12-12;2017;12;12;serenan;718355;9849119;cd
s22921;IAT_Den;2017-12-13;2017;12;13;serenan;718355;9849119;cd
s22926;IAT_Den;2017-12-13;2017;12;13;serenan;718355;9849119;cd
s22928;IAT_Den;2017-12-14;2017;12;14;serenan;718355;9849119;cd
s22930;IAT_Den;2017-12-15;2017;12;15;serenan;718355;9849119;cd
s22935;J_Fab_Den;2017-12-18;2017;12;18;serenan;718389;9849092;cd
s22937;J_Fab_Den;2017-12-20;2017;12;20;serenan;718389;9849092;cd
s22938;Whomping_Willow_Den;2017-12-22;2017;12;22;serenan;718529;9849152;cd
s2294;Soda_Fountain_Den;2009-09-10;2009;09;10;serenan;718914;9851295;cd
s22943.1;Whomping_Willow_Den;2017-12-23;2017;12;23;serenan;718529;9849152;cd
s22946;Whomping_Willow_Den;2017-12-27;2017;12;27;serenan;718529;9849152;cd
s22953;Whomping_Willow_Den;2017-12-29;2017;12;29;serenan;718529;9849152;cd
s22986.1;Meatloaf_Den;2017-11-28;2017;11;28;happyzebra;715241;9843545;cd
s22987.1;Meatloaf_Den;2017-11-30;2017;11;30;happyzebra;715241;9843545;cd
s22989;Meatloaf_Den;2017-12-03;2017;12;03;happyzebra;715241;9843545;cd
s2299;Soda_Fountain_Den;2009-09-12;2009;09;12;serenan;718914;9851295;cd
s22992;Meatloaf_Den;2017-12-05;2017;12;05;happyzebra;715241;9843545;cd
s22997;Meatloaf_Den;2017-12-11;2017;12;11;happyzebra;715241;9843545;cd
s2300;Soda_Fountain_Den;2009-09-12;2009;09;12;serenan;718914;9851295;cd
s23008;Meatloaf_Den;2017-12-21;2017;12;21;happyzebra;715241;9843545;cd
s2301;Soda_Fountain_Den;2009-09-12;2009;09;12;serenan;718914;9851295;cd
s23010;Meatloaf_Den;2017-12-23;2017;12;23;happyzebra;715241;9843545;cd
s23017;Meatloaf_Den;2018-01-07;2018;01;07;happyzebra;715241;9843545;cd
s23020;Meatloaf_Den;2018-01-08;2018;01;08;happyzebra;715241;9843545;cd
s23025;Meatloaf_Den;2018-01-15;2018;01;15;happyzebra;715241;9843545;cd
s23065;Whomping_Willow_Den;2018-01-07;2018;01;07;serenan;718529;9849152;cd
s23069;Whomping_Willow_Den;2018-01-10;2018;01;10;serenan;718529;9849152;cd
s23074;Whomping_Willow_Den;2018-01-11;2018;01;11;serenan;718529;9849152;cd
s23078;Whomping_Willow_Den;2018-01-17;2018;01;17;serenan;718529;9849152;cd
s23084;Whomping_Willow_Den;2018-01-25;2018;01;25;serenan;718529;9849152;cd
s23088;Whomping_Willow_Den;2018-01-28;2018;01;28;serenan;718529;9849152;cd
s23091;Whomping_Willow_Den;2018-01-30;2018;01;30;serenan;718529;9849152;cd
s23093;Whomping_Willow_Den;2018-02-02;2018;02;02;serenan;718529;9849152;cd
s23097;Whomping_Willow_Den;2018-02-03;2018;02;03;serenan;718529;9849152;cd
s23102;Whomping_Willow_Den;2018-02-05;2018;02;05;serenan;718529;9849152;cd
s23107;Whomping_Willow_Den;2018-02-07;2018;02;07;serenan;718529;9849152;cd
s23112;Whomping_Willow_Den;2018-02-09;2018;02;09;serenan;718529;9849152;cd
s23120;Whomping_Willow_Den;2018-02-10;2018;02;10;serenan;718529;9849152;cd
s23123;Whomping_Willow_Den;2018-02-12;2018;02;12;serenan;718529;9849152;cd
s23129;Whomping_Willow_Den;2018-02-13;2018;02;13;serenan;718529;9849152;cd
s23132;Whomping_Willow_Den;2018-02-15;2018;02;15;serenan;718529;9849152;cd
s23136;Whomping_Willow_Den;2018-02-16;2018;02;16;serenan;718529;9849152;cd
s23139;Whomping_Willow_Den;2018-02-18;2018;02;18;serenan;718529;9849152;cd
s23145;IAT_Den;2018-02-19;2018;02;19;serenan;718355;9849119;cd
s23146;Whomping_Willow_Den;2018-02-19;2018;02;19;serenan;718529;9849152;cd
s23152;IAT_Den;2018-02-24;2018;02;24;serenan;718355;9849119;cd
s23156;Whomping_Willow_Den;2018-02-27;2018;02;27;serenan;718529;9849152;cd
s23170;J_Fab_Den;2018-03-24;2018;03;24;serenan;718389;9849092;cd
s23173;IAT_Den;2018-03-29;2018;03;29;serenan;718355;9849119;cd
s23174;IAT_Den;2018-03-31;2018;03;31;serenan;718355;9849119;cd
s23182;Precipice_Den;2018-01-06;2018;01;06;serenas;726069;9841910;cd
s23197;Precipice_Den;2018-01-10;2018;01;10;serenas;726069;9841910;cd
s23200;Precipice_Den_ll;2018-01-13;2018;01;13;serenas;726027;9841858;cd
s23206;Precipice_Den_ll;2018-01-17;2018;01;17;serenas;726027;9841858;cd
s23207;Precipice_Den_ll;2018-01-23;2018;01;23;serenas;726027;9841858;cd
s23212;Precipice_Den_ll;2018-01-26;2018;01;26;serenas;726027;9841858;cd
s23217;Precipice_Den_ll;2018-01-29;2018;01;29;serenas;726027;9841858;cd
s23218;Precipice_Den_ll;2018-02-01;2018;02;01;serenas;726027;9841858;cd
s23233;Precipice_Den_ll;2018-02-05;2018;02;05;serenas;726027;9841858;cd
s23234;Precipice_Den_ll;2018-02-08;2018;02;08;serenas;726027;9841858;cd
s23245;Precipice_Den_ll;2018-02-09;2018;02;09;serenas;726027;9841858;cd
s23246;Precipice_Den_ll;2018-02-11;2018;02;11;serenas;726027;9841858;cd
s23251;Precipice_Den_ll;2018-02-11;2018;02;11;serenas;726027;9841858;cd
s23256;Precipice_Den_ll;2018-02-12;2018;02;12;serenas;726027;9841858;cd
s23257;Precipice_Den_ll;2018-02-14;2018;02;14;serenas;726027;9841858;cd
s23261;Precipice_Den_ll;2018-02-14;2018;02;14;serenas;726027;9841858;cd
s23267;Precipice_Den_ll;2018-02-15;2018;02;15;serenas;726027;9841858;cd
s23269;Precipice_Den_ll;2018-02-17;2018;02;17;serenas;726027;9841858;cd
s23277;Precipice_Den_ll;2018-02-21;2018;02;21;serenas;726027;9841858;cd
s23285;Precipice_Den_ll;2018-02-23;2018;02;23;serenas;726027;9841858;cd
s23286;Precipice_Den_III;2018-02-26;2018;02;26;serenas;726025;9841891;cd
s23297;Precipice_Den_ll;2018-03-03;2018;03;03;serenas;726027;9841858;cd
s23298;Precipice_Den_III;2018-03-06;2018;03;06;serenas;726025;9841891;cd
s23314;Precipice_Den_ll;2018-03-12;2018;03;12;serenas;726027;9841858;cd
s23320;Precipice_Den_ll;2018-03-13;2018;03;13;serenas;726027;9841858;cd
s23341;Precipice_Den_ll;2018-03-23;2018;03;23;serenas;726027;9841858;cd
s23345;Precipice_Den_III;2018-03-28;2018;03;28;serenas;726025;9841891;cd
s23353;Precipice_Den_ll;2018-03-30;2018;03;30;serenas;726027;9841858;cd
s23370;Precipice_Den;2018-04-06;2018;04;06;serenas;726069;9841910;cd
s23371;Precipice_Den_II;2018-04-08;2018;04;08;serenas;726027;9841858;cd
s23372;Precipice_Den_III;2018-04-09;2018;04;09;serenas;726025;9841891;cd
s23374;Precipice_Den_ll;2018-04-19;2018;04;19;serenas;726027;9841858;cd
s23375;Precipice_Den_II;2018-04-21;2018;04;21;serenas;726027;9841858;cd
s23376;Precipice_Den_III;2018-04-30;2018;04;30;serenas;726025;9841891;cd
s23380;Precipice_Den_II;2018-05-04;2018;05;04;serenas;726027;9841858;cd
s23381;Precipice_Den_III;2018-05-06;2018;05;06;serenas;726025;9841891;cd
s23387;Precipice_Den_II;2018-05-06;2018;05;06;serenas;726027;9841858;cd
s23392;Precipice_Den_III;2018-05-08;2018;05;08;serenas;726025;9841891;cd
s23404;Precipice_Den_III;2018-05-12;2018;05;12;serenas;726025;9841891;cd
s23452;J_Fab_Den;2018-04-07;2018;04;07;serenan;718389;9849092;cd
s23456;IAT_Den;2018-04-19;2018;04;19;serenan;718355;9849119;cd
s23457;Crunk_Den;2018-04-22;2018;04;22;serenan;718375;9849268;cd
s23457.2;Kabbalah_Den;2018-04-22;2018;04;22;serenan;718423;9849180;cd
s23458;Crunk_Den;2018-04-22;2018;04;22;serenan;718375;9849268;cd
s23465;Crunk_Den;2018-04-23;2018;04;23;serenan;718375;9849268;cd
s23469;Crunk_Den;2018-04-30;2018;04;30;serenan;718375;9849268;cd
s23472;Crunk_Den;2018-05-01;2018;05;01;serenan;718375;9849268;cd
s23474;Crunk_Den;2018-05-01;2018;05;01;serenan;718375;9849268;cd
s23475;Crunk_Den;2018-05-04;2018;05;04;serenan;718375;9849268;cd
s23479;Crunk_Den;2018-05-05;2018;05;05;serenan;718375;9849268;cd
s23484;Crunk_Den;2018-05-06;2018;05;06;serenan;718375;9849268;cd
s23496;Crunk_Den;2018-05-07;2018;05;07;serenan;718375;9849268;cd
s235;Coincidence_D;2008-11-09;2008;11;09;happyzebra;719522;9837495;cd
s23502;Crunk_Den;2018-05-08;2018;05;08;serenan;718375;9849268;cd
s23505;Crunk_Den;2018-05-09;2018;05;09;serenan;718375;9849268;cd
s23510;Crunk_Den;2018-05-10;2018;05;10;serenan;718375;9849268;cd
s23513;Crunk_Den;2018-05-11;2018;05;11;serenan;718375;9849268;cd
s23516.1;Crunk_Den_2;2018-05-11;2018;05;11;serenan;718357;9849270;cd
s23517;Crunk_Den;2018-05-12;2018;05;12;serenan;718375;9849268;cd
s23526;Crunk_Den;2018-05-15;2018;05;15;serenan;718375;9849268;cd
s23532;Crunk_Den;2018-05-18;2018;05;18;serenan;718375;9849268;cd
s23535;Crunk_Den;2018-05-19;2018;05;19;serenan;718375;9849268;cd
s23542;Albatross_Den;2018-05-28;2018;05;28;serenan;718494;9849303;cd
s23545;Albatross_Den;2018-05-28;2018;05;28;serenan;718494;9849303;cd
s23546;Albatross_Den;2018-05-29;2018;05;29;serenan;718494;9849303;cd
s23566;Albatross_Den;2018-06-07;2018;06;07;serenan;718494;9849303;cd
s23574;Crunk_Den;2018-06-10;2018;06;10;serenan;718375;9849268;cd
s23585;IAT_Den;2018-06-14;2018;06;14;serenan;718355;9849119;cd
s23589;IAT_Den;2018-06-16;2018;06;16;serenan;718355;9849119;cd
s23596;J_Fab_Den;2018-06-18;2018;06;18;serenan;718389;9849092;cd
s23613;J_Fab_Den;2018-06-21;2018;06;21;serenan;718389;9849092;cd
s23623;Crunk_Den;2018-06-29;2018;06;29;serenan;718375;9849268;cd
s23652;Mtafiti_Fisi_Good_Day_Den;2018-05-31;2018;05;31;happyzebra;717251;9842925;d
s23653;Mtafiti_Fisi_Good_Day_Den;2018-06-01;2018;06;01;happyzebra;717251;9842925;d
s23656;Mtafiti_Fisi_Good_Day_Den;2018-06-04;2018;06;04;happyzebra;717251;9842925;d
s23660;Mtafiti_Fisi_Good_Day_Den;2018-06-07;2018;06;07;happyzebra;717251;9842925;d
s23669;Mtafiti_Fisi_Good_Day_Den;2018-06-10;2018;06;10;happyzebra;717251;9842925;d
s23674;Mtafiti_Fisi_Good_Day_Den;2018-06-12;2018;06;12;happyzebra;717251;9842925;d
s23678;Mtafiti_Fisi_Good_Day_Den;2018-06-12;2018;06;12;happyzebra;717251;9842925;d
s23681;Mtafiti_Fisi_Good_Day_Den;2018-06-14;2018;06;14;happyzebra;717251;9842925;d
s23685;Mtafiti_Fisi_Good_Day_Den;2018-06-15;2018;06;15;happyzebra;717251;9842925;d
s23688;Mtafiti_Fisi_Good_Day_Den;2018-06-17;2018;06;17;happyzebra;717251;9842925;d
s23691;Mtafiti_Fisi_Good_Day_Den;2018-06-20;2018;06;20;happyzebra;717251;9842925;d
s23694;Mtafiti_Fisi_Good_Day_Den;2018-06-23;2018;06;23;happyzebra;717251;9842925;d
s23699;Mtafiti_Fisi_Good_Day_Den;2018-06-26;2018;06;26;happyzebra;717251;9842925;d
s237;Coincidence_D;2008-11-11;2008;11;11;happyzebra;719522;9837495;cd
s23700;Mtafiti_Fisi_Good_Day_Den;2018-06-30;2018;06;30;happyzebra;717251;9842925;d
s23703;IAT_Den;2018-07-01;2018;07;01;serenan;718355;9849119;cd
s23709;Crunk_Den;2018-07-02;2018;07;02;serenan;718375;9849268;cd
s23712;Crunk_Den;2018-07-06;2018;07;06;serenan;718375;9849268;cd
S23718;Crunk_Den;2018-07-07;2018;07;07;serenan;718375;9849268;cd
S23723;Crunk_Den;2018-07-09;2018;07;09;serenan;718375;9849268;cd
s23734;All_Hallows'_Eve_Den;2018-07-14;2018;07;14;serenan;720265;9848034;cd
s23739;All_Hallows'_Eve_Den;2018-07-16;2018;07;16;serenan;720265;9848034;cd
s23752;All_Hallows'_Eve_Den;2018-07-19;2018;07;19;serenan;720265;9848034;cd
s23760;All_Hallows'_Eve_Den;2018-07-20;2018;07;20;serenan;720265;9848034;cd
s23764;All_Hallows'_Eve_Den;2018-07-22;2018;07;22;serenan;720265;9848034;cd
s23770;All_Hallows'_Eve_Den;2018-07-23;2018;07;23;serenan;720265;9848034;cd
s23781;Some_Freaky_Lions_Den;2018-08-04;2018;08;04;serenan;719768;9848458;cd
s23784;Some_Freaky_Lions_Den;2018-08-06;2018;08;06;serenan;719768;9848458;cd
s23799;Some_Freaky_Lions_Den;2018-08-10;2018;08;10;serenan;719768;9848458;cd
s23805;Some_Freaky_Lions_Den;2018-08-12;2018;08;12;serenan;719768;9848458;cd
s23816;Some_Freaky_Lions_Den;2018-08-16;2018;08;16;serenan;719768;9848458;cd
s23817;Some_Freaky_Lions_Den;2018-08-16;2018;08;16;serenan;719768;9848458;cd
s23822;Some_Freaky_Lions_Den;2018-08-16;2018;08;16;serenan;719768;9848458;cd
s23829;Some_Freaky_Lions_Den;2018-08-18;2018;08;18;serenan;719768;9848458;cd
s23830;Some_Freaky_Lions_Den;2018-08-20;2018;08;20;serenan;719768;9848458;cd
s23835;Some_Freaky_Lions_Den;2018-08-20;2018;08;20;serenan;719768;9848458;cd
s23864;IAT_Den;2018-09-10;2018;09;10;serenan;718355;9849119;cd
s23870;Some_Freaky_Lions_Den;2018-09-11;2018;09;11;serenan;719768;9848458;cd
s23873;Some_Freaky_Lions_Den;2018-09-12;2018;09;12;serenan;719768;9848458;cd
s23878;Some_Freaky_Lions_Den;2018-09-14;2018;09;14;serenan;719768;9848458;cd
s23880;Some_Freaky_Lions_Den;2018-09-16;2018;09;16;serenan;719768;9848458;cd
s23891;Some_Freaky_Lions_Den;2018-09-19;2018;09;19;serenan;719768;9848458;cd
s23892;Some_Freaky_Lions_Den;2018-09-19;2018;09;19;serenan;719768;9848458;cd
s23898;Some_Freaky_Lions_Den;2018-09-24;2018;09;24;serenan;719768;9848458;cd
s23915;J_Fab_Den;2018-09-29;2018;09;29;serenan;718389;9849092;cd
s23919;IAT_Den;2018-09-30;2018;09;30;serenan;718355;9849119;cd
s23920;FML_Den;2018-07-02;2018;07;02;serenas;725171;9841252;cd
s23928;FML_Den;2018-07-03;2018;07;03;serenas;725171;9841252;cd
s23932;FML_Den;2018-07-05;2018;07;05;serenas;725171;9841252;cd
s23937;FML_Den;2018-07-08;2018;07;08;serenas;725171;9841252;cd
s23942;FML_Den;2018-07-08;2018;07;08;serenas;725171;9841252;cd
s23943;FML_Den;2018-07-10;2018;07;10;serenas;725171;9841252;cd
s23948;FML_Den;2018-07-11;2018;07;11;serenas;725171;9841252;cd
s23949;FML_Den;2018-07-12;2018;07;12;serenas;725171;9841252;cd
s23965;FML_Den;2018-07-15;2018;07;15;serenas;725171;9841252;cd
s23966;FML_Den;2018-07-17;2018;07;17;serenas;725171;9841252;cd
s23967;FML_Den;2018-07-18;2018;07;18;serenas;725171;9841252;cd
s23968;FML_Den;2018-07-20;2018;07;20;serenas;725171;9841252;cd
s23971;FML_Den;2018-07-21;2018;07;21;serenas;725171;9841252;cd
s23972;FML_Den;2018-07-24;2018;07;24;serenas;725171;9841252;cd
s23976;FML_Den;2018-08-04;2018;08;04;serenas;725171;9841252;cd
s23982;FML_Den;2018-08-05;2018;08;05;serenas;725171;9841252;cd
s23984;FML_Den;2018-08-07;2018;08;07;serenas;725171;9841252;cd
s24062;Mtafiti_Fisi_Good_Day_Den;2018-07-01;2018;07;01;happyzebra;717251;9842925;d
s24064;Mtafiti_Fisi_Good_Day_Den;2018-07-03;2018;07;03;happyzebra;717251;9842925;d
s24067;Culvert_City_Den;2018-07-06;2018;07;06;happyzebra;718169;9842580;cd
s24069;Culvert_City_Den;2018-07-06;2018;07;06;happyzebra;718169;9842580;cd
s24074;Culvert_City_Den;2018-07-12;2018;07;12;happyzebra;718169;9842580;cd
s24075;Culvert_City_Den;2018-07-13;2018;07;13;happyzebra;718169;9842580;cd
s24078;Culvert_City_Den;2018-07-15;2018;07;15;happyzebra;718169;9842580;cd
s24081;Culvert_City_Den;2018-07-16;2018;07;16;happyzebra;718169;9842580;cd
s24082;Culvert_City_Den;2018-07-18;2018;07;18;happyzebra;718169;9842580;cd
s24083;Culvert_City_Den;2018-07-19;2018;07;19;happyzebra;718169;9842580;cd
s24085;Culvert_City_Den;2018-07-21;2018;07;21;happyzebra;718169;9842580;cd
s24087;Culvert_City_Den;2018-07-22;2018;07;22;happyzebra;718169;9842580;cd
s24089;Culvert_City_Den;2018-07-24;2018;07;24;happyzebra;718169;9842580;cd
s24097;Wapi_Dave_Den;2018-08-06;2018;08;06;happyzebra;714577;9847556;cd
s24098;Wapi_Dave_Den;2018-08-08;2018;08;08;happyzebra;714577;9847556;cd
s24100;Wapi_Dave_Den;2018-08-11;2018;08;11;happyzebra;714577;9847556;cd
s24102;Wapi_Dave_Den;2018-08-12;2018;08;12;happyzebra;714577;9847556;cd
s24103;Wapi_Dave_Den;2018-08-14;2018;08;14;happyzebra;714577;9847556;cd
s24107;Wapi_Dave_Den;2018-08-15;2018;08;15;happyzebra;714577;9847556;cd
s24112;Wapi_Dave_Den;2018-08-18;2018;08;18;happyzebra;714577;9847556;cd
s24116;Wapi_Dave_Den;2018-08-19;2018;08;19;happyzebra;714577;9847556;cd
s24118;Wapi_Dave_Den;2018-08-21;2018;08;21;happyzebra;714577;9847556;cd
s24120;Wapi_Dave_Den;2018-08-23;2018;08;23;happyzebra;714577;9847556;cd
s24127;Wapi_Dave_Den;2018-09-02;2018;09;02;happyzebra;714577;9847556;cd
s24175;J_Fab_Den;2018-10-02;2018;10;02;serenan;718389;9849092;cd
s24181;J_Fab_Den;2018-10-06;2018;10;06;serenan;718389;9849092;cd
s24196;J_Fab_Den;2018-10-11;2018;10;11;serenan;718389;9849092;cd
s24201;J_Fab_Den;2018-10-12;2018;10;12;serenan;718389;9849092;cd
s24211;J_Fab_Den;2018-10-15;2018;10;15;serenan;718389;9849092;cd
s24212;IAT_Den;2018-10-18;2018;10;18;serenan;718355;9849119;cd
s24221;IAT_Den;2018-10-21;2018;10;21;serenan;718355;9849119;cd
s24228;IAT_Den;2018-10-23;2018;10;23;serenan;718355;9849119;cd
s24233;IAT_Den;2018-10-25;2018;10;25;serenan;718355;9849119;cd
s24234;IAT_Den;2018-10-27;2018;10;27;serenan;718355;9849119;cd
s24238;IAT_Den;2018-10-28;2018;10;28;serenan;718355;9849119;cd
s243;Coincidence_D;2008-11-12;2008;11;12;happyzebra;719522;9837495;cd
s24302;Crunk_Den_II;2018-11-24;2018;11;24;serenan;718357;9849270;cd
s24322;Crunk_Den_II;2018-11-30;2018;11;30;serenan;718357;9849270;cd
s24343;Gringotts_Den_2;2018-12-05;2018;12;05;serenan;718197;9849416;cd
s2436;IAT_Den;2009-12-23;2009;12;23;serenan;718355;9849119;cd
s24610;Wapi_Dave_Den;2018-12-05;2018;12;05;happyzebra;714577;9847556;cd
s24614;Wapi_Dave_Den;2018-12-15;2018;12;15;happyzebra;714577;9847556;cd
s24636;Wapi_Dave_Den;2018-12-28;2018;12;28;happyzebra;714577;9847556;cd
s24639;Wapi_Dave_Den;2018-12-30;2018;12;30;happyzebra;714577;9847556;cd
s24692;Ollivander's_Den_2;2019-01-12;2019;01;12;serenan;719198;9848864;cd
s24762;All_Hallows'_Eve_Den;2019-02-02;2019;02;02;serenan;720265;9848034;cd
s24766;All_Hallows'_Eve_Den;2019-02-04;2019;02;04;serenan;720265;9848034;cd
s2477;Redemption_Den;2010-01-28;2010;01;28;serenan;722500;9844773;cd
s24770;All_Hallows'_Eve_Den;2019-02-05;2019;02;05;serenan;720265;9848034;cd
s24779;All_Hallows'_Eve_Den;2019-02-05;2019;02;05;serenan;720265;9848034;cd
s24781;All_Hallows'_Eve_Den;2019-02-06;2019;02;06;serenan;720265;9848034;cd
s24788;All_Hallows'_Eve_Den;2019-02-08;2019;02;08;serenan;720265;9848034;cd
s2479;Redemption_Den;2010-01-29;2010;01;29;serenan;722500;9844773;cd
s24793;All_Hallows'_Eve_Den;2019-02-08;2019;02;08;serenan;720265;9848034;cd
s24795;All_Hallows'_Eve_Den;2019-02-09;2019;02;09;serenan;720265;9848034;cd
s2480;Redemption_Den;2010-02-04;2010;02;04;serenan;722500;9844773;cd
s24802;All_Hallows'_Eve_Den;2019-02-10;2019;02;10;serenan;720265;9848034;cd
s24806;All_Hallows'_Eve_Den;2019-02-13;2019;02;13;serenan;720265;9848034;cd
s24817;All_Hallows'_Eve_Den;2019-02-14;2019;02;14;serenan;720265;9848034;cd
s24819;All_Hallows'_Eve_Den;2019-02-15;2019;02;15;serenan;720265;9848034;cd
s24822;All_Hallows'_Eve_Den;2019-02-15;2019;02;15;serenan;720265;9848034;cd
s24829;All_Hallows'_Eve_Den;2019-02-18;2019;02;18;serenan;720265;9848034;cd
s24835;All_Hallows'_Eve_Den;2019-02-19;2019;02;19;serenan;720265;9848034;cd
s24840;All_Hallows'_Eve_Den;2019-02-21;2019;02;21;serenan;720265;9848034;cd
s24842;All_Hallows'_Eve_Den;2019-02-23;2019;02;23;serenan;720265;9848034;cd
s24844;All_Hallows'_Eve_Den;2019-02-24;2019;02;24;serenan;720265;9848034;cd
s2485;Redemption_Den;2010-02-13;2010;02;13;serenan;722500;9844773;cd
s24850;All_Hallows'_Eve_Den;2019-02-25;2019;02;25;serenan;720265;9848034;cd
s24852;All_Hallows'_Eve_Den;2019-02-26;2019;02;26;serenan;720265;9848034;cd
s24854;All_Hallows'_Eve_Den;2019-02-28;2019;02;28;serenan;720265;9848034;cd
s24857;All_Hallows'_Eve_Den;2019-03-01;2019;03;01;serenan;720265;9848034;cd
s24863;All_Hallows'_Eve_Den;2019-03-05;2019;03;05;serenan;720265;9848034;cd
s24865;All_Hallows'_Eve_Den;2019-03-07;2019;03;07;serenan;720265;9848034;cd
s24868;All_Hallows'_Eve_Den;2019-03-09;2019;03;09;serenan;720265;9848034;cd
s2487;Redemption_Den;2010-02-18;2010;02;18;serenan;722500;9844773;cd
s24873;All_Hallows'_Eve_Den;2019-03-11;2019;03;11;serenan;720265;9848034;cd
s24874;All_Hallows'_Eve_Den;2019-03-12;2019;03;12;serenan;720265;9848034;cd
s24878;All_Hallows'_Eve_Den;2019-03-12;2019;03;12;serenan;720265;9848034;cd
s24881;All_Hallows'_Eve_Den;2019-03-13;2019;03;13;serenan;720265;9848034;cd
s24886;All_Hallows'_Eve_Den;2019-03-13;2019;03;13;serenan;720265;9848034;cd
s24892;All_Hallows'_Eve_Den;2019-03-17;2019;03;17;serenan;720265;9848034;cd
s24898;All_Hallows'_Eve_Den;2019-03-19;2019;03;19;serenan;720265;9848034;cd
s249;CERN_Den;2008-11-20;2008;11;20;happyzebra;719534;9838825;cd
s24902;All_Hallows'_Eve_Den;2019-03-20;2019;03;20;serenan;720265;9848034;cd
s2492;Redemption_Den;2010-02-18;2010;02;18;serenan;722500;9844773;cd
s24922;DeGaulle_Den;2019-03-26;2019;03;26;serenan;723652;9844975;cd
s24925;DeGaulle_Den;2019-03-26;2019;03;26;serenan;723652;9844975;cd
s250;Coincidence_D;2008-11-20;2008;11;20;happyzebra;719522;9837495;cd
s2504;Redemption_Den;2010-02-24;2010;02;24;serenan;722500;9844773;cd
s25050;Wapi_Dave_Den;2019-01-06;2019;01;06;happyzebra;714577;9847556;cd
s25051;Wapi_Dave_Den;2019-01-07;2019;01;07;happyzebra;714577;9847556;cd
s25060;Wapi_Dave_Den;2019-01-11;2019;01;11;happyzebra;714577;9847556;cd
s25067;Wapi_Dave_Den;2019-01-23;2019;01;23;happyzebra;714577;9847556;cd
s25069;Wapi_Dave_Den;2019-01-25;2019;01;25;happyzebra;714577;9847556;cd
s25070;Wapi_Dave_Den;2019-01-26;2019;01;26;happyzebra;714577;9847556;cd
s25071;Wapi_Dave_Den;2019-01-27;2019;01;27;happyzebra;714577;9847556;cd
s25077;Wapi_Dave_Den;2019-01-31;2019;01;31;happyzebra;714577;9847556;cd
s25079;Wapi_Dave_Den;2019-02-01;2019;02;01;happyzebra;714577;9847556;cd
s2508;Redemption_Den;2010-02-24;2010;02;24;serenan;722500;9844773;cd
s25080;Wapi_Dave_Den;2019-02-03;2019;02;03;happyzebra;714577;9847556;cd
s25082;Wapi_Dave_Den;2019-02-04;2019;02;04;happyzebra;714577;9847556;cd
s25086;Wapi_Dave_Den;2019-02-06;2019;02;06;happyzebra;714577;9847556;cd
s25088;Wapi_Dave_Den;2019-02-10;2019;02;10;happyzebra;714577;9847556;cd
s25091;Wapi_Dave_Den;2019-02-11;2019;02;11;happyzebra;714577;9847556;cd
s25103;Wapi_Dave_Den;2019-02-20;2019;02;20;happyzebra;714577;9847556;cd
s25105;Wapi_Dave_Den;2019-02-22;2019;02;22;happyzebra;714577;9847556;cd
s25115;Wapi_Dave_Den;2019-03-11;2019;03;11;happyzebra;714577;9847556;cd
s25117;Wapi_Dave_Den;2019-03-14;2019;03;14;happyzebra;714577;9847556;cd
s25120;Wapi_Dave_Den;2019-03-16;2019;03;16;happyzebra;714577;9847556;cd
s25127;Lugga_Den_II;2019-03-19;2019;03;19;happyzebra;718642;9844590;cd
s25127.2;Wapi_Dave_Den;2019-03-19;2019;03;19;happyzebra;714577;9847556;cd
s25132;Wapi_Dave_Den;2019-03-21;2019;03;21;happyzebra;714577;9847556;cd
s25135;Lugga_Den_II;2019-03-23;2019;03;23;happyzebra;718642;9844590;cd
s2514;Redemption_Den;2010-02-28;2010;02;28;serenan;722500;9844773;cd
s25141;Lugga_Den_II;2019-03-28;2019;03;28;happyzebra;718642;9844590;cd
s25143;Wapi_Dave_Den;2019-03-31;2019;03;31;happyzebra;714577;9847556;cd
s2515;Redemption_Den;2010-02-28;2010;02;28;serenan;722500;9844773;cd
s2516;Redemption_Den;2010-03-03;2010;03;03;serenan;722500;9844773;cd
s2522;Redemption_Den;2010-03-07;2010;03;07;serenan;722500;9844773;cd
s2529;Redemption_Den;2010-03-08;2010;03;08;serenan;722500;9844773;cd
s2530;Redemption_Den;2010-03-08;2010;03;08;serenan;722500;9844773;cd
s2533;Redemption_Den;2010-03-08;2010;03;08;serenan;722500;9844773;cd
s2544;Redemption_Den;2010-03-11;2010;03;11;serenan;722500;9844773;cd
s2553;Redemption_Den;2010-03-13;2010;03;13;serenan;722500;9844773;cd
s2563;Redemption_Den;2010-03-13;2010;03;13;serenan;722500;9844773;cd
s257;Coincidence_D;2008-11-22;2008;11;22;happyzebra;719522;9837495;cd
s2591;Redemption_Den;2010-03-21;2010;03;21;serenan;722500;9844773;cd
s2596;Redemption_Den;2010-03-23;2010;03;23;serenan;722500;9844773;cd
s260;CERN_Den;2008-11-26;2008;11;26;happyzebra;719534;9838825;cd
s2604;Redemption_Den;2010-03-24;2010;03;24;serenan;722500;9844773;cd
s2606;Redemption_Den;2010-03-25;2010;03;25;serenan;722500;9844773;cd
s2616;Redemption_Den;2010-03-28;2010;03;28;serenan;722500;9844773;cd
s2620;Redemption_Den;2010-03-30;2010;03;30;serenan;722500;9844773;cd
s2621;Redemption_Den;2010-03-30;2010;03;30;serenan;722500;9844773;cd
s263;CERN_Den;2008-11-27;2008;11;27;happyzebra;719534;9838825;cd
s2631;Redemption_Den;2010-04-03;2010;04;03;serenan;722500;9844773;cd
s2632;Redemption_Den;2010-04-04;2010;04;04;serenan;722500;9844773;cd
s2634;Redemption_Den;2010-04-04;2010;04;04;serenan;722500;9844773;cd
s2638;Redemption_Den;2010-04-05;2010;04;05;serenan;722500;9844773;cd
s2653;Redemption_Den;2010-04-07;2010;04;07;serenan;722500;9844773;cd
s2655;Redemption_Den;2010-04-09;2010;04;09;serenan;722500;9844773;cd
s2662;Redemption_Den;2010-04-09;2010;04;09;serenan;722500;9844773;cd
s2666;Redemption_Den;2010-04-10;2010;04;10;serenan;722500;9844773;cd
s2668;Redemption_Den;2010-04-10;2010;04;10;serenan;722500;9844773;cd
s2688;Redemption_Den;2010-04-17;2010;04;17;serenan;722500;9844773;cd
s2721;Redemption_Den;2010-04-24;2010;04;24;serenan;722500;9844773;cd
s2724;Redemption_Den;2010-04-24;2010;04;24;serenan;722500;9844773;cd
s2726;Redemption_Den;2010-04-26;2010;04;26;serenan;722500;9844773;cd
s2739;Redemption_Den;2010-04-28;2010;04;28;serenan;722500;9844773;cd
s274;CERN_Den;2008-11-30;2008;11;30;happyzebra;719534;9838825;cd
s2740;Redemption_Den;2010-04-29;2010;04;29;serenan;722500;9844773;cd
s2748;Redemption_Den;2010-04-30;2010;04;30;serenan;722500;9844773;cd
s2753;Redemption_Den;2010-05-02;2010;05;02;serenan;722500;9844773;cd
s2755;Redemption_Den;2010-05-02;2010;05;02;serenan;722500;9844773;cd
s2756;Redemption_Den;2010-05-03;2010;05;03;serenan;722500;9844773;cd
s2769;Redemption_Den;2010-05-06;2010;05;06;serenan;722500;9844773;cd
s2779;Redemption_Den;2010-05-07;2010;05;07;serenan;722500;9844773;cd
s2781;Redemption_Den;2010-05-08;2010;05;08;serenan;722500;9844773;cd
s2783;Redemption_Den;2010-05-08;2010;05;08;serenan;722500;9844773;cd
s2786;Redemption_Den;2010-05-09;2010;05;09;serenan;722500;9844773;cd
s2788;Redemption_Den;2010-05-09;2010;05;09;serenan;722500;9844773;cd
s2789;Redemption_Den;2010-05-09;2010;05;09;serenan;722500;9844773;cd
s2790;Redemption_Den;2010-05-09;2010;05;09;serenan;722500;9844773;cd
s2792;Redemption_Den;2010-05-12;2010;05;12;serenan;722500;9844773;cd
s2795;Redemption_Den;2010-05-14;2010;05;14;serenan;722500;9844773;cd
s280;CERN_Den;2008-12-07;2008;12;07;happyzebra;719534;9838825;cd
s284;CERN_Den;2008-12-08;2008;12;08;happyzebra;719534;9838825;cd
s298;CERN_Den;2008-12-21;2008;12;21;happyzebra;719534;9838825;cd
s2983;Unremarkable_Den;2010-07-06;2010;07;06;serenan;722850;9847268;cd
s3041;Mag_Den;2010-08-13;2010;08;13;serenan;719366;9850839;cd
s305;CERN_Den;2008-12-27;2008;12;27;happyzebra;719534;9838825;cd
s3050;Mag_Den;2010-08-15;2010;08;15;serenan;719366;9850839;cd
s3051;Gryffindor_Den;2010-08-18;2010;08;18;serenan;719173;9851289;cd
s3058;Gryffindor_Den;2010-08-20;2010;08;20;serenan;719173;9851289;cd
s3061;Gryffindor_Den;2010-08-22;2010;08;22;serenan;719173;9851289;cd
s3062;Slytherin_Den;2010-08-25;2010;08;25;serenan;719259;9850909;cd
s3068;Slytherin_Den;2010-08-29;2010;08;29;serenan;719259;9850909;cd
s3069;Slytherin_Den;2010-08-31;2010;08;31;serenan;719259;9850909;cd
s3070;Ravenclaw_Den;2010-08-31;2010;08;31;serenan;719000;9851018;cd
s3074;Slytherin_Den;2010-09-01;2010;09;01;serenan;719259;9850909;cd
s3075;Slytherin_Den;2010-09-01;2010;09;01;serenan;719259;9850909;cd
s3078;Ravenclaw_Den;2010-09-04;2010;09;04;serenan;719000;9851018;cd
s308;CERN_Den;2008-12-28;2008;12;28;happyzebra;719534;9838825;cd
s3080;Ravenclaw_Den;2010-09-04;2010;09;04;serenan;719000;9851018;cd
s3081;Ravenclaw_Den;2010-09-05;2010;09;05;serenan;719000;9851018;cd
s3083;Ravenclaw_Den;2010-09-09;2010;09;09;serenan;719000;9851018;cd
s3084;Hufflepuff_Den;2010-09-09;2010;09;09;serenan;718886;9851135;cd
s3085;Hufflepuff_Den;2010-09-09;2010;09;09;serenan;718886;9851135;cd
s3092;Durmstrang_Den;2010-09-14;2010;09;14;serenan;719067;9851012;cd
s3100;Beauxbatons_Den;2010-09-17;2010;09;17;serenan;718987;9850937;cd
s3117;Diagon_Alley_Den;2010-10-04;2010;10;04;serenan;717949;9849283;cd
s3119;Diagon_Alley_Den;2010-10-04;2010;10;04;serenan;717949;9849283;cd
s3120;Diagon_Alley_Den;2010-10-07;2010;10;07;serenan;717949;9849283;cd
s3124;Diagon_Alley_Den;2010-10-09;2010;10;09;serenan;717949;9849283;cd
s3130;Diagon_Alley_Den;2010-10-14;2010;10;14;serenan;717949;9849283;cd
s3136;Diagon_Alley_Den;2010-10-16;2010;10;16;serenan;717949;9849283;cd
s314;CERN_Den;2009-01-01;2009;01;01;happyzebra;719534;9838825;cd
s3141;Diagon_Alley_Den;2010-10-17;2010;10;17;serenan;717949;9849283;cd
s3142;Schiphol_Den;2010-10-17;2010;10;17;serenan;723441;9844921;cd
s3143;Schiphol_Den;2010-10-18;2010;10;18;serenan;723441;9844921;cd
s3150;Diagon_Alley_Den;2010-10-20;2010;10;20;serenan;717949;9849283;cd
s3152;Schiphol_Den;2010-10-21;2010;10;21;serenan;723441;9844921;cd
s3153;Schiphol_Den;2010-10-21;2010;10;21;serenan;723441;9844921;cd
s3155;Diagon_Alley_Den;2010-10-23;2010;10;23;serenan;717949;9849283;cd
s3156;Hogshead_Den;2010-10-23;2010;10;23;serenan;717723;9849485;cd
s3157;Diagon_Alley_Den;2010-10-23;2010;10;23;serenan;717949;9849283;cd
s3158;Diagon_Alley_Den;2010-10-23;2010;10;23;serenan;717949;9849283;cd
s316;CERN_Den;2009-01-18;2009;01;18;happyzebra;719534;9838825;cd
s3169;Chamber_of_Secrets_Den;2010-10-28;2010;10;28;serenan;717726;9849379;cd
s3172;Chamber_of_Secrets_Den;2010-10-30;2010;10;30;serenan;717726;9849379;cd
s3175;Chamber_of_Secrets_Den;2010-11-03;2010;11;03;serenan;717726;9849379;cd
s3185;3_Broomsticks_Den;2010-11-05;2010;11;05;serenan;717702;9849474;cd
s3186;Chamber_of_Secrets_Den;2010-11-05;2010;11;05;serenan;717726;9849379;cd
s3192;Schiphol_Den;2010-11-06;2010;11;06;serenan;723441;9844921;cd
s3203;IAT_Den;2010-11-13;2010;11;13;serenan;718355;9849119;cd
s3207;IAT_Den;2010-11-14;2010;11;14;serenan;718355;9849119;cd
s3208;Schiphol_Den;2010-11-14;2010;11;14;serenan;723441;9844921;cd
s3210;IAT_Den;2010-11-15;2010;11;15;serenan;718355;9849119;cd
s3211;IAT_Den;2010-11-15;2010;11;15;serenan;718355;9849119;cd
s3217;Schiphol_Den;2010-11-16;2010;11;16;serenan;723441;9844921;cd
s3218;IAT_Den;2010-11-16;2010;11;16;serenan;718355;9849119;cd
s3220;Schiphol_Den;2010-11-17;2010;11;17;serenan;723441;9844921;cd
s3223;IAT_Den;2010-11-18;2010;11;18;serenan;718355;9849119;cd
s3226;Schiphol_Den;2010-11-19;2010;11;19;serenan;723441;9844921;cd
s3228;Schiphol_Den;2010-11-19;2010;11;19;serenan;723441;9844921;cd
s3232;IAT_Den;2010-11-19;2010;11;19;serenan;718355;9849119;cd
s3235;Schiphol_Den;2010-11-20;2010;11;20;serenan;723441;9844921;cd
s3236;Schiphol_Den;2010-11-21;2010;11;21;serenan;723441;9844921;cd
s3237;IAT_Den;2010-11-21;2010;11;21;serenan;718355;9849119;cd
s3241;IAT_Den;2010-11-23;2010;11;23;serenan;718355;9849119;cd
s3243;Schiphol_Den;2010-11-23;2010;11;23;serenan;723441;9844921;cd
s3286;Ollivander's_Den;2010-12-15;2010;12;15;serenan;719224;9848877;cd
s3293;Ollivander's_Den;2010-12-17;2010;12;17;serenan;719224;9848877;cd
s3300;Ollivander's_Den;2010-12-18;2010;12;18;serenan;719224;9848877;cd
s3301;Ollivander's_Den;2010-12-20;2010;12;20;serenan;719224;9848877;cd
s3311;Ollivander's_Den;2010-12-23;2010;12;23;serenan;719224;9848877;cd
s3319;Ollivander's_Den;2010-12-24;2010;12;24;serenan;719224;9848877;cd
s3326;Ollivander's_Den;2010-12-28;2010;12;28;serenan;719224;9848877;cd
s3328;Ollivander's_Den;2010-12-29;2010;12;29;serenan;719224;9848877;cd
s333;CERN_Den;2009-01-25;2009;01;25;happyzebra;719534;9838825;cd
s3337;South_Den;2008-11-16;2008;11;16;serenas;724375;9842053;cd
s3351;South_Den;2008-11-23;2008;11;23;serenas;724375;9842053;cd
s3352;South_Den;2008-11-25;2008;11;25;serenas;724375;9842053;cd
s3355;South_Den;2008-11-25;2008;11;25;serenas;724375;9842053;cd
s3357;South_Den;2008-11-25;2008;11;25;serenas;724375;9842053;cd
s3359;South_Den;2008-11-26;2008;11;26;serenas;724375;9842053;cd
s3369;South_Den;2008-11-29;2008;11;29;serenas;724375;9842053;cd
s3370;South_Den;2008-11-30;2008;11;30;serenas;724375;9842053;cd
s3371;South_Den;2008-12-04;2008;12;04;serenas;724375;9842053;cd
s3376;South_Den;2008-12-05;2008;12;05;serenas;724375;9842053;cd
s3379;South_Den;2008-12-06;2008;12;06;serenas;724375;9842053;cd
s3381;South_Den;2008-12-08;2008;12;08;serenas;724375;9842053;cd
s3382;Railroad_Den;2008-12-08;2008;12;08;serenas;724422;9841651;cd
s3384;Railroad_Den;2008-12-09;2008;12;09;serenas;724422;9841651;cd
s339;CERN_Den;2009-01-26;2009;01;26;happyzebra;719534;9838825;cd
s3392;Railroad_Den;2008-12-15;2008;12;15;serenas;724422;9841651;cd
s3394;Railroad_Den;2008-12-15;2008;12;15;serenas;724422;9841651;cd
s3395;Railroad_Den;2008-12-20;2008;12;20;serenas;724422;9841651;cd
s3399;Railroad_Den;2008-12-20;2008;12;20;serenas;724422;9841651;cd
s3402;Railroad_Den;2008-12-22;2008;12;22;serenas;724422;9841651;cd
s3404;Railroad_Den;2008-12-23;2008;12;23;serenas;724422;9841651;cd
s3406;Railroad_Den;2008-12-24;2008;12;24;serenas;724422;9841651;cd
s3407;Railroad_Den;2008-12-27;2008;12;27;serenas;724422;9841651;cd
s3409;Railroad_Den;2008-12-29;2008;12;29;serenas;724422;9841651;cd
s3413;Railroad_Den;2008-12-30;2008;12;30;serenas;724422;9841651;cd
s3414;Railroad_Den;2009-01-16;2009;01;16;serenas;724422;9841651;cd
s3415;Railroad_Den;2009-01-19;2009;01;19;serenas;724422;9841651;cd
s3419;Railroad_Den;2009-01-20;2009;01;20;serenas;724422;9841651;cd
s342;CERN_Den;2009-02-01;2009;02;01;happyzebra;719534;9838825;cd
s3424;Railroad_Den;2009-01-20;2009;01;20;serenas;724422;9841651;cd
s3425;Railroad_Den;2009-01-20;2009;01;20;serenas;724422;9841651;cd
s3431;Hanging_Gardens_Den;2009-01-27;2009;01;27;serenas;724783;9841530;cd
s3432;Hanging_Gardens_Den;2009-01-28;2009;01;28;serenas;724783;9841530;cd
s3435;Hanging_Gardens_Den;2009-01-31;2009;01;31;serenas;724783;9841530;cd
s3437;Hanging_Gardens_Den;2009-02-01;2009;02;01;serenas;724783;9841530;cd
s3438;Hanging_Gardens_Den;2009-02-02;2009;02;02;serenas;724783;9841530;cd
s3441;Hanging_Gardens_Den;2009-02-02;2009;02;02;serenas;724783;9841530;cd
s3444;Hanging_Gardens_Den;2009-02-04;2009;02;04;serenas;724783;9841530;cd
s3445;Hanging_Gardens_Den;2009-02-04;2009;02;04;serenas;724783;9841530;cd
s3447;Hanging_Gardens_Den;2009-02-04;2009;02;04;serenas;724783;9841530;cd
s345;CERN_Den;2009-02-03;2009;02;03;happyzebra;719534;9838825;cd
s3455;Hanging_Gardens_Den;2009-02-06;2009;02;06;serenas;724783;9841530;cd
s3456;CERN_Den;2009-02-07;2009;02;07;serenas;719534;9838825;cd
s3457;Hanging_Gardens_Den;2009-02-08;2009;02;08;serenas;724783;9841530;cd
s3458;Hanging_Gardens_Den;2009-02-08;2009;02;08;serenas;724783;9841530;cd
s346;CERN_Den;2009-02-05;2009;02;05;happyzebra;719534;9838825;cd
s3461;Hanging_Gardens_Den;2009-02-10;2009;02;10;serenas;724783;9841530;cd
s3470;Hanging_Gardens_Den;2009-02-14;2009;02;14;serenas;724783;9841530;cd
s3473;Hanging_Gardens_Den;2009-02-15;2009;02;15;serenas;724783;9841530;cd
s3475;Hanging_Gardens_Den;2009-02-15;2009;02;15;serenas;724783;9841530;cd
s3476;Railroad_Den;2009-02-15;2009;02;15;serenas;724422;9841651;cd
s348;CERN_Den;2009-02-07;2009;02;07;happyzebra;719534;9838825;cd
s3480;Hanging_Gardens_Den;2009-02-17;2009;02;17;serenas;724783;9841530;cd
s3482;Hanging_Gardens_Den;2009-02-17;2009;02;17;serenas;724783;9841530;cd
s3485;Hanging_Gardens_Den;2009-02-18;2009;02;18;serenas;724783;9841530;cd
s3489;Hanging_Gardens_Den;2009-02-19;2009;02;19;serenas;724783;9841530;cd
s3493;Hanging_Gardens_Den;2009-02-20;2009;02;20;serenas;724783;9841530;cd
s3497;Hanging_Gardens_Den;2009-02-23;2009;02;23;serenas;724783;9841530;cd
s350;CERN_Den;2009-02-07;2009;02;07;happyzebra;719534;9838825;cd
s3501;Hanging_Gardens_Den;2009-02-25;2009;02;25;serenas;724783;9841530;cd
s3503;Hanging_Gardens_Den;2009-02-26;2009;02;26;serenas;724783;9841530;cd
s3504;Hanging_Gardens_Den;2009-02-27;2009;02;27;serenas;724783;9841530;cd
s3507;Hanging_Gardens_Den;2009-02-28;2009;02;28;serenas;724783;9841530;cd
s3508;Hanging_Gardens_Den;2009-03-02;2009;03;02;serenas;724783;9841530;cd
s3510;Hanging_Gardens_Den;2009-03-03;2009;03;03;serenas;724783;9841530;cd
s3513;Hanging_Gardens_Den;2009-03-03;2009;03;03;serenas;724783;9841530;cd
s3514;Hanging_Gardens_Den;2009-03-05;2009;03;05;serenas;724783;9841530;cd
s3517;Hanging_Gardens_Den;2009-03-07;2009;03;07;serenas;724783;9841530;cd
s3520;Hanging_Gardens_Den;2009-03-08;2009;03;08;serenas;724783;9841530;cd
s3522;Hanging_Gardens_Den;2009-03-10;2009;03;10;serenas;724783;9841530;cd
s3524;Hanging_Gardens_Den;2009-03-11;2009;03;11;serenas;724783;9841530;cd
s3527;Hanging_Gardens_Den;2009-03-12;2009;03;12;serenas;724783;9841530;cd
s3529;Hanging_Gardens_Den;2009-03-13;2009;03;13;serenas;724783;9841530;cd
s353;CERN_Den;2009-02-11;2009;02;11;happyzebra;719534;9838825;cd
s3530;Hanging_Gardens_Den;2009-03-13;2009;03;13;serenas;724783;9841530;cd
s3531;Hanging_Gardens_Den;2009-03-15;2009;03;15;serenas;724783;9841530;cd
s3532;Hanging_Gardens_Den;2009-03-16;2009;03;16;serenas;724783;9841530;cd
s3533;Hanging_Gardens_Den;2009-03-25;2009;03;25;serenas;724783;9841530;cd
s3535;Hanging_Gardens_Den;2009-03-28;2009;03;28;serenas;724783;9841530;cd
s3538;Hanging_Gardens_Den;2009-03-31;2009;03;31;serenas;724783;9841530;cd
s354;Amazon_Den;2009-02-11;2009;02;11;happyzebra;719656;9838561;cd
s3541;Hanging_Gardens_Den;2009-04-01;2009;04;01;serenas;724783;9841530;cd
s3546;Hanging_Gardens_Den;2009-04-03;2009;04;03;serenas;724783;9841530;cd
s3547;Hanging_Gardens_Den;2009-04-03;2009;04;03;serenas;724783;9841530;cd
s3548;Hanging_Gardens_Den;2009-04-04;2009;04;04;serenas;724783;9841530;cd
s3550;Hanging_Gardens_Den;2009-04-06;2009;04;06;serenas;724783;9841530;cd
s3552;Hanging_Gardens_Den;2009-04-07;2009;04;07;serenas;724783;9841530;cd
s3555;Hanging_Gardens_Den;2009-04-08;2009;04;08;serenas;724783;9841530;cd
s3556;Hanging_Gardens_Den;2009-04-09;2009;04;09;serenas;724783;9841530;cd
s3559;Hanging_Gardens_Den;2009-04-10;2009;04;10;serenas;724783;9841530;cd
s3562;Hanging_Gardens_Den;2009-04-11;2009;04;11;serenas;724783;9841530;cd
s3576.1;Suzi_Den;2009-05-02;2009;05;02;serenas;726298;9842460;cd
s3579;Suzi_Den;2009-05-03;2009;05;03;serenas;726298;9842460;cd
s3581;Suzi_Den;2009-05-04;2009;05;04;serenas;726298;9842460;cd
s3582;Suzi_Den;2009-05-06;2009;05;06;serenas;726298;9842460;cd
s3584;Suzi_Den;2009-05-07;2009;05;07;serenas;726298;9842460;cd
s3585;Suzi_Den;2009-05-08;2009;05;08;serenas;726298;9842460;cd
s3587;Suzi_Den;2009-05-08;2009;05;08;serenas;726298;9842460;cd
s359;Amazon_Den;2009-02-12;2009;02;12;happyzebra;719656;9838561;cd
s3591;Suzi_Den_II;2009-05-12;2009;05;12;serenas;726321;9842497;cd
s3593;Suzi_Den_II;2009-05-12;2009;05;12;serenas;726321;9842497;cd
s3601;Suzi_Den_II;2009-05-15;2009;05;15;serenas;726321;9842497;cd
s3633;Ice_Age_Den;2009-06-03;2009;06;03;serenas;727052;9842117;cd
s3640;Elm_Street_Den;2009-06-06;2009;06;06;serenas;726446;9842434;cd
s3644;Elm_Street_Den;2009-06-11;2009;06;11;serenas;726446;9842434;cd
s3699;The_Hatch_Den;2009-07-27;2009;07;27;serenas;727333;9840695;cd
s3704;The_Hatch_Den;2009-07-30;2009;07;30;serenas;727333;9840695;cd
s3705;The_Hatch_Den;2009-08-01;2009;08;01;serenas;727333;9840695;cd
s3707;The_Hatch_Den;2009-08-02;2009;08;02;serenas;727333;9840695;cd
s3713;The_Hatch_Den;2009-08-05;2009;08;05;serenas;727333;9840695;cd
s3714;The_Hatch_Den;2009-08-07;2009;08;07;serenas;727333;9840695;cd
s372;Amazon_Den;2009-02-16;2009;02;16;happyzebra;719656;9838561;cd
s3720;Orchid_Den;2009-08-10;2009;08;10;serenas;725445;9840897;cd
s3723;Orchid_Den;2009-08-11;2009;08;11;serenas;725445;9840897;cd
s3724;Orchid_Den;2009-08-14;2009;08;14;serenas;725445;9840897;cd
s3726;Orchid_Den;2009-08-14;2009;08;14;serenas;725445;9840897;cd
s373;CERN_Den;2009-02-16;2009;02;16;happyzebra;719534;9838825;cd
s3730;Orchid_Den;2009-08-17;2009;08;17;serenas;725445;9840897;cd
s3733;Orchid_Den;2009-08-18;2009;08;18;serenas;725445;9840897;cd
s3734;Hydra_Den;2009-08-18;2009;08;18;serenas;725559;9840851;cd
s3737;Orchid_Den;2009-08-18;2009;08;18;serenas;725445;9840897;cd
s3741;Orchid_Den;2009-08-20;2009;08;20;serenas;725445;9840897;cd
s3753;Hydra_Den;2009-08-22;2009;08;22;serenas;725559;9840851;cd
s3755;Hydra_Den;2009-08-22;2009;08;22;serenas;725559;9840851;cd
s3759;Orchid_Den;2009-08-23;2009;08;23;serenas;725445;9840897;cd
s376;Amazon_Den;2009-02-17;2009;02;17;happyzebra;719656;9838561;cd
s3762;Orchid_Den;2009-08-25;2009;08;25;serenas;725445;9840897;cd
s3765;Hydra_Den;2009-08-25;2009;08;25;serenas;725559;9840851;cd
s3767;Hydra_Den;2009-08-25;2009;08;25;serenas;725559;9840851;cd
s3768;Orchid_Den;2009-08-27;2009;08;27;serenas;725445;9840897;cd
s3779;Pearl_Den;2009-08-30;2009;08;30;serenas;725783;9840988;cd
s378;Amazon_Den;2009-02-18;2009;02;18;happyzebra;719656;9838561;cd
s3782;Pearl_Den;2009-08-31;2009;08;31;serenas;725783;9840988;cd
s3787;Pearl_Den;2009-09-02;2009;09;02;serenas;725783;9840988;cd
s3791;Pearl_Den;2009-09-04;2009;09;04;serenas;725783;9840988;cd
s3793;Pearl_Den;2009-09-04;2009;09;04;serenas;725783;9840988;cd
s3794;Pearl_Den;2009-09-06;2009;09;06;serenas;725783;9840988;cd
s3796;Pearl_Den;2009-09-07;2009;09;07;serenas;725783;9840988;cd
s3800;Pearl_Den;2009-09-09;2009;09;09;serenas;725783;9840988;cd
s3802;Oceanic_Den;2009-09-11;2009;09;11;serenas;725466;9841032;cd
s3804;Pearl_Den;2009-09-11;2009;09;11;serenas;725783;9840988;cd
s3809;Oceanic_Den;2009-09-15;2009;09;15;serenas;725466;9841032;cd
s3810;Oceanic_Den;2009-09-15;2009;09;15;serenas;725466;9841032;cd
s3811;Oceanic_Den;2009-09-17;2009;09;17;serenas;725466;9841032;cd
s3812;Oceanic_Den;2009-09-19;2009;09;19;serenas;725466;9841032;cd
s3813;Oceanic_Den;2009-09-21;2009;09;21;serenas;725466;9841032;cd
s3814;Oceanic_Den;2009-09-23;2009;09;23;serenas;725466;9841032;cd
s3818;Oceanic_Den;2009-09-27;2009;09;27;serenas;725466;9841032;cd
s3819;Jackson's_Hole_Den;2009-10-05;2009;10;05;serenas;725657;9841081;cd
s382;Amazon_Den;2009-02-19;2009;02;19;happyzebra;719656;9838561;cd
s3820;Oceanic_Den;2009-10-05;2009;10;05;serenas;725466;9841032;cd
s3821;Jackson's_Hole_Den;2009-10-05;2009;10;05;serenas;725657;9841081;cd
s3822;Oceanic_Den;2009-10-05;2009;10;05;serenas;725466;9841032;cd
s3823;Jackson's_Hole_Den;2009-10-08;2009;10;08;serenas;725657;9841081;cd
s3830;Jackson's_Hole_Den;2009-10-08;2009;10;08;serenas;725657;9841081;cd
s3834;Jackson's_Hole_Den;2009-10-10;2009;10;10;serenas;725657;9841081;cd
s3836;Big_Sky_Den;2009-10-24;2009;10;24;serenas;725670;9841131;cd
s3839;Big_Sky_Den;2009-10-28;2009;10;28;serenas;725670;9841131;cd
s3844;Big_Sky_Den;2009-10-30;2009;10;30;serenas;725670;9841131;cd
s3847;Big_Sky_Den;2009-11-01;2009;11;01;serenas;725670;9841131;cd
s385;Amazon_Den;2009-02-20;2009;02;20;happyzebra;719656;9838561;cd
s3850;Big_Sky_Den;2009-11-02;2009;11;02;serenas;725670;9841131;cd
s3851;Big_Sky_Den;2009-11-04;2009;11;04;serenas;725670;9841131;cd
s3855;Oceanic_Den;2009-11-05;2009;11;05;serenas;725466;9841032;cd
s3856;Big_Sky_Den;2009-11-05;2009;11;05;serenas;725670;9841131;cd
s3858;Oceanic_Den;2009-11-07;2009;11;07;serenas;725466;9841032;cd
s3859;Foggy_Den;2009-11-07;2009;11;07;serenas;724958;9840745;cd
s386;Amazon_Den;2009-02-21;2009;02;21;happyzebra;719656;9838561;cd
s3861;Foggy_Den;2009-11-08;2009;11;08;serenas;724958;9840745;cd
s3864;Foggy_Den;2009-11-11;2009;11;11;serenas;724958;9840745;cd
s3877;Foggy_Den;2009-11-13;2009;11;13;serenas;724958;9840745;cd
s3879;Foggy_Den;2009-11-15;2009;11;15;serenas;724958;9840745;cd
s3880;Oceanic_Den;2009-11-17;2009;11;17;serenas;725466;9841032;cd
s3881;Foggy_Den;2009-11-17;2009;11;17;serenas;724958;9840745;cd
s3889;Foggy_Den;2009-11-19;2009;11;19;serenas;724958;9840745;cd
s3890;Oceanic_Den;2009-11-19;2009;11;19;serenas;725466;9841032;cd
s3892;Snowbird_Den;2009-11-28;2009;11;28;serenas;725146;9840846;cd
s3897;Snowbird_Den;2009-11-29;2009;11;29;serenas;725146;9840846;cd
s3898;Snowbird_Den;2009-12-01;2009;12;01;serenas;725146;9840846;cd
s390;Amazon_Den;2009-02-24;2009;02;24;happyzebra;719656;9838561;cd
s3900;Snowbird_Den;2009-12-03;2009;12;03;serenas;725146;9840846;cd
s3905;Snowbird_Den;2009-12-04;2009;12;04;serenas;725146;9840846;cd
s3909;Snowbird_Den;2009-12-06;2009;12;06;serenas;725146;9840846;cd
s3912;Snowbird_Den;2009-12-06;2009;12;06;serenas;725146;9840846;cd
s3921;Dudu_Den;2009-12-20;2009;12;20;serenas;725634;9840969;cd
s3925;Dudu_Den;2009-12-23;2009;12;23;serenas;725634;9840969;cd
s3937;Orchid_Den;2009-12-26;2009;12;26;serenas;725445;9840897;cd
s3938;Dudu_Den;2009-12-26;2009;12;26;serenas;725634;9840969;cd
s3939;Orchid_Den;2009-12-26;2009;12;26;serenas;725445;9840897;cd
s3942;Dudu_Den;2009-12-28;2009;12;28;serenas;725634;9840969;cd
s395;Amazon_Den;2009-02-24;2009;02;24;happyzebra;719656;9838561;cd
s3958;Orchid_Den;2010-01-02;2010;01;02;serenas;725445;9840897;cd
s396;Amazon_Den;2009-02-25;2009;02;25;happyzebra;719656;9838561;cd
s3962;Dudu_Den;2010-01-05;2010;01;05;serenas;725634;9840969;cd
s3963;Dudu_Den;2010-01-08;2010;01;08;serenas;725634;9840969;cd
s397;Amazon_Den;2009-02-26;2009;02;26;happyzebra;719656;9838561;cd
s3970;Jackson's_Hole_Den;2010-01-13;2010;01;13;serenas;725657;9841081;cd
s3972;Jackson's_Hole_Den;2010-01-14;2010;01;14;serenas;725657;9841081;cd
s3977;Oceanic_Den;2010-01-15;2010;01;15;serenas;725466;9841032;cd
s3978;Jackson's_Hole_Den;2010-01-15;2010;01;15;serenas;725657;9841081;cd
s3980;Jackson's_Hole_Den;2010-01-18;2010;01;18;serenas;725657;9841081;cd
s3983;Jackson's_Hole_Den;2010-01-20;2010;01;20;serenas;725657;9841081;cd
s3987;Jackson's_Hole_Den;2010-01-23;2010;01;23;serenas;725657;9841081;cd
s3989;Dudu_Den;2010-01-29;2010;01;29;serenas;725634;9840969;cd
s3993;Dudu_Den;2010-01-30;2010;01;30;serenas;725634;9840969;cd
s3995;Orchid_Den;2010-02-05;2010;02;05;serenas;725445;9840897;cd
s4005;Orchid_Den;2010-02-10;2010;02;10;serenas;725445;9840897;cd
s4009;Orchid_Den;2010-02-13;2010;02;13;serenas;725445;9840897;cd
s4011;Orchid_Den;2010-02-22;2010;02;22;serenas;725445;9840897;cd
s4024;Orchid_Den;2010-03-04;2010;03;04;serenas;725445;9840897;cd
s4028;Orchid_Den;2010-03-07;2010;03;07;serenas;725445;9840897;cd
s4033;Orchid_Den;2010-03-09;2010;03;09;serenas;725445;9840897;cd
s4037;Orchid_Den;2010-03-11;2010;03;11;serenas;725445;9840897;cd
s4045;Orchid_Den;2010-03-12;2010;03;12;serenas;725445;9840897;cd
s4050;Orchid_Den;2010-03-15;2010;03;15;serenas;725445;9840897;cd
s4051;Orchid_Den;2010-03-17;2010;03;17;serenas;725445;9840897;cd
s4059;Orchid_Den;2010-03-18;2010;03;18;serenas;725445;9840897;cd
s4075;Orchid_Den;2010-03-29;2010;03;29;serenas;725445;9840897;cd
s4077;Submarine_Den;2010-03-31;2010;03;31;serenas;725144;9840834;d
s4078;Orchid_Den;2010-03-31;2010;03;31;serenas;725445;9840897;cd
s4079;Submarine_Den;2010-03-31;2010;03;31;serenas;725144;9840834;d
s4081;Orchid_Den;2010-04-03;2010;04;03;serenas;725445;9840897;cd
s4089;Orchid_Den;2010-04-05;2010;04;05;serenas;725445;9840897;cd
s409;Amazon_Den;2009-03-05;2009;03;05;happyzebra;719656;9838561;cd
s4094;Orchid_Den;2010-04-08;2010;04;08;serenas;725445;9840897;cd
s4103;Orchid_Den;2010-04-09;2010;04;09;serenas;725445;9840897;cd
s4106;Orchid_Den;2010-04-11;2010;04;11;serenas;725445;9840897;cd
s4111;Orchid_Den;2010-04-12;2010;04;12;serenas;725445;9840897;cd
s4113;Orchid_Den;2010-04-15;2010;04;15;serenas;725445;9840897;cd
s4118;Orchid_Den;2010-04-17;2010;04;17;serenas;725445;9840897;cd
s412;Amazon_Den;2009-03-06;2009;03;06;happyzebra;719656;9838561;cd
s4120;Orchid_Den;2010-04-21;2010;04;21;serenas;725445;9840897;cd
s4122;Orchid_Den;2010-04-23;2010;04;23;serenas;725445;9840897;cd
s4134;Orchid_Den;2010-04-28;2010;04;28;serenas;725445;9840897;cd
s4140;Orchid_Den;2010-04-29;2010;04;29;serenas;725445;9840897;cd
s4143;Orchid_Den;2010-04-29;2010;04;29;serenas;725445;9840897;cd
s4144;Orchid_Den;2010-04-30;2010;04;30;serenas;725445;9840897;cd
s4146;Orchid_Den;2010-05-01;2010;05;01;serenas;725445;9840897;cd
s4151;Orchid_Den;2010-05-02;2010;05;02;serenas;725445;9840897;cd
s4155;Redemption_Den;2010-05-04;2010;05;04;serenas;722500;9844773;cd
s4160;Orchid_Den;2010-05-05;2010;05;05;serenas;725445;9840897;cd
s4164;Polar_Bear_Den;2010-05-07;2010;05;07;serenas;725352;9840838;cd
s4165;Orchid_Den;2010-05-09;2010;05;09;serenas;725445;9840897;cd
s4169;Orchid_Den;2010-05-12;2010;05;12;serenas;725445;9840897;cd
s4177;Orchid_Den;2010-05-14;2010;05;14;serenas;725445;9840897;cd
s4180;Dharma_Den;2010-05-15;2010;05;15;serenas;725495;9840858;cd
s4181;Orchid_Den;2010-05-23;2010;05;23;serenas;725445;9840897;cd
s4183;Dharma_Den;2010-05-25;2010;05;25;serenas;725495;9840858;cd
s4184;Pearl_Den;2010-05-25;2010;05;25;serenas;725783;9840988;cd
s4185;Dharma_Den;2010-05-25;2010;05;25;serenas;725495;9840858;cd
s4186;Orchid_Den;2010-05-25;2010;05;25;serenas;725445;9840897;cd
s4190;Orchid_Den;2010-05-27;2010;05;27;serenas;725445;9840897;cd
s4208;Orchid_Den;2010-06-01;2010;06;01;serenas;725445;9840897;cd
s4209;Dharma_Den;2010-06-01;2010;06;01;serenas;725495;9840858;cd
s4210;Orchid_Den;2010-06-01;2010;06;01;serenas;725445;9840897;cd
s4214;Dharma_Den;2010-06-02;2010;06;02;serenas;725495;9840858;cd
s4221;Orchid_Den;2010-06-03;2010;06;03;serenas;725445;9840897;cd
s4223;Orchid_Den;2010-06-05;2010;06;05;serenas;725445;9840897;cd
s4224;Dharma_Den;2010-06-05;2010;06;05;serenas;725495;9840858;cd
s4227;Foggy_Den;2010-06-07;2010;06;07;serenas;724958;9840745;cd
s4236;Orchid_Den;2010-06-09;2010;06;09;serenas;725445;9840897;cd
s4237;Dharma_Den;2010-06-09;2010;06;09;serenas;725495;9840858;cd
s4246;Dharma_Den;2010-06-12;2010;06;12;serenas;725495;9840858;cd
s4247;Dharma_Den;2010-06-14;2010;06;14;serenas;725495;9840858;cd
s4248;Dharma_Den;2010-06-14;2010;06;14;serenas;725495;9840858;cd
s4249;Dharma_Den;2010-06-15;2010;06;15;serenas;725495;9840858;cd
s4251;Dharma_Den;2010-06-18;2010;06;18;serenas;725495;9840858;cd
s4253;Dharma_Den;2010-06-19;2010;06;19;serenas;725495;9840858;cd
s4254;Dharma_Den;2010-06-20;2010;06;20;serenas;725495;9840858;cd
s4256;Dharma_Den;2010-06-21;2010;06;21;serenas;725495;9840858;cd
s4260;Dharma_Den;2010-06-22;2010;06;22;serenas;725495;9840858;cd
s4263;Dharma_Den;2010-06-24;2010;06;24;serenas;725495;9840858;cd
s4269;Dharma_Den;2010-06-25;2010;06;25;serenas;725495;9840858;cd
s4270;Orchid_Den;2010-06-25;2010;06;25;serenas;725445;9840897;cd
s4273;Orchid_Den;2010-06-26;2010;06;26;serenas;725445;9840897;cd
s4274;Orchid_Den;2010-06-27;2010;06;27;serenas;725445;9840897;cd
s4276;Orchid_Den;2010-06-28;2010;06;28;serenas;725445;9840897;cd
s4280;Orchid_Den;2010-06-30;2010;06;30;serenas;725445;9840897;cd
s4281;Submarine_Den;2010-06-30;2010;06;30;serenas;725144;9840834;d
s4286;Orchid_Den;2010-06-30;2010;06;30;serenas;725445;9840897;cd
s4287;Polar_Bear_Den;2010-07-01;2010;07;01;serenas;725352;9840838;cd
s4288;Orchid_Den;2010-07-01;2010;07;01;serenas;725445;9840897;cd
s4289;Polar_Bear_Den;2010-07-01;2010;07;01;serenas;725352;9840838;cd
s4290;Orchid_Den;2010-07-02;2010;07;02;serenas;725445;9840897;cd
s4294;Polar_Bear_Den;2010-07-03;2010;07;03;serenas;725352;9840838;cd
s4295;Orchid_Den;2010-07-03;2010;07;03;serenas;725445;9840897;cd
s4298;Polar_Bear_Den;2010-07-05;2010;07;05;serenas;725352;9840838;cd
s4299;Orchid_Den;2010-07-05;2010;07;05;serenas;725445;9840897;cd
s4301;Oceanic_Den;2010-07-07;2010;07;07;serenas;725466;9841032;cd
s4302;Orchid_Den;2010-07-07;2010;07;07;serenas;725445;9840897;cd
s4305;Orchid_Den;2010-07-08;2010;07;08;serenas;725445;9840897;cd
s4307;Orchid_Den;2010-07-09;2010;07;09;serenas;725445;9840897;cd
s4313;Polar_Bear_Den;2010-07-14;2010;07;14;serenas;725352;9840838;cd
s4314;Polar_Bear_Den;2010-07-14;2010;07;14;serenas;725352;9840838;cd
s4316;Polar_Bear_Den;2010-07-16;2010;07;16;serenas;725352;9840838;cd
s4319;Polar_Bear_Den;2010-07-18;2010;07;18;serenas;725352;9840838;cd
s4320;Polar_Bear_Den;2010-07-19;2010;07;19;serenas;725352;9840838;cd
s4321;Polar_Bear_Den;2010-07-24;2010;07;24;serenas;725352;9840838;cd
s4324;Polar_Bear_Den;2010-07-26;2010;07;26;serenas;725352;9840838;cd
s4328;Hurley_Den;2010-07-29;2010;07;29;serenas;725185;9840831;cd
s4329;Dharma_Den;2010-08-07;2010;08;07;serenas;725495;9840858;cd
s4333;Locke_Den;2010-07-08;2010;07;08;serenas;725145;9840826;cd
s4344;Locke_Den;2010-08-14;2010;08;14;serenas;725145;9840826;cd
s4352;Hallelujah_Den;2010-08-22;2010;08;22;serenas;723071;9841425;cd
s4355;Locke_Den;2010-08-24;2010;08;24;serenas;725145;9840826;cd
s4380;Rivendell_Den;2010-09-21;2010;09;21;serenas;723719;9841457;cd
s4381;Rivendell_Den;2010-09-24;2010;09;24;serenas;723719;9841457;cd
s4382;Rivendell_Den;2010-09-24;2010;09;24;serenas;723719;9841457;cd
s4386;Rivendell_Den;2010-09-25;2010;09;25;serenas;723719;9841457;cd
s4387;Rivendell_Den;2010-09-27;2010;09;27;serenas;723719;9841457;cd
s4393;Snowbird_Den;2010-10-10;2010;10;10;serenas;725146;9840846;cd
s4395;Sawyer_Den;2010-10-15;2010;10;15;serenas;725256;9840952;cd
s4400;Hurley_Den;2010-10-16;2010;10;16;serenas;725185;9840831;cd
s4402;Polar_Bear_Den;2010-10-16;2010;10;16;serenas;725352;9840838;cd
s4407;Boone_Den;2010-10-20;2010;10;20;serenas;725499;9840852;cd
s4412;Boone_Den;2010-10-22;2010;10;22;serenas;725499;9840852;cd
s4413;Locke_Den;2010-10-22;2010;10;22;serenas;725145;9840826;cd
s4422;Sawyer_Den;2010-10-29;2010;10;29;serenas;725256;9840952;cd
s4423;Boone_Den;2010-10-29;2010;10;29;serenas;725499;9840852;cd
s4424;Sawyer_Den;2010-10-29;2010;10;29;serenas;725256;9840952;cd
s4425;Boone_Den;2010-10-29;2010;10;29;serenas;725499;9840852;cd
s4434;Oceanic_Den;2010-11-04;2010;11;04;serenas;725466;9841032;cd
s4438;Dudu_Den;2010-11-06;2010;11;06;serenas;725634;9840969;cd
s4439;Boone_Den;2010-11-06;2010;11;06;serenas;725499;9840852;cd
s4442;Sawyer_Den;2010-11-07;2010;11;07;serenas;725256;9840952;cd
s4443;Boone_Den;2010-11-07;2010;11;07;serenas;725499;9840852;cd
s4445;Boone_Den;2010-11-07;2010;11;07;serenas;725499;9840852;cd
s4447;FML_Den;2010-11-12;2010;11;12;serenas;725171;9841252;cd
s4450;Boone_Den;2010-11-14;2010;11;14;serenas;725499;9840852;cd
s4457;Sawyer_Den;2010-11-17;2010;11;17;serenas;725256;9840952;cd
s4460;FML_Den;2010-11-18;2010;11;18;serenas;725171;9841252;cd
s4461;Sawyer_Den;2010-11-18;2010;11;18;serenas;725256;9840952;cd
s4463;Sawyer_Den;2010-11-20;2010;11;20;serenas;725256;9840952;cd
s4467;FML_Den;2010-11-20;2010;11;20;serenas;725171;9841252;cd
s4478;Sawyer_Den;2010-11-22;2010;11;22;serenas;725256;9840952;cd
s4481;Sawyer_Den;2010-11-24;2010;11;24;serenas;725256;9840952;cd
s4483;Sawyer_Den;2010-11-24;2010;11;24;serenas;725256;9840952;cd
s4489;Sawyer_Den;2010-11-26;2010;11;26;serenas;725256;9840952;cd
s4532;Sawyer_Den;2010-12-12;2010;12;12;serenas;725256;9840952;cd
s4562;Sawyer_Den;2010-12-16;2010;12;16;serenas;725256;9840952;cd
s4573;Sawyer_Den;2010-12-19;2010;12;19;serenas;725256;9840952;cd
s4579;Sawyer_Den;2010-12-21;2010;12;21;serenas;725256;9840952;cd
s459;Holy_Grail_Den;2009-04-01;2009;04;01;happyzebra;719087;9840152;cd
s4603;Sawyer_Den;2010-12-28;2010;12;28;serenas;725256;9840952;cd
s4605;Lighthouse_Den;2010-12-28;2010;12;28;serenas;727206;9840510;cd
s4611;Sawyer_Den;2010-12-30;2010;12;30;serenas;725256;9840952;cd
s4621;Sawyer_Den;2010-12-30;2010;12;30;serenas;725256;9840952;cd
s463;Holy_Grail_Den;2009-04-02;2009;04;02;happyzebra;719087;9840152;cd
s4645;Sawyer_Den;2011-01-04;2011;01;04;serenas;725256;9840952;cd
s4646;Lighthouse_Den;2011-01-04;2011;01;04;serenas;727206;9840510;cd
s4661;Heath_Den;2011-01-06;2011;01;06;serenas;726486;9842170;cd
s4673;Sawyer_Den;2011-01-07;2011;01;07;serenas;725256;9840952;cd
s468;Holy_Grail_Den;2009-04-04;2009;04;04;happyzebra;719087;9840152;cd
s4687;Heath_Den;2011-01-10;2011;01;10;serenas;726486;9842170;cd
s4696;Heath_Den;2011-01-12;2011;01;12;serenas;726486;9842170;cd
s476;Holy_Grail_Den;2009-04-06;2009;04;06;happyzebra;719087;9840152;cd
s4764;Lighthouse_Den;2011-01-23;2011;01;23;serenas;727206;9840510;cd
s4766;Lighthouse_Den;2011-01-23;2011;01;23;serenas;727206;9840510;cd
s4773;Lighthouse_Den;2011-01-24;2011;01;24;serenas;727206;9840510;cd
s4780;Lighthouse_Den;2011-01-26;2011;01;26;serenas;727206;9840510;cd
s4791;Ajira_Den;2011-01-29;2011;01;29;serenas;727214;9840612;cd
s4796;Ajira_Den;2011-01-30;2011;01;30;serenas;727214;9840612;cd
s4797;Lighthouse_Den;2011-01-30;2011;01;30;serenas;727206;9840510;cd
s4798;Ajira_Den;2011-01-30;2011;01;30;serenas;727214;9840612;cd
s480;Holy_Grail_Den;2009-04-09;2009;04;09;happyzebra;719087;9840152;cd
s4804;Lighthouse_Den;2011-02-01;2011;02;01;serenas;727206;9840510;cd
s4810;The_Staff_Den;2011-02-03;2011;02;03;serenas;727253;9840510;cd
s4811;Lighthouse_Den;2011-02-03;2011;02;03;serenas;727206;9840510;cd
s482;Holy_Grail_Den;2009-04-10;2009;04;10;happyzebra;719087;9840152;cd
s4830;Lighthouse_Den;2011-02-07;2011;02;07;serenas;727206;9840510;cd
s4831;The_Staff_Den;2011-02-07;2011;02;07;serenas;727253;9840510;cd
s4851;The_Staff_Den;2011-02-10;2011;02;10;serenas;727253;9840510;cd
s4857;The_Staff_Den;2011-02-10;2011;02;10;serenas;727253;9840510;cd
s4870;Lighthouse_Den;2011-02-14;2011;02;14;serenas;727206;9840510;cd
s4871;The_Staff_Den;2011-02-14;2011;02;14;serenas;727253;9840510;cd
s4872;Ajira_Den;2011-02-14;2011;02;14;serenas;727214;9840612;cd
s4875;Lighthouse_Den;2011-02-16;2011;02;16;serenas;727206;9840510;cd
s4876;The_Staff_Den;2011-02-16;2011;02;16;serenas;727253;9840510;cd
s4882;Lighthouse_Den;2011-02-18;2011;02;18;serenas;727206;9840510;cd
s4907;Lighthouse_Den;2011-03-02;2011;03;02;serenas;727206;9840510;cd
s4909;Lighthouse_Den;2011-03-04;2011;03;04;serenas;727206;9840510;cd
s491;Holy_Grail_Den;2009-04-12;2009;04;12;happyzebra;719087;9840152;cd
s4914;Suzi_Den;2011-03-07;2011;03;07;serenas;726298;9842460;cd
s4917;Suzi_Den;2011-03-08;2011;03;08;serenas;726298;9842460;cd
s4925;Suzi_Den;2011-03-13;2011;03;13;serenas;726298;9842460;cd
s4927;Reese's_Den;2011-03-13;2011;03;13;serenas;726279;9842474;cd
s4928;Suzi_Den;2011-03-18;2011;03;18;serenas;726298;9842460;cd
s4932.1;Reese's_Den;2011-03-21;2011;03;21;serenas;726279;9842474;cd
s4932.3;Reese's_Den;2011-03-21;2011;03;21;serenas;726279;9842474;cd
s4933.1;Reese's_Den;2011-03-21;2011;03;21;serenas;726279;9842474;cd
s4933.2;Suzi_Den;2011-03-21;2011;03;21;serenas;726298;9842460;cd
s4936.1;Suzi_Den;2011-03-23;2011;03;23;serenas;726298;9842460;cd
s4947;Reese's_Den;2011-03-29;2011;03;29;serenas;726279;9842474;cd
s4948;Suzi_Den;2011-03-29;2011;03;29;serenas;726298;9842460;cd
s4949;Reese's_Den;2011-03-29;2011;03;29;serenas;726279;9842474;cd
s4950;Suzi_Den;2011-03-29;2011;03;29;serenas;726298;9842460;cd
s4952;Suzi_Den;2011-03-30;2011;03;30;serenas;726298;9842460;cd
s4953;Reese's_Den;2011-03-30;2011;03;30;serenas;726279;9842474;cd
s4956;Suzi_Den;2011-04-02;2011;04;02;serenas;726298;9842460;cd
s496;Holy_Grail_Den;2009-04-14;2009;04;14;happyzebra;719087;9840152;cd
s4962;Reese's_Den;2011-04-03;2011;04;03;serenas;726279;9842474;cd
s4963;Suzi_Den;2011-04-03;2011;04;03;serenas;726298;9842460;cd
s4965;Reese's_Den;2011-04-05;2011;04;05;serenas;726279;9842474;cd
s4974;Suzi_Den;2011-04-06;2011;04;06;serenas;726298;9842460;cd
s4977;Suzi_Den;2011-04-08;2011;04;08;serenas;726298;9842460;cd
s4979;Suzi_Den;2011-04-09;2011;04;09;serenas;726298;9842460;cd
s4981;Reese's_Den;2011-04-09;2011;04;09;serenas;726279;9842474;cd
s4983;Suzi_Den;2011-04-11;2011;04;11;serenas;726298;9842460;cd
s4984;Reese's_Den;2011-04-16;2011;04;16;serenas;726279;9842474;cd
s4985.1;Suzi_Den;2011-04-18;2011;04;18;serenas;726298;9842460;cd
s4989.1;Reese's_Den;2011-04-19;2011;04;19;serenas;726279;9842474;cd
s4996;Reese's_Den;2011-04-23;2011;04;23;serenas;726279;9842474;cd
s4998;Reese's_Den;2011-04-25;2011;04;25;serenas;726279;9842474;cd
s5002;Ice_Age_Den;2011-04-26;2011;04;26;serenas;727052;9842117;cd
s5004;Reese's_Den;2011-04-28;2011;04;28;serenas;726279;9842474;cd
s5007;Suzi_Den;2011-05-02;2011;05;02;serenas;726298;9842460;cd
s5008;Kit_Kat_Den;2011-05-02;2011;05;02;serenas;726433;9842488;cd
s5013;Suzi_Den;2011-05-03;2011;05;03;serenas;726298;9842460;cd
s5017;Kit_Kat_Den;2011-05-06;2011;05;06;serenas;726433;9842488;cd
s5020;Kit_Kat_Den;2011-05-06;2011;05;06;serenas;726433;9842488;cd
s5023;Kit_Kat_Den;2011-05-08;2011;05;08;serenas;726433;9842488;cd
s5028;Kit_Kat_Den;2011-05-09;2011;05;09;serenas;726433;9842488;cd
s5029;Kit_Kat_Den;2011-05-11;2011;05;11;serenas;726433;9842488;cd
s5035;Kit_Kat_Den;2011-05-12;2011;05;12;serenas;726433;9842488;cd
s5039;Kit_Kat_Den;2011-05-14;2011;05;14;serenas;726433;9842488;cd
s5044;Kit_Kat_Den;2011-05-15;2011;05;15;serenas;726433;9842488;cd
s5045;Kit_Kat_Den;2011-05-18;2011;05;18;serenas;726433;9842488;cd
s5047;Twix_Den;2011-05-19;2011;05;19;serenas;726356;9842540;cd
s5053;Twix_Den;2011-05-19;2011;05;19;serenas;726356;9842540;cd
s5058;Suzi_Den_II;2011-05-22;2011;05;22;serenas;726321;9842497;cd
s5058.1;Twix_Den;2011-05-22;2011;05;22;serenas;726356;9842540;cd
s5059;Twix_Den;2011-05-24;2011;05;24;serenas;726356;9842540;cd
s506;Holy_Grail_Den;2009-04-26;2009;04;26;happyzebra;719087;9840152;cd
s5061.1;Twix_Den;2011-05-25;2011;05;25;serenas;726356;9842540;cd
s5069;Twix_Den;2011-05-27;2011;05;27;serenas;726356;9842540;cd
s507;Holy_Grail_Den;2009-04-27;2009;04;27;happyzebra;719087;9840152;cd
s5070;Suzi_Den;2011-05-29;2011;05;29;serenas;726298;9842460;cd
s5071;Suzi_Den;2011-05-31;2011;05;31;serenas;726298;9842460;cd
s5072;Suzi_Den;2011-06-02;2011;06;02;serenas;726298;9842460;cd
s5076;Heath_Den;2011-06-02;2011;06;02;serenas;726486;9842170;cd
s5077;Suzi_Den;2011-06-04;2011;06;04;serenas;726298;9842460;cd
s5081;Suzi_Den;2011-06-04;2011;06;04;serenas;726298;9842460;cd
s5082;Suzi_Den;2011-06-04;2011;06;04;serenas;726298;9842460;cd
s5086;Suzi_Den;2011-06-05;2011;06;05;serenas;726298;9842460;cd
s5090;Suzi_Den;2011-06-08;2011;06;08;serenas;726298;9842460;cd
s5097;Suzi_Den;2011-06-09;2011;06;09;serenas;726298;9842460;cd
s5099;Reese's_Den;2011-06-09;2011;06;09;serenas;726279;9842474;cd
s5109;Suzi_Den;2011-06-13;2011;06;13;serenas;726298;9842460;cd
s5114;Suzi_Den;2011-06-15;2011;06;15;serenas;726298;9842460;cd
s5115.1;Suzi_Den;2011-06-16;2011;06;16;serenas;726298;9842460;cd
s5119;Suzi_Den;2011-06-17;2011;06;17;serenas;726298;9842460;cd
s5125;Suzi_Den;2011-06-18;2011;06;18;serenas;726298;9842460;cd
s5126;Suzi_Den;2011-06-19;2011;06;19;serenas;726298;9842460;cd
s5126.1;Kit_Kat_Den;2011-06-19;2011;06;19;serenas;726433;9842488;cd
s5126.2;Suzi_Den;2011-06-19;2011;06;19;serenas;726298;9842460;cd
s5129;Suzi_Den;2011-06-21;2011;06;21;serenas;726298;9842460;cd
s5133;Kit_Kat_Den;2011-06-21;2011;06;21;serenas;726433;9842488;cd
s5134.2;Heath_Den;2011-06-22;2011;06;22;serenas;726486;9842170;cd
s5134.3;Suzi_Den;2011-06-22;2011;06;22;serenas;726298;9842460;cd
s5138;Suzi_Den;2011-06-23;2011;06;23;serenas;726298;9842460;cd
s5139;Suzi_Den;2011-06-24;2011;06;24;serenas;726298;9842460;cd
s5142;Suzi_Den;2011-06-24;2011;06;24;serenas;726298;9842460;cd
s5144;Ice_Age_Den;2011-06-25;2011;06;25;serenas;727052;9842117;cd
s5147;Kit_Kat_Den;2011-06-27;2011;06;27;serenas;726433;9842488;cd
s5163;Suzi_Den;2011-06-29;2011;06;29;serenas;726298;9842460;cd
s5164;Suzi_Den;2011-07-01;2011;07;01;serenas;726298;9842460;cd
s5165;Milky_Way_Den_Deleted;2011-07-01;2011;07;01;serenas;726313;9842410;cd
s5175;Suzi_Den;2011-07-03;2011;07;03;serenas;726298;9842460;cd
s5177;Suzi_Den;2011-07-03;2011;07;03;serenas;726298;9842460;cd
s5181;Suzi_Den;2011-07-04;2011;07;04;serenas;726298;9842460;cd
s5186.1;Suzi_Den;2011-07-04;2011;07;04;serenas;726298;9842460;cd
s5187;Suzi_Den;2011-07-05;2011;07;05;serenan;726298;9842460;cd
s5189;Suzi_Den;2011-07-05;2011;07;05;serenan;726298;9842460;cd
s5192;Suzi_Den;2011-07-06;2011;07;06;serenas;726298;9842460;cd
s521;Holy_Grail_Den;2009-04-30;2009;04;30;happyzebra;719087;9840152;cd
s5213;The_Hatch_Den;2011-07-11;2011;07;11;serenas;727333;9840695;cd
s5254;The_Hatch_Den;2011-07-21;2011;07;21;serenas;727333;9840695;cd
s5259;The_Hatch_Den;2011-07-24;2011;07;24;serenas;727333;9840695;cd
s526;Holy_Grail_Den;2009-05-01;2009;05;01;happyzebra;719087;9840152;cd
s5263;The_Hatch_Den;2011-07-28;2011;07;28;serenas;727333;9840695;cd
s5266;The_Hatch_Den;2011-07-29;2011;07;29;serenas;727333;9840695;cd
s5271;The_Hatch_Den;2011-07-31;2011;07;31;serenas;727333;9840695;cd
s5275;The_Hatch_Den;2011-08-02;2011;08;02;serenas;727333;9840695;cd
s5276.1;The_Hatch_Den;2011-08-02;2011;08;02;serenas;727333;9840695;cd
s5278;The_Hatch_Den;2011-08-03;2011;08;03;serenas;727333;9840695;cd
s5279;The_Hatch_Den;2011-08-04;2011;08;04;serenas;727333;9840695;cd
s5280;The_Hatch_Den;2011-08-04;2011;08;04;serenas;727333;9840695;cd
s5281;The_Hatch_Den;2011-08-04;2011;08;04;serenas;727333;9840695;cd
s5286;The_Hatch_Den;2011-08-06;2011;08;06;serenas;727333;9840695;cd
s541;Holy_Grail_Den;2009-05-03;2009;05;03;happyzebra;719087;9840152;cd
s542;Holy_Grail_Den;2009-05-04;2009;05;04;happyzebra;719087;9840152;cd
s5769;The_Hatch_Den;2011-11-26;2011;11;26;serenas;727333;9840695;cd
s578;Holy_Grail_Den;2009-05-11;2009;05;11;happyzebra;719087;9840152;cd
s5789;The_Hatch_Den;2011-11-29;2011;11;29;serenas;727333;9840695;cd
s5796;The_Hatch_Den;2011-11-30;2011;11;30;serenas;727333;9840695;cd
s5830;The_Hatch_Den;2011-12-05;2011;12;05;serenas;727333;9840695;cd
s5868;The_Hatch_Den;2011-12-16;2011;12;16;serenas;727333;9840695;cd
s5918;The_Hatch_Den;2011-12-27;2011;12;27;serenas;727333;9840695;cd
s5928;The_Hatch_Den;2011-12-28;2011;12;28;serenas;727333;9840695;cd
s593;Holy_Grail_Den;2009-05-13;2009;05;13;happyzebra;719087;9840152;cd
s5945;Schiphol_Den;2011-01-05;2011;01;05;serenan;723441;9844921;cd
s5947;Ollivander's_Den;2011-01-05;2011;01;05;serenan;719224;9848877;cd
s5952;Schiphol_Den;2011-01-06;2011;01;06;serenan;723441;9844921;cd
s5955;Ollivander's_Den;2011-01-07;2011;01;07;serenan;719224;9848877;cd
s5961;Helsinki_Den;2011-01-08;2011;01;08;serenan;719644;9851282;cd
s5972;Schiphol_Den;2011-01-14;2011;01;14;serenan;723441;9844921;cd
s5973;Schiphol_Den;2011-01-15;2011;01;15;serenan;723441;9844921;cd
s5975;Schiphol_Den;2011-01-16;2011;01;16;serenan;723441;9844921;cd
s5982;Oslo_Den;2011-01-19;2011;01;19;serenan;719597;9851224;cd
s5989;Oslo_Den;2011-01-21;2011;01;21;serenan;719597;9851224;cd
s5989.1;Stockholm_Den;2011-01-21;2011;01;21;serenan;719632;9851320;cd
s5998;Helsinki_Den;2011-01-24;2011;01;24;serenan;719644;9851282;cd
s5999;Schiphol_Den;2011-01-24;2011;01;24;serenan;723441;9844921;cd
s60;Holy_Grail_Den;2008-08-09;2008;08;09;happyzebra;719087;9840152;cd
s600;Holy_Grail_Den;2009-05-14;2009;05;14;happyzebra;719087;9840152;cd
s6006;Schiphol_Den;2011-01-25;2011;01;25;serenan;723441;9844921;cd
s6007;Schiphol_Den;2011-01-25;2011;01;25;serenan;723441;9844921;cd
s6008;Schiphol_Den;2011-01-27;2011;01;27;serenan;723441;9844921;cd
s6010;Stockholm_Den;2011-01-27;2011;01;27;serenan;719632;9851320;cd
s6023;Copenhagen_Den;2011-01-28;2011;01;28;serenan;719620;9851394;cd
s6025;Oslo_Den;2011-01-28;2011;01;28;serenan;719597;9851224;cd
s6032;Schiphol_Den;2011-01-30;2011;01;30;serenan;723441;9844921;cd
s6033;Copenhagen_Den;2011-01-30;2011;01;30;serenan;719620;9851394;cd
s6034;Tallinn_Den;2011-01-30;2011;01;30;serenan;719639;9851358;cd
s6045;Copenhagen_Den;2011-02-02;2011;02;02;serenan;719620;9851394;cd
s6055;Schiphol_Den;2011-02-03;2011;02;03;serenan;723441;9844921;cd
s6056;Schiphol_Den;2011-02-03;2011;02;03;serenan;723441;9844921;cd
s6058;Copenhagen_Den;2011-02-04;2011;02;04;serenan;719620;9851394;cd
s6060;Copenhagen_Den;2011-02-04;2011;02;04;serenan;719620;9851394;cd
s6066;Copenhagen_Den;2011-02-05;2011;02;05;serenan;719620;9851394;cd
s6068;Copenhagen_Den;2011-02-05;2011;02;05;serenan;719620;9851394;cd
s6073;Copenhagen_Den;2011-02-07;2011;02;07;serenan;719620;9851394;cd
s6074;Reykjavik_Den;2011-02-07;2011;02;07;serenan;719658;9851418;cd
s6076;Schiphol_Den;2011-02-07;2011;02;07;serenan;723441;9844921;cd
s6080;Schiphol_Den;2011-02-09;2011;02;09;serenan;723441;9844921;cd
s6084;Reykjavik_Den;2011-02-09;2011;02;09;serenan;719658;9851418;cd
s6092;Copenhagen_Den;2011-02-09;2011;02;09;serenan;719620;9851394;cd
s6093;Reykjavik_Den;2011-02-09;2011;02;09;serenan;719658;9851418;cd
s6096;Copenhagen_Den;2011-02-09;2011;02;09;serenan;719620;9851394;cd
s6099;Schiphol_Den;2011-02-09;2011;02;09;serenan;723441;9844921;cd
s6105;Schiphol_Den;2011-02-11;2011;02;11;serenan;723441;9844921;cd
s6109;Schiphol_Den;2011-02-11;2011;02;11;serenan;723441;9844921;cd
s6111;Schiphol_Den;2011-02-12;2011;02;12;serenan;723441;9844921;cd
s6113;Copenhagen_Den;2011-02-12;2011;02;12;serenan;719620;9851394;cd
s6114;Reykjavik_Den;2011-02-12;2011;02;12;serenan;719658;9851418;cd
s6116;Schiphol_Den;2011-02-12;2011;02;12;serenan;723441;9844921;cd
s6119;Schiphol_Den;2011-02-13;2011;02;13;serenan;723441;9844921;cd
s612;Holy_Grail_Den;2009-05-30;2009;05;30;happyzebra;719087;9840152;cd
s6120;Schiphol_Den;2011-02-13;2011;02;13;serenan;723441;9844921;cd
s6123;Reykjavik_Den;2011-02-15;2011;02;15;serenan;719658;9851418;cd
s6126;Reykjavik_Den;2011-02-15;2011;02;15;serenan;719658;9851418;cd
s6127;Copenhagen_Den;2011-02-15;2011;02;15;serenan;719620;9851394;cd
s6128.1;Gothenburg_Den;2011-02-28;2011;02;28;serenan;719679;9851370;cd
s6128.3;Aarhus_Den;2011-02-28;2011;02;28;serenan;719884;9851382;cd
s6128.4;Gothenburg_Den;2011-02-28;2011;02;28;serenan;719679;9851370;cd
s6128.6;Copenhagen_Den;2011-02-28;2011;02;28;serenan;719620;9851394;cd
s6128.7;Schiphol_Den;2011-02-28;2011;02;28;serenan;723441;9844921;cd
s6129.1;Reykjavik_Den;2011-03-01;2011;03;01;serenan;719658;9851418;cd
s6129.3;Schiphol_Den;2011-03-01;2011;03;01;serenan;723441;9844921;cd
s6129.5;Schiphol_Den;2011-03-02;2011;03;02;serenan;723441;9844921;cd
s6129.6;Reykjavik_Den;2011-03-03;2011;03;03;serenan;719658;9851418;cd
s6129.7;Aarhus_Den;2011-03-03;2011;03;03;serenan;719884;9851382;cd
s6130;Schiphol_Den;2011-02-15;2011;02;15;serenan;723441;9844921;cd
s6130.2;Aarhus_Den;2011-03-05;2011;03;05;serenan;719884;9851382;cd
s6130.3;Aarhus_Den;2011-03-05;2011;03;05;serenan;719884;9851382;cd
s6130.6;Schiphol_Den;2011-03-08;2011;03;08;serenan;723441;9844921;cd
s6130.7;Moscow_Den;2011-03-05;2011;03;05;serenan;719942;9851358;cd
s6132;Reykjavik_Den;2011-02-16;2011;02;16;serenan;719658;9851418;cd
s6133;Copenhagen_Den;2011-02-16;2011;02;16;serenan;719620;9851394;cd
s6135;Schiphol_Den;2011-02-19;2011;02;19;serenan;723441;9844921;cd
s6137;Reykjavik_Den;2011-02-19;2011;02;19;serenan;719658;9851418;cd
s6137.1;Copenhagen_Den;2011-02-19;2011;02;19;serenan;719620;9851394;cd
s6144;Reykjavik_Den;2011-02-21;2011;02;21;serenan;719658;9851418;cd
s6145;Copenhagen_Den;2011-02-21;2011;02;21;serenan;719620;9851394;cd
s6146.1;Copenhagen_Den;2011-02-23;2011;02;23;serenan;719620;9851394;cd
s6149;Copenhagen_Den;2011-02-26;2011;02;26;serenan;719620;9851394;cd
s6149.1;Gothenburg_Den;2011-02-26;2011;02;26;serenan;719679;9851370;cd
s6149.2;Copenhagen_Den;2011-02-26;2011;02;26;serenan;719620;9851394;cd
s615;Holy_Grail_Den;2009-05-31;2009;05;31;happyzebra;719087;9840152;cd
s6154;Moscow_Den;2011-03-09;2011;03;09;serenan;719942;9851358;cd
s6156;Aarhus_Den;2011-03-09;2011;03;09;serenan;719884;9851382;cd
s6156.1;Moscow_Den;2011-03-09;2011;03;09;serenan;719942;9851358;cd
s6158;Schiphol_Den;2011-03-09;2011;03;09;serenan;723441;9844921;cd
s6160;Schiphol_Den;2011-03-10;2011;03;10;serenan;723441;9844921;cd
s6162;Moscow_Den;2011-03-11;2011;03;11;serenan;719942;9851358;cd
s6164;Moscow_Den;2011-03-11;2011;03;11;serenan;719942;9851358;cd
s6168;Schiphol_Den;2011-03-11;2011;03;11;serenan;723441;9844921;cd
s6175;Schiphol_Den;2011-03-14;2011;03;14;serenan;723441;9844921;cd
s6179;Schiphol_Den;2011-03-20;2011;03;20;serenan;723441;9844921;cd
s618;Holy_Grail_Den;2009-06-02;2009;06;02;happyzebra;719087;9840152;cd
s6183;Schiphol_Den;2011-03-23;2011;03;23;serenan;723441;9844921;cd
s6195;Schiphol_Den;2011-03-25;2011;03;25;serenan;723441;9844921;cd
s6197;Schiphol_Den;2011-03-25;2011;03;25;serenan;723441;9844921;cd
s6206;Schiphol_Den;2011-03-29;2011;03;29;serenan;723441;9844921;cd
s6212;Schiphol_Den;2011-03-30;2011;03;30;serenan;723441;9844921;cd
s6213;Schiphol_Den;2011-03-31;2011;03;31;serenan;723441;9844921;cd
s6213.1;St_Petersburg_Den;2011-03-31;2011;03;31;serenan;719940;9851218;cd
s6228;Schiphol_Den;2011-04-06;2011;04;06;serenan;723441;9844921;cd
s623;Holy_Grail_Den;2009-06-05;2009;06;05;happyzebra;719087;9840152;cd
s6237.1;Schiphol_Den;2011-04-09;2011;04;09;serenan;723441;9844921;cd
s6238;Schiphol_Den;2011-04-09;2011;04;09;serenan;723441;9844921;cd
s6239.1;Schiphol_Den;2011-04-10;2011;04;10;serenan;723441;9844921;cd
s6257;Schiphol_Den;2011-04-20;2011;04;20;serenan;723441;9844921;cd
s6265;Nyumba_Ndege_Den;2011-04-22;2011;04;22;serenan;724224;9846508;cd
s6266;Scrapple_Den;2011-04-22;2011;04;22;serenan;724111;9846482;cd
s6267;Nyumba_Ndege_Den;2011-04-22;2011;04;22;serenan;724224;9846508;cd
s627;Holy_Grail_Den;2009-06-05;2009;06;05;happyzebra;719087;9840152;cd
s6272.1;Scrapple_Den;2011-04-24;2011;04;24;serenan;724111;9846482;cd
s6274.1;Nyumba_Ndege_Den;2011-05-01;2011;05;01;serenan;724224;9846508;cd
s6275;Scrapple_Den;2011-04-24;2011;04;24;serenan;724111;9846482;cd
s6278.1;Nyumba_Ndege_Den;2011-05-03;2011;05;03;serenan;724224;9846508;cd
s6279;Schiphol_Den;2011-04-24;2011;04;24;serenan;723441;9844921;cd
s6279.1;Scrapple_Den;2011-05-03;2011;05;03;serenan;724111;9846482;cd
s6280;Scrapple_Den;2011-04-24;2011;04;24;serenan;724111;9846482;cd
s6280.1;Nyumba_Ndege_Den;2011-05-03;2011;05;03;serenan;724224;9846508;cd
s6290;Nyumba_Ndege_Den;2011-04-25;2011;04;25;serenan;724224;9846508;cd
s6290.1;Nyumba_Ndege_Den;2011-05-04;2011;05;04;serenan;724224;9846508;cd
s6292;Nyumba_Ndege_Den;2011-04-27;2011;04;27;serenan;724224;9846508;cd
s6292.1;Nyumba_Ndege_Den;2011-05-07;2011;05;07;serenan;724224;9846508;cd
s6298.1;Schiphol_Den;2011-05-08;2011;05;08;serenan;723441;9844921;cd
s6300;Nyumba_Ndege_Den;2011-05-08;2011;05;08;serenan;724224;9846508;cd
s6303;Nyumba_Ndege_Den;2011-05-10;2011;05;10;serenan;724224;9846508;cd
s6305;Nyumba_Ndege_Den;2011-05-10;2011;05;10;serenan;724224;9846508;cd
s6311;Scrapple_Den;2011-05-11;2011;05;11;serenan;724111;9846482;cd
s6312;Nyumba_Ndege_Den;2011-05-11;2011;05;11;serenan;724224;9846508;cd
s6313;Nyumba_Ndege_Den;2011-05-13;2011;05;13;serenan;724224;9846508;cd
s632;Holy_Grail_Den;2009-06-06;2009;06;06;happyzebra;719087;9840152;cd
s6323;Nyumba_Ndege_Den;2011-05-14;2011;05;14;serenan;724224;9846508;cd
s6325;Nyumba_Ndege_Den;2011-05-16;2011;05;16;serenan;724224;9846508;cd
s6332;Nyumba_Ndege_Den;2011-05-17;2011;05;17;serenan;724224;9846508;cd
s6337;Nyumba_Ndege_Den;2011-05-17;2011;05;17;serenan;724224;9846508;cd
s634;Holy_Grail_Den;2009-06-07;2009;06;07;happyzebra;719087;9840152;cd
s6342;Nyumba_Ndege_Den;2011-05-18;2011;05;18;serenan;724224;9846508;cd
s6349;Nyumba_Ndege_Den;2011-05-19;2011;05;19;serenan;724224;9846508;cd
s635;Holy_Grail_Den;2009-06-08;2009;06;08;happyzebra;719087;9840152;cd
s635.1;Holy_Grail_Den;2009-06-24;2009;06;24;happyzebra;719087;9840152;cd
s6350;Nyumba_Ndege_Den;2011-05-21;2011;05;21;serenan;724224;9846508;cd
s6362;Nyumba_Ndege_Den;2011-05-23;2011;05;23;serenan;724224;9846508;cd
s6367;Nyumba_Ndege_Den;2011-05-23;2011;05;23;serenan;724224;9846508;cd
s637;Holy_Grail_Den;2009-06-10;2009;06;10;happyzebra;719087;9840152;cd
s6370;Nyumba_Ndege_Den;2011-05-25;2011;05;25;serenan;724224;9846508;cd
s6371;Nyumba_Ndege_Den;2011-05-25;2011;05;25;serenan;724224;9846508;cd
s6374;Nyumba_Ndege_Den;2011-05-25;2011;05;25;serenan;724224;9846508;cd
s639.1;Holy_Grail_Den;2009-06-28;2009;06;28;happyzebra;719087;9840152;cd
s6397;Nyumba_Ndege_Den;2011-05-27;2011;05;27;serenan;724224;9846508;cd
s640;Holy_Grail_Den;2009-06-11;2009;06;11;happyzebra;719087;9840152;cd
s6402;Nyumba_Ndege_Den;2011-05-29;2011;05;29;serenan;724224;9846508;cd
s6403;Nyumba_Ndege_Den;2011-05-29;2011;05;29;serenan;724224;9846508;cd
s6414;Nyumba_Ndege_Den;2011-05-30;2011;05;30;serenan;724224;9846508;cd
s6417;Nyumba_Ndege_Den;2011-05-30;2011;05;30;serenan;724224;9846508;cd
s6423;Nyumba_Ndege_Den;2011-06-02;2011;06;02;serenan;724224;9846508;cd
s643.1;Holy_Grail_Den;2009-06-29;2009;06;29;happyzebra;719087;9840152;cd
s6430;Nyumba_Ndege_Den;2011-06-02;2011;06;02;serenan;724224;9846508;cd
s6437.1;Nyumba_Ndege_Den;2011-06-04;2011;06;04;serenan;724224;9846508;cd
s6440;Nyumba_Ndege_Den;2011-06-02;2011;06;02;serenan;724224;9846508;cd
s6440.1;Nyumba_Ndege_Den;2011-06-05;2011;06;05;serenan;724224;9846508;cd
s645;Holy_Grail_Den;2009-06-13;2009;06;13;happyzebra;719087;9840152;cd
s6464;Scrapple_Den;2011-06-08;2011;06;08;serenan;724111;9846482;cd
s6470;Grits_Den;2011-06-11;2011;06;11;serenan;724180;9846138;cd
s6478;Grits_Den;2011-06-12;2011;06;12;serenan;724180;9846138;cd
s6481;Grits_Den;2011-06-15;2011;06;15;serenan;724180;9846138;cd
s6482;Grits_Den;2011-06-15;2011;06;15;serenan;724180;9846138;cd
s6497;Grits_Den;2011-06-16;2011;06;16;serenan;724180;9846138;cd
s6505;Grits_Den;2011-06-18;2011;06;18;serenan;724180;9846138;cd
s6506;Grits_Den;2011-06-18;2011;06;18;serenan;724180;9846138;cd
s6515;Grits_Den;2011-06-18;2011;06;18;serenan;724180;9846138;cd
s6525;Grits_Den;2011-06-19;2011;06;19;serenan;724180;9846138;cd
s6534;Grits_Den;2011-06-20;2011;06;20;serenan;724180;9846138;cd
s6537;Grits_Den;2011-06-21;2011;06;21;serenan;724180;9846138;cd
s654.1;Holy_Grail_Den;2009-07-02;2009;07;02;happyzebra;719087;9840152;cd
s6548;Grits_Den;2011-06-22;2011;06;22;serenan;724180;9846138;cd
s655.1;Holy_Grail_Den;2009-07-04;2009;07;04;happyzebra;719087;9840152;cd
s6557;Grits_Den;2011-06-22;2011;06;22;serenan;724180;9846138;cd
s6561;Grits_Den;2011-06-23;2011;06;23;serenan;724180;9846138;cd
s6562;Grits_Den;2011-06-23;2011;06;23;serenan;724180;9846138;cd
s6574;Grits_Den;2011-06-24;2011;06;24;serenan;724180;9846138;cd
s6575;Grits_Den;2011-06-26;2011;06;26;serenan;724180;9846138;cd
s6576;Crepes_Den;2011-06-26;2011;06;26;serenan;724243;9846030;cd
s659.1;Holy_Grail_Den;2009-07-05;2009;07;05;happyzebra;719087;9840152;cd
s6592;Crepes_Den;2011-06-27;2011;06;27;serenan;724243;9846030;cd
s6593;Grits_Den;2011-06-27;2011;06;27;serenan;724180;9846138;cd
s6595;Grits_Den;2011-06-27;2011;06;27;serenan;724180;9846138;cd
s6598;Grits_Den;2011-06-28;2011;06;28;serenan;724180;9846138;cd
s6599;Grits_Den;2011-06-28;2011;06;28;serenan;724180;9846138;cd
s66;Holy_Grail_Den;2008-08-10;2008;08;10;happyzebra;719087;9840152;cd
s6600;Scrapple_Den;2011-06-28;2011;06;28;serenan;724111;9846482;cd
s6609;Crepes_Den;2011-06-30;2011;06;30;serenan;724243;9846030;cd
s6610;Grits_Den;2011-06-30;2011;06;30;serenan;724180;9846138;cd
s6611;Grits_Den;2011-06-30;2011;06;30;serenan;724180;9846138;cd
s6616;Crepes_Den;2011-07-01;2011;07;01;serenan;724243;9846030;cd
s6617;Grits_Den;2011-07-01;2011;07;01;serenan;724180;9846138;cd
s6618;Crepes_Den;2011-07-01;2011;07;01;serenan;724243;9846030;cd
s6627;Crepes_Den;2011-07-03;2011;07;03;serenan;724243;9846030;cd
s663;Holy_Grail_Den;2009-07-06;2009;07;06;happyzebra;719087;9840152;cd
s6638;Grits_Den;2011-07-04;2011;07;04;serenan;724180;9846138;cd
s6641;Grits_Den;2011-07-05;2011;07;05;serenan;724180;9846138;cd
s6645;Crepes_Den;2011-07-05;2011;07;05;serenan;724243;9846030;cd
s6648;Grits_Den;2011-07-05;2011;07;05;serenan;724180;9846138;cd
s6661;Grits_Den;2011-07-07;2011;07;07;serenan;724180;9846138;cd
s6662;Crepes_Den;2011-07-07;2011;07;07;serenan;724243;9846030;cd
s667;Holy_Grail_Den;2009-07-07;2009;07;07;happyzebra;719087;9840152;cd
s6675;Crepes_Den;2011-07-10;2011;07;10;serenan;724243;9846030;cd
s6676.1;Grits_Den;2011-07-12;2011;07;12;serenan;724180;9846138;cd
s6680.1;Grits_Den;2011-07-13;2011;07;13;serenan;724180;9846138;cd
s6682.1;Grits_Den;2011-07-13;2011;07;13;serenan;724180;9846138;cd
s6689.1;Grits_Den;2011-07-15;2011;07;15;serenan;724180;9846138;cd
s6690;Grits_Den;2011-07-12;2011;07;12;serenan;724180;9846138;cd
s6694;Grits_Den;2011-07-15;2011;07;15;serenan;724180;9846138;cd
s6697.1;Grits_Den;2011-07-16;2011;07;16;serenan;724180;9846138;cd
s67;Holy_Grail_Den;2008-08-10;2008;08;10;happyzebra;719087;9840152;cd
s673;Holy_Grail_Den;2009-07-11;2009;07;11;happyzebra;719087;9840152;cd
s6746;Frittata_Den;2011-07-23;2011;07;23;serenan;723884;9846260;cd
s6755;Frittata_Den;2011-07-25;2011;07;25;serenan;723884;9846260;cd
s6766;Scrapple_Den;2011-07-28;2011;07;28;serenan;724111;9846482;cd
s6770;Scrapple_Den;2011-07-28;2011;07;28;serenan;724111;9846482;cd
s6776;Scrapple_Den;2011-07-29;2011;07;29;serenan;724111;9846482;cd
s6782;Chex_Den;2011-07-29;2011;07;29;serenan;723983;9846130;cd
s679;Holy_Grail_Den;2009-07-15;2009;07;15;happyzebra;719087;9840152;cd
s6790;Chex_Den;2011-07-31;2011;07;31;serenan;723983;9846130;cd
s6796;Chex_Den;2011-07-31;2011;07;31;serenan;723983;9846130;cd
s68;Holy_Grail_Den;2008-08-11;2008;08;11;happyzebra;719087;9840152;cd
s681;Holy_Grail_Den;2009-07-16;2009;07;16;happyzebra;719087;9840152;cd
s6811;Frittata_Den;2011-08-01;2011;08;01;serenan;723884;9846260;cd
s6812;Chex_Den;2011-08-01;2011;08;01;serenan;723983;9846130;cd
s6815;Chex_Den;2011-08-01;2011;08;01;serenan;723983;9846130;cd
s6816;Frittata_Den;2011-08-01;2011;08;01;serenan;723884;9846260;cd
s6821;Chex_Den;2011-08-02;2011;08;02;serenan;723983;9846130;cd
s6825;Chex_Den;2011-08-02;2011;08;02;serenan;723983;9846130;cd
s6830;Chex_Den;2011-08-03;2011;08;03;serenan;723983;9846130;cd
s6844;Chex_Den;2011-08-03;2011;08;03;serenan;723983;9846130;cd
s6846;Chex_Den;2011-08-05;2011;08;05;serenan;723983;9846130;cd
s685;Holy_Grail_Den;2009-07-17;2009;07;17;happyzebra;719087;9840152;cd
s6851;Chex_Den;2011-08-05;2011;08;05;serenan;723983;9846130;cd
s6853;Chex_Den;2011-08-06;2011;08;06;serenan;723983;9846130;cd
s6857;Chex_Den;2011-08-07;2011;08;07;serenan;723983;9846130;cd
s6866;Bergen_Den;2011-08-24;2011;08;24;serenan;720253;9851464;cd
s6871;Bergen_Den;2011-08-27;2011;08;27;serenan;720253;9851464;cd
s6876.1;Bergen_Den;2011-08-30;2011;08;30;serenan;720253;9851464;cd
s6877;Bergen_Den;2011-08-29;2011;08;29;serenan;720253;9851464;cd
s688;Holy_Grail_Den;2009-07-18;2009;07;18;happyzebra;719087;9840152;cd
s6888;Bergen_Den;2011-08-31;2011;08;31;serenan;720253;9851464;cd
s6900;Bergen_Den;2011-09-03;2011;09;03;serenan;720253;9851464;cd
s6905;Bergen_Den;2011-09-05;2011;09;05;serenan;720253;9851464;cd
s6913;Bergen_Den;2011-09-06;2011;09;06;serenan;720253;9851464;cd
s6916;Vaasa_Den;2011-09-13;2011;09;13;serenan;720189;9851280;cd
s6923;Kolding_Den;2011-09-17;2011;09;17;serenan;720256;9851264;cd
s6926;Kolding_Den;2011-09-18;2011;09;18;serenan;720256;9851264;cd
s693;Holy_Grail_Den;2009-07-19;2009;07;19;happyzebra;719087;9840152;cd
s6931;Kolding_Den;2011-09-20;2011;09;20;serenan;720256;9851264;cd
s6940;Kolding_Den;2011-09-23;2011;09;23;serenan;720256;9851264;cd
s6946;Kolding_Den;2011-09-25;2011;09;25;serenan;720256;9851264;cd
s6956;Kolding_Den;2011-09-26;2011;09;26;serenan;720256;9851264;cd
s698;Holy_Grail_Den;2009-07-21;2009;07;21;happyzebra;719087;9840152;cd
s6981;Kolding_Den;2011-10-03;2011;10;03;serenan;720256;9851264;cd
s6983;Kolding_Den;2011-10-06;2011;10;06;serenan;720256;9851264;cd
s6990;Kolding_Den;2011-10-08;2011;10;08;serenan;720256;9851264;cd
s6999;Kolding_Den;2011-10-11;2011;10;11;serenan;720256;9851264;cd
s7006;Kolding_Den;2011-10-12;2011;10;12;serenan;720256;9851264;cd
s7020;Kolding_Den;2011-10-14;2011;10;14;serenan;720256;9851264;cd
s7026;Kolding_Den;2011-10-15;2011;10;15;serenan;720256;9851264;cd
s7029;Kolding_Den;2011-10-16;2011;10;16;serenan;720256;9851264;cd
s7033;Kolding_Den;2011-10-18;2011;10;18;serenan;720256;9851264;cd
s7049;Copenhagen_Den;2011-10-23;2011;10;23;serenan;719620;9851394;cd
s7054;Kolding_Den;2011-10-24;2011;10;24;serenan;720256;9851264;cd
s7058;Salander_Den;2011-10-26;2011;10;26;serenan;720032;9850724;cd
s7059;Salander_Den;2011-10-26;2011;10;26;serenan;720032;9850724;cd
s7068;Salander_Den;2011-11-01;2011;11;01;serenan;720032;9850724;cd
s7138;Riga_Den;2011-11-12;2011;11;12;serenan;720119;9850866;cd
s7140;Riga_Den;2011-11-12;2011;11;12;serenan;720119;9850866;cd
s7145;Riga_Den;2011-11-13;2011;11;13;serenan;720119;9850866;cd
s7157;Riga_Den;2011-11-15;2011;11;15;serenan;720119;9850866;cd
s7163;Riga_Den;2011-11-16;2011;11;16;serenan;720119;9850866;cd
s7167;Riga_Den;2011-11-16;2011;11;16;serenan;720119;9850866;cd
s7172;Riga_Den;2011-11-17;2011;11;17;serenan;720119;9850866;cd
s7173;Riga_Den;2011-11-17;2011;11;17;serenan;720119;9850866;cd
s7177;Riga_Den;2011-11-18;2011;11;18;serenan;720119;9850866;cd
s7242;Gila_River_Den_III;2011-01-03;2011;01;03;happyzebra;716452;9843748;cd
s7243;Gila_River_Den_II;2011-01-03;2011;01;03;happyzebra;716426;9843696;cd
s7244;Gila_River_Den_II;2011-01-05;2011;01;05;happyzebra;716426;9843696;cd
s725;Holy_Grail_Den_II;2009-08-03;2009;08;03;happyzebra;718859;9840103;cd
s7250;Gila_River_Den_II;2011-01-06;2011;01;06;happyzebra;716426;9843696;cd
s7254;Gila_River_Den_III;2011-01-09;2011;01;09;happyzebra;716452;9843748;cd
s7280;Sweetgrass_Den;2011-01-22;2011;01;22;happyzebra;716351;9844270;cd
s7281;Sault_St._Marie_Den;2011-01-25;2011;01;25;happyzebra;716352;9844324;cd
s7282;Sault_St._Marie_Den;2011-01-29;2011;01;29;happyzebra;716352;9844324;cd
s7286;Cocobeach_Den;2011-02-13;2011;02;13;happyzebra;716199;9844306;cd
s7287;Cocobeach_Den;2011-02-13;2011;02;13;happyzebra;716199;9844306;cd
s7289;Sweetgrass_Den;2011-02-13;2011;02;13;happyzebra;716351;9844270;cd
s7290;Strasbourg_Den;2011-02-13;2011;02;13;happyzebra;716325;9844272;cd
s7291;Kinshasa_Den;2011-02-13;2011;02;13;happyzebra;716290;9844312;cd
s7292;Sweetgrass_Den;2011-02-13;2011;02;13;happyzebra;716351;9844270;cd
s7294;Strasbourg_Den;2011-02-15;2011;02;15;happyzebra;716325;9844272;cd
s7298;Strasbourg_Den;2011-02-20;2011;02;20;happyzebra;716325;9844272;cd
s7299;Sweetgrass_Den;2011-02-22;2011;02;22;happyzebra;716351;9844270;cd
s7301;Vaasa_Den;2012-01-26;2012;01;26;serenan;720189;9851280;cd
s7307;Vaasa_Den;2012-01-27;2012;01;27;serenan;720189;9851280;cd
s7314;Vaasa_Den;2012-01-29;2012;01;29;serenan;720189;9851280;cd
s7316;Vaasa_Den;2012-01-30;2012;01;30;serenan;720189;9851280;cd
s7321;Sweetgrass_Den;2011-02-23;2011;02;23;happyzebra;716351;9844270;cd
s7322;Strasbourg_Den;2011-02-27;2011;02;27;happyzebra;716325;9844272;cd
s7324;Strasbourg_Den;2011-02-28;2011;02;28;happyzebra;716325;9844272;cd
s7325;Sweetgrass_Den;2011-02-28;2011;02;28;happyzebra;716351;9844270;cd
s7334;Hit_and_Run_Den;2011-03-10;2011;03;10;happyzebra;716588;9845972;cd
s7337;Hit_and_Run_Den;2011-03-12;2011;03;12;happyzebra;716588;9845972;cd
s7338;Embezzlement_Den;2011-03-12;2011;03;12;happyzebra;716439;9845940;cd
s7345;Hit_and_Run_Den;2011-03-25;2011;03;25;happyzebra;716588;9845972;cd
s7346;Embezzlement_Den;2011-03-25;2011;03;25;happyzebra;716439;9845940;cd
s7352;Driving_under_the_Influence_Den;2011-03-26;2011;03;26;happyzebra;716653;9846058;cd
s7355;Driving_under_the_Influence_Den;2011-03-28;2011;03;28;happyzebra;716653;9846058;cd
s7355.1;Hit_and_Run_Den;2011-03-28;2011;03;28;happyzebra;716588;9845972;cd
s7356;Hit_and_Run_Den;2011-03-28;2011;03;28;happyzebra;716588;9845972;cd
s7357;Driving_under_the_Influence_Den;2011-03-28;2011;03;28;happyzebra;716653;9846058;cd
s7360;Driving_under_the_Influence_Den;2011-04-01;2011;04;01;happyzebra;716653;9846058;cd
s7364.1;Driving_under_the_Influence_Den;2011-04-08;2011;04;08;happyzebra;716653;9846058;cd
s7365;Hit_and_Run_Den;2011-04-05;2011;04;05;happyzebra;716588;9845972;cd
s7365.1;Hit_and_Run_Den;2011-04-08;2011;04;08;happyzebra;716588;9845972;cd
s7366;Grand_Theft_Auto_Den;2011-04-10;2011;04;10;happyzebra;717033;9844406;cd
s7367;Hit_and_Run_Den;2011-04-16;2011;04;16;happyzebra;716588;9845972;cd
s7367.1;Hit_and_Run_Den;2011-04-17;2011;04;17;happyzebra;716588;9845972;cd
s7374;Hit_and_Run_Den;2011-04-26;2011;04;26;happyzebra;716588;9845972;cd
s7384;Alamo_Den;2011-05-10;2011;05;10;happyzebra;719098;9840106;cd
s7385;Alamo_Den;2011-05-12;2011;05;12;happyzebra;719098;9840106;cd
s7390;Alamo_Den;2011-05-13;2011;05;13;happyzebra;719098;9840106;cd
s7392;Alamo_Den;2011-05-15;2011;05;15;happyzebra;719098;9840106;cd
s7400;Alamo_Den;2011-05-16;2011;05;16;happyzebra;719098;9840106;cd
s7404;Alamo_Den;2011-05-20;2011;05;20;happyzebra;719098;9840106;cd
s7412;Alamo_Den;2011-05-23;2011;05;23;happyzebra;719098;9840106;cd
s7416;Alamo_Den;2011-05-24;2011;05;24;happyzebra;719098;9840106;cd
s7426;Alamo_Den;2011-05-29;2011;05;29;happyzebra;719098;9840106;cd
s7429;Alamo_Den;2011-06-01;2011;06;01;happyzebra;719098;9840106;cd
s7436;Alamo_Den;2011-06-03;2011;06;03;happyzebra;719098;9840106;cd
s7437;Alamo_Den;2011-06-03;2011;06;03;happyzebra;719098;9840106;cd
s7440;Alamo_Den;2011-06-04;2011;06;04;happyzebra;719098;9840106;cd
s7449;Alamo_Den;2011-06-07;2011;06;07;happyzebra;719098;9840106;cd
s7459;Alamo_Den;2011-06-09;2011;06;09;happyzebra;719098;9840106;cd
s7476;Alamo_Den;2011-06-14;2011;06;14;happyzebra;719098;9840106;cd
s7482;Alamo_Den;2011-06-16;2011;06;16;happyzebra;719098;9840106;cd
s7484;Alamo_Den;2011-06-16;2011;06;16;happyzebra;719098;9840106;cd
s75;Holy_Grail_Den;2008-08-14;2008;08;14;happyzebra;719087;9840152;cd
s750;Tijuana_Den;2009-08-18;2009;08;18;happyzebra;716446;9842598;cd
s7500;Alamo_Den;2011-06-20;2011;06;20;happyzebra;719098;9840106;cd
s7503;Alamo_Den;2011-06-22;2011;06;22;happyzebra;719098;9840106;cd
s7507;Alamo_Den;2011-06-24;2011;06;24;happyzebra;719098;9840106;cd
s7509.1;Alamo_Den;2011-06-26;2011;06;26;happyzebra;719098;9840106;cd
s7513;Alamo_Den;2011-07-02;2011;07;02;happyzebra;719098;9840106;cd
s752;Tijuana_Den;2009-08-19;2009;08;19;happyzebra;716446;9842598;cd
s7522;Holy_Grail_Den;2011-07-08;2011;07;08;happyzebra;719087;9840152;cd
s7529;Holy_Grail_Den;2011-07-11;2011;07;11;happyzebra;719087;9840152;cd
s7531;Holy_Grail_Den;2011-07-11;2011;07;11;happyzebra;719087;9840152;cd
s7535;Holy_Grail_Den;2011-07-12;2011;07;12;happyzebra;719087;9840152;cd
s7539;Holy_Grail_Den;2011-07-13;2011;07;13;happyzebra;719087;9840152;cd
s7542;Holy_Grail_Den;2011-07-14;2011;07;14;happyzebra;719087;9840152;cd
s7549.3;Holy_Grail_Den;2011-07-23;2011;07;23;happyzebra;719087;9840152;cd
s7553;Holy_Grail_Den;2011-07-20;2011;07;20;happyzebra;719087;9840152;cd
s7554;Holy_Grail_Den;2011-07-21;2011;07;21;happyzebra;719087;9840152;cd
s7556;Holy_Grail_Den;2011-07-21;2011;07;21;happyzebra;719087;9840152;cd
s7561;Holy_Grail_Den;2011-07-23;2011;07;23;happyzebra;719087;9840152;cd
s757;Tijuana_Den;2009-08-21;2009;08;21;happyzebra;716446;9842598;cd
s758;Tijuana_Den;2009-08-23;2009;08;23;happyzebra;716446;9842598;cd
s7584;Holy_Grail_Den;2011-08-01;2011;08;01;happyzebra;719087;9840152;cd
s7594;Holy_Grail_Den;2011-08-04;2011;08;04;happyzebra;719087;9840152;cd
s7653;Nogales_Den;2011-10-23;2011;10;23;happyzebra;716267;9842643;cd
s7654;Nogales_Den;2011-10-31;2011;10;31;happyzebra;716267;9842643;cd
s7655;Windsor_Den;2011-10-31;2011;10;31;happyzebra;716432;9842596;cd
s7659;Windsor_Den;2011-11-10;2011;11;10;happyzebra;716432;9842596;cd
s7664;Windsor_Den;2011-11-19;2011;11;19;happyzebra;716432;9842596;cd
s7666;Windsor_Den;2011-12-10;2011;12;10;happyzebra;716432;9842596;cd
s767;Tijuana_Den;2009-08-24;2009;08;24;happyzebra;716446;9842598;cd
s7672;Windsor_Den;2011-11-30;2011;11;30;happyzebra;716432;9842596;cd
s7676;Windsor_Den;2011-12-13;2011;12;13;happyzebra;716432;9842596;cd
s7679;Windsor_Den;2011-12-16;2011;12;16;happyzebra;716432;9842596;cd
s7683;Windsor_Den;2011-12-20;2011;12;20;happyzebra;716432;9842596;cd
s7685;The_Hatch_Den;2011-12-21;2011;12;21;happyzebra;727333;9840695;cd
s7689;Windsor_Den;2011-12-23;2011;12;23;happyzebra;716432;9842596;cd
s769;Tijuana_Den;2009-08-26;2009;08;26;happyzebra;716446;9842598;cd
s7690;Windsor_Den;2011-12-24;2011;12;24;happyzebra;716432;9842596;cd
s7692;Windsor_Den;2011-12-25;2011;12;25;happyzebra;716432;9842596;cd
s7695;Windsor_Den;2011-12-27;2011;12;27;happyzebra;716432;9842596;cd
s7696;Windsor_Den;2011-12-30;2011;12;30;happyzebra;716432;9842596;cd
s771;Tijuana_Den;2009-08-29;2009;08;29;happyzebra;716446;9842598;cd
s773;Tijuana_Den;2009-08-30;2009;08;30;happyzebra;716446;9842598;cd
s775;Tijuana_Den;2009-08-31;2009;08;31;happyzebra;716446;9842598;cd
s780;Tijuana_Den;2009-09-03;2009;09;03;happyzebra;716446;9842598;cd
s785;Tijuana_Den;2009-09-05;2009;09;05;happyzebra;716446;9842598;cd
s789;Tijuana_Den;2009-09-06;2009;09;06;happyzebra;716446;9842598;cd
s791;Tijuana_Den;2009-09-08;2009;09;08;happyzebra;716446;9842598;cd
s792;Tijuana_Den;2009-09-10;2009;09;10;happyzebra;716446;9842598;cd
s7931;Malmö_Den;2012-06-30;2012;06;30;serenan;720175;9851218;cd
s7946;Malmö_Den;2012-07-02;2012;07;02;serenan;720175;9851218;cd
s795;Juarez_Den;2009-09-11;2009;09;11;happyzebra;716375;9842579;cd
s7958;Malmö_Den;2012-07-03;2012;07;03;serenan;720175;9851218;cd
s7963;Malmö_Den;2012-07-05;2012;07;05;serenan;720175;9851218;cd
s7967;Malmö_Den;2012-07-05;2012;07;05;serenan;720175;9851218;cd
s7968;Malmö_Den;2012-07-06;2012;07;06;serenan;720175;9851218;cd
s797;Juarez_Den;2009-09-14;2009;09;14;happyzebra;716375;9842579;cd
s7974;Malmö_Den;2012-07-07;2012;07;07;serenan;720175;9851218;cd
s7976;Malmö_Den;2012-07-07;2012;07;07;serenan;720175;9851218;cd
s7977;Malmö_Den;2012-07-09;2012;07;09;serenan;720175;9851218;cd
s7982;Malmö_Den;2012-07-12;2012;07;12;serenan;720175;9851218;cd
s7985;Malmö_Den;2012-07-12;2012;07;12;serenan;720175;9851218;cd
s7995;Malmö_Den;2012-07-14;2012;07;14;serenan;720175;9851218;cd
s800;Juarez_Den;2009-09-17;2009;09;17;happyzebra;716375;9842579;cd
s802;Nogales_Den;2009-09-18;2009;09;18;happyzebra;716267;9842643;cd
s804;Nogales_Den;2009-09-21;2009;09;21;happyzebra;716267;9842643;cd
s8058;Krakow_Den;2012-07-30;2012;07;30;serenan;719919;9851134;cd
s8061.1;Krakow_Den;2012-08-03;2012;08;03;serenan;719919;9851134;cd
s8065;Vaasa_Den;2012-02-01;2012;02;01;serenan;720189;9851280;cd
s8073;Vaasa_Den;2012-02-02;2012;02;02;serenan;720189;9851280;cd
s8079;Vaasa_Den;2012-02-05;2012;02;05;serenan;720189;9851280;cd
s8083;Vaasa_Den;2012-02-06;2012;02;06;serenan;720189;9851280;cd
s8087;Vaasa_Den;2012-02-07;2012;02;07;serenan;720189;9851280;cd
s8090;Malmö_Den;2012-02-09;2012;02;09;serenan;720175;9851218;cd
s8091;Malmö_Den;2012-02-09;2012;02;09;serenan;720175;9851218;cd
s8093;Malmö_Den;2012-02-12;2012;02;12;serenan;720175;9851218;cd
s8099;Malmö_Den;2012-02-13;2012;02;13;serenan;720175;9851218;cd
s8107;Malmö_Den;2012-02-15;2012;02;15;serenan;720175;9851218;cd
s811;Nogales_Den;2009-09-22;2009;09;22;happyzebra;716267;9842643;cd
s8120;Malmö_Den;2012-02-16;2012;02;16;serenan;720175;9851218;cd
s8130;Malmö_Den;2012-02-19;2012;02;19;serenan;720175;9851218;cd
s8134;Malmö_Den;2012-02-21;2012;02;21;serenan;720175;9851218;cd
s8140;Malmö_Den;2012-02-22;2012;02;22;serenan;720175;9851218;cd
s8148;Malmö_Den;2012-02-24;2012;02;24;serenan;720175;9851218;cd
s815;Nogales_Den;2009-09-25;2009;09;25;happyzebra;716267;9842643;cd
s8151;Malmö_Den;2012-02-27;2012;02;27;serenan;720175;9851218;cd
s8164;Guca_Den;2012-03-09;2012;03;09;serenan;720474;9851196;cd
s8169;Guca_Den;2012-03-11;2012;03;11;serenan;720474;9851196;cd
s8172;Guca_Den;2012-03-13;2012;03;13;serenan;720474;9851196;cd
s8175.1;Guca_Den;2012-03-15;2012;03;15;serenan;720474;9851196;cd
s8177.1;Guca_Den;2012-03-17;2012;03;17;serenan;720474;9851196;cd
s8181;Guca_Den;2012-03-18;2012;03;18;serenan;720474;9851196;cd
s819;Nogales_Den;2009-09-26;2009;09;26;happyzebra;716267;9842643;cd
s8190;Guca_Den;2012-03-19;2012;03;19;serenan;720474;9851196;cd
s8197;Guca_Den;2012-03-21;2012;03;21;serenan;720474;9851196;cd
s8199;Guca_Den;2012-03-21;2012;03;21;serenan;720474;9851196;cd
s8200;Guca_Den;2012-03-22;2012;03;22;serenan;720474;9851196;cd
s8207;Guca_Den;2012-03-25;2012;03;25;serenan;720474;9851196;cd
s8208;Malmö_Den;2012-03-25;2012;03;25;serenan;720175;9851218;cd
s8209;Guca_Den;2012-03-25;2012;03;25;serenan;720474;9851196;cd
s821;Nogales_Den;2009-10-05;2009;10;05;happyzebra;716267;9842643;cd
s8212;Guca_Den;2012-03-26;2012;03;26;serenan;720474;9851196;cd
s8214;Guca_Den;2012-03-28;2012;03;28;serenan;720474;9851196;cd
s8218;Guca_Den;2012-03-29;2012;03;29;serenan;720474;9851196;cd
s8222;Guca_Den;2012-03-31;2012;03;31;serenan;720474;9851196;cd
s823;Tijuana_Den;2009-10-05;2009;10;05;happyzebra;716446;9842598;cd
s8230;Guca_Den;2012-04-01;2012;04;01;serenan;720474;9851196;cd
s8232.1;Guca_Den;2012-04-03;2012;04;03;serenan;720474;9851196;cd
s8241;Malmö_Den;2012-04-12;2012;04;12;serenas;720175;9851218;cd
s8247;Malmö_Den;2012-04-14;2012;04;14;serenan;720175;9851218;cd
s826;Nogales_Den;2009-10-06;2009;10;06;happyzebra;716267;9842643;cd
s8275;Krakow_Den;2012-08-04;2012;08;04;serenan;719919;9851134;cd
s8280;Krakow_Den;2012-08-07;2012;08;07;serenan;719919;9851134;cd
s8283;Krakow_Den;2012-08-09;2012;08;09;serenan;719919;9851134;cd
s8286;Krakow_Den;2012-08-12;2012;08;12;serenan;719919;9851134;cd
s8289;Krakow_Den;2012-08-14;2012;08;14;serenan;719919;9851134;cd
s829;Tijuana_Den;2009-10-09;2009;10;09;happyzebra;716446;9842598;cd
s8292;Krakow_Den;2012-08-17;2012;08;17;serenan;719919;9851134;cd
s830;Tijuana_Den;2009-10-10;2009;10;10;happyzebra;716446;9842598;cd
s8301;Krakow_Den;2012-08-17;2012;08;17;serenan;719919;9851134;cd
s8302;Krakow_Den;2012-08-19;2012;08;19;serenan;719919;9851134;cd
s8305;Krakow_Den;2012-08-20;2012;08;20;serenan;719919;9851134;cd
s8308;Krakow_Den;2012-08-22;2012;08;22;serenan;719919;9851134;cd
s8313;Krakow_Den;2012-08-24;2012;08;24;serenan;719919;9851134;cd
s8322;Belgrade_Den;2012-08-29;2012;08;29;serenan;719841;9851154;cd
s8323;Budapest_Den;2012-08-29;2012;08;29;serenan;719781;9851170;cd
s8324;Belgrade_Den;2012-08-29;2012;08;29;serenan;719841;9851154;cd
s8325;Budapest_Den;2012-08-29;2012;08;29;serenan;719781;9851170;cd
s8325.2;Budapest_Den;2012-08-29;2012;08;29;serenan;719781;9851170;cd
s8329;Budapest_Den;2012-09-01;2012;09;01;serenan;719781;9851170;cd
s8358;Budapest_Den;2012-09-25;2012;09;25;serenan;719781;9851170;cd
s8363;Budapest_Den;2012-09-26;2012;09;26;serenan;719781;9851170;cd
s8370;Budapest_Den;2012-09-29;2012;09;29;serenan;719781;9851170;cd
s8371;Budapest_Den;2012-10-01;2012;10;01;serenan;719781;9851170;cd
s8373;Budapest_Den;2012-10-05;2012;10;05;serenan;719781;9851170;cd
s8374;Budapest_Den;2012-10-08;2012;10;08;serenan;719781;9851170;cd
s8377;Budapest_Den;2012-10-12;2012;10;12;serenan;719781;9851170;cd
s8378;Budapest_Den;2012-10-15;2012;10;15;serenan;719781;9851170;cd
s8383;J_Fab_Den;2012-10-22;2012;10;22;serenan;718389;9849092;cd
s8393;J_Fab_Den;2012-10-23;2012;10;23;serenan;718389;9849092;cd
s8395.1;J_Fab_Den;2012-10-25;2012;10;25;serenan;718389;9849092;cd
s8401;J_Fab_Den;2012-10-25;2012;10;25;serenan;718389;9849092;cd
s8407;J_Fab_Den;2012-10-26;2012;10;26;serenan;718389;9849092;cd
s841;Tijuana_Den;2009-10-23;2009;10;23;happyzebra;716446;9842598;cd
s8412;J_Fab_Den;2012-10-30;2012;10;30;serenan;718389;9849092;cd
s8419;J_Fab_Den;2012-11-06;2012;11;06;serenan;718389;9849092;cd
s8426;J_Fab_Den;2012-11-06;2012;11;06;serenan;718389;9849092;cd
s8432;J_Fab_Den;2012-11-07;2012;11;07;serenan;718389;9849092;cd
s8435;J_Fab_Den;2012-11-08;2012;11;08;serenan;718389;9849092;cd
s846;Tijuana_Den;2009-10-29;2009;10;29;happyzebra;716446;9842598;cd
s854;Tijuana_Den;2009-10-31;2009;10;31;happyzebra;716446;9842598;cd
s8591;Merry_Christmas_Den;2012-12-27;2012;12;27;serenan;719746;9847140;cd
s8600;The_Hatch_Den;2012-01-01;2012;01;01;serenas;727333;9840695;cd
s8603;The_Hatch_Den;2012-01-22;2012;01;22;serenas;727333;9840695;cd
s8614;The_Hatch_Den;2012-01-23;2012;01;23;serenas;727333;9840695;cd
s8621;The_Hatch_Den;2012-01-26;2012;01;26;serenas;727333;9840695;cd
s8625;The_Hatch_Den;2012-01-28;2012;01;28;serenas;727333;9840695;cd
s8635;The_Hatch_Den;2012-01-29;2012;01;29;serenas;727333;9840695;cd
s8636;The_Hatch_Den;2012-01-29;2012;01;29;serenas;727333;9840695;cd
s8639;The_Hatch_Den;2012-02-01;2012;02;01;serenas;727333;9840695;cd
s8641;The_Hatch_Den;2012-02-03;2012;02;03;serenas;727333;9840695;cd
s8647;The_Hatch_Den;2012-02-04;2012;02;04;serenas;727333;9840695;cd
s8676;The_Hatch_Den;2012-02-12;2012;02;12;serenas;727333;9840695;cd
s8677;The_Hatch_Den;2012-02-14;2012;02;14;serenas;727333;9840695;cd
s8691;The_Hatch_Den;2012-02-17;2012;02;17;serenas;727333;9840695;cd
s8724;The_Hatch_Den;2012-02-28;2012;02;28;serenas;727333;9840695;cd
s8728;The_Hatch_Den;2012-03-02;2012;03;02;serenas;727333;9840695;cd
s8736;Kahana_Den;2012-03-05;2012;03;05;serenas;727319;9840910;cd
s874;Gila_River_Den;2009-11-06;2009;11;06;happyzebra;716307;9843668;cd
s8744;Kahana_Den;2012-03-08;2012;03;08;serenas;727319;9840910;cd
s8746;Kahana_Den;2012-03-10;2012;03;10;serenas;727319;9840910;cd
s875;Gila_River_Den;2009-11-07;2009;11;07;happyzebra;716307;9843668;cd
s8756;Kahana_Den;2012-03-14;2012;03;14;serenas;727319;9840910;cd
s8762;Kahana_Den;2012-03-15;2012;03;15;serenas;727319;9840910;cd
s8770;The_Hatch_Den;2012-03-18;2012;03;18;serenas;727333;9840695;cd
s8778;The_Hatch_Den;2012-03-21;2012;03;21;serenas;727333;9840695;cd
s8781;The_Hatch_Den;2012-03-23;2012;03;23;serenas;727333;9840695;cd
s8782;The_Hatch_Den;2012-03-25;2012;03;25;serenas;727333;9840695;cd
s8783;The_Hatch_Den;2012-03-27;2012;03;27;serenas;727333;9840695;cd
s8785;The_Hatch_Den;2012-03-28;2012;03;28;serenas;727333;9840695;cd
s8787;Flashforward_Den;2012-03-30;2012;03;30;serenas;727377;9840658;cd
s879;Gila_River_Den;2009-11-09;2009;11;09;happyzebra;716307;9843668;cd
s8790;Flashforward_Den;2012-03-31;2012;03;31;serenas;727377;9840658;cd
s8794;Flashforward_Den;2012-04-02;2012;04;02;serenas;727377;9840658;cd
s8803;Flashforward_Den;2012-04-11;2012;04;11;serenas;727377;9840658;cd
s8857;Flashforward_Den;2012-06-09;2012;06;09;serenas;727377;9840658;cd
s887;Gila_River_Den;2009-11-12;2009;11;12;happyzebra;716307;9843668;cd
s891;Gila_River_Den;2009-11-16;2009;11;16;happyzebra;716307;9843668;cd
s8929;Flashforward_Den;2012-07-08;2012;07;08;serenan;727377;9840658;cd
s893;Gila_River_Den;2009-11-18;2009;11;18;happyzebra;716307;9843668;cd
s895;Gila_River_Den;2009-11-18;2009;11;18;happyzebra;716307;9843668;cd
s901;Gila_River_Den;2009-11-25;2009;11;25;happyzebra;716307;9843668;cd
s9028;Flashforward_Den;2012-08-07;2012;08;07;serenas;727377;9840658;cd
s903;Gila_River_Den;2009-11-29;2009;11;29;happyzebra;716307;9843668;cd
s9037;Flashforward_Den;2012-08-09;2012;08;09;serenas;727377;9840658;cd
s9072.1;Flashforward_Den;2012-08-18;2012;08;18;serenas;727377;9840658;cd
s908;Gila_River_Den;2009-12-02;2009;12;02;happyzebra;716307;9843668;cd
s9082;Flashforward_Den;2012-08-20;2012;08;20;serenas;727377;9840658;cd
s9089;Flashforward_Den;2012-08-22;2012;08;22;serenas;727377;9840658;cd
s909;Gila_River_Den;2009-12-04;2009;12;04;happyzebra;716307;9843668;cd
s9093;Flashforward_Den;2012-08-22;2012;08;22;serenas;727377;9840658;cd
s9103;Flashforward_Den;2012-08-23;2012;08;23;serenas;727377;9840658;cd
s9104;Flashforward_Den;2012-08-24;2012;08;24;serenas;727377;9840658;cd
s9105;Flashforward_Den;2012-08-25;2012;08;25;serenas;727377;9840658;cd
s9106;Flashforward_Den;2012-08-30;2012;08;30;serenas;727377;9840658;cd
s911;Gila_River_Den;2009-12-05;2009;12;05;happyzebra;716307;9843668;cd
s9110;Flashforward_Den;2012-08-30;2012;08;30;serenas;727377;9840658;cd
s9116;Flashforward_Den;2012-08-31;2012;08;31;serenas;727377;9840658;cd
s9118;Flashforward_Den;2012-08-31;2012;08;31;serenas;727377;9840658;cd
s9119;Flashforward_Den;2012-08-31;2012;08;31;serenas;727377;9840658;cd
s9121;Flashforward_Den;2012-08-31;2012;08;31;serenas;727377;9840658;cd
s9124;Flashforward_Den;2012-08-31;2012;08;31;serenas;727377;9840658;cd
s9130;Flashforward_Den;2012-09-01;2012;09;01;serenas;727377;9840658;cd
s9131;Flashforward_Den;2012-09-01;2012;09;01;serenas;727377;9840658;cd
s9132;Flashforward_Den;2012-09-02;2012;09;02;serenas;727377;9840658;cd
s9147;Oxytocin_Den;2012-09-06;2012;09;06;serenas;724934;9841116;cd
s9152;Oxytocin_Den;2012-09-08;2012;09;08;serenas;724934;9841116;cd
s9155;Oxytocin_Den;2012-09-09;2012;09;09;serenas;724934;9841116;cd
s9163;Oxytocin_Den;2012-09-11;2012;09;11;serenas;724934;9841116;cd
s9164;Oxytocin_Den;2012-09-12;2012;09;12;serenas;724934;9841116;cd
s9178;Flashforward_Den;2012-09-15;2012;09;15;serenas;727377;9840658;cd
s9181;Flashforward_Den;2012-09-17;2012;09;17;serenas;727377;9840658;cd
s9186;Flashforward_Den;2012-09-18;2012;09;18;serenas;727377;9840658;cd
s9187;Flashforward_Den;2012-09-20;2012;09;20;serenas;727377;9840658;cd
s9193;Flashforward_Den;2012-09-21;2012;09;21;serenas;727377;9840658;cd
s9196;Flashforward_Den;2012-09-25;2012;09;25;serenas;727377;9840658;cd
s920;Gila_River_Den;2009-12-22;2009;12;22;happyzebra;716307;9843668;cd
s9204;Flashforward_Den;2012-09-27;2012;09;27;serenas;727377;9840658;cd
s9206;Flashforward_Den;2012-09-28;2012;09;28;serenas;727377;9840658;cd
s9208;Flashforward_Den;2012-10-02;2012;10;02;serenas;727377;9840658;cd
s9208.1;Flashforward_Den;2012-10-05;2012;10;05;serenas;727377;9840658;cd
s9209;Flashforward_Den;2012-10-07;2012;10;07;serenas;727377;9840658;cd
s9210;Flashforward_Den;2012-10-09;2012;10;09;serenas;727377;9840658;cd
s9211;Flashforward_Den;2012-10-11;2012;10;11;serenas;727377;9840658;cd
s9212;Flashforward_Den;2012-10-13;2012;10;13;serenas;727377;9840658;cd
s9213;Flashforward_Den;2012-10-15;2012;10;15;serenas;727377;9840658;cd
s9216;Flashforward_Den;2012-10-18;2012;10;18;serenas;727377;9840658;cd
s9217;Flashforward_Den;2012-10-20;2012;10;20;serenas;727377;9840658;cd
s9220;Flashforward_Den;2012-10-22;2012;10;22;serenas;727377;9840658;cd
s9225;Flashforward_Den;2012-10-23;2012;10;23;serenas;727377;9840658;cd
s9228;Flashforward_Den;2012-10-24;2012;10;24;serenas;727377;9840658;cd
s9230;Flashforward_Den;2012-10-27;2012;10;27;serenas;727377;9840658;cd
s9231;Flashforward_Den;2012-10-27;2012;10;27;serenas;727377;9840658;cd
s9237;Flashforward_Den;2012-10-30;2012;10;30;serenas;727377;9840658;cd
s9247;Flashforward_Den;2012-11-03;2012;11;03;serenas;727377;9840658;cd
s9251;Flashforward_Den;2012-11-04;2012;11;04;serenas;727377;9840658;cd
s9257;Flashforward_Den;2012-11-04;2012;11;04;serenas;727377;9840658;cd
s9260;Flashforward_Den;2012-11-05;2012;11;05;serenas;727377;9840658;cd
s9262;Flashforward_Den;2012-11-05;2012;11;05;serenas;727377;9840658;cd
s9269;Flashforward_Den;2012-11-05;2012;11;05;serenas;727377;9840658;cd
s927;Gila_River_Den;2009-12-24;2009;12;24;happyzebra;716307;9843668;cd
s9277;Flashforward_Den;2012-11-10;2012;11;10;serenas;727377;9840658;cd
s9279;Flashforward_Den;2012-11-10;2012;11;10;serenas;727377;9840658;cd
s9283;Flashforward_Den;2012-11-11;2012;11;11;serenas;727377;9840658;cd
s9290;Flashforward_Den;2012-11-13;2012;11;13;serenas;727377;9840658;cd
s9291;Flashforward_Den;2012-11-13;2012;11;13;serenas;727377;9840658;cd
s9298;Flashforward_Den;2012-11-14;2012;11;14;serenas;727377;9840658;cd
s930;Gila_River_Den;2009-12-27;2009;12;27;happyzebra;716307;9843668;cd
s9300;Flashforward_Den;2012-11-15;2012;11;15;serenas;727377;9840658;cd
s9302;Flashforward_Den;2012-11-15;2012;11;15;serenas;727377;9840658;cd
s9306;Flashforward_Den;2012-11-16;2012;11;16;serenas;727377;9840658;cd
s9307;Flashforward_Den;2012-11-16;2012;11;16;serenas;727377;9840658;cd
s9310;Flashforward_Den;2012-11-16;2012;11;16;serenas;727377;9840658;cd
s9313;Flashforward_Den;2012-11-17;2012;11;17;serenas;727377;9840658;cd
s9316;Flashforward_Den;2012-11-17;2012;11;17;serenas;727377;9840658;cd
s9320;Flashforward_Den;2012-11-18;2012;11;18;serenas;727377;9840658;cd
s9324;Flashforward_Den;2012-11-18;2012;11;18;serenas;727377;9840658;cd
s9325;Flashforward_Den;2012-11-18;2012;11;18;serenas;727377;9840658;cd
s9328;Flashforward_Den;2012-11-19;2012;11;19;serenas;727377;9840658;cd
s934;Gila_River_Den;2009-12-27;2009;12;27;happyzebra;716307;9843668;cd
s9340;Flashforward_Den;2012-11-20;2012;11;20;serenas;727377;9840658;cd
s9342;Flashforward_Den;2012-11-20;2012;11;20;serenas;727377;9840658;cd
s9346;Flashforward_Den;2012-11-21;2012;11;21;serenas;727377;9840658;cd
s9351.1;The_Hatch_Den;2012-11-24;2012;11;24;serenas;727333;9840695;cd
s9356;The_Hatch_Den;2012-11-25;2012;11;25;serenas;727333;9840695;cd
s9358;The_Hatch_Den;2012-11-25;2012;11;25;serenas;727333;9840695;cd
s9359;The_Hatch_Den;2012-11-25;2012;11;25;serenas;727333;9840695;cd
s9363;The_Hatch_Den;2012-11-26;2012;11;26;serenas;727333;9840695;cd
s9371;The_Hatch_Den;2012-11-27;2012;11;27;serenas;727333;9840695;cd
s9372;The_Hatch_Den;2012-11-28;2012;11;28;serenas;727333;9840695;cd
s9380;Flashforward_Den;2012-11-30;2012;11;30;serenas;727377;9840658;cd
s9381;The_Hatch_Den;2012-12-02;2012;12;02;serenas;727333;9840695;cd
s9386;The_Hatch_Den;2012-12-03;2012;12;03;serenas;727333;9840695;cd
s9388;The_Hatch_Den;2012-12-05;2012;12;05;serenan;727333;9840695;cd
s9389;The_Hatch_Den;2012-12-05;2012;12;05;serenas;727333;9840695;cd
s9398;The_Hatch_Den;2012-12-08;2012;12;08;serenas;727333;9840695;cd
s9399;The_Hatch_Den;2012-12-08;2012;12;08;serenas;727333;9840695;cd
s9404;The_Hatch_Den;2012-12-11;2012;12;11;serenas;727333;9840695;cd
s9405;The_Hatch_Den;2012-12-11;2012;12;11;serenas;727333;9840695;cd
s9406;The_Hatch_Den;2012-12-15;2012;12;15;serenas;727333;9840695;cd
s9415;The_Hatch_Den;2012-12-16;2012;12;16;serenas;727333;9840695;cd
s9416;The_Hatch_Den;2012-12-16;2012;12;16;serenas;727333;9840695;cd
s9417;The_Hatch_Den;2012-12-18;2012;12;18;serenas;727333;9840695;cd
s9420;The_Hatch_Den;2012-12-19;2012;12;19;serenas;727333;9840695;cd
s9422;The_Hatch_Den;2012-12-22;2012;12;22;serenas;727333;9840695;cd
s9432;The_Hatch_Den;2012-12-28;2012;12;28;serenas;727333;9840695;cd
s9432.1;Windsor_Den;2012-01-02;2012;01;02;happyzebra;716432;9842596;cd
s9433;Windsor_Den;2012-01-20;2012;01;20;happyzebra;716432;9842596;cd
s9436;Windsor_Den;2012-01-22;2012;01;22;happyzebra;716432;9842596;cd
s9437;Windsor_Den;2012-01-24;2012;01;24;happyzebra;716432;9842596;cd
s9439;Windsor_Den;2012-01-25;2012;01;25;happyzebra;716432;9842596;cd
s9446;Windsor_Den;2012-01-28;2012;01;28;happyzebra;716432;9842596;cd
s9447;Windsor_Den;2012-01-30;2012;01;30;happyzebra;716432;9842596;cd
s9455;Windsor_Den;2012-02-08;2012;02;08;happyzebra;716432;9842596;cd
s9456;Windsor_Den;2012-02-11;2012;02;11;happyzebra;716432;9842596;cd
s9457;Windsor_Den;2012-02-13;2012;02;13;happyzebra;716432;9842596;cd
s946;Gila_River_Den;2010-01-04;2010;01;04;happyzebra;716307;9843668;cd
s9462;Windsor_Den;2012-02-14;2012;02;14;happyzebra;716432;9842596;cd
s9465;Windsor_Den;2012-02-16;2012;02;16;happyzebra;716432;9842596;cd
s9469;Windsor_Den;2012-02-19;2012;02;19;happyzebra;716432;9842596;cd
s9475;Windsor_Den;2012-02-20;2012;02;20;happyzebra;716432;9842596;cd
s9478;Windsor_Den;2012-02-22;2012;02;22;happyzebra;716432;9842596;cd
s9484;Windsor_Den;2012-02-22;2012;02;22;happyzebra;716432;9842596;cd
s9485.1;Windsor_Den;2012-02-26;2012;02;26;happyzebra;716432;9842596;cd
s9491;Windsor_Den;2012-02-27;2012;02;27;happyzebra;716432;9842596;cd
s9493;Windsor_Den;2012-02-29;2012;02;29;happyzebra;716432;9842596;cd
s9494;Windsor_Den;2012-03-04;2012;03;04;happyzebra;716432;9842596;cd
s9495;Windsor_Den;2012-03-06;2012;03;06;happyzebra;716432;9842596;cd
s9497;Windsor_Den;2012-03-07;2012;03;07;happyzebra;716432;9842596;cd
s9498;Windsor_Den;2012-03-09;2012;03;09;happyzebra;716432;9842596;cd
s950;Gila_River_Den;2010-01-07;2010;01;07;happyzebra;716307;9843668;cd
s9502;Windsor_Den;2012-03-13;2012;03;13;happyzebra;716432;9842596;cd
s9504;Windsor_Den;2012-03-14;2012;03;14;happyzebra;716432;9842596;cd
s9505;Windsor_Den;2012-03-16;2012;03;16;happyzebra;716432;9842596;cd
s9506;Windsor_Den;2012-03-17;2012;03;17;happyzebra;716432;9842596;cd
s9507;Windsor_Den;2012-03-19;2012;03;19;happyzebra;716432;9842596;cd
s9508;Windsor_Den;2012-03-20;2012;03;20;happyzebra;716432;9842596;cd
s9509;Windsor_Den;2012-03-22;2012;03;22;happyzebra;716432;9842596;cd
s9509.2;Windsor_Den;2012-03-22;2012;03;22;happyzebra;716432;9842596;cd
s9511;Windsor_Den;2012-03-23;2012;03;23;happyzebra;716432;9842596;cd
s9513;Windsor_Den;2012-03-26;2012;03;26;happyzebra;716432;9842596;cd
s9516;Windsor_Den;2012-03-27;2012;03;27;happyzebra;716432;9842596;cd
s9519;Windsor_Den;2012-03-29;2012;03;29;happyzebra;716432;9842596;cd
s9521;Calexico_Den;2012-04-02;2012;04;02;serenas;716384;9842738;cd
s9522;Windsor_Den;2012-04-02;2012;04;02;happyzebra;716432;9842596;cd
s9523;Windsor_Den;2012-04-01;2012;04;01;happyzebra;716432;9842596;cd
s9524;Windsor_Den;2012-04-04;2012;04;04;happyzebra;716432;9842596;cd
s9526;Calexico_Den;2012-04-13;2012;04;13;happyzebra;716384;9842738;cd
s9527;Windsor_Den;2012-04-13;2012;04;13;happyzebra;716432;9842596;cd
s9528;Calexico_Den;2012-04-13;2012;04;13;happyzebra;716384;9842738;cd
s9529;Windsor_Den;2012-04-13;2012;04;13;happyzebra;716432;9842596;cd
s9530;Calexico_Den;2012-04-16;2012;04;16;happyzebra;716384;9842738;cd
s9533;Calexico_Den;2012-04-17;2012;04;17;happyzebra;716384;9842738;cd
s9534;Calexico_Den;2012-04-18;2012;04;18;happyzebra;716384;9842738;cd
s9535;Calexico_Den;2012-04-20;2012;04;20;happyzebra;716384;9842738;cd
s9541;Calexico_Den;2012-04-23;2012;04;23;happyzebra;716384;9842738;cd
s9542;Windsor_Den;2012-04-23;2012;04;23;happyzebra;716432;9842596;cd
s9546;Calexico_Den;2012-04-26;2012;04;26;happyzebra;716384;9842738;cd
s9547.2;Calexico_Den;2012-04-27;2012;04;27;happyzebra;716384;9842738;cd
s9549;Calexico_Den;2012-04-29;2012;04;29;happyzebra;716384;9842738;cd
s9551;Windsor_Den;2012-05-04;2012;05;04;happyzebra;716432;9842596;cd
s9554;Windsor_Den;2012-05-10;2012;05;10;happyzebra;716432;9842596;cd
s9559.1;Windsor_Den;2012-05-16;2012;05;16;happyzebra;716432;9842596;cd
s9563;Windsor_Den;2012-05-18;2012;05;18;happyzebra;716432;9842596;cd
s9568;Windsor_Den;2012-05-21;2012;05;21;happyzebra;716432;9842596;cd
s9570;Windsor_Den;2012-05-22;2012;05;22;happyzebra;716432;9842596;cd
s9576;Windsor_Den;2012-05-28;2012;05;28;happyzebra;716432;9842596;cd
s9578;Windsor_Den;2012-05-30;2012;05;30;happyzebra;716432;9842596;cd
s9588;Windsor_Den;2012-06-03;2012;06;03;happyzebra;716432;9842596;cd
s9592;Windsor_Den;2012-06-05;2012;06;05;happyzebra;716432;9842596;cd
s9596;Windsor_Den;2012-06-09;2012;06;09;happyzebra;716432;9842596;cd
s9598;Windsor_Den;2012-06-11;2012;06;11;happyzebra;716432;9842596;cd
s9600;Windsor_Den;2012-06-13;2012;06;13;happyzebra;716432;9842596;cd
s9601;Windsor_Den;2012-06-15;2012;06;15;happyzebra;716432;9842596;cd
s9605;Windsor_Den;2012-06-17;2012;06;17;happyzebra;716432;9842596;cd
s9609;Windsor_Den;2012-06-19;2012;06;19;happyzebra;716432;9842596;cd
s9615;Windsor_Den;2012-06-21;2012;06;21;happyzebra;716432;9842596;cd
s9616;Windsor_Den;2012-06-22;2012;06;22;happyzebra;716432;9842596;cd
s9618;Windsor_Den;2012-07-10;2012;07;10;happyzebra;716432;9842596;cd
s9621;Windsor_Den;2012-07-20;2012;07;20;happyzebra;716432;9842596;cd
s9626;Windsor_Den;2012-07-28;2012;07;28;happyzebra;716432;9842596;cd
s9629;Windsor_Den;2012-07-31;2012;07;31;happyzebra;716432;9842596;cd
s963;Gila_River_Den;2010-01-16;2010;01;16;happyzebra;716307;9843668;cd
s9630;Windsor_Den;2012-08-04;2012;08;04;happyzebra;716432;9842596;cd
s9634.1;Windsor_Den;2012-08-06;2012;08;06;happyzebra;716432;9842596;cd
s9637;Windsor_Den;2012-08-10;2012;08;10;happyzebra;716432;9842596;cd
s9646;Calexico_Den;2012-08-19;2012;08;19;happyzebra;716384;9842738;cd
s9649.1;Calexico_Den;2012-08-23;2012;08;23;happyzebra;716384;9842738;cd
s9651;Calexico_Den;2012-08-26;2012;08;26;happyzebra;716384;9842738;cd
s9658;Mexicalli_Den;2012-09-03;2012;09;03;happyzebra;716255;9842748;cd
s966;Gila_River_Den;2010-01-21;2010;01;21;happyzebra;716307;9843668;cd
s9660;Mexicalli_Den;2012-09-05;2012;09;05;happyzebra;716255;9842748;cd
s9665;Mexicalli_Den;2012-09-11;2012;09;11;happyzebra;716255;9842748;cd
s9676;Nogales_Den;2012-09-22;2012;09;22;happyzebra;716267;9842643;cd
s970;Gila_River_Den;2010-01-28;2010;01;28;happyzebra;716307;9843668;cd
s9792;Windsor_Den;2012-12-26;2012;12;26;happyzebra;716432;9842596;cd
s9798;Nogales_Den;2012-10-01;2012;10;01;happyzebra;716267;9842643;cd
s9799;Nogales_Den;2012-10-02;2012;10;02;happyzebra;716267;9842643;cd
s9801;Juarez_Den;2012-10-05;2012;10;05;happyzebra;716375;9842579;cd
s9803;Windsor_Den;2012-10-05;2012;10;05;happyzebra;716432;9842596;cd
s9807;Juarez_Den;2012-10-10;2012;10;10;happyzebra;716375;9842579;cd
s9809;National_Cornchip_Day_Den;2013-02-01;2013;02;01;serenan;720449;9847591;cd
s9838;Merry_Christmas_Den;2013-01-01;2013;01;01;serenan;719746;9847140;cd
s9848;Merry_Christmas_Den;2013-01-05;2013;01;05;serenan;719746;9847140;cd
s9853;Merry_Christmas_Den;2013-01-11;2013;01;11;serenan;719746;9847140;cd
s9855;Merry_Christmas_Den;2013-01-12;2013;01;12;serenan;719746;9847140;cd
s9865;Merry_Christmas_Den;2013-01-14;2013;01;14;serenan;719746;9847140;cd
s9869;Merry_Christmas_Den;2013-01-15;2013;01;15;serenan;719746;9847140;cd
s9871;Merry_Christmas_Den;2013-01-17;2013;01;17;serenan;719746;9847140;cd
s9876;Merry_Christmas_Den;2013-01-19;2013;01;19;serenan;719746;9847140;cd
s9877;Happy_New_Year_Den;2013-01-19;2013;01;19;serenan;719821;9847114;cd
s9885;Happy_New_Year_Den;2013-01-19;2013;01;19;serenan;719821;9847114;cd
s9890;Happy_New_Year_Den;2013-01-22;2013;01;22;serenan;719821;9847114;cd
s9895;Merry_Christmas_Den;2013-01-24;2013;01;24;serenan;719746;9847140;cd
s9906;National_Cornchip_Day_Den;2013-01-29;2013;01;29;serenan;720449;9847591;cd
s9911;National_Cornchip_Day_Den;2013-01-31;2013;01;31;serenan;720449;9847591;cd
s9913;National_Cornchip_Day_Den;2013-02-01;2013;02;01;serenan;720449;9847591;cd
s9923;National_Cornchip_Day_Den;2013-02-02;2013;02;02;serenan;720449;9847591;cd
s9925;National_Cornchip_Day_Den;2013-02-03;2013;02;03;serenan;720449;9847591;cd
s9931;National_Cornchip_Day_Den;2013-02-04;2013;02;04;serenan;720449;9847591;cd
s9941;National_Cornchip_Day_Den;2013-02-03;2013;02;03;serenan;720449;9847591;cd
s9943;National_Cornchip_Day_Den;2013-02-03;2013;02;03;serenan;720449;9847591;cd
s9952;National_Cornchip_Day_Den;2013-02-05;2013;02;05;serenan;720449;9847591;cd
s9953;National_Cornchip_Day_Den;2013-02-06;2013;02;06;serenan;720449;9847591;cd
s9956;National_Cornchip_Day_Den;2013-02-06;2013;02;06;serenan;720449;9847591;cd
s9957;National_Cornchip_Day_Den;2013-02-07;2013;02;07;serenan;720449;9847591;cd
s9960;National_Cornchip_Day_Den;2013-02-07;2013;02;07;serenan;720449;9847591;cd
s9961;National_Cornchip_Day_Den;2013-02-07;2013;02;07;serenan;720449;9847591;cd
s9968;National_Cornchip_Day_Den;2013-02-07;2013;02;07;serenan;720449;9847591;cd
s9971;National_Cornchip_Day_Den;2013-02-08;2013;02;08;serenan;720449;9847591;cd
s9973;National_Cornchip_Day_Den;2013-02-08;2013;02;08;serenan;720449;9847591;cd
s9975;National_Cornchip_Day_Den;2013-02-09;2013;02;09;serenan;720449;9847591;cd
s9987;National_Cornchip_Day_Den;2013-02-11;2013;02;11;serenan;720449;9847591;cd
s9993;National_Cornchip_Day_Den;2013-02-11;2013;02;11;serenan;720449;9847591;cd
s9995;Schiphol_Den;2013-02-12;2013;02;12;serenan;723441;9844921;cd
s9996;National_Cornchip_Day_Den;2013-02-12;2013;02;12;serenan;720449;9847591;cd
s9997;Schiphol_Den;2013-02-12;2013;02;12;serenan;723441;9844921;cd
s9998;Schiphol_Den;2013-02-13;2013;02;13;serenan;723441;9844921;cd
s9999;Schiphol_Den;2013-02-13;2013;02;13;serenan;723441;9844921;cd
t100118;Big_Bush_Communal_Den;2017-06-15;2017;06;15;talek;748061;9838502;d
t100155;Big_Bush_Den;2017-07-02;2017;07;02;talek;748061;9838502;d
t100156;Resurrection_Main_Den;2017-07-02;2017;07;02;talek;747453;9838546;cd
t100171;Resurrection_Main_Den;2017-07-05;2017;07;05;talek;747453;9838546;cd
t100173;Resurrection_Main_Den;2017-07-06;2017;07;06;talek;747453;9838546;cd
t100183;Resurrection_Main_Den;2017-07-09;2017;07;09;talek;747453;9838546;cd
t100185;Resurrection_Main_Den;2017-07-10;2017;07;10;talek;747453;9838546;cd
t100191;Resurrection_Main_Den;2017-07-10;2017;07;10;talek;747453;9838546;cd
t100193;Resurrection_Main_Den;2017-07-11;2017;07;11;talek;747453;9838546;cd
t100197;Resurrection_Main_Den;2017-07-11;2017;07;11;talek;747453;9838546;cd
t100199;Resurrection_Main_Den;2017-07-12;2017;07;12;talek;747453;9838546;cd
t100209;Resurrection_Main_Den;2017-07-14;2017;07;14;talek;747453;9838546;cd
t100219;Resurrection_Main_Den;2017-07-15;2017;07;15;talek;747453;9838546;cd
t100226;Resurrection_Main_Den;2017-07-17;2017;07;17;talek;747453;9838546;cd
t100234;Resurrection_Main_Den;2017-07-19;2017;07;19;talek;747453;9838546;cd
t100249;Dicks_Den;2017-07-20;2017;07;20;talek;747390;9837245;cd
t100253;Dicks_Den;2017-07-21;2017;07;21;talek;747390;9837245;cd
t100256;Dicks_Den;2017-07-22;2017;07;22;talek;747390;9837245;cd
t100262;Dicks_Den;2017-07-22;2017;07;22;talek;747390;9837245;cd
t100266;Dicks_Den;2017-07-23;2017;07;23;talek;747390;9837245;cd
t100273;Dicks_Den;2017-07-23;2017;07;23;talek;747390;9837245;cd
t100284;Dicks_Den;2017-07-24;2017;07;24;talek;747390;9837245;cd
t100293;Dicks_Den;2017-07-25;2017;07;25;talek;747390;9837245;cd
t100304;Dicks_Den;2017-07-26;2017;07;26;talek;747390;9837245;cd
t100311;Dicks_Den;2017-07-28;2017;07;28;talek;747390;9837245;cd
t100318;Dicks_Den;2017-07-28;2017;07;28;talek;747390;9837245;cd
t100321;DOC_Den_2;2017-07-29;2017;07;29;talek;747700;9837031;cd
t100326;DOC_Den_2;2017-07-29;2017;07;29;talek;747700;9837031;cd
t100331;Den_One_Creek_Den_Complex;2017-07-29;2017;07;29;talek;747634;9837096;d
t100337;DOC_Den_2;2017-07-30;2017;07;30;talek;747700;9837031;cd
t100341;DOC_Den_2;2017-07-31;2017;07;31;talek;747700;9837031;cd
t100342;Dicks_Den;2017-07-31;2017;07;31;talek;747390;9837245;cd
t100348;Dicks_Den;2017-07-31;2017;07;31;talek;747390;9837245;cd
t100351;DOC_Den_2;2017-07-31;2017;07;31;talek;747700;9837031;cd
t100352;DOC_Den_2;2017-08-01;2017;08;01;talek;747700;9837031;cd
t100354;Dicks_Den;2017-08-01;2017;08;01;talek;747390;9837245;cd
t100358;Dicks_Den;2017-08-01;2017;08;01;talek;747390;9837245;cd
t100361;DOC_Den_2;2017-08-01;2017;08;01;talek;747700;9837031;cd
t100366;DOC_Den_2;2017-08-01;2017;08;01;talek;747700;9837031;cd
t100369;Dicks_Den;2017-08-02;2017;08;02;talek;747390;9837245;cd
t100377;Dicks_Den;2017-08-04;2017;08;04;talek;747390;9837245;cd
t100383;Dicks_Den;2017-08-05;2017;08;05;talek;747390;9837245;cd
t100384;DOC_Den_2;2017-08-05;2017;08;05;talek;747700;9837031;cd
t100389;DOC_Den_2;2017-08-08;2017;08;08;talek;747700;9837031;cd
t100398;DOC_Den_2;2017-08-09;2017;08;09;talek;747700;9837031;cd
t100406;Dicks_Den;2017-08-10;2017;08;10;talek;747390;9837245;cd
t100407;DOC_Den_2;2017-08-10;2017;08;10;talek;747700;9837031;cd
t100416;DOC_Den_2;2017-08-10;2017;08;10;talek;747700;9837031;cd
t100420;Dicks_Den;2017-08-11;2017;08;11;talek;747390;9837245;cd
t100427;Dicks_Den;2017-08-11;2017;08;11;talek;747390;9837245;cd
t100429;DOC_Den_2;2017-08-11;2017;08;11;talek;747700;9837031;cd
t100434;DOC_Den_2;2017-08-13;2017;08;13;talek;747700;9837031;cd
t100443;DOC_Den_2;2017-08-14;2017;08;14;talek;747700;9837031;cd
t100446;DOC_Den_2;2017-08-14;2017;08;14;talek;747700;9837031;cd
t100450;DOC_Den_2;2017-08-15;2017;08;15;talek;747700;9837031;cd
t100452;Dicks_Den;2017-08-15;2017;08;15;talek;747390;9837245;cd
t100455;Dicks_Den;2017-08-15;2017;08;15;talek;747390;9837245;cd
t100459;DOC_Den_2;2017-08-16;2017;08;16;talek;747700;9837031;cd
t100463;Den_One_Creek_Den_Complex;2017-08-16;2017;08;16;talek;747634;9837096;d
t100467;DOC_Den_2;2017-08-16;2017;08;16;talek;747700;9837031;cd
t100469;DOC_Den_2;2017-08-17;2017;08;17;talek;747700;9837031;cd
t100480;DOC_Den_2;2017-08-17;2017;08;17;talek;747700;9837031;cd
t100483;DOC_Den_2;2017-08-18;2017;08;18;talek;747700;9837031;cd
t100487;Dicks_Den;2017-08-19;2017;08;19;talek;747390;9837245;cd
t100493;DOC_Den_2;2017-08-20;2017;08;20;talek;747700;9837031;cd
t100494;DOC_Den_2;2017-08-20;2017;08;20;talek;747700;9837031;cd
t100497;DOC_Den_2;2017-08-20;2017;08;20;talek;747700;9837031;cd
t100503;DOC_Den_2;2017-08-24;2017;08;24;talek;747700;9837031;cd
t100511;Flintstone_Den;2017-08-26;2017;08;26;talek;747000;9837149;d
t100513;Flintstone_Den;2017-08-27;2017;08;27;talek;747000;9837149;d
t100520;DOC_Den_2;2017-08-27;2017;08;27;talek;747700;9837031;cd
t100527;DOC_Den_2;2017-08-28;2017;08;28;talek;747700;9837031;cd
t100528;Dicks_Den;2017-08-28;2017;08;28;talek;747390;9837245;cd
t100529;DOC_Den_2;2017-08-30;2017;08;30;talek;747700;9837031;cd
t100531;Dicks_Den;2017-08-30;2017;08;30;talek;747390;9837245;cd
t100533;DOC_Den_2;2017-08-30;2017;08;30;talek;747700;9837031;cd
t100536;DOC_Den_2;2017-08-30;2017;08;30;talek;747700;9837031;cd
t100539;DOC_Den_2;2017-08-31;2017;08;31;talek;747700;9837031;cd
t100541;DOC_Den_2;2017-09-04;2017;09;04;talek;747700;9837031;cd
t100542;Dicks_Den;2017-09-04;2017;09;04;talek;747390;9837245;cd
t100543;DOC_Den_2;2017-09-04;2017;09;04;talek;747700;9837031;cd
t100547;DOC_Den_2;2017-09-05;2017;09;05;talek;747700;9837031;cd
t100552;DOC_Den_2;2017-09-06;2017;09;06;talek;747700;9837031;cd
t100553;Dicks_Den;2017-09-06;2017;09;06;talek;747390;9837245;cd
t100554;DOC_Den_2;2017-09-06;2017;09;06;talek;747700;9837031;cd
t100559;DOC_Den_2;2017-09-06;2017;09;06;talek;747700;9837031;cd
t100563;Dicks_Den;2017-09-07;2017;09;07;talek;747390;9837245;cd
t100565;Dicks_Den;2017-09-07;2017;09;07;talek;747390;9837245;cd
t100571;DOC_Den_2;2017-09-08;2017;09;08;talek;747700;9837031;cd
t100572;Dicks_Den;2017-09-08;2017;09;08;talek;747390;9837245;cd
t100573;DOC_Den_2;2017-09-08;2017;09;08;talek;747700;9837031;cd
t100579;DOC_Den_2;2017-09-09;2017;09;09;talek;747700;9837031;cd
t100581;Dicks_Den;2017-09-09;2017;09;09;talek;747390;9837245;cd
t100582;Dicks_Den;2017-09-10;2017;09;10;talek;747390;9837245;cd
t100587;DOC_Den_2;2017-09-12;2017;09;12;talek;747700;9837031;cd
t100590;DOC_Den_2;2017-09-13;2017;09;13;talek;747700;9837031;cd
t100594;DOC_Den_2;2017-09-13;2017;09;13;talek;747700;9837031;cd
t100598;DOC_Den_2;2017-09-13;2017;09;13;talek;747700;9837031;cd
t100599;Dicks_Den;2017-09-13;2017;09;13;talek;747390;9837245;cd
t100604;DOC_Den_2;2017-09-14;2017;09;14;talek;747700;9837031;cd
t100616;DOC_Den_2;2017-09-16;2017;09;16;talek;747700;9837031;cd
t100617;DOC_Den_2;2017-09-17;2017;09;17;talek;747700;9837031;cd
t100625;DOC_Den_2;2017-09-19;2017;09;19;talek;747700;9837031;cd
t100631;Dicks_Den;2017-09-19;2017;09;19;talek;747390;9837245;cd
t100633;Dicks_Den;2017-09-19;2017;09;19;talek;747390;9837245;cd
t100634;DOC_Den_2;2017-09-19;2017;09;19;talek;747700;9837031;cd
t100640;Dicks_Den;2017-09-20;2017;09;20;talek;747390;9837245;cd
t100641;DOC_Den_2;2017-09-20;2017;09;20;talek;747700;9837031;cd
t100651;DOC_Den_2;2017-09-21;2017;09;21;talek;747700;9837031;cd
t100661;DOC_Den_2;2017-09-21;2017;09;21;talek;747700;9837031;cd
t100664;Dicks_Den;2017-09-22;2017;09;22;talek;747390;9837245;cd
t100671;Dicks_Den;2017-09-22;2017;09;22;talek;747390;9837245;cd
t100672;DOC_Den_2;2017-09-23;2017;09;23;talek;747700;9837031;cd
t100676;DOC_Den_2;2017-09-23;2017;09;23;talek;747700;9837031;cd
t100677;Dicks_Den;2017-09-23;2017;09;23;talek;747390;9837245;cd
t100687;Dicks_Den;2017-09-24;2017;09;24;talek;747390;9837245;cd
t100688;DOC_Den_2;2017-09-24;2017;09;24;talek;747700;9837031;cd
t100689;Dicks_Den;2017-09-24;2017;09;24;talek;747390;9837245;cd
t100694;DOC_Den_2;2017-09-24;2017;09;24;talek;747700;9837031;cd
t100706;Dicks_Den;2017-09-24;2017;09;24;talek;747390;9837245;cd
t100709;Dicks_Den;2017-09-25;2017;09;25;talek;747390;9837245;cd
t100715;Dicks_Den;2017-09-26;2017;09;26;talek;747390;9837245;cd
t100720;DOC_Den_2;2017-09-26;2017;09;26;talek;747700;9837031;cd
t100727;DOC_Den_2;2017-09-27;2017;09;27;talek;747700;9837031;cd
t100728;Dicks_Den;2017-09-27;2017;09;27;talek;747390;9837245;cd
t100730;DOC_Den_2;2017-09-28;2017;09;28;talek;747700;9837031;cd
t100731;Dicks_Den;2017-09-28;2017;09;28;talek;747390;9837245;cd
t100737;Flintstone_Den;2017-09-28;2017;09;28;talek;747000;9837149;d
t100742;Dicks_Den;2017-09-28;2017;09;28;talek;747390;9837245;cd
t100748;Dicks_Den;2017-09-29;2017;09;29;talek;747390;9837245;cd
t100751;DOC_Den_2;2017-09-29;2017;09;29;talek;747700;9837031;cd
t100756;Dicks_Den;2017-09-29;2017;09;29;talek;747390;9837245;cd
t100759;DOC_Den_2;2017-09-30;2017;09;30;talek;747700;9837031;cd
t100760;Dicks_Den;2017-09-30;2017;09;30;talek;747390;9837245;cd
t101086;DOC_Den_2;2017-10-01;2017;10;01;talek;747700;9837031;cd
t101107;Dicks_Den;2017-10-02;2017;10;02;talek;747390;9837245;cd
t101108;DOC_Den_2;2017-10-02;2017;10;02;talek;747700;9837031;cd
t101113;DOC_Den_2;2017-10-03;2017;10;03;talek;747700;9837031;cd
t101118;Flintstone_Den;2017-10-04;2017;10;04;talek;747000;9837149;d
t101126;Flintstone_Den;2017-10-06;2017;10;06;talek;747000;9837149;d
t101132;Flintstone_Den;2017-10-08;2017;10;08;talek;747000;9837149;d
t101134;Flintstone_Den;2017-10-10;2017;10;10;talek;747000;9837149;d
t101137;Flintstone_Den;2017-10-11;2017;10;11;talek;747000;9837149;d
t101146;Flintstone_Den;2017-10-12;2017;10;12;talek;747000;9837149;d
t101152;Flintstone_Den;2017-10-14;2017;10;14;talek;747000;9837149;d
t101167;Flintstone_Den;2017-10-15;2017;10;15;talek;747000;9837149;d
t101172;Flintstone_Den;2017-10-17;2017;10;17;talek;747000;9837149;d
t101179;Flintstone_Den;2017-10-17;2017;10;17;talek;747000;9837149;d
t101180;Flintstone_Den;2017-10-18;2017;10;18;talek;747000;9837149;d
t101196;Flintstone_Den;2017-10-17;2017;10;17;talek;747000;9837149;d
t101198;Flintstone_Den;2017-10-21;2017;10;21;talek;747000;9837149;d
t101205;Flintstone_Den;2017-10-22;2017;10;22;talek;747000;9837149;d
t101219;Flintstone_Den;2017-10-23;2017;10;23;talek;747000;9837149;d
t101240;Flintstone_Den;2017-10-24;2017;10;24;talek;747000;9837149;d
t101264;Flintstone_Den;2017-10-27;2017;10;27;talek;747000;9837149;d
t101267;Flintstone_Den;2017-10-28;2017;10;28;talek;747000;9837149;d
t101270;Dicks_Den;2017-10-28;2017;10;28;talek;747390;9837245;cd
t101288;Flintstone_Den;2017-10-29;2017;10;29;talek;747000;9837149;d
t101298;Flintstone_Den;2017-11-01;2017;11;01;talek;747000;9837149;d
t101299;Dicks_Den;2017-11-01;2017;11;01;talek;747390;9837245;cd
t101306;Dicks_Den;2017-11-01;2017;11;01;talek;747390;9837245;cd
t101310;Flintstone_Den;2017-11-01;2017;11;01;talek;747000;9837149;d
t101321;Flintstone_Den;2017-11-03;2017;11;03;talek;747000;9837149;d
t101332;Flintstone_Den;2017-11-04;2017;11;04;talek;747000;9837149;d
t101346;Flintstone_Den;2017-11-04;2017;11;04;talek;747000;9837149;d
t101349;Dicks_Den;2017-11-05;2017;11;05;talek;747390;9837245;cd
t101356;Flintstone_Den;2017-11-11;2017;11;11;talek;747000;9837149;d
t101360;Dicks_Den;2017-11-11;2017;11;11;talek;747390;9837245;cd
t101366;Farmer's_Den;2017-11-14;2017;11;14;talek;739847;9835373;cd
t101367;Flintstone_Den;2017-11-16;2017;11;16;talek;747000;9837149;d
t101382;Flintstone_Den;2017-11-17;2017;11;17;talek;747000;9837149;d
t101383;Dicks_Den;2017-11-17;2017;11;17;talek;747390;9837245;cd
t101397;Flintstone_Den;2017-11-18;2017;11;18;talek;747000;9837149;d
t101400;Dicks_Den;2017-11-18;2017;11;18;talek;747390;9837245;cd
t101413;Flintstone_Den;2017-11-19;2017;11;19;talek;747000;9837149;d
t101416;Flintstone_Den;2017-11-20;2017;11;20;talek;747000;9837149;d
t101417;Dicks_Den;2017-11-20;2017;11;20;talek;747390;9837245;cd
t101422;Flintstone_Den;2017-11-20;2017;11;20;talek;747000;9837149;d
t101426;Dicks_Den;2017-11-20;2017;11;20;talek;747390;9837245;cd
t101434;Dicks_Den;2017-11-21;2017;11;21;talek;747390;9837245;cd
t101436;Flintstone_Den;2017-11-21;2017;11;21;talek;747000;9837149;d
t101440;Flintstone_Den;2017-11-21;2017;11;21;talek;747000;9837149;d
t101441;Dicks_Den;2017-11-21;2017;11;21;talek;747390;9837245;cd
t101451;Dicks_Den;2017-11-26;2017;11;26;talek;747390;9837245;cd
t101452;Dicks_Den;2017-11-27;2017;11;27;talek;747390;9837245;cd
t101480;Dicks_Den;2017-12-03;2017;12;03;talek;747390;9837245;cd
t101485;Flintstone_Den;2017-12-04;2017;12;04;talek;747000;9837149;d
t101495;Farmer's_Den;2017-12-04;2017;12;04;talek;739847;9835373;cd
t101505;Flintstone_Den;2017-12-06;2017;12;06;talek;747000;9837149;d
t101510;Flintstone_Den;2017-12-07;2017;12;07;talek;747000;9837149;d
t101518;Flintstone_Den;2017-12-10;2017;12;10;talek;747000;9837149;d
t101520;Flintstone_Den;2017-12-11;2017;12;11;talek;747000;9837149;d
t101533;Flintstone_Den;2017-12-11;2017;12;11;talek;747000;9837149;d
t101548;Flintstone_Den;2017-12-13;2017;12;13;talek;747000;9837149;d
t101558;Flintstone_Den;2017-12-13;2017;12;13;talek;747000;9837149;d
t101563;Dicks_Den;2017-12-14;2017;12;14;talek;747390;9837245;cd
t101574;Flintstone_Den;2017-12-16;2017;12;16;talek;747000;9837149;d
t101583;Flintstone_Den;2017-12-18;2017;12;18;talek;747000;9837149;d
t101602;Flintstone_Den;2017-12-20;2017;12;20;talek;747000;9837149;d
t101616;Flintstone_Den;2017-12-22;2017;12;22;talek;747000;9837149;d
t101634;Flintstone_Den;2017-12-26;2017;12;26;talek;747000;9837149;d
t101641;Flintstone_Den;2017-12-26;2017;12;26;talek;747000;9837149;d
t101648;Flintstone_Den;2017-12-27;2017;12;27;talek;747000;9837149;d
t101665;Flintstone_Den;2017-12-31;2017;12;31;talek;747000;9837149;d
t101679.10;Flintstone_Den;2018-01-03;2018;01;03;talek;747000;9837149;d
t101684.10;Flintstone_Den;2018-01-06;2018;01;06;talek;747000;9837149;d
t101691.10;Flintstone_Den;2018-01-08;2018;01;08;talek;747000;9837149;d
t101706.10;Flintstone_Den;2018-01-10;2018;01;10;talek;747000;9837149;d
t101719.10;Flintstone_Den;2018-01-10;2018;01;10;talek;747000;9837149;d
t101721.10;Flintstone_Den;2018-01-11;2018;01;11;talek;747000;9837149;d
t101730.10;Flintstone_Den;2018-01-12;2018;01;12;talek;747000;9837149;d
t101749.10;Flintstone_Den;2018-01-15;2018;01;15;talek;747000;9837149;d
t101770.10;Flintstone_Den;2018-01-17;2018;01;17;talek;747000;9837149;d
t101796.10;Flintstone_Den;2018-01-21;2018;01;21;talek;747000;9837149;d
t101800.10;Flintstone_Den;2018-01-21;2018;01;21;talek;747000;9837149;d
t101814.10;Resurrection_Main_Den;2018-01-24;2018;01;24;talek;747453;9838546;cd
t101831.10;Resurrection_Main_Den;2018-01-29;2018;01;29;talek;747453;9838546;cd
t101838.10;Resurrection_Communal_Den;2018-01-30;2018;01;30;talek;747569;9838508;d
t101844.10;Resurrection_Main_Den;2018-02-01;2018;02;01;talek;747453;9838546;cd
t101873.10;Resurrection_Main_Den;2018-02-05;2018;02;05;talek;747453;9838546;cd
t101887.10;Resurrection_Main_Den;2018-02-06;2018;02;06;talek;747453;9838546;cd
t101916.10;Resurrection_Main_Den;2018-02-08;2018;02;08;talek;747453;9838546;cd
t101917.10;Resurrection_Main_Den;2018-02-09;2018;02;09;talek;747453;9838546;cd
t101940.10;Resurrection_Main_Den;2018-02-10;2018;02;10;talek;747453;9838546;cd
t101962.10;Resurrection_Main_Den;2018-02-12;2018;02;12;talek;747453;9838546;cd
t102016.10;Mountaineer_Den;2018-02-21;2018;02;21;talek;747043;9838583;d
t102025.10;Mountaineer_Den;2018-02-22;2018;02;22;talek;747043;9838583;d
t102033.10;Mountaineer_Den;2018-02-22;2018;02;22;talek;747043;9838583;d
t102039.10;Mountaineer_Den;2018-02-23;2018;02;23;talek;747043;9838583;d
t102056.10;Mountaineer_Den;2018-02-27;2018;02;27;talek;747043;9838583;d
t102125;Central_Park_Communal_Den;2018-03-27;2018;03;27;talek;746472;9838970;d
t102127;Central_Park_Communal_Den;2018-03-28;2018;03;28;talek;746472;9838970;d
t102132;Central_Park_Communal_Den;2018-03-29;2018;03;29;talek;746472;9838970;d
t102154;Central_Park_Communal_Den;2018-03-31;2018;03;31;talek;746472;9838970;d
t102164;Central_Park_Communal_Den;2018-03-31;2018;03;31;talek;746472;9838970;d
t102685;Central_Park_Communal_Den;2018-04-01;2018;04;01;talek;746472;9838970;d
t102705;Central_Park_Communal_Den;2018-04-04;2018;04;04;talek;746472;9838970;d
t102716;Central_Park_Communal_Den;2018-04-05;2018;04;05;talek;746472;9838970;d
t102729;Central_Park_Communal_Den;2018-04-06;2018;04;06;talek;746472;9838970;d
t102730;Central_Park_Communal_Den;2018-04-07;2018;04;07;talek;746472;9838970;d
t102738;Central_Park_Communal_Den;2018-04-08;2018;04;08;talek;746472;9838970;d
t102749;Central_Park_Communal_Den;2018-04-19;2018;04;19;talek;746472;9838970;d
t102756;Central_Park_Communal_Den;2018-04-20;2018;04;20;talek;746472;9838970;d
t102778;Central_Park_Communal_Den;2018-05-01;2018;05;01;talek;746472;9838970;d
t102850.2;Mountaineer_Den;2018-05-31;2018;05;31;talek;747043;9838583;d
t102856;Mountaineer_Den;2018-06-01;2018;06;01;talek;747043;9838583;d
t102862;Mountaineer_Den;2018-06-01;2018;06;01;talek;747043;9838583;d
t102869;Mountaineer_Den;2018-06-03;2018;06;03;talek;747043;9838583;d
t102879;Mountaineer_Den;2018-06-04;2018;06;04;talek;747043;9838583;d
t102881;Mountaineer_Den;2018-06-04;2018;06;04;talek;747043;9838583;d
t102903;Mountaineer_Den;2018-06-05;2018;06;05;talek;747043;9838583;d
t102909;Mountaineer_Den;2018-06-06;2018;06;06;talek;747043;9838583;d
t102921;Mountaineer_Den;2018-06-06;2018;06;06;talek;747043;9838583;d
t102940.1;Mountaineer_Den;2018-06-08;2018;06;08;talek;747043;9838583;d
t102951.1;Mountaineer_Den;2018-06-08;2018;06;08;talek;747043;9838583;d
t102953;Mountaineer_Den;2018-06-09;2018;06;09;talek;747043;9838583;d
t102967;Mountaineer_Den;2018-06-12;2018;06;12;talek;747043;9838583;d
t102982;Mountaineer_Den;2018-06-14;2018;06;14;talek;747043;9838583;d
t102990;Mountaineer_Den;2018-06-14;2018;06;14;talek;747043;9838583;d
t103005;Mountaineer_Den;2018-06-15;2018;06;15;talek;747043;9838583;d
t103014;Mountaineer_Den;2018-06-16;2018;06;16;talek;747043;9838583;d
t103028;Mountaineer_Den;2018-06-17;2018;06;17;talek;747043;9838583;d
t103033;Mountaineer_Den;2018-06-17;2018;06;17;talek;747043;9838583;d
t103042;Mountaineer_Den;2018-06-18;2018;06;18;talek;747043;9838583;d
t103051;Mountaineer_Den;2018-06-18;2018;06;18;talek;747043;9838583;d
t103057;Mountaineer_Den;2018-06-19;2018;06;19;talek;747043;9838583;d
t103069;Mountaineer_Den;2018-06-20;2018;06;20;talek;747043;9838583;d
t103094;Mountaineer_Den;2018-06-21;2018;06;21;talek;747043;9838583;d
t103100;Mountaineer_Den;2018-06-22;2018;06;22;talek;747043;9838583;d
t103108;Mountaineer_Den;2018-06-22;2018;06;22;talek;747043;9838583;d
t103123;Mountaineer_Den;2018-06-23;2018;06;23;talek;747043;9838583;d
t103129;Mountaineer_Den;2018-06-23;2018;06;23;talek;747043;9838583;d
t103139;Mountaineer_Den;2018-06-25;2018;06;25;talek;747043;9838583;d
t103156;Mountaineer_Den;2018-06-26;2018;06;26;talek;747043;9838583;d
t103969;Mountaineer_Den;2018-07-13;2018;07;13;talek;747043;9838583;d
t103977;Mountaineer_Den;2018-07-14;2018;07;14;talek;747043;9838583;d
t103981;Mountaineer_Den;2018-07-15;2018;07;15;talek;747043;9838583;d
t103998;Mountaineer_Den;2018-07-18;2018;07;18;talek;747043;9838583;d
t104004;Mountaineer_Den;2018-07-19;2018;07;19;talek;747043;9838583;d
t104018;Mountaineer_Den;2018-07-22;2018;07;22;talek;747043;9838583;d
t104028;Mountaineer_Den;2018-07-22;2018;07;22;talek;747043;9838583;d
t104034;Mountaineer_Den;2018-07-24;2018;07;24;talek;747043;9838583;d
t104042;Mountaineer_Den;2018-07-26;2018;07;26;talek;747043;9838583;d
t104053;Mountaineer_Den;2018-07-28;2018;07;28;talek;747043;9838583;d
t104060;Mountaineer_Den;2018-07-30;2018;07;30;talek;747043;9838583;d
t104071;Mountaineer_Den;2018-08-02;2018;08;02;talek;747043;9838583;d
t104085;Mountaineer_Den;2018-08-05;2018;08;05;talek;747043;9838583;d
t104088;Mountaineer_Den;2018-08-06;2018;08;06;talek;747043;9838583;d
t104090;Mountaineer_Den;2018-08-07;2018;08;07;talek;747043;9838583;d
t104102;Mountaineer_Den;2018-08-08;2018;08;08;talek;747043;9838583;d
t104118;Cliff_Den;2018-08-13;2018;08;13;talek;746018;9837982;d
t104122;Cliff_Den;2018-08-14;2018;08;14;talek;746018;9837982;d
t104126;Cliff_Den;2018-08-15;2018;08;15;talek;746018;9837982;d
t104135;Cliff_Den;2018-08-16;2018;08;16;talek;746018;9837982;d
t104138;Cliff_Den;2018-08-17;2018;08;17;talek;746018;9837982;d
t104145;Cliff_Den;2018-08-19;2018;08;19;talek;746018;9837982;d
t104153;Cliff_Den;2018-08-20;2018;08;20;talek;746018;9837982;d
t104155;Cliff_Den;2018-08-21;2018;08;21;talek;746018;9837982;d
t104165;Cliff_Den;2018-08-26;2018;08;26;talek;746018;9837982;d
t104168;Cliff_Den;2018-08-27;2018;08;27;talek;746018;9837982;d
t104178;Cliff_Den;2018-08-27;2018;08;27;talek;746018;9837982;d
t104186;Cliff_Den;2018-08-31;2018;08;31;talek;746018;9837982;d
t104193;Cliff_Den;2018-09-02;2018;09;02;talek;746018;9837982;d
t104199;Cliff_Den;2018-09-03;2018;09;03;talek;746018;9837982;d
t104208;Cliff_Den;2018-09-04;2018;09;04;talek;746018;9837982;d
t104214;Cliff_Den;2018-09-04;2018;09;04;talek;746018;9837982;d
t104223;Magic_Bush_Den;2018-09-06;2018;09;06;talek;746745;9838653;d
t104224;Magic_Bush_Den;2018-09-07;2018;09;07;talek;746745;9838653;d
t104227;Magic_Bush_Den;2018-09-07;2018;09;07;talek;746745;9838653;d
t104229;Magic_Bush_Den;2018-09-08;2018;09;08;talek;746745;9838653;d
t104232;Magic_Bush_Den;2018-09-09;2018;09;09;talek;746745;9838653;d
t104234;Magic_Bush_Den;2018-09-09;2018;09;09;talek;746745;9838653;d
t104240;Magic_Bush_Den;2018-09-11;2018;09;11;talek;746745;9838653;d
t104246;Magic_Bush_Den;2018-09-11;2018;09;11;talek;746745;9838653;d
t104246.1;Mountaineer_Den;2018-09-12;2018;09;12;talek;747043;9838583;d
t104252;Magic_Bush_Den;2018-09-12;2018;09;12;talek;746745;9838653;d
t104270;Mountaineer_Den;2018-09-15;2018;09;15;talek;747043;9838583;d
t104278;Mountaineer_Den;2018-09-17;2018;09;17;talek;747043;9838583;d
t104289;Mountaineer_Den;2018-09-18;2018;09;18;talek;747043;9838583;d
t104294;Mountaineer_Den;2018-09-19;2018;09;19;talek;747043;9838583;d
t104309;Mountaineer_Den;2018-09-20;2018;09;20;talek;747043;9838583;d
t104323;Mountaineer_Den;2018-09-21;2018;09;21;talek;747043;9838583;d
t104339;Mountaineer_Den;2018-09-23;2018;09;23;talek;747043;9838583;d
t104345;Mountaineer_Den;2018-09-23;2018;09;23;talek;747043;9838583;d
t104350;Mountaineer_Den;2018-09-24;2018;09;24;talek;747043;9838583;d
t104355;Mountaineer_Den;2018-09-24;2018;09;24;talek;747043;9838583;d
t104361;Mountaineer_Den;2018-09-25;2018;09;25;talek;747043;9838583;d
t104373;Mountaineer_Den;2018-09-26;2018;09;26;talek;747043;9838583;d
t104376;Mountaineer_Den;2018-09-27;2018;09;27;talek;747043;9838583;d
t104381;Mountaineer_Den;2018-09-27;2018;09;27;talek;747043;9838583;d
t104388;Mountaineer_Den;2018-09-28;2018;09;28;talek;747043;9838583;d
t104397;Mountaineer_Den;2018-09-29;2018;09;29;talek;747043;9838583;d
t104402;Mountaineer_Den;2018-09-29;2018;09;29;talek;747043;9838583;d
t104408;Mountaineer_Den;2018-09-30;2018;09;30;talek;747043;9838583;d
t104423;Mountaineer_Den;2018-10-01;2018;10;01;talek;747043;9838583;d
t104439;Mountaineer_Den;2018-10-01;2018;10;01;talek;747043;9838583;d
t104458;Mountaineer_Den;2018-10-04;2018;10;04;talek;747043;9838583;d
t104464;Mountaineer_Den;2018-10-04;2018;10;04;talek;747043;9838583;d
t104467;Mountaineer_Den;2018-10-05;2018;10;05;talek;747043;9838583;d
t104471;Mountaineer_Den;2018-10-05;2018;10;05;talek;747043;9838583;d
t104476;Mountaineer_Den;2018-10-07;2018;10;07;talek;747043;9838583;d
t104496;Mountaineer_Den;2018-10-12;2018;10;12;talek;747043;9838583;d
t104499;Mountaineer_Den;2018-10-12;2018;10;12;talek;747043;9838583;d
t104505;Mountaineer_Den;2018-10-13;2018;10;13;talek;747043;9838583;d
t104525;Mountaineer_Den;2018-10-14;2018;10;14;talek;747043;9838583;d
t104544;Mountaineer_Den;2018-10-17;2018;10;17;talek;747043;9838583;d
t104571;Mountaineer_Den;2018-10-21;2018;10;21;talek;747043;9838583;d
t104585;Cliff_Den;2018-10-25;2018;10;25;talek;746018;9837982;d
t104597;Mountaineer_Den;2018-10-27;2018;10;27;talek;747043;9838583;d
t104616;Magic_Bush_Den;2018-11-01;2018;11;01;talek;746745;9838653;d
t104624;Magic_Bush_Den;2018-11-02;2018;11;02;talek;746745;9838653;d
t104631;Magic_Bush_Den;2018-11-04;2018;11;04;talek;746745;9838653;d
t104645;Magic_Bush_Den;2018-11-06;2018;11;06;talek;746745;9838653;d
t104650;Magic_Bush_Den;2018-11-08;2018;11;08;talek;746745;9838653;d
t104652;Cliff_Den;2018-11-08;2018;11;08;talek;746018;9837982;d
t104654;Nimekufa_Kindani_Den;2018-11-08;2018;11;08;talek;742941;9831923;d
t104660;Cliff_Den;2018-11-09;2018;11;09;talek;746018;9837982;d
t104672;Cliff_Den;2018-11-12;2018;11;12;talek;746018;9837982;d
t104674;Nimekufa_Kindani_Den;2018-11-13;2018;11;13;talek;742941;9831923;d
t104677;Cliff_Den;2018-11-15;2018;11;15;talek;746018;9837982;d
t104684;Cliff_Den;2018-11-15;2018;11;15;talek;746018;9837982;d
t104686;Nimekufa_Kindani_Den;2018-11-16;2018;11;16;talek;742941;9831923;d
t104691;Cliff_Den;2018-11-16;2018;11;16;talek;746018;9837982;d
t104696;Nimekufa_Kindani_Den;2018-11-18;2018;11;18;talek;742941;9831923;d
t104699;Cliff_Den;2018-11-18;2018;11;18;talek;746018;9837982;d
t104710;Cliff_Den;2018-11-20;2018;11;20;talek;746018;9837982;d
t104723;Cliff_Den;2018-11-23;2018;11;23;talek;746018;9837982;d
t104732;Cliff_Den;2018-11-24;2018;11;24;talek;746018;9837982;d
t104734;Nimekufa_Kindani_Den;2018-11-25;2018;11;25;talek;742941;9831923;d
t104742;Cliff_Den;2018-11-26;2018;11;26;talek;746018;9837982;d
t104746;Nimekufa_Kindani_Den;2018-11-26;2018;11;26;talek;742941;9831923;d
t104751;Cliff_Den;2018-11-27;2018;11;27;talek;746018;9837982;d
t104754;Cliff_Den;2018-11-27;2018;11;27;talek;746018;9837982;d
t104755;Nimekufa_Kindani_Den;2018-11-27;2018;11;27;talek;742941;9831923;d
t104757;Nimekufa_Kindani_Den;2018-11-28;2018;11;28;talek;742941;9831923;d
t104760;Cliff_Den;2018-11-28;2018;11;28;talek;746018;9837982;d
t104763;Nimekufa_Kindani_Den;2018-11-29;2018;11;29;talek;742941;9831923;d
t104772;Cliff_Den;2018-11-30;2018;11;30;talek;746018;9837982;d
t104777;Nimekufa_Kindani_Den;2018-11-30;2018;11;30;talek;742941;9831923;d
t104780;Nimekufa_Kindani_Den;2018-12-01;2018;12;01;talek;742941;9831923;d
t104785;Cliff_Den;2018-12-01;2018;12;01;talek;746018;9837982;d
t104797;Cliff_Den;2018-12-01;2018;12;01;talek;746018;9837982;d
t104800;Nimekufa_Kindani_Den;2018-12-02;2018;12;02;talek;742941;9831923;d
t104805;Nimekufa_Kindani_Den;2018-12-02;2018;12;02;talek;742941;9831923;d
t104814;Nimekufa_Kindani_Den;2018-12-03;2018;12;03;talek;742941;9831923;d
t104821;Cliff_Den;2018-12-03;2018;12;03;talek;746018;9837982;d
t104823;Cliff_Den;2018-12-04;2018;12;04;talek;746018;9837982;d
t104840;Nimekufa_Kindani_Den;2018-12-04;2018;12;04;talek;742941;9831923;d
t104844;Cliff_Den;2018-12-05;2018;12;05;talek;746018;9837982;d
t104852;Cliff_Den;2018-12-05;2018;12;05;talek;746018;9837982;d
t104853;Nimekufa_Kindani_Den;2018-12-05;2018;12;05;talek;742941;9831923;d
t104864;Cliff_Den;2018-12-06;2018;12;06;talek;746018;9837982;d
t104866;Nimekufa_Kindani_Den;2018-12-07;2018;12;07;talek;742941;9831923;d
t104872;Cliff_Den;2018-12-08;2018;12;08;talek;746018;9837982;d
t104873;Nimekufa_Kindani_Den;2018-12-08;2018;12;08;talek;742941;9831923;d
t104904;Nimekufa_Kindani_Den;2018-12-15;2018;12;15;talek;742941;9831923;d
t104908;Cliff_Den;2018-12-16;2018;12;16;talek;746018;9837982;d
t104920;Nimekufa_Kindani_Den;2018-12-16;2018;12;16;talek;742941;9831923;d
t104947;Nimekufa_Kindani_Den;2018-12-24;2018;12;24;talek;742941;9831923;d
t104967;Nimekufa_Kindani_Den;2018-12-25;2018;12;25;talek;742941;9831923;d
t104978;Nimekufa_Kindani_Den;2018-12-27;2018;12;27;talek;742941;9831923;d
t104986;Cliff_Den;2018-12-27;2018;12;27;talek;746018;9837982;d
t104989;Nimekufa_Kindani_Den;2018-12-28;2018;12;28;talek;742941;9831923;d
t104990;Cliff_Den;2018-12-28;2018;12;28;talek;746018;9837982;d
t104997;Cliff_Den;2018-12-29;2018;12;29;talek;746018;9837982;d
t105443;Resurrection_Communal_Den;2019-01-03;2019;01;03;talek;747569;9838508;d
t105451;Resurrection_Communal_Den;2019-01-04;2019;01;04;talek;747569;9838508;d
t105460;Resurrection_Main_Den;2019-01-05;2019;01;05;talek;747453;9838546;cd
t105474;Special_Den;2019-01-07;2019;01;07;talek;743992;9831975;d
t105483;Special_Den;2019-01-08;2019;01;08;talek;743992;9831975;d
t105490;Resurrection_Communal_Den;2019-01-09;2019;01;09;talek;747569;9838508;d
t105494;Resurrection_Main_Den;2019-01-10;2019;01;10;talek;747453;9838546;cd
t105502;Resurrection_Main_Den;2019-01-11;2019;01;11;talek;747453;9838546;cd
t105539;Doom's_Day_Den_2;2019-01-13;2019;01;13;talek;746900;9838610;d
t105543;Special_Den;2019-01-14;2019;01;14;talek;743992;9831975;d
t105549;Doom's_Day_Den_2;2019-01-15;2019;01;15;talek;746900;9838610;d
t105579;Doom's_Day_Den_2;2019-01-22;2019;01;22;talek;746900;9838610;d
t105589;Doom's_Day_Den_2;2019-01-23;2019;01;23;talek;746900;9838610;d
t105593;Doom's_Day_Den_2;2019-01-25;2019;01;25;talek;746900;9838610;d
t105604;Special_Den;2019-01-25;2019;01;25;talek;743992;9831975;d
t105609;Doom's_Day_Den_2;2019-01-26;2019;01;26;talek;746900;9838610;d
t105616;Special_Den;2019-01-26;2019;01;26;talek;743992;9831975;d
t105624;Doom's_Day_Den_2;2019-01-26;2019;01;26;talek;746900;9838610;d
t105627;Special_Den;2019-01-27;2019;01;27;talek;743992;9831975;d
t105629;Doom's_Day_Den_2;2019-01-27;2019;01;27;talek;746900;9838610;d
t105636;Doom's_Day_Den_2;2019-01-27;2019;01;27;talek;746900;9838610;d
t105646;Doom's_Day_Den_2;2019-01-28;2019;01;28;talek;746900;9838610;d
t105660;Doom's_Day_Den_2;2019-01-30;2019;01;30;talek;746900;9838610;d
t105687;Doom's_Day_Den_2;2019-02-02;2019;02;02;talek;746900;9838610;d
t105710;Doom's_Day_Den_2;2019-02-03;2019;02;03;talek;746900;9838610;d
t105712;Special_Den;2019-02-03;2019;02;03;talek;743992;9831975;d
t105728;Doom's_Day_Den_2;2019-02-06;2019;02;06;talek;746900;9838610;d
t105748;Doom's_Day_Den_2;2019-02-08;2019;02;08;talek;746900;9838610;d
t105756;Special_Den;2019-02-09;2019;02;09;talek;743992;9831975;d
t105758;Special_Den;2019-02-09;2019;02;09;talek;743992;9831975;d
t105763;Resurrection_Main_Den;2019-02-10;2019;02;10;talek;747453;9838546;cd
t105775;Doom's_Day_Den_2;2019-02-10;2019;02;10;talek;746900;9838610;d
t105784;Special_Den;2019-02-11;2019;02;11;talek;743992;9831975;d
t105802;Doom's_Day_Den_2;2019-02-11;2019;02;11;talek;746900;9838610;d
t105806;Doom's_Day_Den_2;2019-02-11;2019;02;11;talek;746900;9838610;d
t105814;Special_Den;2019-02-12;2019;02;12;talek;743992;9831975;d
t105818;Doom's_Day_Den_2;2019-02-13;2019;02;13;talek;746900;9838610;d
t105821;Special_Den;2019-02-13;2019;02;13;talek;743992;9831975;d
t105824;Doom's_Day_Den_2;2019-02-14;2019;02;14;talek;746900;9838610;d
t105845;Special_Den;2019-02-15;2019;02;15;talek;743992;9831975;d
t105866;Special_Den;2019-02-17;2019;02;17;talek;743992;9831975;d
t105874;Special_Den;2019-02-18;2019;02;18;talek;743992;9831975;d
t105887;Cliff_Den;2019-02-19;2019;02;19;talek;746018;9837982;d
t105898;Special_Den;2019-02-20;2019;02;20;talek;743992;9831975;d
t105906;Cliff_Den;2019-02-21;2019;02;21;talek;746018;9837982;d
t105913;Cliff_Den;2019-02-21;2019;02;21;talek;746018;9837982;d
t105919;Special_Den;2019-02-22;2019;02;22;talek;743992;9831975;d
t105924;Cliff_Den;2019-02-22;2019;02;22;talek;746018;9837982;d
t105935;Cliff_Den;2019-02-22;2019;02;22;talek;746018;9837982;d
t105941;Cliff_Den;2019-02-23;2019;02;23;talek;746018;9837982;d
t105951;Cliff_Den;2019-02-27;2019;02;27;talek;746018;9837982;d
t105968;Cliff_Den;2019-02-28;2019;02;28;talek;746018;9837982;d
t105983;Cliff_Den_2;2019-03-01;2019;03;01;talek;746082;9837966;d
t105992;Cliff_Den;2019-03-01;2019;03;01;talek;746018;9837982;d
t105997;Cliff_Den_2;2019-03-02;2019;03;02;talek;746082;9837966;d
t106016;Cliff_Den_2;2019-03-06;2019;03;06;talek;746082;9837966;d
t106030;Cliff_Den_2;2019-03-07;2019;03;07;talek;746082;9837966;d
t106046;Cliff_Den_2;2019-03-10;2019;03;10;talek;746082;9837966;d
t106054;Landscape_Den;2019-03-10;2019;03;10;talek;744658;9833984;d
t106062;Landscape_Den;2019-03-11;2019;03;11;talek;744658;9833984;d
t106074;Cliff_Den_2;2019-03-12;2019;03;12;talek;746082;9837966;d
t106091;Landscape_Den;2019-03-13;2019;03;13;talek;744658;9833984;d
t106099;Cliff_Den_2;2019-03-14;2019;03;14;talek;746082;9837966;d
t106103;Landscape_Den;2019-03-14;2019;03;14;talek;744658;9833984;d
t106110;Cliff_Den_2;2019-03-14;2019;03;14;talek;746082;9837966;d
t106136;Landscape_Den;2019-03-16;2019;03;16;talek;744658;9833984;d
t106141;Cliff_Den_2;2019-03-17;2019;03;17;talek;746082;9837966;d
t106158;Landscape_Den;2019-03-17;2019;03;17;talek;744658;9833984;d
t106166;Cliff_Den_2;2019-03-18;2019;03;18;talek;746082;9837966;d
t106176;Cliff_Den_2;2019-03-19;2019;03;19;talek;746082;9837966;d
t106183;Landscape_Den;2019-03-19;2019;03;19;talek;744658;9833984;d
t106193;Landscape_Den;2019-03-21;2019;03;21;talek;744658;9833984;d
t106222;Landscape_Den;2019-03-22;2019;03;22;talek;744658;9833984;d
t106225;Cliff_Den_2;2019-03-22;2019;03;22;talek;746082;9837966;d
t106232;Cliff_Den_2;2019-03-23;2019;03;23;talek;746082;9837966;d
t106246;Cliff_Den_2;2019-03-24;2019;03;24;talek;746082;9837966;d
t106251;Cliff_Den_2;2019-03-24;2019;03;24;talek;746082;9837966;d
t106255;Landscape_Den;2019-03-24;2019;03;24;talek;744658;9833984;d
t106262;Landscape_Den;2019-03-25;2019;03;25;talek;744658;9833984;d
t106270;Landscape_Den;2019-03-25;2019;03;25;talek;744658;9833984;d
t106272;Cliff_Den_2;2019-03-25;2019;03;25;talek;746082;9837966;d
t106281;Cliff_Den_2;2019-03-26;2019;03;26;talek;746082;9837966;d
t106285;Cliff_Den_2;2019-03-26;2019;03;26;talek;746082;9837966;d
t106287;Cliff_Den_2;2019-03-27;2019;03;27;talek;746082;9837966;d
t106296;Landscape_Den;2019-03-27;2019;03;27;talek;744658;9833984;d
t106302;Cliff_Den_2;2019-03-28;2019;03;28;talek;746082;9837966;d
t106310;Landscape_Den;2019-03-29;2019;03;29;talek;744658;9833984;d
t106311;Cliff_Den_2;2019-03-30;2019;03;30;talek;746082;9837966;d
t106312;Cliff_Den;2019-03-30;2019;03;30;talek;746018;9837982;d
t106321;Landscape_Den;2019-03-31;2019;03;31;talek;744658;9833984;d
t106835;Cliff_Den_2;2019-04-01;2019;04;01;talek;746082;9837966;d
t106842;Landscape_Den;2019-04-01;2019;04;01;talek;744658;9833984;d
t106848;Landscape_Den;2019-04-02;2019;04;02;talek;744658;9833984;d
t106853;Cliff_Den_2;2019-04-03;2019;04;03;talek;746082;9837966;d
t106858;Landscape_Den;2019-04-03;2019;04;03;talek;744658;9833984;d
t106859;Cliff_Den_2;2019-04-04;2019;04;04;talek;746082;9837966;d
t106872;Landscape_Den;2019-04-04;2019;04;04;talek;744658;9833984;d
t106882;Landscape_Den;2019-04-07;2019;04;07;talek;744658;9833984;d
t106883;Landscape_Den;2019-04-08;2019;04;08;talek;744658;9833984;d
t106891;Cliff_Den_2;2019-04-09;2019;04;09;talek;746082;9837966;d
t106905;Landscape_Den;2019-04-11;2019;04;11;talek;744658;9833984;d
t106914;Cliff_Den_2;2019-04-12;2019;04;12;talek;746082;9837966;d
t106917;Landscape_Den_2;2019-04-12;2019;04;12;talek;744819;9833984;d
t106921;Landscape_Den;2019-04-13;2019;04;13;talek;744658;9833984;d
t106927;Cliff_Den_2;2019-04-15;2019;04;15;talek;746082;9837966;d
t106940;Landscape_Den_2;2019-04-15;2019;04;15;talek;744819;9833984;d
t106950;Landscape_Den;2019-04-17;2019;04;17;talek;744658;9833984;d
t106961;Landscape_Den_2;2019-04-18;2019;04;18;talek;744819;9833984;d
t106973;Landscape_Den;2019-04-19;2019;04;19;talek;744658;9833984;d
t106977;Cliff_Den_2;2019-04-19;2019;04;19;talek;746082;9837966;d
t106981;Cliff_Den_2;2019-04-20;2019;04;20;talek;746082;9837966;d
t106990;Landscape_Den_2;2019-04-20;2019;04;20;talek;744819;9833984;d
t106993;Cliff_Den_2;2019-04-21;2019;04;21;talek;746082;9837966;d
t107002;Cliff_Den_2;2019-04-22;2019;04;22;talek;746082;9837966;d
t107014;Landscape_Den_2;2019-04-24;2019;04;24;talek;744819;9833984;d
t107048;Villa_Den;2019-05-01;2019;05;01;talek;744705;9834929;d
t107077;Cliff_Den;2019-05-04;2019;05;04;talek;746018;9837982;d
t107079;Villa_Den;2019-05-05;2019;05;05;talek;744705;9834929;d
t107082;Cliff_Den;2019-05-05;2019;05;05;talek;746018;9837982;d
t107089;Cliff_Den;2019-05-06;2019;05;06;talek;746018;9837982;d
t107104;Villa_Den;2019-05-06;2019;05;06;talek;744705;9834929;d
t107118;Villa_Den;2019-05-07;2019;05;07;talek;744705;9834929;d
t107123;Cliff_Den;2019-05-08;2019;05;08;talek;746018;9837982;d
t107132;Villa_Den;2019-05-10;2019;05;10;talek;744705;9834929;d
t107148;Villa_Den;2019-05-12;2019;05;12;talek;744705;9834929;d
t107151;Villa_Den;2019-05-13;2019;05;13;talek;744705;9834929;d
t107174;Villa_Den;2019-05-14;2019;05;14;talek;744705;9834929;d
t107187;Villa_Den;2019-05-15;2019;05;15;talek;744705;9834929;d
t107196;Villa_Den;2019-05-16;2019;05;16;talek;744705;9834929;d
t107202;Doom's_Day_Den_2;2019-05-16;2019;05;16;talek;746900;9838610;d
t107205;Villa_Den;2019-05-17;2019;05;17;talek;744705;9834929;d
t107230;Cliff_Den;2019-05-22;2019;05;22;talek;746018;9837982;d
t107234;Villa_Den;2019-05-22;2019;05;22;talek;744705;9834929;d
t107239;Villa_Den;2019-05-24;2019;05;24;talek;744705;9834929;d
t107257;Cliff_Den;2019-05-25;2019;05;25;talek;746018;9837982;d
t107258;Villa_Den;2019-05-25;2019;05;25;talek;744705;9834929;d
t107266;Villa_Den;2019-05-27;2019;05;27;talek;744705;9834929;d
t107284;Cliff_Den;2019-05-27;2019;05;27;talek;746018;9837982;d
t107298;Villa_Den;2019-05-28;2019;05;28;talek;744705;9834929;d
t107306;Villa_Den;2019-05-29;2019;05;29;talek;744705;9834929;d
t107312;Cliff_Den;2019-05-30;2019;05;30;talek;746018;9837982;d
t107314;Cliff_Den;2019-05-30;2019;05;30;talek;746018;9837982;d
t107316;Villa_Den;2019-05-30;2019;05;30;talek;744705;9834929;d
t107323;Villa_Den;2019-05-31;2019;05;31;talek;744705;9834929;d
t107339;Villa_Den;2019-06-02;2019;06;02;talek;744705;9834929;d
t107353;Villa_Den;2019-06-03;2019;06;03;talek;744705;9834929;d
t107356;Villa_Den;2019-06-03;2019;06;03;talek;744705;9834929;d
t107361;Villa_Den;2019-06-05;2019;06;05;talek;744705;9834929;d
t107365;Cliff_Den;2019-06-05;2019;06;05;talek;746018;9837982;d
t107370;Cliff_Den;2019-06-06;2019;06;06;talek;746018;9837982;d
t107376;Villa_Den;2019-06-09;2019;06;09;talek;744705;9834929;d
t107385;Villa_Den;2019-06-11;2019;06;11;talek;744705;9834929;d
t107402;Cliff_Den;2019-06-12;2019;06;12;talek;746018;9837982;d
t107406;Villa_Den;2019-06-12;2019;06;12;talek;744705;9834929;d
t107425;Villa_Den;2019-06-12;2019;06;12;talek;744705;9834929;d
t107429;Villa_Den;2019-06-13;2019;06;13;talek;744705;9834929;d
t107438;Cliff_Den_2;2019-06-13;2019;06;13;talek;746082;9837966;d
t107447;Villa_Den;2019-06-13;2019;06;13;talek;744705;9834929;d
t107452;Villa_Den;2019-06-14;2019;06;14;talek;744705;9834929;d
t107455;Cliff_Den;2019-06-14;2019;06;14;talek;746018;9837982;d
t107475;Villa_Den;2019-06-16;2019;06;16;talek;744705;9834929;d
t107478;Villa_Den;2019-06-16;2019;06;16;talek;744705;9834929;d
t107481;Cliff_Den_2;2019-06-16;2019;06;16;talek;746082;9837966;d
t107486;Cliff_Den_2;2019-06-18;2019;06;18;talek;746082;9837966;d
t107489;Cliff_Den;2019-06-18;2019;06;18;talek;746018;9837982;d
t107496;Cliff_Den_2;2019-06-18;2019;06;18;talek;746082;9837966;d
t107504;Cliff_Den;2019-06-19;2019;06;19;talek;746018;9837982;d
t107508;Villa_Den;2019-06-19;2019;06;19;talek;744705;9834929;d
t107520;Cliff_Den_2;2019-06-20;2019;06;20;talek;746082;9837966;d
t107531;Villa_Den;2019-06-22;2019;06;22;talek;744705;9834929;d
t107534;Cliff_Den_2;2019-06-22;2019;06;22;talek;746082;9837966;d
t107540;Cliff_Den;2019-06-24;2019;06;24;talek;746018;9837982;d
t107547;Cliff_Den_2;2019-06-25;2019;06;25;talek;746082;9837966;d
t107551;Villa_Den_2;2019-06-25;2019;06;25;talek;744689;9835065;d
t107562;Cliff_Den;2019-06-26;2019;06;26;talek;746018;9837982;d
t107568;Cliff_Den;2019-06-29;2019;06;29;talek;746018;9837982;d
t108059;Villa_Den_2;2019-07-01;2019;07;01;talek;744689;9835065;d
t108061;Villa_Den_2;2019-07-01;2019;07;01;talek;744689;9835065;d
t108066;Cliff_Den;2019-07-02;2019;07;02;talek;746018;9837982;d
t108068;Villa_Den_2;2019-07-02;2019;07;02;talek;744689;9835065;d
t108072;Villa_Den_2;2019-07-04;2019;07;04;talek;744689;9835065;d
t108084;Villa_Den;2019-07-08;2019;07;08;talek;744705;9834929;d
t108091;Villa_Den;2019-07-09;2019;07;09;talek;744705;9834929;d
t108096;Cliff_Den;2019-07-11;2019;07;11;talek;746018;9837982;d
t108098;Villa_Den;2019-07-11;2019;07;11;talek;744705;9834929;d
t108107;Cliff_Den;2019-07-15;2019;07;15;talek;746018;9837982;d
t108108;Landscape_Den;2019-07-15;2019;07;15;talek;744658;9833984;d
t108115;Confusing_Den_2;2019-07-16;2019;07;16;talek;744327;9831969;d
t108125.1;Confusing_Den_2;2019-07-17;2019;07;17;talek;744327;9831969;d
t108130;Cliff_Den_2;2019-07-18;2019;07;18;talek;746082;9837966;d
t108134;Cliff_Den_2;2019-07-19;2019;07;19;talek;746082;9837966;d
t108135;Confusing_Den;2019-07-19;2019;07;19;talek;744211;9832288;d
t108142;Cliff_Den_2;2019-07-20;2019;07;20;talek;746082;9837966;d
t108160;Confusing_Den;2019-07-22;2019;07;22;talek;744211;9832288;d
t108166;Confusing_Den_3;2019-07-25;2019;07;25;talek;744260;9831828;d
t108171;Cliff_Den_2;2019-07-25;2019;07;25;talek;746082;9837966;d
t108185;Confusing_Den_2;2019-07-26;2019;07;26;talek;744327;9831969;d
t108196;Confusing_Den_3;2019-07-28;2019;07;28;talek;744260;9831828;d
t108225;Confusing_Den_3;2019-08-01;2019;08;01;talek;744260;9831828;d
t108226;Confusing_Den_3;2019-08-01;2019;08;01;talek;744260;9831828;d
t108240;Confusing_Den;2019-08-02;2019;08;02;talek;744211;9832288;d
t108254.1;Confusing_Den_3;2019-08-04;2019;08;04;talek;744260;9831828;d
t108260;Cliff_Den_2;2019-08-04;2019;08;04;talek;746082;9837966;d
t108278;Cliff_Den_2;2019-08-06;2019;08;06;talek;746082;9837966;d
t108304;Confusing_Den;2019-08-08;2019;08;08;talek;744211;9832288;d
t108331;Confusing_Den;2019-08-12;2019;08;12;talek;744211;9832288;d
t108332;Confusing_Den_3;2019-08-12;2019;08;12;talek;744260;9831828;d
t108333;Confusing_Den;2019-08-12;2019;08;12;talek;744211;9832288;d
t108339;Confusing_Den_3;2019-08-14;2019;08;14;talek;744260;9831828;d
t108394;Confusing_Den_3;2019-08-24;2019;08;24;talek;744260;9831828;d
t108459;Confusing_Den_3;2019-09-08;2019;09;08;talek;744260;9831828;d
t108464;Confusing_Den_3;2019-09-08;2019;09;08;talek;744260;9831828;d
t108498;Greenland_Den;2019-09-14;2019;09;14;talek;743636;9832955;d
t108534;Greenland_Den;2019-09-19;2019;09;19;talek;743636;9832955;d
t108539;Greenland_Den;2019-09-20;2019;09;20;talek;743636;9832955;d
t108546;Greenland_Den;2019-09-21;2019;09;21;talek;743636;9832955;d
t108560;Greenland_Den;2019-09-25;2019;09;25;talek;743636;9832955;d
t111322;NUDI's_Den;2019-10-04;2019;10;04;talek;744086;9832317;d
t111328;Dave_Den;2019-10-06;2019;10;06;talek;747491;9837478;d
t111335;NUDI's_Den;2019-10-06;2019;10;06;talek;744086;9832317;d
t111341;Dave_Den;2019-10-08;2019;10;08;talek;747491;9837478;d
t111346;NUDI's_Den;2019-10-08;2019;10;08;talek;744086;9832317;d
t111355;Dave's_Den;2019-10-10;2019;10;10;talek;747491;9837478;cd
t111357;NUDI's_Den;2019-10-11;2019;10;11;talek;744086;9832317;d
t111366;NUDI's_Den;2019-10-13;2019;10;13;talek;744086;9832317;d
t111368.1;Dave_Den;2019-10-13;2019;10;13;talek;747491;9837478;d
t111381;Croton_Edge_Communal_Den;2019-10-16;2019;10;16;talek;746952;9837148;d
t111383;Croton_Edge_Communal_Den;2019-10-16;2019;10;16;talek;746952;9837148;d
t111386;NUDI's_Den;2019-10-16;2019;10;16;talek;744086;9832317;d
t111407;Croton_Edge_Communal_Den;2019-10-22;2019;10;22;talek;746952;9837148;d
t111429;Croton_Edge_Communal_Den;2019-10-24;2019;10;24;talek;746952;9837148;d
t111441;NUDI's_Den;2019-10-24;2019;10;24;talek;744086;9832317;d
t111449;Croton_Edge_Communal_Den;2019-10-26;2019;10;26;talek;746952;9837148;d
t111469;Croton_Edge_Communal_Den;2019-10-28;2019;10;28;talek;746952;9837148;d
t111489;Croton_Edge_Communal_Den;2019-11-02;2019;11;02;talek;746952;9837148;d
t111495;NUDI's_Den;2019-11-03;2019;11;03;talek;744086;9832317;d
t111504;Dave_Den;2019-11-04;2019;11;04;talek;747491;9837478;d
t111505;Croton_Edge_Communal_Den;2019-11-04;2019;11;04;talek;746952;9837148;d
t111510;NUDI's_Den_2;2019-11-05;2019;11;05;talek;744117;9832275;d
t111511;NUDI's_Den_2;2019-11-05;2019;11;05;talek;744117;9832275;d
t111525.2;Croton_Edge_Communal_Den;2019-11-07;2019;11;07;talek;746952;9837148;d
t111527;NUDI's_Den;2019-11-08;2019;11;08;talek;744086;9832317;d
t111534;Croton_Edge_Communal_Den;2019-11-08;2019;11;08;talek;746952;9837148;d
t111541;NUDI's_Den;2019-11-09;2019;11;09;talek;744086;9832317;d
t111546;Croton_Edge_Communal_Den;2019-11-10;2019;11;10;talek;746952;9837148;d
t111555;Croton_Edge_Communal_Den;2019-11-10;2019;11;10;talek;746952;9837148;d
t111567;NUDI's_Den;2019-11-12;2019;11;12;talek;744086;9832317;d
t111576;Croton_Edge_Communal_Den;2019-11-13;2019;11;13;talek;746952;9837148;d
t111587;Confusing_Den;2019-11-14;2019;11;14;talek;744211;9832288;d
t111592;Confusing_Den;2019-11-14;2019;11;14;talek;744211;9832288;d
t111596;Dave_Den;2019-11-15;2019;11;15;talek;747491;9837478;d
t111606;Croton_Edge_Communal_Den;2019-11-15;2019;11;15;talek;746952;9837148;d
t111620;Croton_Edge_Communal_Den;2019-11-17;2019;11;17;talek;746952;9837148;d
t111626;Dave_Den;2019-11-18;2019;11;18;talek;747491;9837478;d
t111627;Croton_Edge_Communal_Den;2019-11-18;2019;11;18;talek;746952;9837148;d
t111639;Croton_Edge_Communal_Den;2019-11-20;2019;11;20;talek;746952;9837148;d
t111640;Croton_Edge_Communal_Den;2019-11-24;2019;11;24;talek;746952;9837148;d
t111680;Big_Bush_Communal_Den;2019-12-19;2019;12;19;talek;748061;9838502;d
t111709;Big_Bush_Communal_Den;2019-12-29;2019;12;29;talek;748061;9838502;d
t111869;Big_Bush_Communal_Den;2020-01-03;2020;01;03;talek;748061;9838502;d
t111893;Big_Bush_Communal_Den;2020-01-05;2020;01;05;talek;748061;9838502;d
t111906;Big_Bush_Communal_Den;2020-01-06;2020;01;06;talek;748061;9838502;d
t111911;Big_Bush_Communal_Den;2020-01-08;2020;01;08;talek;748061;9838502;d
t111917;Big_Bush_Communal_Den;2020-01-09;2020;01;09;talek;748061;9838502;d
t111933;Big_Bush_Communal_Den;2020-01-10;2020;01;10;talek;748061;9838502;d
t111944;Big_Bush_Communal_Den;2020-01-10;2020;01;10;talek;748061;9838502;d
t111952;Big_Bush_Communal_Den;2020-01-16;2020;01;16;talek;748061;9838502;d
t111957;Big_Bush_Communal_Den;2020-01-18;2020;01;18;talek;748061;9838502;d
t111991;Acacia_Den;2020-02-10;2020;02;10;talek;749375;9838582;d
t119991;Acacia_Den;2021-08-02;2021;08;02;talek;749375;9838582;d
t120111;Acacia_Den;2021-08-30;2021;08;30;talek;749375;9838582;d
t20435.1;Uproar_Den;2016-08-29;2016;08;29;happyzebra;716771;9843244;cd
t29821.4;Aardwolf_Communal_Den;2001-11-09;2001;11;09;talek;745294;9838050;d
t32073;Plantation_Den;2002-04-01;2002;04;01;talek;746293;9839498;d
t32095;Plantation_Den;2002-04-01;2002;04;01;talek;746293;9839498;d
t32108;Plantation_Den;2002-04-03;2002;04;03;talek;746293;9839498;d
t32125;Plantation_Den;2002-04-03;2002;04;03;talek;746293;9839498;d
t32463;Plantation_Den;2002-05-20;2002;05;20;talek;746293;9839498;d
t32487;Plantation_Den;2002-05-21;2002;05;21;talek;746293;9839498;d
t32490;Plantation_Den;2002-05-22;2002;05;22;talek;746293;9839498;d
t32498;Plantation_Den;2002-05-22;2002;05;22;talek;746293;9839498;d
t32501;Plantation_Den;2002-05-23;2002;05;23;talek;746293;9839498;d
t32530;Plantation_Den;2002-05-24;2002;05;24;talek;746293;9839498;d
t32532;Plantation_Den;2002-05-25;2002;05;25;talek;746293;9839498;d
t32536;Plantation_Den;2002-05-25;2002;05;25;talek;746293;9839498;d
t32552;Plantation_Den;2002-05-26;2002;05;26;talek;746293;9839498;d
t32575;Plantation_Den;2002-05-29;2002;05;29;talek;746293;9839498;d
t32603;Plantation_Den;2002-05-31;2002;05;31;talek;746293;9839498;d
t34085;Plantation_Den;2002-07-01;2002;07;01;talek;746293;9839498;d
t34117;Plantation_Den;2002-07-02;2002;07;02;talek;746293;9839498;d
t34130;Olosogon_West_Bank_Natal_Den;2002-07-03;2002;07;03;talek;754909;9835790;d
t34132;Olosogon_West_Bank_Natal_Den;2002-07-03;2002;07;03;talek;754909;9835790;d
t34142;Plantation_Den;2002-07-04;2002;07;04;talek;746293;9839498;d
t34156;Plantation_Den;2002-07-04;2002;07;04;talek;746293;9839498;d
t34188;Plantation_Den;2002-07-06;2002;07;06;talek;746293;9839498;d
t34195;Olosogon_West_Bank_Natal_Den;2002-07-06;2002;07;06;talek;754909;9835790;d
t34245;Fever_Tree_Natal_Den/Communal_Den_Complex;2002-07-08;2002;07;08;talek;753681;9837484;d
t34261;Plantation_Den;2002-07-09;2002;07;09;talek;746293;9839498;d
t34297;Plantation_Den;2002-07-12;2002;07;12;talek;746293;9839498;d
t34312;Fever_Tree_Natal_Den/Communal_Den_Complex;2002-07-12;2002;07;12;talek;753681;9837484;d
t34315;Fever_Tree_Natal_Den/Communal_Den_Complex;2002-07-13;2002;07;13;talek;753681;9837484;d
t34339;Fever_Tree_Natal_Den/Communal_Den_Complex;2002-07-14;2002;07;14;talek;753681;9837484;d
t34346;Fever_Tree_Natal_Den/Communal_Den_Complex;2002-07-15;2002;07;15;talek;753681;9837484;d
t34354;Plantation_Den;2002-07-16;2002;07;16;talek;746293;9839498;d
t34361;Fever_Tree_Natal_Den/Communal_Den_Complex;2002-07-17;2002;07;17;talek;753681;9837484;d
t34365;Fever_Tree_Natal_Den/Communal_Den_Complex;2002-07-17;2002;07;17;talek;753681;9837484;d
t34389;Plantation_Den;2002-06-03;2002;06;03;talek;746293;9839498;d
t34445;Plantation_Den;2002-06-07;2002;06;07;talek;746293;9839498;d
t34458;Plantation_Den;2002-06-07;2002;06;07;talek;746293;9839498;d
t34468;Plantation_Den;2002-06-08;2002;06;08;talek;746293;9839498;d
t34477;Plantation_Den;2002-06-10;2002;06;10;talek;746293;9839498;d
t34511;Plantation_Den;2002-06-12;2002;06;12;talek;746293;9839498;d
t34561;Plantation_Den;2002-06-16;2002;06;16;talek;746293;9839498;d
t34578;Plantation_Den;2002-06-17;2002;06;17;talek;746293;9839498;d
t34584;Plantation_Den;2002-06-18;2002;06;18;talek;746293;9839498;d
t34598;Plantation_Den;2002-06-18;2002;06;18;talek;746293;9839498;d
t34600;Olosogon_West_Bank_Natal_Den;2002-06-19;2002;06;19;talek;754909;9835790;d
t34628;Plantation_Den;2002-06-20;2002;06;20;talek;746293;9839498;d
t34637;Plantation_Den;2002-06-20;2002;06;20;talek;746293;9839498;d
t34668;Olosogon_West_Bank_Natal_Den;2002-06-21;2002;06;21;talek;754909;9835790;d
t34687;Plantation_Den;2002-06-22;2002;06;22;talek;746293;9839498;d
t34713;Olosogon_West_Bank_Natal_Den;2002-06-24;2002;06;24;talek;754909;9835790;d
t34718;Plantation_Den;2002-06-24;2002;06;24;talek;746293;9839498;d
t34725;Plantation_Den;2002-06-24;2002;06;24;talek;746293;9839498;d
t34739;Plantation_Den;2002-06-25;2002;06;25;talek;746293;9839498;d
t34761;Olosogon_West_Bank_Natal_Den;2002-06-26;2002;06;26;talek;754909;9835790;d
t34762;Plantation_Den;2002-06-26;2002;06;26;talek;746293;9839498;d
t34776;Olosogon_West_Bank_Natal_Den;2002-06-27;2002;06;27;talek;754909;9835790;d
t34778;Olosogon_West_Bank_Natal_Den;2002-06-27;2002;06;27;talek;754909;9835790;d
t34789;Olosogon_West_Bank_Natal_Den;2002-06-28;2002;06;28;talek;754909;9835790;d
t34824;Plantation_Den;2002-06-29;2002;06;29;talek;746293;9839498;d
t34837;Plantation_Den;2002-06-30;2002;06;30;talek;746293;9839498;d
t34846;Plantation_Den;2002-06-30;2002;06;30;talek;746293;9839498;d
t34865;Fever_Tree_Natal_Den/Communal_Den_Complex;2002-07-19;2002;07;19;talek;753681;9837484;d
t34870;Fever_Tree_Natal_Den/Communal_Den_Complex;2002-07-20;2002;07;20;talek;753681;9837484;d
t34881;Plantation_Den;2002-07-21;2002;07;21;talek;746293;9839498;d
t34882;Fever_Tree_Natal_Den/Communal_Den_Complex;2002-07-21;2002;07;21;talek;753681;9837484;d
t34898;Fever_Tree_Natal_Den/Communal_Den_Complex;2002-07-21;2002;07;21;talek;753681;9837484;d
t34899;Plantation_Den;2002-07-22;2002;07;22;talek;746293;9839498;d
t34910;Plantation_Den;2002-07-22;2002;07;22;talek;746293;9839498;d
t34913;Fever_Tree_Natal_Den/Communal_Den_Complex;2002-07-22;2002;07;22;talek;753681;9837484;d
t34915;Fever_Tree_Natal_Den/Communal_Den_Complex;2002-07-23;2002;07;23;talek;753681;9837484;d
t34946;Fever_Tree_Natal_Den/Communal_Den_Complex;2002-07-24;2002;07;24;talek;753681;9837484;d
t34952;Plantation_Den;2002-07-25;2002;07;25;talek;746293;9839498;d
t34961;Plantation_Den;2002-07-25;2002;07;25;talek;746293;9839498;d
t34965;Fever_Tree_Natal_Den/Communal_Den_Complex;2002-07-25;2002;07;25;talek;753681;9837484;d
t34968;Plantation_Den;2002-07-26;2002;07;26;talek;746293;9839498;d
t34971;Fever_Tree_Natal_Den/Communal_Den_Complex;2002-07-26;2002;07;26;talek;753681;9837484;d
t34973;Plantation_Den;2002-07-26;2002;07;26;talek;746293;9839498;d
t34989;Fever_Tree_Natal_Den/Communal_Den_Complex;2002-07-28;2002;07;28;talek;753681;9837484;d
t34994;Fever_Tree_Natal_Den/Communal_Den_Complex;2002-07-29;2002;07;29;talek;753681;9837484;d
t35013;Fever_Tree_Natal_Den/Communal_Den_Complex;2002-07-31;2002;07;31;talek;753681;9837484;d
t35026;Fever_Tree_Natal_Den/Communal_Den_Complex;2002-08-01;2002;08;01;talek;753681;9837484;d
t35058;Fever_Tree_Natal_Den/Communal_Den_Complex;2002-08-02;2002;08;02;talek;753681;9837484;d
t35059;Plantation_Den;2002-08-03;2002;08;03;talek;746293;9839498;d
t35066;Fever_Tree_Natal_Den/Communal_Den_Complex;2002-08-03;2002;08;03;talek;753681;9837484;d
t35133;Plantation_Den;2002-08-06;2002;08;06;talek;746293;9839498;d
t35154;Fever_Tree_Natal_Den/Communal_Den_Complex;2002-08-07;2002;08;07;talek;753681;9837484;d
t35159;Plantation_Den;2002-08-08;2002;08;08;talek;746293;9839498;d
t35203;Plantation_Den;2002-08-10;2002;08;10;talek;746293;9839498;d
t35206;Fever_Tree_Natal_Den/Communal_Den_Complex;2002-08-11;2002;08;11;talek;753681;9837484;d
t35273;Plantation_Den;2002-08-15;2002;08;15;talek;746293;9839498;d
t35303;Plantation_Den;2002-08-16;2002;08;16;talek;746293;9839498;d
t35321;Fever_Tree_Natal_Den/Communal_Den_Complex;2002-08-17;2002;08;17;talek;753681;9837484;d
t35323;Fever_Tree_Natal_Den/Communal_Den_Complex;2002-08-18;2002;08;18;talek;753681;9837484;d
t35348;Fever_Tree_Natal_Den/Communal_Den_Complex;2002-08-20;2002;08;20;talek;753681;9837484;d
t35354;Plantation_Den;2002-08-20;2002;08;20;talek;746293;9839498;d
t35355;Fever_Tree_Natal_Den/Communal_Den_Complex;2002-08-21;2002;08;21;talek;753681;9837484;d
t35369;Fever_Tree_Natal_Den/Communal_Den_Complex;2002-08-22;2002;08;22;talek;753681;9837484;d
t35389;Fever_Tree_Natal_Den/Communal_Den_Complex;2002-08-24;2002;08;24;talek;753681;9837484;d
t35390;Fever_Tree_Natal_Den/Communal_Den_Complex;2002-08-25;2002;08;25;talek;753681;9837484;d
t35398;Plantation_Den;2002-08-25;2002;08;25;talek;746293;9839498;d
t35415;Fever_Tree_Natal_Den/Communal_Den_Complex;2002-08-27;2002;08;27;talek;753681;9837484;d
t35428;Fever_Tree_Natal_Den/Communal_Den_Complex;2002-08-28;2002;08;28;talek;753681;9837484;d
t35429;Plantation_Den;2002-08-29;2002;08;29;talek;746293;9839498;d
t35456;Fever_Tree_Natal_Den/Communal_Den_Complex;2002-09-01;2002;09;01;talek;753681;9837484;d
t35464;Fever_Tree_Natal_Den/Communal_Den_Complex;2002-09-02;2002;09;02;talek;753681;9837484;d
t35476;Fever_Tree_Natal_Den/Communal_Den_Complex;2002-09-02;2002;09;02;talek;753681;9837484;d
t35477;Plantation_Den;2002-09-03;2002;09;03;talek;746293;9839498;d
t35487;Fever_Tree_Natal_Den/Communal_Den_Complex;2002-09-03;2002;09;03;talek;753681;9837484;d
t35488;Plantation_Den;2002-09-04;2002;09;04;talek;746293;9839498;d
t35506;Fever_Tree_Natal_Den/Communal_Den_Complex;2002-09-04;2002;09;04;talek;753681;9837484;d
t35517;Plantation_Den;2002-09-05;2002;09;05;talek;746293;9839498;d
t35518;Plantation_Den;2002-09-06;2002;09;06;talek;746293;9839498;d
t35544;Fever_Tree_Natal_Den/Communal_Den_Complex;2002-09-07;2002;09;07;talek;753681;9837484;d
t35553;Fever_Tree_Natal_Den/Communal_Den_Complex;2002-09-08;2002;09;08;talek;753681;9837484;d
t35554;Plantation_Den;2002-09-09;2002;09;09;talek;746293;9839498;d
t35571;Fever_Tree_Natal_Den/Communal_Den_Complex;2002-09-09;2002;09;09;talek;753681;9837484;d
t35573;Plantation_Den;2002-09-10;2002;09;10;talek;746293;9839498;d
t35581;Fever_Tree_Natal_Den/Communal_Den_Complex;2002-09-10;2002;09;10;talek;753681;9837484;d
t35589.1;Plantation_Den;2002-09-11;2002;09;11;talek;746293;9839498;d
t35598;Fever_Tree_Natal_Den/Communal_Den_Complex;2002-09-12;2002;09;12;talek;753681;9837484;d
t35604;Plantation_Den;2002-09-13;2002;09;13;talek;746293;9839498;d
t35616;Fever_Tree_Natal_Den/Communal_Den_Complex;2002-09-13;2002;09;13;talek;753681;9837484;d
t35630;Fever_Tree_Natal_Den/Communal_Den_Complex;2002-09-15;2002;09;15;talek;753681;9837484;d
t35635;Plantation_Den;2002-09-16;2002;09;16;talek;746293;9839498;d
t35636;Fever_Tree_Natal_Den/Communal_Den_Complex;2002-09-17;2002;09;17;talek;753681;9837484;d
t35642;Fever_Tree_Natal_Den/Communal_Den_Complex;2002-09-17;2002;09;17;talek;753681;9837484;d
t35648;Plantation_Den;2002-09-18;2002;09;18;talek;746293;9839498;d
t35660;Fever_Tree_Natal_Den/Communal_Den_Complex;2002-09-18;2002;09;18;talek;753681;9837484;d
t35676;Fever_Tree_Natal_Den/Communal_Den_Complex;2002-09-19;2002;09;19;talek;753681;9837484;d
t35690;Fever_Tree_Natal_Den/Communal_Den_Complex;2002-09-19;2002;09;19;talek;753681;9837484;d
t35692;Plantation_Den;2002-09-20;2002;09;20;talek;746293;9839498;d
t35705;Fever_Tree_Natal_Den/Communal_Den_Complex;2002-09-20;2002;09;20;talek;753681;9837484;d
t35726;Plantation_Den;2002-09-21;2002;09;21;talek;746293;9839498;d
t35729;Fever_Tree_Natal_Den/Communal_Den_Complex;2002-09-21;2002;09;21;talek;753681;9837484;d
t35739;Fever_Tree_Natal_Den/Communal_Den_Complex;2002-09-24;2002;09;24;talek;753681;9837484;d
t35751;Plantation_Den;2002-09-25;2002;09;25;talek;746293;9839498;d
t35758;Fever_Tree_Natal_Den/Communal_Den_Complex;2002-09-25;2002;09;25;talek;753681;9837484;d
t35759;Plantation_Den;2002-09-26;2002;09;26;talek;746293;9839498;d
t35797;Sunrise_Valley_Communal_Den/Natal_Den;2002-09-28;2002;09;28;talek;753524;9837427;d
t35798;Sunrise_Valley_Communal_Den/Natal_Den;2002-09-29;2002;09;29;talek;753524;9837427;d
t35804;Sunrise_Valley_Communal_Den/Natal_Den;2002-09-29;2002;09;29;talek;753524;9837427;d
t35812;Plantation_Den;2002-09-30;2002;09;30;talek;746293;9839498;d
t35831;Sunrise_Valley_Communal_Den/Natal_Den;2002-10-01;2002;10;01;talek;753524;9837427;d
t35840;Sunrise_Valley_Communal_Den/Natal_Den;2002-10-01;2002;10;01;talek;753524;9837427;d
t35841;Plantation_Den;2002-10-02;2002;10;02;talek;746293;9839498;d
t35856.1;Sunrise_Valley_Communal_Den/Natal_Den;2002-10-02;2002;10;02;talek;753524;9837427;d
t35875;Sunrise_Valley_Communal_Den/Natal_Den;2002-10-04;2002;10;04;talek;753524;9837427;d
t35883;Plantation_Den;2002-10-05;2002;10;05;talek;746293;9839498;d
t35900;Sunrise_Valley_Communal_Den/Natal_Den;2002-10-06;2002;10;06;talek;753524;9837427;d
t35915;Sunrise_Valley_Communal_Den/Natal_Den;2002-10-07;2002;10;07;talek;753524;9837427;d
t35928;Sunrise_Valley_Communal_Den/Natal_Den;2002-10-08;2002;10;08;talek;753524;9837427;d
t35942;Plantation_Den;2002-10-09;2002;10;09;talek;746293;9839498;d
t35951;Sunrise_Valley_Communal_Den/Natal_Den;2002-10-11;2002;10;11;talek;753524;9837427;d
t35964;Plantation_Den;2002-10-12;2002;10;12;talek;746293;9839498;d
t35972;Sunrise_Valley_Communal_Den/Natal_Den;2002-10-12;2002;10;12;talek;753524;9837427;d
t35973;Plantation_Den;2002-10-13;2002;10;13;talek;746293;9839498;d
t35980;Sunrise_Valley_Communal_Den/Natal_Den;2002-10-13;2002;10;13;talek;753524;9837427;d
t35988;Sunrise_Valley_Communal_Den/Natal_Den;2002-10-14;2002;10;14;talek;753524;9837427;d
t36002;Plantation_Den;2002-10-14;2002;10;14;talek;746293;9839498;d
t36008;Sunrise_Valley_Communal_Den/Natal_Den;2002-10-14;2002;10;14;talek;753524;9837427;d
t36024;Plantation_Den;2002-10-15;2002;10;15;talek;746293;9839498;d
t36029;Sunrise_Valley_Communal_Den/Natal_Den;2002-10-15;2002;10;15;talek;753524;9837427;d
t36044;Plantation_Den;2002-10-17;2002;10;17;talek;746293;9839498;d
t36056;Sunrise_Valley_Communal_Den/Natal_Den;2002-10-17;2002;10;17;talek;753524;9837427;d
t36057;Plantation_Den;2002-10-18;2002;10;18;talek;746293;9839498;d
t36063;Sunrise_Valley_Communal_Den/Natal_Den;2002-10-19;2002;10;19;talek;753524;9837427;d
t36074;Plantation_Den;2002-10-20;2002;10;20;talek;746293;9839498;d
t36084;Sunrise_Valley_Communal_Den/Natal_Den;2002-10-21;2002;10;21;talek;753524;9837427;d
t36098;Plantation_Den;2002-10-21;2002;10;21;talek;746293;9839498;d
t36099;Sunrise_Valley_Communal_Den/Natal_Den;2002-10-22;2002;10;22;talek;753524;9837427;d
t36109;Sunrise_Valley_Communal_Den/Natal_Den;2002-10-22;2002;10;22;talek;753524;9837427;d
t36125;Sunrise_Valley_Communal_Den/Natal_Den;2002-10-23;2002;10;23;talek;753524;9837427;d
t36134;Sunrise_Valley_Communal_Den/Natal_Den;2002-10-25;2002;10;25;talek;753524;9837427;d
t36149;Sunrise_Valley_Communal_Den/Natal_Den;2002-10-25;2002;10;25;talek;753524;9837427;d
t36150;Plantation_Den;2002-10-26;2002;10;26;talek;746293;9839498;d
t36160;Sunrise_Valley_Communal_Den/Natal_Den;2002-10-27;2002;10;27;talek;753524;9837427;d
t36198;Plantation_Den;2002-10-28;2002;10;28;talek;746293;9839498;d
t36215;Sunrise_Valley_Communal_Den/Natal_Den;2002-10-28;2002;10;28;talek;753524;9837427;d
t36216;Sunrise_Valley_Communal_Den/Natal_Den;2002-10-29;2002;10;29;talek;753524;9837427;d
t36217;Sunrise_Valley_Communal_Den/Natal_Den;2002-10-29;2002;10;29;talek;753524;9837427;d
t36222;Plantation_Den;2002-10-29;2002;10;29;talek;746293;9839498;d
t36227;Sunrise_Valley_Communal_Den/Natal_Den;2002-10-29;2002;10;29;talek;753524;9837427;d
t36228;Plantation_Den;2002-10-30;2002;10;30;talek;746293;9839498;d
t36243;Sunrise_Valley_Communal_Den/Natal_Den;2002-10-30;2002;10;30;talek;753524;9837427;d
t36244;Sunrise_Valley_Communal_Den/Natal_Den;2002-10-31;2002;10;31;talek;753524;9837427;d
t36260;Sunrise_Valley_Communal_Den/Natal_Den;2002-10-31;2002;10;31;talek;753524;9837427;d
t36266;Sunrise_Valley_Communal_Den/Natal_Den;2002-11-02;2002;11;02;talek;753524;9837427;d
t36277;Sunrise_Valley_Communal_Den/Natal_Den;2002-11-02;2002;11;02;talek;753524;9837427;d
t36291;Sunrise_Valley_Communal_Den/Natal_Den;2002-11-04;2002;11;04;talek;753524;9837427;d
t36299;Plantation_Den;2002-11-04;2002;11;04;talek;746293;9839498;d
t36305;Sunrise_Valley_Communal_Den/Natal_Den;2002-11-04;2002;11;04;talek;753524;9837427;d
t36314;Sunrise_Valley_Communal_Den/Natal_Den;2002-11-07;2002;11;07;talek;753524;9837427;d
t36328;Sunrise_Valley_Communal_Den/Natal_Den;2002-11-08;2002;11;08;talek;753524;9837427;d
t36339;Sunrise_Valley_Communal_Den/Natal_Den;2002-11-09;2002;11;09;talek;753524;9837427;d
t36340;Plantation_Den;2002-11-10;2002;11;10;talek;746293;9839498;d
t36359;Sunrise_Valley_Communal_Den/Natal_Den;2002-11-11;2002;11;11;talek;753524;9837427;d
t36360;Sunrise_Valley_Communal_Den/Natal_Den;2002-11-12;2002;11;12;talek;753524;9837427;d
t36371;Sunrise_Valley_Communal_Den/Natal_Den;2002-11-13;2002;11;13;talek;753524;9837427;d
t36378;Sunrise_Valley_Communal_Den/Natal_Den;2002-11-13;2002;11;13;talek;753524;9837427;d
t36383;Sunrise_Valley_Communal_Den/Natal_Den;2002-11-14;2002;11;14;talek;753524;9837427;d
t36391;Sunrise_Valley_Communal_Den/Natal_Den;2002-11-17;2002;11;17;talek;753524;9837427;d
t36401;Sunrise_Valley_Communal_Den/Natal_Den;2002-11-18;2002;11;18;talek;753524;9837427;d
t36415;Sunrise_Valley_Communal_Den/Natal_Den;2002-11-19;2002;11;19;talek;753524;9837427;d
t36424;Fever_Tree_Natal_Den/Communal_Den_Complex;2002-11-22;2002;11;22;talek;753681;9837484;d
t36433;Sunrise_Valley_Communal_Den/Natal_Den;2002-11-22;2002;11;22;talek;753524;9837427;d
t36462;Fever_Tree_Natal_Den/Communal_Den_Complex;2002-11-26;2002;11;26;talek;753681;9837484;d
t36484;Fever_Tree_Natal_Den/Communal_Den_Complex;2002-11-27;2002;11;27;talek;753681;9837484;d
t36510;Fever_Tree_Natal_Den/Communal_Den_Complex;2002-11-29;2002;11;29;talek;753681;9837484;d
t36517;Fever_Tree_Natal_Den/Communal_Den_Complex;2002-12-01;2002;12;01;talek;753681;9837484;d
t36530;Fever_Tree_Natal_Den/Communal_Den_Complex;2002-12-02;2002;12;02;talek;753681;9837484;d
t36542;Fever_Tree_Natal_Den/Communal_Den_Complex;2002-12-02;2002;12;02;talek;753681;9837484;d
t36554;Fever_Tree_Natal_Den/Communal_Den_Complex;2002-12-03;2002;12;03;talek;753681;9837484;d
t36555;Plantation_Den;2002-12-04;2002;12;04;talek;746293;9839498;d
t36568;Fever_Tree_Natal_Den/Communal_Den_Complex;2002-12-05;2002;12;05;talek;753681;9837484;d
t36569;Plantation_Den;2002-12-06;2002;12;06;talek;746293;9839498;d
t36576;Fever_Tree_Natal_Den/Communal_Den_Complex;2002-12-06;2002;12;06;talek;753681;9837484;d
t36597;Fever_Tree_Natal_Den/Communal_Den_Complex;2002-12-08;2002;12;08;talek;753681;9837484;d
t36612;Plantation_Den;2002-12-08;2002;12;08;talek;746293;9839498;d
t36613;Fever_Tree_Natal_Den/Communal_Den_Complex;2002-12-09;2002;12;09;talek;753681;9837484;d
t36633;Fever_Tree_Natal_Den/Communal_Den_Complex;2002-12-10;2002;12;10;talek;753681;9837484;d
t36634;Plantation_Den;2002-12-11;2002;12;11;talek;746293;9839498;d
t36650;Plantation_Den;2002-12-11;2002;12;11;talek;746293;9839498;d
t36654;Fever_Tree_Natal_Den/Communal_Den_Complex;2002-12-12;2002;12;12;talek;753681;9837484;d
t36663;Fever_Tree_Natal_Den/Communal_Den_Complex;2002-12-13;2002;12;13;talek;753681;9837484;d
t36668;Fever_Tree_Natal_Den/Communal_Den_Complex;2002-12-14;2002;12;14;talek;753681;9837484;d
t36704;Plantation_Den;2002-12-18;2002;12;18;talek;746293;9839498;d
t36718;Fever_Tree_Natal_Den/Communal_Den_Complex;2002-12-21;2002;12;21;talek;753681;9837484;d
t36728;Fever_Tree_Natal_Den/Communal_Den_Complex;2002-12-21;2002;12;21;talek;753681;9837484;d
t36729;Fever_Tree_Natal_Den/Communal_Den_Complex;2002-12-21;2002;12;21;talek;753681;9837484;d
t36748;Fever_Tree_Natal_Den/Communal_Den_Complex;2002-12-24;2002;12;24;talek;753681;9837484;d
t36749;Fever_Tree_Natal_Den/Communal_Den_Complex;2002-12-24;2002;12;24;talek;753681;9837484;d
t36750;Fever_Tree_Natal_Den/Communal_Den_Complex;2002-12-25;2002;12;25;talek;753681;9837484;d
t36766;Fever_Tree_Natal_Den/Communal_Den_Complex;2002-12-26;2002;12;26;talek;753681;9837484;d
t36773;Fever_Tree_Natal_Den/Communal_Den_Complex;2002-12-28;2002;12;28;talek;753681;9837484;d
t36774;Fever_Tree_Natal_Den/Communal_Den_Complex;2002-12-29;2002;12;29;talek;753681;9837484;d
t36790;Fever_Tree_Natal_Den/Communal_Den_Complex;2002-12-31;2002;12;31;talek;753681;9837484;d
t36797;Fever_Tree_Natal_Den/Communal_Den_Complex;2003-01-02;2003;01;02;talek;753681;9837484;d
t36798;Fever_Tree_Natal_Den/Communal_Den_Complex;2003-01-03;2003;01;03;talek;753681;9837484;d
t36801;Fever_Tree_Natal_Den/Communal_Den_Complex;2003-01-03;2003;01;03;talek;753681;9837484;d
t36802;Fever_Tree_Natal_Den/Communal_Den_Complex;2003-01-03;2003;01;03;talek;753681;9837484;d
t36809;Fever_Tree_Natal_Den/Communal_Den_Complex;2003-01-04;2003;01;04;talek;753681;9837484;d
t36811;Fever_Tree_Natal_Den/Communal_Den_Complex;2003-01-04;2003;01;04;talek;753681;9837484;d
t36814;Fever_Tree_Natal_Den/Communal_Den_Complex;2003-01-05;2003;01;05;talek;753681;9837484;d
t36831;Plantation_Den;2003-01-06;2003;01;06;talek;746293;9839498;d
t36834;Fever_Tree_Natal_Den/Communal_Den_Complex;2003-01-07;2003;01;07;talek;753681;9837484;d
t36845;Fever_Tree_Natal_Den/Communal_Den_Complex;2003-01-08;2003;01;08;talek;753681;9837484;d
t36850;Fever_Tree_Natal_Den/Communal_Den_Complex;2003-01-10;2003;01;10;talek;753681;9837484;d
t36851;Fever_Tree_Natal_Den/Communal_Den_Complex;2003-01-10;2003;01;10;talek;753681;9837484;d
t36856;Plantation_Den;2003-01-10;2003;01;10;talek;746293;9839498;d
t36868;Fever_Tree_Natal_Den/Communal_Den_Complex;2003-01-12;2003;01;12;talek;753681;9837484;d
t36874;Plantation_Den;2003-01-12;2003;01;12;talek;746293;9839498;d
t36888;Fever_Tree_Natal_Den/Communal_Den_Complex;2003-01-13;2003;01;13;talek;753681;9837484;d
t36891;Fever_Tree_Natal_Den/Communal_Den_Complex;2003-01-14;2003;01;14;talek;753681;9837484;d
t36897;Plantation_Den;2003-01-14;2003;01;14;talek;746293;9839498;d
t36908;Fever_Tree_Natal_Den/Communal_Den_Complex;2003-01-15;2003;01;15;talek;753681;9837484;d
t36918;Fever_Tree_Natal_Den/Communal_Den_Complex;2003-01-15;2003;01;15;talek;753681;9837484;d
t36919;Fever_Tree_Natal_Den/Communal_Den_Complex;2003-01-16;2003;01;16;talek;753681;9837484;d
t36926;Plantation_Den;2003-01-16;2003;01;16;talek;746293;9839498;d
t36937;Fever_Tree_Natal_Den/Communal_Den_Complex;2003-01-17;2003;01;17;talek;753681;9837484;d
t36942;Fever_Tree_Natal_Den/Communal_Den_Complex;2003-01-17;2003;01;17;talek;753681;9837484;d
t36948;Plantation_Den;2003-01-19;2003;01;19;talek;746293;9839498;d
t36960;Fever_Tree_Natal_Den/Communal_Den_Complex;2003-01-21;2003;01;21;talek;753681;9837484;d
t36964;Fever_Tree_Natal_Den/Communal_Den_Complex;2003-01-22;2003;01;22;talek;753681;9837484;d
t36984;Plantation_Den;2003-01-23;2003;01;23;talek;746293;9839498;d
t36985;Fever_Tree_Natal_Den/Communal_Den_Complex;2003-01-24;2003;01;24;talek;753681;9837484;d
t37002;Fever_Tree_Natal_Den/Communal_Den_Complex;2003-01-25;2003;01;25;talek;753681;9837484;d
t37008;Fever_Tree_Natal_Den/Communal_Den_Complex;2003-01-27;2003;01;27;talek;753681;9837484;d
t37039;Fever_Tree_Natal_Den/Communal_Den_Complex;2003-01-29;2003;01;29;talek;753681;9837484;d
t37066;Fever_Tree_Natal_Den/Communal_Den_Complex;2003-01-31;2003;01;31;talek;753681;9837484;d
t37068;Plantation_Den;2003-02-02;2003;02;02;talek;746293;9839498;d
t37075;Plantation_Den;2003-02-02;2003;02;02;talek;746293;9839498;d
t37079;Fever_Tree_Natal_Den/Communal_Den_Complex;2003-02-03;2003;02;03;talek;753681;9837484;d
t37084;Fever_Tree_Natal_Den/Communal_Den_Complex;2003-02-04;2003;02;04;talek;753681;9837484;d
t37103;Fever_Tree_Natal_Den/Communal_Den_Complex;2003-02-05;2003;02;05;talek;753681;9837484;d
t37127;Fever_Tree_Natal_Den/Communal_Den_Complex;2003-02-08;2003;02;08;talek;753681;9837484;d
t37135;Plantation_Den;2003-02-09;2003;02;09;talek;746293;9839498;d
t37149;Plantation_Den;2003-02-11;2003;02;11;talek;746293;9839498;d
t37165;Fever_Tree_Natal_Den/Communal_Den_Complex;2003-02-12;2003;02;12;talek;753681;9837484;d
t37173;Plantation_Den;2003-02-12;2003;02;12;talek;746293;9839498;d
t37174;Fever_Tree_Natal_Den/Communal_Den_Complex;2003-02-13;2003;02;13;talek;753681;9837484;d
t37182;Fever_Tree_Natal_Den/Communal_Den_Complex;2003-02-13;2003;02;13;talek;753681;9837484;d
t37183;Plantation_Den;2003-02-14;2003;02;14;talek;746293;9839498;d
t37211;Fever_Tree_Natal_Den/Communal_Den_Complex;2003-02-16;2003;02;16;talek;753681;9837484;d
t37234;Fever_Tree_Natal_Den/Communal_Den_Complex;2003-02-18;2003;02;18;talek;753681;9837484;d
t37235;Plantation_Den;2003-02-19;2003;02;19;talek;746293;9839498;d
t37248;Fever_Tree_Natal_Den/Communal_Den_Complex;2003-02-19;2003;02;19;talek;753681;9837484;d
t37255;Plantation_Den;2003-02-21;2003;02;21;talek;746293;9839498;d
t37264;Plantation_Den;2003-02-21;2003;02;21;talek;746293;9839498;d
t37277;Fever_Tree_Natal_Den/Communal_Den_Complex;2003-02-23;2003;02;23;talek;753681;9837484;d
t37284;Fever_Tree_Natal_Den/Communal_Den_Complex;2003-02-23;2003;02;23;talek;753681;9837484;d
t37314;Fever_Tree_Natal_Den/Communal_Den_Complex;2003-02-24;2003;02;24;talek;753681;9837484;d
t37320;Fever_Tree_Natal_Den/Communal_Den_Complex;2003-02-24;2003;02;24;talek;753681;9837484;d
t37369;Fever_Tree_Natal_Den/Communal_Den_Complex;2003-02-28;2003;02;28;talek;753681;9837484;d
t37376;Fever_Tree_Natal_Den/Communal_Den_Complex;2003-03-01;2003;03;01;talek;753681;9837484;d
t37377;Fever_Tree_Natal_Den/Communal_Den_Complex;2003-03-01;2003;03;01;talek;753681;9837484;d
t37378;Fever_Tree_Natal_Den/Communal_Den_Complex;2003-03-02;2003;03;02;talek;753681;9837484;d
t37398;Fever_Tree_Natal_Den/Communal_Den_Complex;2003-03-04;2003;03;04;talek;753681;9837484;d
t37404;Fever_Tree_Natal_Den/Communal_Den_Complex;2003-03-05;2003;03;05;talek;753681;9837484;d
t37437;Fever_Tree_Natal_Den/Communal_Den_Complex;2003-03-06;2003;03;06;talek;753681;9837484;d
t37438;Fever_Tree_Natal_Den/Communal_Den_Complex;2003-03-07;2003;03;07;talek;753681;9837484;d
t37451;Base_Natal_Den/Communal_Den;2003-03-07;2003;03;07;talek;746442;9838893;d
t37492;Fever_Tree_Natal_Den/Communal_Den_Complex;2003-03-10;2003;03;10;talek;753681;9837484;d
t37494;Base_Natal_Den/Communal_Den;2003-03-11;2003;03;11;talek;746442;9838893;d
t37504;Fever_Tree_Natal_Den/Communal_Den_Complex;2003-03-13;2003;03;13;talek;753681;9837484;d
t37517;Base_Natal_Den/Communal_Den;2003-03-13;2003;03;13;talek;746442;9838893;d
t37536;Fever_Tree_Natal_Den/Communal_Den_Complex;2003-03-14;2003;03;14;talek;753681;9837484;d
t37537;Fever_Tree_Natal_Den/Communal_Den_Complex;2003-03-15;2003;03;15;talek;753681;9837484;d
t37548;Base_Natal_Den/Communal_Den;2003-03-15;2003;03;15;talek;746442;9838893;d
t37558;Base_Natal_Den/Communal_Den;2003-03-16;2003;03;16;talek;746442;9838893;d
t37565;Fever_Tree_Natal_Den/Communal_Den_Complex;2003-03-16;2003;03;16;talek;753681;9837484;d
t37566;Fever_Tree_Natal_Den/Communal_Den_Complex;2003-03-17;2003;03;17;talek;753681;9837484;d
t37580;Base_Natal_Den/Communal_Den;2003-03-17;2003;03;17;talek;746442;9838893;d
t37582;Base_Natal_Den/Communal_Den;2003-03-18;2003;03;18;talek;746442;9838893;d
t37594;Fever_Tree_Natal_Den/Communal_Den_Complex;2003-03-18;2003;03;18;talek;753681;9837484;d
t37596;Fever_Tree_Natal_Den/Communal_Den_Complex;2003-03-19;2003;03;19;talek;753681;9837484;d
t37608;Base_Natal_Den/Communal_Den;2003-03-20;2003;03;20;talek;746442;9838893;d
t37618;Fever_Tree_Natal_Den/Communal_Den_Complex;2003-03-20;2003;03;20;talek;753681;9837484;d
t37619;Fever_Tree_Natal_Den/Communal_Den_Complex;2003-03-21;2003;03;21;talek;753681;9837484;d
t37634;Base_Natal_Den/Communal_Den;2003-03-21;2003;03;21;talek;746442;9838893;d
t37665;Base_Natal_Den/Communal_Den;2003-03-27;2003;03;27;talek;746442;9838893;d
t37672;Fever_Tree_Natal_Den/Communal_Den_Complex;2003-03-28;2003;03;28;talek;753681;9837484;d
t37682;Base_Natal_Den/Communal_Den;2003-03-28;2003;03;28;talek;746442;9838893;d
t37684;Base_Natal_Den/Communal_Den;2003-03-29;2003;03;29;talek;746442;9838893;d
t37704;Base_Natal_Den/Communal_Den;2003-04-01;2003;04;01;talek;746442;9838893;d
t37709;Fever_Tree_Natal_Den/Communal_Den_Complex;2003-04-01;2003;04;01;talek;753681;9837484;d
t37718;Fever_Tree_Natal_Den/Communal_Den_Complex;2003-04-02;2003;04;02;talek;753681;9837484;d
t37724;Base_Natal_Den/Communal_Den;2003-04-02;2003;04;02;talek;746442;9838893;d
t37725;Fever_Tree_Natal_Den/Communal_Den_Complex;2003-04-03;2003;04;03;talek;753681;9837484;d
t37746;Base_Natal_Den/Communal_Den;2003-04-04;2003;04;04;talek;746442;9838893;d
t37749;Fever_Tree_Natal_Den/Communal_Den_Complex;2003-04-05;2003;04;05;talek;753681;9837484;d
t37755;Base_Natal_Den/Communal_Den;2003-04-05;2003;04;05;talek;746442;9838893;d
t37760;Fever_Tree_Natal_Den/Communal_Den_Complex;2003-04-06;2003;04;06;talek;753681;9837484;d
t37765;Base_Natal_Den/Communal_Den;2003-04-06;2003;04;06;talek;746442;9838893;d
t37767;Fever_Tree_Natal_Den/Communal_Den_Complex;2003-04-07;2003;04;07;talek;753681;9837484;d
t37791;Fever_Tree_Natal_Den/Communal_Den_Complex;2003-04-07;2003;04;07;talek;753681;9837484;d
t37827;Fever_Tree_Natal_Den/Communal_Den_Complex;2003-04-11;2003;04;11;talek;753681;9837484;d
t37828;Resurrection_Communal_Den;2003-04-12;2003;04;12;talek;747569;9838508;d
t37846;Fever_Tree_Natal_Den/Communal_Den_Complex;2003-04-13;2003;04;13;talek;753681;9837484;d
t37859;Fever_Tree_Natal_Den/Communal_Den_Complex;2003-04-15;2003;04;15;talek;753681;9837484;d
t37860;Fever_Tree_Natal_Den/Communal_Den_Complex;2003-04-16;2003;04;16;talek;753681;9837484;d
t37869;Fever_Tree_Natal_Den/Communal_Den_Complex;2003-04-17;2003;04;17;talek;753681;9837484;d
t37879;Resurrection_Communal_Den;2003-04-17;2003;04;17;talek;747569;9838508;d
t37880;Fever_Tree_Natal_Den/Communal_Den_Complex;2003-04-18;2003;04;18;talek;753681;9837484;d
t37891;Resurrection_Communal_Den;2003-04-18;2003;04;18;talek;747569;9838508;d
t37906;Resurrection_Communal_Den;2003-04-19;2003;04;19;talek;747569;9838508;d
t37907;Fever_Tree_Natal_Den/Communal_Den_Complex;2003-04-20;2003;04;20;talek;753681;9837484;d
t37916;Resurrection_Communal_Den;2003-04-20;2003;04;20;talek;747569;9838508;d
t37917;Resurrection_Communal_Den;2003-04-20;2003;04;20;talek;747569;9838508;d
t37934;Fever_Tree_Natal_Den/Communal_Den_Complex;2003-04-21;2003;04;21;talek;753681;9837484;d
t37948;Fever_Tree_Natal_Den/Communal_Den_Complex;2003-04-23;2003;04;23;talek;753681;9837484;d
t37956;Resurrection_Communal_Den;2003-04-24;2003;04;24;talek;747569;9838508;d
t37960;Resurrection_Communal_Den;2003-04-24;2003;04;24;talek;747569;9838508;d
t37963;Resurrection_Communal_Den;2003-04-25;2003;04;25;talek;747569;9838508;d
t37971;Resurrection_Communal_Den;2003-04-25;2003;04;25;talek;747569;9838508;d
t37974;Fever_Tree_Natal_Den/Communal_Den_Complex;2003-04-26;2003;04;26;talek;753681;9837484;d
t37989;Fever_Tree_Natal_Den/Communal_Den_Complex;2003-04-30;2003;04;30;talek;753681;9837484;d
t37991;Fever_Tree_Natal_Den/Communal_Den_Complex;2003-05-02;2003;05;02;talek;753681;9837484;d
t37994;Fever_Tree_Natal_Den/Communal_Den_Complex;2003-05-03;2003;05;03;talek;753681;9837484;d
t38032;Fever_Tree_Natal_Den/Communal_Den_Complex;2003-05-10;2003;05;10;talek;753681;9837484;d
t38042;Fever_Tree_Natal_Den/Communal_Den_Complex;2003-05-11;2003;05;11;talek;753681;9837484;d
t38062;Fever_Tree_Natal_Den/Communal_Den_Complex;2003-05-13;2003;05;13;talek;753681;9837484;d
t38070;Fever_Tree_Natal_Den/Communal_Den_Complex;2003-05-17;2003;05;17;talek;753681;9837484;d
t38092;Fever_Tree_Natal_Den/Communal_Den_Complex;2003-05-18;2003;05;18;talek;753681;9837484;d
t38105;Fever_Tree_Natal_Den/Communal_Den_Complex;2003-05-19;2003;05;19;talek;753681;9837484;d
t38167;Fever_Tree_Natal_Den/Communal_Den_Complex;2003-05-24;2003;05;24;talek;753681;9837484;d
t38197;Fever_Tree_Natal_Den/Communal_Den_Complex;2003-05-26;2003;05;26;talek;753681;9837484;d
t38215;Fever_Tree_Natal_Den/Communal_Den_Complex;2003-05-28;2003;05;28;talek;753681;9837484;d
t38238;Fever_Tree_Natal_Den/Communal_Den_Complex;2003-05-29;2003;05;29;talek;753681;9837484;d
t38256;Fever_Tree_Natal_Den/Communal_Den_Complex;2003-06-02;2003;06;02;talek;753681;9837484;d
t38372;Plantation_Den;2003-06-16;2003;06;16;talek;746293;9839498;d
t38387;Plantation_Den;2003-06-19;2003;06;19;talek;746293;9839498;d
t38388;Plantation_Den;2003-06-20;2003;06;20;talek;746293;9839498;d
t38394;Plantation_Den;2003-06-20;2003;06;20;talek;746293;9839498;d
t38398;Plantation_Den;2003-06-21;2003;06;21;talek;746293;9839498;d
t38408;Plantation_Den;2003-06-21;2003;06;21;talek;746293;9839498;d
t38409;Plantation_Den;2003-06-22;2003;06;22;talek;746293;9839498;d
t38417;Plantation_Den;2003-06-22;2003;06;22;talek;746293;9839498;d
t38422;Plantation_Den;2003-06-23;2003;06;23;talek;746293;9839498;d
t38431;Plantation_Den;2003-06-24;2003;06;24;talek;746293;9839498;d
t38435;Plantation_Den;2003-06-24;2003;06;24;talek;746293;9839498;d
t38439;Plantation_Den;2003-06-25;2003;06;25;talek;746293;9839498;d
t38443;Plantation_Den;2003-06-26;2003;06;26;talek;746293;9839498;d
t38453;Plantation_Den;2003-06-27;2003;06;27;talek;746293;9839498;d
t38468;Plantation_Den;2003-06-27;2003;06;27;talek;746293;9839498;d
t38471;Plantation_Den;2003-06-28;2003;06;28;talek;746293;9839498;d
t38484;Plantation_Den;2003-06-29;2003;06;29;talek;746293;9839498;d
t38486;Plantation_Den;2003-06-30;2003;06;30;talek;746293;9839498;d
t38496;Plantation_Den;2003-06-30;2003;06;30;talek;746293;9839498;d
t38525;Plantation_Den;2003-07-03;2003;07;03;talek;746293;9839498;d
t38528;Plantation_Den;2003-07-04;2003;07;04;talek;746293;9839498;d
t38546;Plantation_Den;2003-07-06;2003;07;06;talek;746293;9839498;d
t38564;Plantation_Den;2003-07-08;2003;07;08;talek;746293;9839498;d
t38584;Plantation_Den;2003-07-12;2003;07;12;talek;746293;9839498;d
t38599;Plantation_Den;2003-07-12;2003;07;12;talek;746293;9839498;d
t38627;Plantation_Den;2003-07-15;2003;07;15;talek;746293;9839498;d
t38639;Plantation_Den;2003-07-15;2003;07;15;talek;746293;9839498;d
t38651;Plantation_Den;2003-07-17;2003;07;17;talek;746293;9839498;d
t38685;Doom's_Day_Den;2003-07-20;2003;07;20;talek;747037;9838562;d
t38702;Doom's_Day_Den;2003-07-23;2003;07;23;talek;747037;9838562;d
t38708;Doom's_Day_Den;2003-07-25;2003;07;25;talek;747037;9838562;d
t38728;Doom's_Day_Den;2003-07-26;2003;07;26;talek;747037;9838562;d
t38734;Doom's_Day_Den;2003-07-27;2003;07;27;talek;747037;9838562;d
t38741;Fever_Tree_Natal_Den/Communal_Den_Complex;2003-07-27;2003;07;27;talek;753681;9837484;d
t38754;Doom's_Day_Den;2003-07-28;2003;07;28;talek;747037;9838562;d
t38767;Doom's_Day_Den;2003-07-29;2003;07;29;talek;747037;9838562;d
t38777;Magic_Bush_Den;2003-07-30;2003;07;30;talek;746745;9838653;d
t38779;Doom's_Day_Den;2003-07-30;2003;07;30;talek;747037;9838562;d
t38794;Doom's_Day_Den;2003-07-31;2003;07;31;talek;747037;9838562;d
t38797;Doom's_Day_Den;2003-07-31;2003;07;31;talek;747037;9838562;d
t38805;Magic_Bush_Den;2003-08-01;2003;08;01;talek;746745;9838653;d
t38807;Doom's_Day_Den;2003-08-01;2003;08;01;talek;747037;9838562;d
t38810;Doom's_Day_Den;2003-08-01;2003;08;01;talek;747037;9838562;d
t38812;Doom's_Day_Den;2003-08-02;2003;08;02;talek;747037;9838562;d
t38822;Magic_Bush_Den;2003-08-02;2003;08;02;talek;746745;9838653;d
t38830;Magic_Bush_Den;2003-08-03;2003;08;03;talek;746745;9838653;d
t38846;Magic_Bush_Den;2003-08-04;2003;08;04;talek;746745;9838653;d
t38848;Magic_Bush_Den;2003-08-05;2003;08;05;talek;746745;9838653;d
t38853;Tumo_Hill_Den;2003-08-05;2003;08;05;talek;752769;9838944;d
t38854;Doom's_Day_Den;2003-08-05;2003;08;05;talek;747037;9838562;d
t38855;Doom's_Day_Den;2003-08-06;2003;08;06;talek;747037;9838562;d
t38872;Magic_Bush_Den;2003-08-06;2003;08;06;talek;746745;9838653;d
t38886;Tumo_Hill_Den;2003-08-08;2003;08;08;talek;752769;9838944;d
t38887;Doom's_Day_Den;2003-08-08;2003;08;08;talek;747037;9838562;d
t38898;Doom's_Day_Den;2003-08-08;2003;08;08;talek;747037;9838562;d
t38900;Doom's_Day_Den;2003-08-09;2003;08;09;talek;747037;9838562;d
t38911;Tumo_Hill_Den;2003-08-09;2003;08;09;talek;752769;9838944;d
t38912;Doom's_Day_Den;2003-08-10;2003;08;10;talek;747037;9838562;d
t38914;Magic_Bush_Den;2003-08-10;2003;08;10;talek;746745;9838653;d
t38927;Doom's_Day_Den;2003-08-10;2003;08;10;talek;747037;9838562;d
t38929;Tumo_Hill_Den;2003-08-11;2003;08;11;talek;752769;9838944;d
t38934;Magic_Bush_Den;2003-08-12;2003;08;12;talek;746745;9838653;d
t38945;Magic_Bush_Den;2003-08-14;2003;08;14;talek;746745;9838653;d
t38956;Doom's_Day_Den;2003-08-15;2003;08;15;talek;747037;9838562;d
t38970;Magic_Bush_Den;2003-08-17;2003;08;17;talek;746745;9838653;d
t38993;Plantation_Den;2003-08-23;2003;08;23;talek;746293;9839498;d
t39000;Tumo_Hill_Den;2003-08-23;2003;08;23;talek;752769;9838944;d
t39002;Plantation_Den;2003-08-24;2003;08;24;talek;746293;9839498;d
t39017;Plantation_Den;2003-08-25;2003;08;25;talek;746293;9839498;d
t39029;Plantation_Den;2003-09-01;2003;09;01;talek;746293;9839498;d
t39037;Plantation_Den;2003-09-02;2003;09;02;talek;746293;9839498;d
t39063;Plantation_Den;2003-09-02;2003;09;02;talek;746293;9839498;d
t39064;Plantation_Den;2003-09-03;2003;09;03;talek;746293;9839498;d
t39094;Sunrise_Valley_Communal_Den/Natal_Den;2003-09-05;2003;09;05;talek;753524;9837427;d
t39095;Plantation_Den;2003-09-06;2003;09;06;talek;746293;9839498;d
t39100;Plantation_Den;2003-09-06;2003;09;06;talek;746293;9839498;d
t39116;Sunrise_Valley_Communal_Den/Natal_Den;2003-09-08;2003;09;08;talek;753524;9837427;d
t39118;Plantation_Den;2003-09-09;2003;09;09;talek;746293;9839498;d
t39128;Sunrise_Valley_Communal_Den/Natal_Den;2003-09-10;2003;09;10;talek;753524;9837427;d
t39129;Sunrise_Valley_Communal_Den/Natal_Den;2003-09-11;2003;09;11;talek;753524;9837427;d
t39146;Plantation_Den;2003-09-12;2003;09;12;talek;746293;9839498;d
t39147;Plantation_Den;2003-09-12;2003;09;12;talek;746293;9839498;d
t39160;Sunrise_Valley_Communal_Den/Natal_Den;2003-09-12;2003;09;12;talek;753524;9837427;d
t39161;Plantation_Den;2003-09-12;2003;09;12;talek;746293;9839498;d
t39169;Sunrise_Valley_Communal_Den/Natal_Den;2003-09-14;2003;09;14;talek;753524;9837427;d
t39178;Plantation_Den;2003-09-15;2003;09;15;talek;746293;9839498;d
t39179;Sunrise_Valley_Communal_Den/Natal_Den;2003-09-16;2003;09;16;talek;753524;9837427;d
t39185;Plantation_Den;2003-09-16;2003;09;16;talek;746293;9839498;d
t39197;Sunrise_Valley_Communal_Den/Natal_Den;2003-09-17;2003;09;17;talek;753524;9837427;d
t39198;Fever_Tree_Natal_Den/Communal_Den_Complex;2003-09-17;2003;09;17;talek;753681;9837484;d
t39211;Plantation_Den;2003-09-17;2003;09;17;talek;746293;9839498;d
t39228;Plantation_Den;2003-09-19;2003;09;19;talek;746293;9839498;d
t39240;Plantation_Den;2003-09-19;2003;09;19;talek;746293;9839498;d
t39258;Plantation_Den;2003-09-21;2003;09;21;talek;746293;9839498;d
t39271;Sunrise_Valley_Communal_Den/Natal_Den;2003-09-21;2003;09;21;talek;753524;9837427;d
t39275;Sunrise_Valley_Communal_Den/Natal_Den;2003-09-22;2003;09;22;talek;753524;9837427;d
t39277;Plantation_Den;2003-09-23;2003;09;23;talek;746293;9839498;d
t39287;Plantation_Den;2003-09-23;2003;09;23;talek;746293;9839498;d
t39292;Plantation_Den;2003-09-24;2003;09;24;talek;746293;9839498;d
t39293;Sunrise_Valley_Communal_Den/Natal_Den;2003-09-25;2003;09;25;talek;753524;9837427;d
t39301;Plantation_Den;2003-09-30;2003;09;30;talek;746293;9839498;d
t39303;Plantation_Den;2003-10-01;2003;10;01;talek;746293;9839498;d
t39312;Sunrise_Valley_Communal_Den/Natal_Den;2003-10-01;2003;10;01;talek;753524;9837427;d
t39313;Plantation_Den;2003-10-02;2003;10;02;talek;746293;9839498;d
t39322;Plantation_Den;2003-10-02;2003;10;02;talek;746293;9839498;d
t39324;Plantation_Den;2003-10-03;2003;10;03;talek;746293;9839498;d
t39337;Fever_Tree_Natal_Den/Communal_Den_Complex;2003-10-04;2003;10;04;talek;753681;9837484;d
t39339;Fever_Tree_Natal_Den/Communal_Den_Complex;2003-10-05;2003;10;05;talek;753681;9837484;d
t39355;Plantation_Den;2003-10-06;2003;10;06;talek;746293;9839498;d
t39369;Fever_Tree_Natal_Den/Communal_Den_Complex;2003-10-07;2003;10;07;talek;753681;9837484;d
t39384;Plantation_Den;2003-10-08;2003;10;08;talek;746293;9839498;d
t39387;Fever_Tree_Natal_Den/Communal_Den_Complex;2003-10-09;2003;10;09;talek;753681;9837484;d
t39396;Plantation_Den;2003-10-10;2003;10;10;talek;746293;9839498;d
t394;Plantation_Den;1989-02-20;1989;02;20;talek;746293;9839498;d
t39433;Plantation_Den;2003-10-11;2003;10;11;talek;746293;9839498;d
t39445;Fever_Tree_Natal_Den/Communal_Den_Complex;2003-10-13;2003;10;13;talek;753681;9837484;d
t39447;Plantation_Den;2003-10-14;2003;10;14;talek;746293;9839498;d
t39460;Plantation_Den;2003-10-14;2003;10;14;talek;746293;9839498;d
t39461;Plantation_Den;2003-10-15;2003;10;15;talek;746293;9839498;d
t39479;Plantation_Den;2003-10-15;2003;10;15;talek;746293;9839498;d
t39496;Plantation_Den;2003-10-17;2003;10;17;talek;746293;9839498;d
t39520;Plantation_Den;2003-10-19;2003;10;19;talek;746293;9839498;d
t39522;Plantation_Den;2003-10-20;2003;10;20;talek;746293;9839498;d
t39541;Plantation_Den;2003-10-20;2003;10;20;talek;746293;9839498;d
t39543;Plantation_Den;2003-10-20;2003;10;20;talek;746293;9839498;d
t39547;Plantation_Den;2003-10-21;2003;10;21;talek;746293;9839498;d
t39552;Plantation_Den;2003-10-22;2003;10;22;talek;746293;9839498;d
t39572;Fever_Tree_Natal_Den/Communal_Den_Complex;2003-10-22;2003;10;22;talek;753681;9837484;d
t39599;Plantation_Den;2003-10-23;2003;10;23;talek;746293;9839498;d
t39603;Plantation_Den;2003-10-24;2003;10;24;talek;746293;9839498;d
t39625;Fever_Tree_Natal_Den/Communal_Den_Complex;2003-10-26;2003;10;26;talek;753681;9837484;d
t39641;Fever_Tree_Natal_Den/Communal_Den_Complex;2003-10-26;2003;10;26;talek;753681;9837484;d
t39642;Plantation_Den;2003-10-27;2003;10;27;talek;746293;9839498;d
t39660;Plantation_Den;2003-10-27;2003;10;27;talek;746293;9839498;d
t39663;Fever_Tree_Natal_Den/Communal_Den_Complex;2003-10-28;2003;10;28;talek;753681;9837484;d
t39703;Fever_Tree_Natal_Den/Communal_Den_Complex;2003-11-01;2003;11;01;talek;753681;9837484;d
t39704;Plantation_Den;2003-11-02;2003;11;02;talek;746293;9839498;d
t39722;Doom's_Day_Den;2003-11-02;2003;11;02;talek;747037;9838562;d
t39724;Doom's_Day_Den;2003-11-03;2003;11;03;talek;747037;9838562;d
t39742;Fever_Tree_Natal_Den/Communal_Den_Complex;2003-11-04;2003;11;04;talek;753681;9837484;d
t39744;Fever_Tree_Natal_Den/Communal_Den_Complex;2003-11-04;2003;11;04;talek;753681;9837484;d
t39754;Doom's_Day_Den;2003-11-07;2003;11;07;talek;747037;9838562;d
t39799;Fever_Tree_Natal_Den/Communal_Den_Complex;2003-11-08;2003;11;08;talek;753681;9837484;d
t39816;Doom's_Day_Den;2003-11-09;2003;11;09;talek;747037;9838562;d
t39828;Doom's_Day_Den;2003-11-12;2003;11;12;talek;747037;9838562;d
t39850;Fever_Tree_Natal_Den/Communal_Den_Complex;2003-11-12;2003;11;12;talek;753681;9837484;d
t39852;Fever_Tree_Natal_Den/Communal_Den_Complex;2003-11-13;2003;11;13;talek;753681;9837484;d
t39870;Fever_Tree_Natal_Den/Communal_Den_Complex;2003-11-14;2003;11;14;talek;753681;9837484;d
t39924;Fever_Tree_Natal_Den/Communal_Den_Complex;2003-11-17;2003;11;17;talek;753681;9837484;d
t39945;Fever_Tree_Natal_Den/Communal_Den_Complex;2003-11-19;2003;11;19;talek;753681;9837484;d
t39958;Doom's_Day_Den;2003-11-19;2003;11;19;talek;747037;9838562;d
t39960;Fever_Tree_Natal_Den/Communal_Den_Complex;2003-11-20;2003;11;20;talek;753681;9837484;d
t39962;Fever_Tree_Natal_Den/Communal_Den_Complex;2003-11-21;2003;11;21;talek;753681;9837484;d
t39974;Doom's_Day_Den;2003-11-21;2003;11;21;talek;747037;9838562;d
t40001;Fever_Tree_Natal_Den/Communal_Den_Complex;2003-11-22;2003;11;22;talek;753681;9837484;d
t40009;Paradise_Den;2003-11-24;2003;11;24;talek;746378;9836793;d
t40019;Fever_Tree_Natal_Den/Communal_Den_Complex;2003-11-24;2003;11;24;talek;753681;9837484;d
t40021;Paradise_Den;2003-11-27;2003;11;27;talek;746378;9836793;d
t40031;Paradise_Den;2003-11-28;2003;11;28;talek;746378;9836793;d
t40038;Fever_Tree_Natal_Den/Communal_Den_Complex;2003-11-28;2003;11;28;talek;753681;9837484;d
t40044;Paradise_Den;2003-11-29;2003;11;29;talek;746378;9836793;d
t40063;Paradise_Den;2003-11-29;2003;11;29;talek;746378;9836793;d
t40064;Fever_Tree_Natal_Den/Communal_Den_Complex;2003-11-30;2003;11;30;talek;753681;9837484;d
t40066;Paradise_Den;2003-11-30;2003;11;30;talek;746378;9836793;d
t40084;Fever_Tree_Natal_Den/Communal_Den_Complex;2003-11-30;2003;11;30;talek;753681;9837484;d
t40089;Paradise_Den;2003-12-01;2003;12;01;talek;746378;9836793;d
t40105;Fever_Tree_Natal_Den/Communal_Den_Complex;2003-12-01;2003;12;01;talek;753681;9837484;d
t40113;Paradise_Den;2003-12-02;2003;12;02;talek;746378;9836793;d
t40123;Paradise_Den;2003-12-02;2003;12;02;talek;746378;9836793;d
t40125;Fever_Tree_Natal_Den/Communal_Den_Complex;2003-12-03;2003;12;03;talek;753681;9837484;d
t40130;Paradise_Den;2003-12-03;2003;12;03;talek;746378;9836793;d
t40153;Paradise_Den;2003-12-12;2003;12;12;talek;746378;9836793;d
t40174;Paradise_Den;2003-12-14;2003;12;14;talek;746378;9836793;d
t40185;Fever_Tree_Natal_Den/Communal_Den_Complex;2003-12-14;2003;12;14;talek;753681;9837484;d
t40186;Fever_Tree_Natal_Den/Communal_Den_Complex;2003-12-15;2003;12;15;talek;753681;9837484;d
t40234;Fever_Tree_Natal_Den/Communal_Den_Complex;2003-12-18;2003;12;18;talek;753681;9837484;d
t40256;Fever_Tree_Natal_Den/Communal_Den_Complex;2003-12-19;2003;12;19;talek;753681;9837484;d
t40302;Fever_Tree_Natal_Den/Communal_Den_Complex;2003-12-20;2003;12;20;talek;753681;9837484;d
t40323;Fever_Tree_Natal_Den/Communal_Den_Complex;2003-12-22;2003;12;22;talek;753681;9837484;d
t40324;Fever_Tree_Natal_Den/Communal_Den_Complex;2003-12-23;2003;12;23;talek;753681;9837484;d
t40343;Fever_Tree_Natal_Den/Communal_Den_Complex;2003-12-24;2003;12;24;talek;753681;9837484;d
t40379;Fever_Tree_Natal_Den/Communal_Den_Complex;2003-12-26;2003;12;26;talek;753681;9837484;d
t40386;Aardwolf_Communal_Den;2003-12-26;2003;12;26;talek;745294;9838050;d
t40390;Aardwolf_Communal_Den;2003-12-26;2003;12;26;talek;745294;9838050;d
t40394;Aardwolf_Communal_Den;2003-12-26;2003;12;26;talek;745294;9838050;d
t40412;Aardwolf_Communal_Den;2003-12-27;2003;12;27;talek;745294;9838050;d
t40414;Fever_Tree_Natal_Den/Communal_Den_Complex;2003-12-28;2003;12;28;talek;753681;9837484;d
t40416;Aardwolf_Communal_Den;2003-12-28;2003;12;28;talek;745294;9838050;d
t40424;Aardwolf_Communal_Den;2003-12-28;2003;12;28;talek;745294;9838050;d
t40435;Aardwolf_Communal_Den;2003-12-29;2003;12;29;talek;745294;9838050;d
t40437;Aardwolf_Communal_Den;2003-12-29;2003;12;29;talek;745294;9838050;d
t40443;Aardwolf_Communal_Den;2003-12-29;2003;12;29;talek;745294;9838050;d
t40449;Aardwolf_Communal_Den;2003-12-30;2003;12;30;talek;745294;9838050;d
t40452;Aardwolf_Communal_Den;2003-12-31;2003;12;31;talek;745294;9838050;d
t43461;Fever_Tree_Natal_Den/Communal_Den_Complex;2004-01-01;2004;01;01;talek;753681;9837484;d
t43469;Aardwolf_Communal_Den;2004-01-02;2004;01;02;talek;745294;9838050;d
t43477;Aardwolf_Communal_Den;2004-01-02;2004;01;02;talek;745294;9838050;d
t43479;Aardwolf_Communal_Den;2004-01-02;2004;01;02;talek;745294;9838050;d
t43481;Fever_Tree_Natal_Den/Communal_Den_Complex;2004-01-03;2004;01;03;talek;753681;9837484;d
t43495;Aardwolf_Communal_Den;2004-01-03;2004;01;03;talek;745294;9838050;d
t43516;Aardwolf_Communal_Den;2004-01-04;2004;01;04;talek;745294;9838050;d
t43522;Fever_Tree_Natal_Den/Communal_Den_Complex;2004-01-06;2004;01;06;talek;753681;9837484;d
t43528;Aardwolf_Communal_Den;2004-01-06;2004;01;06;talek;745294;9838050;d
t43534;Aardwolf_Communal_Den;2004-01-06;2004;01;06;talek;745294;9838050;d
t43535;Aardwolf_Communal_Den;2004-01-06;2004;01;06;talek;745294;9838050;d
t43542;Aardwolf_Communal_Den;2004-01-07;2004;01;07;talek;745294;9838050;d
t43566;Fever_Tree_Natal_Den/Communal_Den_Complex;2004-01-08;2004;01;08;talek;753681;9837484;d
t43568;Aardwolf_Communal_Den;2004-01-08;2004;01;08;talek;745294;9838050;d
t43578;Aardwolf_Communal_Den;2004-01-08;2004;01;08;talek;745294;9838050;d
t43585;Aardwolf_Communal_Den;2004-01-09;2004;01;09;talek;745294;9838050;d
t43593;Aardwolf_Communal_Den;2004-01-09;2004;01;09;talek;745294;9838050;d
t43598;Aardwolf_Communal_Den;2004-01-09;2004;01;09;talek;745294;9838050;d
t43604;Fever_Tree_Natal_Den/Communal_Den_Complex;2004-01-11;2004;01;11;talek;753681;9837484;d
t43620;Aardwolf_Communal_Den;2004-01-12;2004;01;12;talek;745294;9838050;d
t43630;Aardwolf_Communal_Den;2004-01-13;2004;01;13;talek;745294;9838050;d
t43639;Fever_Tree_Natal_Den/Communal_Den_Complex;2004-01-14;2004;01;14;talek;753681;9837484;d
t43644;Aardwolf_Communal_Den;2004-01-15;2004;01;15;talek;745294;9838050;d
t43654;Fever_Tree_Natal_Den/Communal_Den_Complex;2004-01-15;2004;01;15;talek;753681;9837484;d
t43655;Aardwolf_Communal_Den;2004-01-17;2004;01;17;talek;745294;9838050;d
t43658;Aardwolf_Communal_Den;2004-01-17;2004;01;17;talek;745294;9838050;d
t43660;Aardwolf_Communal_Den;2004-01-17;2004;01;17;talek;745294;9838050;d
t43673;Fever_Tree_Natal_Den/Communal_Den_Complex;2004-01-25;2004;01;25;talek;753681;9837484;d
t43675;Fever_Tree_Natal_Den/Communal_Den_Complex;2004-01-26;2004;01;26;talek;753681;9837484;d
t43681;Aardwolf_Communal_Den;2004-01-26;2004;01;26;talek;745294;9838050;d
t43695;Aardwolf_Communal_Den;2004-01-26;2004;01;26;talek;745294;9838050;d
t43698;Aardwolf_Communal_Den;2004-01-27;2004;01;27;talek;745294;9838050;d
t43705;Aardwolf_Communal_Den;2004-01-27;2004;01;27;talek;745294;9838050;d
t43708;Fever_Tree_Natal_Den/Communal_Den_Complex;2004-01-28;2004;01;28;talek;753681;9837484;d
t43709;Fever_Tree_Natal_Den/Communal_Den_Complex;2004-01-28;2004;01;28;talek;753681;9837484;d
t43714;Aardwolf_Communal_Den;2004-01-28;2004;01;28;talek;745294;9838050;d
t43739;Fever_Tree_Natal_Den/Communal_Den_Complex;2004-01-29;2004;01;29;talek;753681;9837484;d
t43740;Aardwolf_Communal_Den;2004-02-01;2004;02;01;talek;745294;9838050;d
t43749;Aardwolf_Communal_Den;2004-02-02;2004;02;02;talek;745294;9838050;d
t43767;Aardwolf_Communal_Den;2004-02-04;2004;02;04;talek;745294;9838050;d
t43775;Aardwolf_Communal_Den;2004-02-04;2004;02;04;talek;745294;9838050;d
t43788;Aardwolf_Communal_Den;2004-02-05;2004;02;05;talek;745294;9838050;d
t43798;Fever_Tree_Natal_Den/Communal_Den_Complex;2004-02-05;2004;02;05;talek;753681;9837484;d
t43804;Aardwolf_Communal_Den;2004-02-06;2004;02;06;talek;745294;9838050;d
t43807;Aardwolf_Communal_Den;2004-02-06;2004;02;06;talek;745294;9838050;d
t43814;Ranger_Den;2004-02-06;2004;02;06;talek;745281;9840331;d
t43828;Ranger_Den;2004-02-07;2004;02;07;talek;745281;9840331;d
t43847;Ranger_Den;2004-02-09;2004;02;09;talek;745281;9840331;d
t43848;Fever_Tree_Natal_Den/Communal_Den_Complex;2004-02-10;2004;02;10;talek;753681;9837484;d
t43872;Aardwolf_Communal_Den;2004-02-11;2004;02;11;talek;745294;9838050;d
t43890;Ranger_Den;2004-02-11;2004;02;11;talek;745281;9840331;d
t43898;Ranger_Den;2004-02-12;2004;02;12;talek;745281;9840331;d
t43907;Aardwolf_Communal_Den;2004-02-12;2004;02;12;talek;745294;9838050;d
t43911;Ranger_Den;2004-02-12;2004;02;12;talek;745281;9840331;d
t43939;Ranger_Den;2004-02-14;2004;02;14;talek;745281;9840331;d
t43948;Fever_Tree_Natal_Den/Communal_Den_Complex;2004-02-15;2004;02;15;talek;753681;9837484;d
t43952;Ranger_Den;2004-02-15;2004;02;15;talek;745281;9840331;d
t43962;Fever_Tree_Natal_Den/Communal_Den_Complex;2004-02-17;2004;02;17;talek;753681;9837484;d
t43964;Ranger_Den;2004-02-18;2004;02;18;talek;745281;9840331;d
t43988;Fever_Tree_Natal_Den/Communal_Den_Complex;2004-02-19;2004;02;19;talek;753681;9837484;d
t43999;Ranger_Den;2004-02-20;2004;02;20;talek;745281;9840331;d
t44038;Fever_Tree_Natal_Den/Communal_Den_Complex;2004-02-25;2004;02;25;talek;753681;9837484;d
t44051;Ranger_Den;2004-02-26;2004;02;26;talek;745281;9840331;d
t44085;No_See_Em_Den;2004-03-02;2004;03;02;talek;744984;9840806;d
t44281;No_See_Em_Den;2004-03-22;2004;03;22;talek;744984;9840806;d
t44294;No_See_Em_Den;2004-03-23;2004;03;23;talek;744984;9840806;d
t44343;No_See_Em_Den;2004-03-25;2004;03;25;talek;744984;9840806;d
t44369;No_See_Em_Den;2004-03-25;2004;03;25;talek;744984;9840806;d
t44387;No_See_Em_Den;2004-03-26;2004;03;26;talek;744984;9840806;d
t44409;No_See_Em_Den;2004-03-27;2004;03;27;talek;744984;9840806;d
t44422;No_See_Em_Den;2004-03-28;2004;03;28;talek;744984;9840806;d
t44439;No_See_Em_Den;2004-03-29;2004;03;29;talek;744984;9840806;d
t44471;No_See_Em_Den;2004-04-04;2004;04;04;talek;744984;9840806;d
t44487;No_See_Em_Den;2004-04-05;2004;04;05;talek;744984;9840806;d
t44504;No_See_Em_Den;2004-04-05;2004;04;05;talek;744984;9840806;d
t44527;No_See_Em_Den;2004-04-07;2004;04;07;talek;744984;9840806;d
t44544;No_See_Em_Den;2004-04-08;2004;04;08;talek;744984;9840806;d
t44612;No_See_Em_Den;2004-04-16;2004;04;16;talek;744984;9840806;d
t48034;Plantation_Den;2004-05-31;2004;05;31;talek;746293;9839498;d
t48046;Plantation_Den;2004-06-01;2004;06;01;talek;746293;9839498;d
t48065;Plantation_Den;2004-06-02;2004;06;02;talek;746293;9839498;d
t48079;Plantation_Den;2004-06-03;2004;06;03;talek;746293;9839498;d
t48083;Plantation_Den;2004-06-03;2004;06;03;talek;746293;9839498;d
t48100;Plantation_Den;2004-06-04;2004;06;04;talek;746293;9839498;d
t48108;Plantation_Den;2004-06-05;2004;06;05;talek;746293;9839498;d
t48124;Plantation_Den;2004-06-05;2004;06;05;talek;746293;9839498;d
t48144;Plantation_Den;2004-06-06;2004;06;06;talek;746293;9839498;d
t48157;Plantation_Den;2004-06-07;2004;06;07;talek;746293;9839498;d
t48164;Plantation_Den;2004-06-07;2004;06;07;talek;746293;9839498;d
t48192;Plantation_Den;2004-06-09;2004;06;09;talek;746293;9839498;d
t48194;Plantation_Den;2004-06-09;2004;06;09;talek;746293;9839498;d
t48195;Plantation_Den;2004-06-10;2004;06;10;talek;746293;9839498;d
t48240;Plantation_Den;2004-06-11;2004;06;11;talek;746293;9839498;d
t48253;Plantation_Den;2004-06-12;2004;06;12;talek;746293;9839498;d
t48265;Plantation_Den;2004-06-13;2004;06;13;talek;746293;9839498;d
t48285;Plantation_Den;2004-06-15;2004;06;15;talek;746293;9839498;d
t48339;Plantation_Den;2004-06-18;2004;06;18;talek;746293;9839498;d
t48348;Plantation_Den;2004-06-19;2004;06;19;talek;746293;9839498;d
t48361;Plantation_Den;2004-06-28;2004;06;28;talek;746293;9839498;d
t48376;Plantation_Den;2004-06-28;2004;06;28;talek;746293;9839498;d
t48399;Plantation_Den;2004-07-01;2004;07;01;talek;746293;9839498;d
t48427;Plantation_Den;2004-07-03;2004;07;03;talek;746293;9839498;d
t48433;Plantation_Den;2004-07-03;2004;07;03;talek;746293;9839498;d
t48456;Plantation_Den;2004-07-05;2004;07;05;talek;746293;9839498;d
t48483;Plantation_Den;2004-07-07;2004;07;07;talek;746293;9839498;d
t48495;Plantation_Den;2004-07-08;2004;07;08;talek;746293;9839498;d
t48506;Plantation_Den;2004-07-09;2004;07;09;talek;746293;9839498;d
t48510;Plantation_Den;2004-07-10;2004;07;10;talek;746293;9839498;d
t48547;Sunrise_Valley_Communal_Den/Natal_Den;2004-07-13;2004;07;13;talek;753524;9837427;d
t48557;Sunrise_Valley_Communal_Den/Natal_Den;2004-07-13;2004;07;13;talek;753524;9837427;d
t48566;Plantation_Den;2004-07-14;2004;07;14;talek;746293;9839498;d
t48567;Sunrise_Valley_Communal_Den/Natal_Den;2004-07-15;2004;07;15;talek;753524;9837427;d
t48577;Plantation_Den;2004-07-15;2004;07;15;talek;746293;9839498;d
t48590;Sunrise_Valley_Communal_Den/Natal_Den;2004-07-17;2004;07;17;talek;753524;9837427;d
t48597;Plantation_Den;2004-07-19;2004;07;19;talek;746293;9839498;d
t48613;Plantation_Den;2004-07-21;2004;07;21;talek;746293;9839498;d
t48626;Plantation_Den;2004-07-22;2004;07;22;talek;746293;9839498;d
t48627;Sunrise_Valley_Communal_Den/Natal_Den;2004-07-23;2004;07;23;talek;753524;9837427;d
t48628;Plantation_Den;2004-07-23;2004;07;23;talek;746293;9839498;d
t48635;Plantation_Den;2004-07-23;2004;07;23;talek;746293;9839498;d
t48660;Sunrise_Valley_Communal_Den/Natal_Den;2004-07-25;2004;07;25;talek;753524;9837427;d
t48681;Plantation_Den;2004-07-28;2004;07;28;talek;746293;9839498;d
t48687;Plantation_Den;2004-07-28;2004;07;28;talek;746293;9839498;d
t48688;Sunrise_Valley_Communal_Den/Natal_Den;2004-07-29;2004;07;29;talek;753524;9837427;d
t48701;Plantation_Den;2004-07-29;2004;07;29;talek;746293;9839498;d
t48723;Sunrise_Valley_Communal_Den/Natal_Den;2004-07-31;2004;07;31;talek;753524;9837427;d
t48769;Sunrise_Valley_Communal_Den/Natal_Den;2004-08-02;2004;08;02;talek;753524;9837427;d
t48771;Plantation_Den;2004-08-03;2004;08;03;talek;746293;9839498;d
t48816;Sunrise_Valley_Communal_Den/Natal_Den;2004-08-06;2004;08;06;talek;753524;9837427;d
t48821;Plantation_Den;2004-08-06;2004;08;06;talek;746293;9839498;d
t48843;Fever_Tree_Natal_Den/Communal_Den_Complex;2004-08-10;2004;08;10;talek;753681;9837484;d
t48844;Fever_Tree_Natal_Den/Communal_Den_Complex;2004-08-10;2004;08;10;talek;753681;9837484;d
t48862;Paradise_Den;2004-08-11;2004;08;11;talek;746378;9836793;d
t48868;Paradise_Den;2004-08-12;2004;08;12;talek;746378;9836793;d
t48870;Fever_Tree_Natal_Den/Communal_Den_Complex;2004-08-12;2004;08;12;talek;753681;9837484;d
t48871;Paradise_Den;2004-08-13;2004;08;13;talek;746378;9836793;d
t48887;Paradise_Den;2004-08-14;2004;08;14;talek;746378;9836793;d
t48892;Paradise_Den;2004-08-15;2004;08;15;talek;746378;9836793;d
t48905;Paradise_Den;2004-08-16;2004;08;16;talek;746378;9836793;d
t48913;Holiday_Communal_Den;2004-08-17;2004;08;17;talek;746505;9836828;d
t48916;Fever_Tree_Natal_Den/Communal_Den_Complex;2004-08-17;2004;08;17;talek;753681;9837484;d
t48930;Paradise_Den;2004-08-18;2004;08;18;talek;746378;9836793;d
t48938;Holiday_Communal_Den;2004-08-19;2004;08;19;talek;746505;9836828;d
t48945;Fever_Tree_Natal_Den/Communal_Den_Complex;2004-08-19;2004;08;19;talek;753681;9837484;d
t48950;Paradise_Den;2004-08-20;2004;08;20;talek;746378;9836793;d
t48977;Fever_Tree_Natal_Den/Communal_Den_Complex;2004-08-29;2004;08;29;talek;753681;9837484;d
t48978;Plantation_Den;2004-08-30;2004;08;30;talek;746293;9839498;d
t48994;Plantation_Den;2004-08-30;2004;08;30;talek;746293;9839498;d
t49010;Plantation_Den;2004-08-31;2004;08;31;talek;746293;9839498;d
t49011;Fever_Tree_Natal_Den/Communal_Den_Complex;2004-09-01;2004;09;01;talek;753681;9837484;d
t49023;Fever_Tree_Natal_Den/Communal_Den_Complex;2004-09-02;2004;09;02;talek;753681;9837484;d
t49072;Fever_Tree_Natal_Den/Communal_Den_Complex;2004-09-07;2004;09;07;talek;753681;9837484;d
t49085;Fever_Tree_Natal_Den/Communal_Den_Complex;2004-09-11;2004;09;11;talek;753681;9837484;d
t49098;Fever_Tree_Natal_Den/Communal_Den_Complex;2004-09-12;2004;09;12;talek;753681;9837484;d
t49125;Fever_Tree_Natal_Den/Communal_Den_Complex;2004-09-14;2004;09;14;talek;753681;9837484;d
t49157;Fever_Tree_Natal_Den/Communal_Den_Complex;2004-09-16;2004;09;16;talek;753681;9837484;d
t49169;Fever_Tree_Natal_Den/Communal_Den_Complex;2004-09-18;2004;09;18;talek;753681;9837484;d
t49195;Fever_Tree_Natal_Den/Communal_Den_Complex;2004-09-21;2004;09;21;talek;753681;9837484;d
t49206;Fever_Tree_Natal_Den/Communal_Den_Complex;2004-09-22;2004;09;22;talek;753681;9837484;d
t49207;Holiday_Communal_Den;2004-09-22;2004;09;22;talek;746505;9836828;d
t49318;Plantation_Den;2004-10-05;2004;10;05;talek;746293;9839498;d
t49336;Plantation_Den;2004-10-06;2004;10;06;talek;746293;9839498;d
t49340;Plantation_Den;2004-10-07;2004;10;07;talek;746293;9839498;d
t49354;Plantation_Den;2004-10-07;2004;10;07;talek;746293;9839498;d
t49362;Fever_Tree_Natal_Den/Communal_Den_Complex;2004-10-08;2004;10;08;talek;753681;9837484;d
t49363;Fever_Tree_Natal_Den/Communal_Den_Complex;2004-10-08;2004;10;08;talek;753681;9837484;d
t49372;Plantation_Den;2004-10-08;2004;10;08;talek;746293;9839498;d
t49373;Fever_Tree_Natal_Den/Communal_Den_Complex;2004-10-08;2004;10;08;talek;753681;9837484;d
t49377;Plantation_Den;2004-10-09;2004;10;09;talek;746293;9839498;d
t49397;Plantation_Den;2004-10-10;2004;10;10;talek;746293;9839498;d
t49399;Fever_Tree_Natal_Den/Communal_Den_Complex;2004-10-10;2004;10;10;talek;753681;9837484;d
t49423;Plantation_Den;2004-10-12;2004;10;12;talek;746293;9839498;d
t49447;Plantation_Den;2004-10-13;2004;10;13;talek;746293;9839498;d
t49451;Plantation_Den;2004-10-14;2004;10;14;talek;746293;9839498;d
t49474;Plantation_Den;2004-10-14;2004;10;14;talek;746293;9839498;d
t49518;Plantation_Den;2004-10-17;2004;10;17;talek;746293;9839498;d
t49539;Plantation_Den;2004-10-17;2004;10;17;talek;746293;9839498;d
t49549;Plantation_Den;2004-10-18;2004;10;18;talek;746293;9839498;d
t49558;Plantation_Den;2004-10-19;2004;10;19;talek;746293;9839498;d
t49646;Plantation_Den;2004-10-24;2004;10;24;talek;746293;9839498;d
t49664;Plantation_Den;2004-10-26;2004;10;26;talek;746293;9839498;d
t49740;Holiday_Communal_Den;2004-10-30;2004;10;30;talek;746505;9836828;d
t49759;Plantation_Den;2004-10-31;2004;10;31;talek;746293;9839498;d
t49761;Plantation_Den;2004-11-01;2004;11;01;talek;746293;9839498;d
t49776;Plantation_Den;2004-11-02;2004;11;02;talek;746293;9839498;d
t49853;Plantation_Den;2004-11-05;2004;11;05;talek;746293;9839498;d
t49877;Plantation_Den;2004-11-06;2004;11;06;talek;746293;9839498;d
t49904;Plantation_Den;2004-11-07;2004;11;07;talek;746293;9839498;d
t49906;Plantation_Den;2004-11-08;2004;11;08;talek;746293;9839498;d
t50051;Plantation_Den;2004-11-21;2004;11;21;talek;746293;9839498;d
t50084;Plantation_Den;2004-11-24;2004;11;24;talek;746293;9839498;d
t50122;Plantation_Den;2004-11-26;2004;11;26;talek;746293;9839498;d
t50148;Plantation_Den;2004-11-27;2004;11;27;talek;746293;9839498;d
t50165;Plantation_Den;2004-11-30;2004;11;30;talek;746293;9839498;d
t50212;Plantation_Den;2004-12-02;2004;12;02;talek;746293;9839498;d
t50223;Plantation_Den;2004-12-03;2004;12;03;talek;746293;9839498;d
t50244;Plantation_Den;2004-12-04;2004;12;04;talek;746293;9839498;d
t50281;Plantation_Den;2004-12-06;2004;12;06;talek;746293;9839498;d
t50305;Plantation_Den;2004-12-07;2004;12;07;talek;746293;9839498;d
t50326;Plantation_Den;2004-12-13;2004;12;13;talek;746293;9839498;d
t50342;Plantation_Den;2004-12-15;2004;12;15;talek;746293;9839498;d
t50431;Plantation_Den;2004-12-20;2004;12;20;talek;746293;9839498;d
t50470;Plantation_Den;2004-12-23;2004;12;23;talek;746293;9839498;d
t50479;Plantation_Den;2004-12-24;2004;12;24;talek;746293;9839498;d
t50665;Ranger_Den;2005-01-05;2005;01;05;talek;745281;9840331;d
t50792;Kinda-See-Em_Den;2005-01-11;2005;01;11;talek;745124;9840497;d
t50832;No_See_Em_Den;2005-01-13;2005;01;13;talek;744984;9840806;d
t50842;No_See_Em_Den;2005-01-13;2005;01;13;talek;744984;9840806;d
t50969;No_See_Em_Den;2005-01-20;2005;01;20;talek;744984;9840806;d
t50995;No_See_Em_Den;2005-01-21;2005;01;21;talek;744984;9840806;d
t51013;No_See_Em_Den;2005-01-22;2005;01;22;talek;744984;9840806;d
t51035;No_See_Em_Den;2005-01-23;2005;01;23;talek;744984;9840806;d
t51066;No_See_Em_Den;2005-01-24;2005;01;24;talek;744984;9840806;d
t51142;No_See_Em_Den;2005-01-28;2005;01;28;talek;744984;9840806;d
t51206;No_See_Em_Den;2005-02-04;2005;02;04;talek;744984;9840806;d
t51224;No_See_Em_Den;2005-02-05;2005;02;05;talek;744984;9840806;d
t51238;No_See_Em_Den;2005-02-06;2005;02;06;talek;744984;9840806;d
t51248;No_See_Em_Den;2005-02-08;2005;02;08;talek;744984;9840806;d
t51266;No_See_Em_Den;2005-02-08;2005;02;08;talek;744984;9840806;d
t51273;No_See_Em_Den;2005-02-09;2005;02;09;talek;744984;9840806;d
t51276;No_See_Em_Den;2005-02-10;2005;02;10;talek;744984;9840806;d
t51292;No_See_Em_Den;2005-02-10;2005;02;10;talek;744984;9840806;d
t51302;No_See_Em_Den;2005-02-11;2005;02;11;talek;744984;9840806;d
t51311;No_See_Em_Den;2005-02-12;2005;02;12;talek;744984;9840806;d
t51319;No_See_Em_Den;2005-02-13;2005;02;13;talek;744984;9840806;d
t51331;No_See_Em_Den;2005-02-13;2005;02;13;talek;744984;9840806;d
t51335;No_See_Em_Den;2005-02-14;2005;02;14;talek;744984;9840806;d
t51361;No_See_Em_Den;2005-02-15;2005;02;15;talek;744984;9840806;d
t51392;No_See_Em_Den;2005-02-16;2005;02;16;talek;744984;9840806;d
t51395;No_See_Em_Den;2005-02-21;2005;02;21;talek;744984;9840806;d
t51408;No_See_Em_Den;2005-02-21;2005;02;21;talek;744984;9840806;d
t51413;No_See_Em_Den;2005-02-22;2005;02;22;talek;744984;9840806;d
t51436;No_See_Em_Den;2005-02-22;2005;02;22;talek;744984;9840806;d
t51444;No_See_Em_Den;2005-02-23;2005;02;23;talek;744984;9840806;d
t51463;No_See_Em_Den;2005-02-23;2005;02;23;talek;744984;9840806;d
t51473;No_See_Em_Den;2005-02-24;2005;02;24;talek;744984;9840806;d
t51493;No_See_Em_Den;2005-02-24;2005;02;24;talek;744984;9840806;d
t51496;No_See_Em_Den;2005-02-25;2005;02;25;talek;744984;9840806;d
t51502;No_See_Em_Den;2005-02-25;2005;02;25;talek;744984;9840806;d
t51508;No_See_Em_Den;2005-02-26;2005;02;26;talek;744984;9840806;d
t51519;No_See_Em_Den;2005-03-01;2005;03;01;talek;744984;9840806;d
t51548;No_See_Em_Den;2005-03-01;2005;03;01;talek;744984;9840806;d
t51583;No_See_Em_Den;2005-03-03;2005;03;03;talek;744984;9840806;d
t51594;No_See_Em_Den;2005-03-04;2005;03;04;talek;744984;9840806;d
t51647;No_See_Em_Den;2005-03-07;2005;03;07;talek;744984;9840806;d
t51675;No_See_Em_Den;2005-03-08;2005;03;08;talek;744984;9840806;d
t51705;No_See_Em_Den;2005-03-09;2005;03;09;talek;744984;9840806;d
t51725;No_See_Em_Den;2005-03-10;2005;03;10;talek;744984;9840806;d
t51729;No_See_Em_Den;2005-03-11;2005;03;11;talek;744984;9840806;d
t51748;No_See_Em_Den;2005-03-11;2005;03;11;talek;744984;9840806;d
t51751;No_See_Em_Den;2005-03-12;2005;03;12;talek;744984;9840806;d
t51763;No_See_Em_Den;2005-03-12;2005;03;12;talek;744984;9840806;d
t51768;No_See_Em_Den;2005-03-13;2005;03;13;talek;744984;9840806;d
t51784;No_See_Em_Den;2005-03-13;2005;03;13;talek;744984;9840806;d
t51808;No_See_Em_Den;2005-03-14;2005;03;14;talek;744984;9840806;d
t51826;No_See_Em_Den;2005-03-15;2005;03;15;talek;744984;9840806;d
t51827;No_See_Em_Den;2005-03-16;2005;03;16;talek;744984;9840806;d
t51850;No_See_Em_Den;2005-03-16;2005;03;16;talek;744984;9840806;d
t51894;No_See_Em_Den;2005-03-18;2005;03;18;talek;744984;9840806;d
t51925;No_See_Em_Den;2005-03-21;2005;03;21;talek;744984;9840806;d
t51947;No_See_Em_Den;2005-03-23;2005;03;23;talek;744984;9840806;d
t51949;No_See_Em_Den;2005-03-23;2005;03;23;talek;744984;9840806;d
t51966;No_See_Em_Den;2005-03-27;2005;03;27;talek;744984;9840806;d
t51983;No_See_Em_Den;2005-03-28;2005;03;28;talek;744984;9840806;d
t52107;No_See_Em_Den;2005-04-04;2005;04;04;talek;744984;9840806;d
t52128;No_See_Em_Den;2005-04-11;2005;04;11;talek;744984;9840806;d
t52147;No_See_Em_Den;2005-04-11;2005;04;11;talek;744984;9840806;d
t52157;No_See_Em_Den;2005-04-12;2005;04;12;talek;744984;9840806;d
t52167;No_See_Em_Den;2005-04-13;2005;04;13;talek;744984;9840806;d
t52189;No_See_Em_Den;2005-04-14;2005;04;14;talek;744984;9840806;d
t52195;No_See_Em_Den;2005-04-14;2005;04;14;talek;744984;9840806;d
t52211;Tumo_Hill_Den;2005-04-15;2005;04;15;talek;752769;9838944;d
t52219;No_See_Em_Den;2005-04-16;2005;04;16;talek;744984;9840806;d
t52236;No_See_Em_Den;2005-04-17;2005;04;17;talek;744984;9840806;d
t52267;No_See_Em_Den;2005-04-18;2005;04;18;talek;744984;9840806;d
t52274;Tumo_Hill_Den;2005-04-19;2005;04;19;talek;752769;9838944;d
t52278;No_See_Em_Den;2005-04-20;2005;04;20;talek;744984;9840806;d
t52292;Tumo_Hill_Den;2005-04-20;2005;04;20;talek;752769;9838944;d
t52296;No_See_Em_Den;2005-04-23;2005;04;23;talek;744984;9840806;d
t52314;No_See_Em_Den;2005-04-23;2005;04;23;talek;744984;9840806;d
t52316;No_See_Em_Den;2005-04-23;2005;04;23;talek;744984;9840806;d
t52322;No_See_Em_Den;2005-04-24;2005;04;24;talek;744984;9840806;d
t52334;Tumo_Hill_Den;2005-04-24;2005;04;24;talek;752769;9838944;d
t52347;No_See_Em_Den;2005-04-25;2005;04;25;talek;744984;9840806;d
t52370;No_See_Em_Den;2005-04-26;2005;04;26;talek;744984;9840806;d
t52375;No_See_Em_Den;2005-04-27;2005;04;27;talek;744984;9840806;d
t52378;No_See_Em_Den;2005-04-27;2005;04;27;talek;744984;9840806;d
t52400;No_See_Em_Den;2005-04-28;2005;04;28;talek;744984;9840806;d
t52713;No_See_Em_Den;2005-05-10;2005;05;10;talek;744984;9840806;d
t52755;Tumo_Hill_Den;2005-05-13;2005;05;13;talek;752769;9838944;d
t52756;Tumo_Hill_Den;2005-05-13;2005;05;13;talek;752769;9838944;d
t52759;FM_Den;2005-05-14;2005;05;14;talek;752888;9838905;d
t52867;No_See_Em_Den;2005-05-31;2005;05;31;talek;744984;9840806;d
t52914;No_See_Em_Den;2005-06-03;2005;06;03;talek;744984;9840806;d
t52962;No_See_Em_Den;2005-06-06;2005;06;06;talek;744984;9840806;d
t52995;No_See_Em_Den;2005-06-09;2005;06;09;talek;744984;9840806;d
t53009;No_See_Em_Den;2005-06-10;2005;06;10;talek;744984;9840806;d
t53013;FM_Den;2005-06-10;2005;06;10;talek;752888;9838905;d
t53248;No_See_Em_Den;2005-06-29;2005;06;29;talek;744984;9840806;d
t53304;No_See_Em_Den;2005-07-04;2005;07;04;talek;744984;9840806;d
t53369;Sunrise_Valley_Communal_Den/Natal_Den;2005-07-16;2005;07;16;talek;753524;9837427;d
t53370;Summer_Den;2005-07-16;2005;07;16;talek;753495;9837319;d
t53371;Sunrise_Valley_Communal_Den/Natal_Den;2005-07-16;2005;07;16;talek;753524;9837427;d
t53378;Sunrise_Valley_Communal_Den/Natal_Den;2005-07-17;2005;07;17;talek;753524;9837427;d
t53395;Sunrise_Valley_Communal_Den/Natal_Den;2005-07-17;2005;07;17;talek;753524;9837427;d
t53417;Sunrise_Valley_Communal_Den/Natal_Den;2005-07-18;2005;07;18;talek;753524;9837427;d
t53419;Sunrise_Valley_Communal_Den/Natal_Den;2005-07-19;2005;07;19;talek;753524;9837427;d
t53442;Sunrise_Valley_Communal_Den/Natal_Den;2005-07-20;2005;07;20;talek;753524;9837427;d
t53479;Sunrise_Valley_Communal_Den/Natal_Den;2005-07-24;2005;07;24;talek;753524;9837427;d
t53494;Sunrise_Valley_Communal_Den/Natal_Den;2005-07-25;2005;07;25;talek;753524;9837427;d
t53507;Sunrise_Valley_Communal_Den/Natal_Den;2005-07-26;2005;07;26;talek;753524;9837427;d
t53525;Sunrise_Valley_Communal_Den/Natal_Den;2005-07-26;2005;07;26;talek;753524;9837427;d
t53555;Sunrise_Valley_Communal_Den/Natal_Den;2005-07-28;2005;07;28;talek;753524;9837427;d
t53557;Sunrise_Valley_Communal_Den/Natal_Den;2005-07-29;2005;07;29;talek;753524;9837427;d
t53566;Sunrise_Valley_Communal_Den/Natal_Den;2005-07-29;2005;07;29;talek;753524;9837427;d
t53570;Sunrise_Valley_Communal_Den/Natal_Den;2005-07-29;2005;07;29;talek;753524;9837427;d
t53576;No_See_Em_Den;2005-07-29;2005;07;29;talek;744984;9840806;d
t53586;Over_the_River_Den;2005-07-30;2005;07;30;talek;753542;9837353;d
t53587;Over_the_River_Den;2005-07-30;2005;07;30;talek;753542;9837353;d
t53611;No_See_Em_Den;2005-07-31;2005;07;31;talek;744984;9840806;d
t53655;No_See_Em_Den;2005-08-06;2005;08;06;talek;744984;9840806;d
t53667;No_See_Em_Den;2005-08-06;2005;08;06;talek;744984;9840806;d
t53675;No_See_Em_Den;2005-08-07;2005;08;07;talek;744984;9840806;d
t53692;No_See_Em_Den;2005-08-07;2005;08;07;talek;744984;9840806;d
t53722;No_See_Em_Den;2005-08-08;2005;08;08;talek;744984;9840806;d
t53726;Over_the_River_Den;2005-08-09;2005;08;09;talek;753542;9837353;d
t53748;No_See_Em_Den;2005-08-09;2005;08;09;talek;744984;9840806;d
t53751;No_See_Em_Den;2005-08-10;2005;08;10;talek;744984;9840806;d
t53776;Over_the_River_Den;2005-08-10;2005;08;10;talek;753542;9837353;d
t53813;No_See_Em_Den;2005-08-11;2005;08;11;talek;744984;9840806;d
t53816;No_See_Em_Den;2005-08-11;2005;08;11;talek;744984;9840806;d
t53825;No_See_Em_Den;2005-08-12;2005;08;12;talek;744984;9840806;d
t53833;Over_the_River_Den;2005-08-12;2005;08;12;talek;753542;9837353;d
t53857;No_See_Em_Den;2005-08-13;2005;08;13;talek;744984;9840806;d
t53885;Over_the_River_Den;2005-08-14;2005;08;14;talek;753542;9837353;d
t53889;No_See_Em_Den;2005-08-14;2005;08;14;talek;744984;9840806;d
t53927;No_See_Em_Den;2005-08-16;2005;08;16;talek;744984;9840806;d
t53941;No_See_Em_Den;2005-08-17;2005;08;17;talek;744984;9840806;d
t53946;Over_the_River_Den;2005-08-17;2005;08;17;talek;753542;9837353;d
t53954;No_See_Em_Den;2005-08-17;2005;08;17;talek;744984;9840806;d
t54005;No_See_Em_Den;2005-08-22;2005;08;22;talek;744984;9840806;d
t54143;No_See_Em_Den;2005-09-03;2005;09;03;talek;744984;9840806;d
t54170;Kinda-See-Em_Den;2005-09-04;2005;09;04;talek;745124;9840497;d
t54198;Kinda-See-Em_Den;2005-09-05;2005;09;05;talek;745124;9840497;d
t54214;Fever_Tree_Natal_Den/Communal_Den_Complex;2005-09-06;2005;09;06;talek;753681;9837484;d
t54223;Fever_Tree_Natal_Den/Communal_Den_Complex;2005-09-08;2005;09;08;talek;753681;9837484;d
t54255;No_See_Em_Den;2005-09-09;2005;09;09;talek;744984;9840806;d
t54278;Kinda-See-Em_Den;2005-09-11;2005;09;11;talek;745124;9840497;d
t54286;Fever_Tree_Natal_Den/Communal_Den_Complex;2005-09-11;2005;09;11;talek;753681;9837484;d
t54293;Fever_Tree_Natal_Den/Communal_Den_Complex;2005-09-12;2005;09;12;talek;753681;9837484;d
t54306;Kinda-See-Em_Den;2005-09-12;2005;09;12;talek;745124;9840497;d
t54361;Kinda-See-Em_Den;2005-09-14;2005;09;14;talek;745124;9840497;d
t54372;Kinda-See-Em_Den;2005-09-16;2005;09;16;talek;745124;9840497;d
t54388;Fever_Tree_Natal_Den/Communal_Den_Complex;2005-09-17;2005;09;17;talek;753681;9837484;d
t54408;Kinda-See-Em_Den;2005-09-17;2005;09;17;talek;745124;9840497;d
t54425;Fever_Tree_Natal_Den/Communal_Den_Complex;2005-09-20;2005;09;20;talek;753681;9837484;d
t54449;Kinda-See-Em_Den;2005-09-21;2005;09;21;talek;745124;9840497;d
t54453;Fever_Tree_Natal_Den/Communal_Den_Complex;2005-09-22;2005;09;22;talek;753681;9837484;d
t54473;No_See_Em_Den;2005-09-23;2005;09;23;talek;744984;9840806;d
t54498;Fever_Tree_Natal_Den/Communal_Den_Complex;2005-09-24;2005;09;24;talek;753681;9837484;d
t54514;Fever_Tree_Natal_Den/Communal_Den_Complex;2005-09-25;2005;09;25;talek;753681;9837484;d
t54534;Fever_Tree_Natal_Den/Communal_Den_Complex;2005-09-26;2005;09;26;talek;753681;9837484;d
t54585;Kinda-See-Em_Den;2005-10-02;2005;10;02;talek;745124;9840497;d
t54682;Kinda-See-Em_Den;2005-10-08;2005;10;08;talek;745124;9840497;d
t54803;Kinda-See-Em_Den;2005-10-16;2005;10;16;talek;745124;9840497;d
t54864;Sunrise_Valley_Communal_Den/Natal_Den;2005-10-19;2005;10;19;talek;753524;9837427;d
t54883;Sunrise_Valley_Communal_Den/Natal_Den;2005-10-21;2005;10;21;talek;753524;9837427;d
t54900;Sunrise_Valley_Communal_Den/Natal_Den;2005-10-22;2005;10;22;talek;753524;9837427;d
t54947;Sunrise_Valley_Communal_Den/Natal_Den;2005-10-29;2005;10;29;talek;753524;9837427;d
t55033;Sunrise_Valley_Communal_Den/Natal_Den;2005-11-09;2005;11;09;talek;753524;9837427;d
t55035;Sunrise_Valley_Communal_Den/Natal_Den;2005-11-10;2005;11;10;talek;753524;9837427;d
t55049;Sunrise_Valley_Communal_Den/Natal_Den;2005-11-10;2005;11;10;talek;753524;9837427;d
t55073;Sunrise_Valley_Communal_Den/Natal_Den;2005-11-11;2005;11;11;talek;753524;9837427;d
t55076;Sunrise_Valley_Communal_Den/Natal_Den;2005-11-12;2005;11;12;talek;753524;9837427;d
t55095;Sunrise_Valley_Communal_Den/Natal_Den;2005-11-13;2005;11;13;talek;753524;9837427;d
t55504;Fever_Tree_Natal_Den/Communal_Den_Complex;2005-12-11;2005;12;11;talek;753681;9837484;d
t55517;Fever_Tree_Natal_Den/Communal_Den_Complex;2005-12-12;2005;12;12;talek;753681;9837484;d
t55572;Fever_Tree_Natal_Den/Communal_Den_Complex;2005-12-14;2005;12;14;talek;753681;9837484;d
t55611;Fever_Tree_Natal_Den/Communal_Den_Complex;2005-12-17;2005;12;17;talek;753681;9837484;d
t55678.1;Boulevard_Den;2005-12-21;2005;12;21;talek;744985;9839134;d
t55682;Fever_Tree_Natal_Den/Communal_Den_Complex;2005-12-21;2005;12;21;talek;753681;9837484;d
t55691;Fever_Tree_Natal_Den/Communal_Den_Complex;2005-12-22;2005;12;22;talek;753681;9837484;d
t55729;Fever_Tree_Natal_Den/Communal_Den_Complex;2005-12-24;2005;12;24;talek;753681;9837484;d
t55745;Fever_Tree_Natal_Den/Communal_Den_Complex;2005-12-26;2005;12;26;talek;753681;9837484;d
t55776;Fever_Tree_Natal_Den/Communal_Den_Complex;2005-12-27;2005;12;27;talek;753681;9837484;d
t55901;Fever_Tree_Natal_Den/Communal_Den_Complex;2006-01-03;2006;01;03;talek;753681;9837484;d
t55925;Boulevard_Den;2006-01-03;2006;01;03;talek;744985;9839134;d
t55927;Fever_Tree_Natal_Den/Communal_Den_Complex;2006-01-04;2006;01;04;talek;753681;9837484;d
t55929;Fever_Tree_Natal_Den/Communal_Den_Complex;2006-01-04;2006;01;04;talek;753681;9837484;d
t55941;Fever_Tree_Natal_Den/Communal_Den_Complex;2006-01-05;2006;01;05;talek;753681;9837484;d
t55965;Fever_Tree_Natal_Den/Communal_Den_Complex;2006-01-06;2006;01;06;talek;753681;9837484;d
t56059;Fever_Tree_Natal_Den/Communal_Den_Complex;2006-01-09;2006;01;09;talek;753681;9837484;d
t56134;Fever_Tree_Natal_Den/Communal_Den_Complex;2006-01-13;2006;01;13;talek;753681;9837484;d
t56156;Fever_Tree_Natal_Den/Communal_Den_Complex;2006-01-15;2006;01;15;talek;753681;9837484;d
t56301;Fever_Tree_Natal_Den/Communal_Den_Complex;2006-01-24;2006;01;24;talek;753681;9837484;d
t56381;Kinda-See-Em_Den;2006-01-29;2006;01;29;talek;745124;9840497;d
t56388;Kinda-See-Em_Den;2006-01-30;2006;01;30;talek;745124;9840497;d
t56398;Kinda-See-Em_Den;2006-01-31;2006;01;31;talek;745124;9840497;d
t56496;Kinda-See-Em_Den;2006-02-06;2006;02;06;talek;745124;9840497;d
t56561;Kinda-See-Em_Den;2006-02-11;2006;02;11;talek;745124;9840497;d
t56613;Kinda-See-Em_Den;2006-02-15;2006;02;15;talek;745124;9840497;d
t56626;Kinda-See-Em_Den;2006-02-16;2006;02;16;talek;745124;9840497;d
t56627;Kinda-See-Em_Den;2006-02-17;2006;02;17;talek;745124;9840497;d
t56634;Kinda-See-Em_Den;2006-02-17;2006;02;17;talek;745124;9840497;d
t56658;Kinda-See-Em_Den;2006-02-19;2006;02;19;talek;745124;9840497;d
t57362;No_See_Em_Den;2006-04-18;2006;04;18;talek;744984;9840806;d
t57566;No_See_Em_Den;2006-05-02;2006;05;02;talek;744984;9840806;d
t58112;Lala_Den;2006-06-07;2006;06;07;talek;744591;9841032;d
t58133;Lala_Den;2006-06-08;2006;06;08;talek;744591;9841032;d
t58135;Lala_Den;2006-06-08;2006;06;08;talek;744591;9841032;d
t58141;Lala_Den;2006-06-09;2006;06;09;talek;744591;9841032;d
t58159;Lala_Den;2006-06-09;2006;06;09;talek;744591;9841032;d
t58164;Lala_Den;2006-06-10;2006;06;10;talek;744591;9841032;d
t58181;Lala_Den;2006-06-10;2006;06;10;talek;744591;9841032;d
t58202;Lala_Den;2006-06-12;2006;06;12;talek;744591;9841032;d
t58210;Lala_Den;2006-06-12;2006;06;12;talek;744591;9841032;d
t58228;Lala_Den;2006-06-13;2006;06;13;talek;744591;9841032;d
t58230;Lala_Den;2006-06-14;2006;06;14;talek;744591;9841032;d
t58248;Green_Den;2006-06-15;2006;06;15;talek;729719;9840569;d
t58257;Green_Den;2006-06-15;2006;06;15;talek;729719;9840569;d
t58258;Lala_Den;2006-06-15;2006;06;15;talek;744591;9841032;d
t58262;Green_Den;2006-06-15;2006;06;15;talek;729719;9840569;d
t58264;Lala_Den;2006-06-16;2006;06;16;talek;744591;9841032;d
t58281;Lala_Den;2006-06-16;2006;06;16;talek;744591;9841032;d
t58282;Green_Den;2006-06-16;2006;06;16;talek;729719;9840569;d
t58283;Lala_Den;2006-06-16;2006;06;16;talek;744591;9841032;d
t58303;Lala_Den;2006-06-17;2006;06;17;talek;744591;9841032;d
t58304;Green_Den;2006-06-17;2006;06;17;talek;729719;9840569;d
t58307;Lala_Den;2006-06-18;2006;06;18;talek;744591;9841032;d
t58319;Lala_Den;2006-06-18;2006;06;18;talek;744591;9841032;d
t58320;Green_Den;2006-06-18;2006;06;18;talek;729719;9840569;d
t58349;Lala_Den;2006-06-20;2006;06;20;talek;744591;9841032;d
t58359;Lala_Den;2006-06-20;2006;06;20;talek;744591;9841032;d
t58369;Lala_Den;2006-06-21;2006;06;21;talek;744591;9841032;d
t58370.1;Lala_Den;2006-06-22;2006;06;22;talek;744591;9841032;d
t58386;Lala_Den;2006-06-22;2006;06;22;talek;744591;9841032;d
t58410;Lala_Den;2006-06-24;2006;06;24;talek;744591;9841032;d
t58421;Lala_Den;2006-06-25;2006;06;25;talek;744591;9841032;d
t58428;Lala_Den;2006-06-25;2006;06;25;talek;744591;9841032;d
t58436;Lala_Den;2006-06-25;2006;06;25;talek;744591;9841032;d
t58454;Lala_Den;2006-06-26;2006;06;26;talek;744591;9841032;d
t58469;Lala_Den;2006-07-01;2006;07;01;talek;744591;9841032;d
t58471;Lala_Den;2006-07-02;2006;07;02;talek;744591;9841032;d
t58479;Lala_Den;2006-07-02;2006;07;02;talek;744591;9841032;d
t58490;Sunrise_Valley_Communal_Den/Natal_Den;2006-07-03;2006;07;03;talek;753524;9837427;d
t58500;Lala_Den;2006-07-03;2006;07;03;talek;744591;9841032;d
t58505;Lala_Den;2006-07-04;2006;07;04;talek;744591;9841032;d
t58509;Sunrise_Valley_Communal_Den/Natal_Den;2006-07-04;2006;07;04;talek;753524;9837427;d
t58514;No_See_Em_Den;2006-07-04;2006;07;04;talek;744984;9840806;d
t58515;Lala_Den;2006-07-04;2006;07;04;talek;744591;9841032;d
t58541;Lala_Den;2006-07-05;2006;07;05;talek;744591;9841032;d
t58544;Lala_Den;2006-07-06;2006;07;06;talek;744591;9841032;d
t58552;Sunrise_Valley_Communal_Den/Natal_Den;2006-07-06;2006;07;06;talek;753524;9837427;d
t58557;Lala_Den;2006-07-06;2006;07;06;talek;744591;9841032;d
t58562;Sunrise_Valley_Communal_Den/Natal_Den;2006-07-07;2006;07;07;talek;753524;9837427;d
t58575;Lala_Den;2006-07-07;2006;07;07;talek;744591;9841032;d
t58589;Lala_Den;2006-07-08;2006;07;08;talek;744591;9841032;d
t58605;No_See_Em_Den;2006-07-09;2006;07;09;talek;744984;9840806;d
t58617;Lala_Den;2006-07-09;2006;07;09;talek;744591;9841032;d
t58621;Sunrise_Valley_Communal_Den/Natal_Den;2006-07-10;2006;07;10;talek;753524;9837427;d
t58637;Sunrise_Valley_Communal_Den/Natal_Den;2006-07-10;2006;07;10;talek;753524;9837427;d
t58653;Sunrise_Valley_Communal_Den/Natal_Den;2006-07-11;2006;07;11;talek;753524;9837427;d
t58660;Sunrise_Valley_Communal_Den/Natal_Den;2006-07-12;2006;07;12;talek;753524;9837427;d
t58695;Lala_Den;2006-07-13;2006;07;13;talek;744591;9841032;d
t58700;Sunrise_Valley_Communal_Den/Natal_Den;2006-07-14;2006;07;14;talek;753524;9837427;d
t58713;No_See_Em_Den;2006-07-14;2006;07;14;talek;744984;9840806;d
t58718;Sunrise_Valley_Communal_Den/Natal_Den;2006-07-15;2006;07;15;talek;753524;9837427;d
t58724;Lala_Den;2006-07-15;2006;07;15;talek;744591;9841032;d
t58739;Sunrise_Valley_Communal_Den/Natal_Den;2006-07-16;2006;07;16;talek;753524;9837427;d
t58758;Sunrise_Valley_Communal_Den/Natal_Den;2006-07-17;2006;07;17;talek;753524;9837427;d
t58763;No_See_Em_Den;2006-07-17;2006;07;17;talek;744984;9840806;d
t58769;Sunrise_Valley_Communal_Den/Natal_Den;2006-07-18;2006;07;18;talek;753524;9837427;d
t58776;No_See_Em_Den;2006-07-18;2006;07;18;talek;744984;9840806;d
t58781;Lala_Den;2006-07-18;2006;07;18;talek;744591;9841032;d
t58793;Sunrise_Valley_Communal_Den/Natal_Den;2006-07-20;2006;07;20;talek;753524;9837427;d
t58805;Sunrise_Valley_Communal_Den/Natal_Den;2006-07-20;2006;07;20;talek;753524;9837427;d
t58807;No_See_Em_Den;2006-07-20;2006;07;20;talek;744984;9840806;d
t58852;Sunrise_Valley_Communal_Den/Natal_Den;2006-07-25;2006;07;25;talek;753524;9837427;d
t58861;Sunrise_Valley_Communal_Den/Natal_Den;2006-07-26;2006;07;26;talek;753524;9837427;d
t58875;Sunrise_Valley_Communal_Den/Natal_Den;2006-07-27;2006;07;27;talek;753524;9837427;d
t58886;Sunrise_Valley_Communal_Den/Natal_Den;2006-07-29;2006;07;29;talek;753524;9837427;d
t58902;Sunrise_Valley_Communal_Den/Natal_Den;2006-07-30;2006;07;30;talek;753524;9837427;d
t58907;Sunrise_Valley_Communal_Den/Natal_Den;2006-07-31;2006;07;31;talek;753524;9837427;d
t58920;Sunrise_Valley_Communal_Den/Natal_Den;2006-07-31;2006;07;31;talek;753524;9837427;d
t58926;Kinda-See-Em_Den;2006-07-31;2006;07;31;talek;745124;9840497;d
t58947;Sunrise_Valley_Communal_Den/Natal_Den;2006-08-02;2006;08;02;talek;753524;9837427;d
t58956;Sunrise_Valley_Communal_Den/Natal_Den;2006-08-03;2006;08;03;talek;753524;9837427;d
t58970;Sunrise_Valley_Communal_Den/Natal_Den;2006-08-04;2006;08;04;talek;753524;9837427;d
t58973;Kinda-See-Em_Den;2006-08-04;2006;08;04;talek;745124;9840497;d
t58974;No_See_Em_Den;2006-08-04;2006;08;04;talek;744984;9840806;d
t58981;Kinda-See-Em_Den;2006-08-13;2006;08;13;talek;745124;9840497;d
t58995;Kinda-See-Em_Den;2006-08-14;2006;08;14;talek;745124;9840497;d
t59002;Fever_Tree_Natal_Den/Communal_Den_Complex;2006-08-15;2006;08;15;talek;753681;9837484;d
t59020;Kinda-See-Em_Den;2006-08-17;2006;08;17;talek;745124;9840497;d
t59070;Kinda-See-Em_Den;2006-08-29;2006;08;29;talek;745124;9840497;d
t59081;Kinda-See-Em_Den;2006-08-30;2006;08;30;talek;745124;9840497;d
t59082;Kinda-See-Em_Den;2006-08-31;2006;08;31;talek;745124;9840497;d
t59093;Kinda-See-Em_Den;2006-09-01;2006;09;01;talek;745124;9840497;d
t59116;Kinda-See-Em_Den;2006-09-03;2006;09;03;talek;745124;9840497;d
t59127;Fever_Tree_Natal_Den/Communal_Den_Complex;2006-09-06;2006;09;06;talek;753681;9837484;d
t59149;Fever_Tree_Natal_Den/Communal_Den_Complex;2006-09-11;2006;09;11;talek;753681;9837484;d
t59153;Den_of_Perfection;2006-09-12;2006;09;12;talek;746689;9836798;d
t59155;Den_of_Perfection;2006-09-12;2006;09;12;talek;746689;9836798;d
t59164;Den_of_Perfection;2006-09-12;2006;09;12;talek;746689;9836798;d
t59189;Kinda-See-Em_Den;2006-09-14;2006;09;14;talek;745124;9840497;d
t59223;Fever_Tree_Natal_Den/Communal_Den_Complex;2006-09-17;2006;09;17;talek;753681;9837484;d
t59240;Kinda-See-Em_Den;2006-09-19;2006;09;19;talek;745124;9840497;d
t59250;Kinda-See-Em_Den;2006-09-20;2006;09;20;talek;745124;9840497;d
t59269;Kinda-See-Em_Den;2006-09-23;2006;09;23;talek;745124;9840497;d
t59273;Kinda-See-Em_Den;2006-09-24;2006;09;24;talek;745124;9840497;d
t59295;Sunrise_Valley_Communal_Den/Natal_Den;2006-10-10;2006;10;10;talek;753524;9837427;d
t59327;Aardwolf_Communal_Den;2006-10-14;2006;10;14;talek;745294;9838050;d
t59328;Aardwolf_Communal_Den;2006-10-15;2006;10;15;talek;745294;9838050;d
t59355;Den_of_Perfection;2006-10-18;2006;10;18;talek;746689;9836798;d
t59357;Sunrise_Valley_Communal_Den/Natal_Den;2006-10-18;2006;10;18;talek;753524;9837427;d
t59367;Den_of_Perfection;2006-10-20;2006;10;20;talek;746689;9836798;d
t59377;Den_of_Perfection;2006-10-20;2006;10;20;talek;746689;9836798;d
t59379;Den_of_Perfection;2006-10-20;2006;10;20;talek;746689;9836798;d
t59391;Den_of_Perfection;2006-10-21;2006;10;21;talek;746689;9836798;d
t59395;Den_of_Perfection;2006-10-22;2006;10;22;talek;746689;9836798;d
t59397;Den_of_Perfection;2006-10-22;2006;10;22;talek;746689;9836798;d
t59407;Den_of_Perfection;2006-10-23;2006;10;23;talek;746689;9836798;d
t59430;Den_of_Perfection;2006-10-28;2006;10;28;talek;746689;9836798;d
t59431;Den_of_Perfection;2006-10-29;2006;10;29;talek;746689;9836798;d
t59435;Den_of_Perfection;2006-10-30;2006;10;30;talek;746689;9836798;d
t59441;Den_of_Perfection;2006-10-30;2006;10;30;talek;746689;9836798;d
t59457;Fever_Tree_Natal_Den/Communal_Den_Complex;2006-10-31;2006;10;31;talek;753681;9837484;d
t59489;Den_of_Perfection;2006-11-02;2006;11;02;talek;746689;9836798;d
t59502;Den_of_Perfection;2006-11-03;2006;11;03;talek;746689;9836798;d
t59507;Den_of_Perfection;2006-11-04;2006;11;04;talek;746689;9836798;d
t59509;Den_of_Perfection;2006-11-04;2006;11;04;talek;746689;9836798;d
t59519;Den_of_Perfection;2006-11-06;2006;11;06;talek;746689;9836798;d
t59530;Den_of_Perfection;2006-11-07;2006;11;07;talek;746689;9836798;d
t59534;Den_of_Perfection;2006-11-08;2006;11;08;talek;746689;9836798;d
t59537;Den_of_Perfection;2006-11-09;2006;11;09;talek;746689;9836798;d
t59547;Den_of_Perfection;2006-11-09;2006;11;09;talek;746689;9836798;d
t59548;Den_of_Perfection;2006-11-10;2006;11;10;talek;746689;9836798;d
t59552;Den_of_Perfection;2006-11-10;2006;11;10;talek;746689;9836798;d
t59574;Den_of_Perfection;2006-11-12;2006;11;12;talek;746689;9836798;d
t59585;Den_of_Perfection;2006-11-13;2006;11;13;talek;746689;9836798;d
t59589;Den_of_Perfection;2006-11-14;2006;11;14;talek;746689;9836798;d
t59592;Den_of_Perfection;2006-11-14;2006;11;14;talek;746689;9836798;d
t59601;Den_of_Perfection;2006-11-15;2006;11;15;talek;746689;9836798;d
t59605;Den_of_Perfection;2006-11-15;2006;11;15;talek;746689;9836798;d
t59606;Den_of_Perfection;2006-11-16;2006;11;16;talek;746689;9836798;d
t59621;Den_of_Perfection;2006-11-17;2006;11;17;talek;746689;9836798;d
t59627;Den_of_Perfection;2006-11-17;2006;11;17;talek;746689;9836798;d
t59634;Den_of_Perfection;2006-11-17;2006;11;17;talek;746689;9836798;d
t59636;Holiday_Communal_Den;2006-11-18;2006;11;18;talek;746505;9836828;d
t59638;Holiday_Communal_Den;2006-11-18;2006;11;18;talek;746505;9836828;d
t59649;Holiday_Communal_Den;2006-11-19;2006;11;19;talek;746505;9836828;d
t59652;Holiday_Communal_Den;2006-11-20;2006;11;20;talek;746505;9836828;d
t59658;Fever_Tree_Natal_Den/Communal_Den_Complex;2006-11-20;2006;11;20;talek;753681;9837484;d
t59659;Holiday_Communal_Den;2006-11-20;2006;11;20;talek;746505;9836828;d
t59681;Holiday_Communal_Den;2006-11-24;2006;11;24;talek;746505;9836828;d
t59682;Holiday_Communal_Den;2006-11-24;2006;11;24;talek;746505;9836828;d
t59685;Den_of_Perfection;2006-11-25;2006;11;25;talek;746689;9836798;d
t59689;Holiday_Communal_Den;2006-11-27;2006;11;27;talek;746505;9836828;d
t59693;Holiday_Communal_Den;2006-11-29;2006;11;29;talek;746505;9836828;d
t59694;Holiday_Communal_Den;2006-11-30;2006;11;30;talek;746505;9836828;d
t59696;Holiday_Communal_Den;2006-12-01;2006;12;01;talek;746505;9836828;d
t59700;Holiday_Communal_Den;2006-12-01;2006;12;01;talek;746505;9836828;d
t59702;Holiday_Communal_Den;2006-12-02;2006;12;02;talek;746505;9836828;d
t59705;Holiday_Communal_Den;2006-12-02;2006;12;02;talek;746505;9836828;d
t59706;Holiday_Communal_Den;2006-12-02;2006;12;02;talek;746505;9836828;d
t59709;Holiday_Communal_Den;2006-12-03;2006;12;03;talek;746505;9836828;d
t59715;Holiday_Communal_Den;2006-12-03;2006;12;03;talek;746505;9836828;d
t59718;Holiday_Communal_Den;2006-12-03;2006;12;03;talek;746505;9836828;d
t59721;Holiday_Communal_Den;2006-12-05;2006;12;05;talek;746505;9836828;d
t59725;Holiday_Communal_Den;2006-12-05;2006;12;05;talek;746505;9836828;d
t59727;Holiday_Communal_Den;2006-12-05;2006;12;05;talek;746505;9836828;d
t59740;Holiday_Communal_Den;2006-12-06;2006;12;06;talek;746505;9836828;d
t59756;Holiday_Communal_Den;2006-12-09;2006;12;09;talek;746505;9836828;d
t59764;Roadside_Den;2006-12-11;2006;12;11;talek;746619;9836966;cd
t59767;Roadside_Den;2006-12-11;2006;12;11;talek;746619;9836966;cd
t59768;Roadside_Den;2006-12-11;2006;12;11;talek;746619;9836966;cd
t59771;Roadside_Den;2006-12-12;2006;12;12;talek;746619;9836966;cd
t60036;Plantation_Den;2007-03-09;2007;03;09;talek;746293;9839498;d
t60070;Plantation_Den;2007-03-12;2007;03;12;talek;746293;9839498;d
t60082;Plantation_Den;2007-03-13;2007;03;13;talek;746293;9839498;d
t60144;Plantation_Den;2007-03-26;2007;03;26;talek;746293;9839498;d
t60228;Plantation_Den;2007-04-06;2007;04;06;talek;746293;9839498;d
t60367;Banana_Tree_Communal_Den;2007-05-05;2007;05;05;talek;740512;9859417;d
t60396;Banana_Tree_Communal_Den;2007-05-11;2007;05;11;talek;740512;9859417;d
t60535;Banana_Tree_Communal_Den;2007-06-07;2007;06;07;talek;740512;9859417;d
t60628;Fig_Tree_Den_2;2007-06-18;2007;06;18;talek;736615;9840574;cd
t60830;Sun_Den;2007-07-23;2007;07;23;talek;741258;9840562;d
t60834;Sun_Den;2007-07-23;2007;07;23;talek;741258;9840562;d
t60843;Sun_Den;2007-07-25;2007;07;25;talek;741258;9840562;d
t60895;Wicked_Den;2007-07-31;2007;07;31;talek;740636;9839896;d
t60904;Wicked_Den;2007-08-01;2007;08;01;talek;740636;9839896;d
t60915;Wicked_Den;2007-08-02;2007;08;02;talek;740636;9839896;d
t60932;Wicked_Den;2007-08-03;2007;08;03;talek;740636;9839896;d
t60945;Wicked_Den;2007-08-04;2007;08;04;talek;740636;9839896;d
t60963;Wicked_Den;2007-08-15;2007;08;15;talek;740636;9839896;d
t61791;Ranger_Den;2007-12-24;2007;12;24;talek;745281;9840331;d
t61821;Ranger_Den;2008-01-09;2008;01;09;talek;745281;9840331;d
t62334;Kinda-See-Em_Den;2008-04-09;2008;04;09;talek;745124;9840497;d
t62354;Kinda-See-Em_Den;2008-04-10;2008;04;10;talek;745124;9840497;d
t62364;Kinda-See-Em_Den;2008-04-11;2008;04;11;talek;745124;9840497;d
t62379;Kinda-See-Em_Den;2008-04-12;2008;04;12;talek;745124;9840497;d
t62415;Kinda-See-Em_Den;2008-04-14;2008;04;14;talek;745124;9840497;d
t62443.1;Kinda-See-Em_Den;2008-04-17;2008;04;17;talek;745124;9840497;d
t62456;Kinda-See-Em_Den;2008-04-18;2008;04;18;talek;745124;9840497;d
t62504;Kinda-See-Em_Den;2008-04-23;2008;04;23;talek;745124;9840497;d
t62511;Kinda-See-Em_Den;2008-04-24;2008;04;24;talek;745124;9840497;d
t62532;Kinda-See-Em_Den;2008-04-25;2008;04;25;talek;745124;9840497;d
t62546;Kinda-See-Em_Den;2008-04-26;2008;04;26;talek;745124;9840497;d
t62554;Kinda-See-Em_Den;2008-05-04;2008;05;04;talek;745124;9840497;d
t62563;Kinda-See-Em_Den;2008-05-04;2008;05;04;talek;745124;9840497;d
t62569;Kinda-See-Em_Den;2008-05-05;2008;05;05;talek;745124;9840497;d
t62576;Kinda-See-Em_Den;2008-05-07;2008;05;07;talek;745124;9840497;d
t62583;Kinda-See-Em_Den;2008-05-08;2008;05;08;talek;745124;9840497;d
t62592.1;Crocodile_Den;2008-05-11;2008;05;11;talek;746043;9840060;d
t62598;Crocodile_Den;2008-05-13;2008;05;13;talek;746043;9840060;d
t62604;Crocodile_Den;2008-05-14;2008;05;14;talek;746043;9840060;d
t62610;Crocodile_Den;2008-05-14;2008;05;14;talek;746043;9840060;d
t62612;Crocodile_Den;2008-05-15;2008;05;15;talek;746043;9840060;d
t62621;Crocodile_Den;2008-05-15;2008;05;15;talek;746043;9840060;d
t62624;Crocodile_Camp_Den;2008-05-16;2008;05;16;talek;746008;9840226;d
t62631;Crocodile_Den;2008-05-16;2008;05;16;talek;746043;9840060;d
t62635;Crocodile_Den;2008-05-17;2008;05;17;talek;746043;9840060;d
t62645;Crocodile_Den;2008-05-17;2008;05;17;talek;746043;9840060;d
t62647;Crocodile_Den;2008-05-18;2008;05;18;talek;746043;9840060;d
t62654;Kinda-See-Em_Den;2008-05-18;2008;05;18;talek;745124;9840497;d
t62659;Kinda-See-Em_Den;2008-05-19;2008;05;19;talek;745124;9840497;d
t62669;Kinda-See-Em_Den;2008-05-19;2008;05;19;talek;745124;9840497;d
t62671;Crocodile_Den;2008-05-20;2008;05;20;talek;746043;9840060;d
t62701;Crocodile_Den;2008-05-22;2008;05;22;talek;746043;9840060;d
t62707;Kinda-See-Em_Den;2008-05-23;2008;05;23;talek;745124;9840497;d
t62708;Crocodile_Den;2008-05-23;2008;05;23;talek;746043;9840060;d
t62722;Crocodile_Den;2008-05-25;2008;05;25;talek;746043;9840060;d
t62732;Crocodile_Den;2008-05-27;2008;05;27;talek;746043;9840060;d
t62742;Kinda-See-Em_Den;2008-05-27;2008;05;27;talek;745124;9840497;d
t62751;Kinda-See-Em_Den;2008-05-28;2008;05;28;talek;745124;9840497;d
t62761;Kinda-See-Em_Den;2008-05-29;2008;05;29;talek;745124;9840497;d
t62766;Kinda-See-Em_Den;2008-05-30;2008;05;30;talek;745124;9840497;d
t62773;Kinda-See-Em_Den;2008-06-01;2008;06;01;talek;745124;9840497;d
t62780;Kinda-See-Em_Den;2008-06-01;2008;06;01;talek;745124;9840497;d
t62930;No_See_Em_Den;2008-06-24;2008;06;24;talek;744984;9840806;d
t62999;No_See_Em_Den;2008-07-04;2008;07;04;talek;744984;9840806;d
t63082;No_See_Em_Den;2008-07-14;2008;07;14;talek;744984;9840806;d
t63109;Kinda-See-Em_Den;2008-07-19;2008;07;19;talek;745124;9840497;d
t63115;Kinda-See-Em_Den;2008-07-19;2008;07;19;talek;745124;9840497;d
t63138;Kinda-See-Em_Den;2008-07-21;2008;07;21;talek;745124;9840497;d
t63147;Boulevard_Den;2008-07-22;2008;07;22;talek;744985;9839134;d
t63150;Boulevard_Den;2008-07-22;2008;07;22;talek;744985;9839134;d
t63162;Boulevard_Den;2008-07-23;2008;07;23;talek;744985;9839134;d
t63173;Boulevard_Den;2008-07-24;2008;07;24;talek;744985;9839134;d
t63180;Boulevard_Den;2008-07-25;2008;07;25;talek;744985;9839134;d
t63181;Boulevard_Den;2008-07-26;2008;07;26;talek;744985;9839134;d
t63184;Boulevard_Den;2008-07-26;2008;07;26;talek;744985;9839134;d
t63196;Boulevard_Den;2008-07-27;2008;07;27;talek;744985;9839134;d
t63197;Boulevard_Den;2008-07-27;2008;07;27;talek;744985;9839134;d
t63206;Boulevard_Den;2008-07-28;2008;07;28;talek;744985;9839134;d
t63211;Boulevard_Den;2008-07-29;2008;07;29;talek;744985;9839134;d
t63216;Boulevard_Den;2008-07-30;2008;07;30;talek;744985;9839134;d
t63220;Boulevard_Den;2008-07-31;2008;07;31;talek;744985;9839134;d
t63221;Kinda-See-Em_Den;2008-07-31;2008;07;31;talek;745124;9840497;d
t63228;Boulevard_Den;2008-08-01;2008;08;01;talek;744985;9839134;d
t63235;Boulevard_Den;2008-08-01;2008;08;01;talek;744985;9839134;d
t63246;Boulevard_Den;2008-08-04;2008;08;04;talek;744985;9839134;d
t63252;Boulevard_Den;2008-08-04;2008;08;04;talek;744985;9839134;d
t63254;Boulevard_Den;2008-08-04;2008;08;04;talek;744985;9839134;d
t63257;Boulevard_Den;2008-08-04;2008;08;04;talek;744985;9839134;d
t63261;Boulevard_Den;2008-08-05;2008;08;05;talek;744985;9839134;d
t63264;Boulevard_Den;2008-08-06;2008;08;06;talek;744985;9839134;d
t63267;Boulevard_Den;2008-08-07;2008;08;07;talek;744985;9839134;d
t63271;Boulevard_Den;2008-08-08;2008;08;08;talek;744985;9839134;d
t63279;Boulevard_Den;2008-08-08;2008;08;08;talek;744985;9839134;d
t63280;Kinda-See-Em_Den;2008-08-08;2008;08;08;talek;745124;9840497;d
t63285;Boulevard_Den;2008-08-09;2008;08;09;talek;744985;9839134;d
t63294;Boulevard_Den;2008-08-09;2008;08;09;talek;744985;9839134;d
t63298;Boulevard_Den;2008-08-09;2008;08;09;talek;744985;9839134;d
t63299;Boulevard_Den;2008-08-10;2008;08;10;talek;744985;9839134;d
t63307;Boulevard_Den;2008-08-10;2008;08;10;talek;744985;9839134;d
t63313;Boulevard_Den;2008-08-11;2008;08;11;talek;744985;9839134;d
t63318;Boulevard_Den;2008-08-11;2008;08;11;talek;744985;9839134;d
t63321;Boulevard_Den;2008-08-12;2008;08;12;talek;744985;9839134;d
t63324;Boulevard_Den;2008-08-12;2008;08;12;talek;744985;9839134;d
t63325;Kinda-See-Em_Den;2008-08-12;2008;08;12;talek;745124;9840497;d
t63328;Boulevard_Den;2008-08-13;2008;08;13;talek;744985;9839134;d
t63330;Kinda-See-Em_Den;2008-08-13;2008;08;13;talek;745124;9840497;d
t63337;Boulevard_Den;2008-08-13;2008;08;13;talek;744985;9839134;d
t63341;Boulevard_Den;2008-08-14;2008;08;14;talek;744985;9839134;d
t63349;Boulevard_Den;2008-08-14;2008;08;14;talek;744985;9839134;d
t63351;Boulevard_Den;2008-08-14;2008;08;14;talek;744985;9839134;d
t63354;Boulevard_Den;2008-08-14;2008;08;14;talek;744985;9839134;d
t63366;Boulevard_Den;2008-08-15;2008;08;15;talek;744985;9839134;d
t63368;Boulevard_Den;2008-08-15;2008;08;15;talek;744985;9839134;d
t63369;Boulevard_Den;2008-08-16;2008;08;16;talek;744985;9839134;d
t63372;Kinda-See-Em_Den;2008-08-16;2008;08;16;talek;745124;9840497;d
t63378;Boulevard_Den;2008-08-16;2008;08;16;talek;744985;9839134;d
t63381;Kinda-See-Em_Den;2008-08-16;2008;08;16;talek;745124;9840497;d
t63385;Boulevard_Den;2008-08-16;2008;08;16;talek;744985;9839134;d
t63386;Boulevard_Den;2008-08-17;2008;08;17;talek;744985;9839134;d
t63394;Kinda-See-Em_Den;2008-08-17;2008;08;17;talek;745124;9840497;d
t63397;Boulevard_Den;2008-08-17;2008;08;17;talek;744985;9839134;d
t63409;Boulevard_Den;2008-08-18;2008;08;18;talek;744985;9839134;d
t63412;Kinda-See-Em_Den;2008-08-18;2008;08;18;talek;745124;9840497;d
t63420;Kinda-See-Em_Den;2008-08-19;2008;08;19;talek;745124;9840497;d
t63427;Kinda-See-Em_Den;2008-08-20;2008;08;20;talek;745124;9840497;d
t63430;Kinda-See-Em_Den;2008-08-20;2008;08;20;talek;745124;9840497;d
t63437;Kinda-See-Em_Den;2008-08-22;2008;08;22;talek;745124;9840497;d
t63442;Kinda-See-Em_Den;2008-08-22;2008;08;22;talek;745124;9840497;d
t63448;Kinda-See-Em_Den;2008-08-23;2008;08;23;talek;745124;9840497;d
t63454;Kinda-See-Em_Den;2008-08-24;2008;08;24;talek;745124;9840497;d
t63462;Kinda-See-Em_Den;2008-08-24;2008;08;24;talek;745124;9840497;d
t63468;Kinda-See-Em_Den;2008-08-25;2008;08;25;talek;745124;9840497;d
t63470;Kinda-See-Em_Den;2008-09-01;2008;09;01;talek;745124;9840497;d
t63478;Kinda-See-Em_Den;2008-09-01;2008;09;01;talek;745124;9840497;d
t63480;Kinda-See-Em_Den;2008-09-02;2008;09;02;talek;745124;9840497;d
t63486;Kinda-See-Em_Den;2008-09-03;2008;09;03;talek;745124;9840497;d
t63491;Kinda-See-Em_Den;2008-09-04;2008;09;04;talek;745124;9840497;d
t63493;Kinda-See-Em_Den;2008-09-04;2008;09;04;talek;745124;9840497;d
t63496;Kinda-See-Em_Den;2008-09-05;2008;09;05;talek;745124;9840497;d
t63503;Kinda-See-Em_Den;2008-09-07;2008;09;07;talek;745124;9840497;d
t63506;Kinda-See-Em_Den;2008-09-08;2008;09;08;talek;745124;9840497;d
t63516;Kinda-See-Em_Den;2008-09-09;2008;09;09;talek;745124;9840497;d
t63522;Kinda-See-Em_Den;2008-09-10;2008;09;10;talek;745124;9840497;d
t63541;Kinda-See-Em_Den;2008-09-13;2008;09;13;talek;745124;9840497;d
t63547;Kinda-See-Em_Den;2008-09-14;2008;09;14;talek;745124;9840497;d
t63551;Kinda-See-Em_Den;2008-09-14;2008;09;14;talek;745124;9840497;d
t63594;Kinda-See-Em_Den;2008-09-21;2008;09;21;talek;745124;9840497;d
t63606;Kinda-See-Em_Den;2008-09-22;2008;09;22;talek;745124;9840497;d
t63626;Kinda-See-Em_Den;2008-09-29;2008;09;29;talek;745124;9840497;d
t63632;Kinda-See-Em_Den;2008-09-30;2008;09;30;talek;745124;9840497;d
t63662;Kinda-See-Em_Den;2008-10-02;2008;10;02;talek;745124;9840497;d
t63697;No_See_Em_Den;2008-10-07;2008;10;07;talek;744984;9840806;d
t63743;Paradise_Den;2008-10-09;2008;10;09;talek;746378;9836793;d
t63749;Kinda-See-Em_Den;2008-10-09;2008;10;09;talek;745124;9840497;d
t63763;Boulevard_Den;2008-10-11;2008;10;11;talek;744985;9839134;d
t63767;Boulevard_Den;2008-10-11;2008;10;11;talek;744985;9839134;d
t63777;Boulevard_Den;2008-10-14;2008;10;14;talek;744985;9839134;d
t63782;Boulevard_Den;2008-10-15;2008;10;15;talek;744985;9839134;d
t63791;Boulevard_Den;2008-10-15;2008;10;15;talek;744985;9839134;d
t63800;Boulevard_Den;2008-10-16;2008;10;16;talek;744985;9839134;d
t63809;Boulevard_Den;2008-10-17;2008;10;17;talek;744985;9839134;d
t63811;Kinda-See-Em_Den;2008-10-17;2008;10;17;talek;745124;9840497;d
t63822;Kinda-See-Em_Den;2008-10-18;2008;10;18;talek;745124;9840497;d
t63840;Boulevard_Den;2008-10-20;2008;10;20;talek;744985;9839134;d
t63847;Boulevard_Den;2008-10-22;2008;10;22;talek;744985;9839134;d
t63853;Boulevard_Den;2008-10-22;2008;10;22;talek;744985;9839134;d
t63858;Boulevard_Den;2008-10-24;2008;10;24;talek;744985;9839134;d
t63860;Kinda-See-Em_Den;2008-10-24;2008;10;24;talek;745124;9840497;d
t63864;Kinda-See-Em_Den;2008-10-24;2008;10;24;talek;745124;9840497;d
t63871;Waverly_Den;2008-10-25;2008;10;25;talek;744929;9839296;d
t63882;Boulevard_Den;2008-10-25;2008;10;25;talek;744985;9839134;d
t63884;Kinda-See-Em_Den;2008-10-25;2008;10;25;talek;745124;9840497;d
t63895;Boulevard_Den;2008-10-26;2008;10;26;talek;744985;9839134;d
t63896;Kinda-See-Em_Den;2008-10-26;2008;10;26;talek;745124;9840497;d
t63929;Boulevard_Den;2008-10-28;2008;10;28;talek;744985;9839134;d
t63945;Boulevard_Den;2008-10-29;2008;10;29;talek;744985;9839134;d
t63954;Waverly_Den;2008-10-30;2008;10;30;talek;744929;9839296;d
t63963;Boulevard_Den;2008-10-30;2008;10;30;talek;744985;9839134;d
t63965;Kinda-See-Em_Den;2008-10-30;2008;10;30;talek;745124;9840497;d
t63997;Boulevard_Den;2008-11-01;2008;11;01;talek;744985;9839134;d
t63998;Kinda-See-Em_Den;2008-11-01;2008;11;01;talek;745124;9840497;d
t64021;Boulevard_Den;2008-11-03;2008;11;03;talek;744985;9839134;d
t64029;Boulevard_Den;2008-11-04;2008;11;04;talek;744985;9839134;d
t64031;Kinda-See-Em_Den;2008-11-04;2008;11;04;talek;745124;9840497;d
t64040;Wayland_Den;2008-11-07;2008;11;07;talek;745254;9839856;d
t64054;Kinda-See-Em_Den;2008-11-09;2008;11;09;talek;745124;9840497;d
t64119;Wayland_Den;2008-11-13;2008;11;13;talek;745254;9839856;d
t64125;Wayland_Den;2008-11-13;2008;11;13;talek;745254;9839856;d
t64129;Wayland_Den;2008-11-14;2008;11;14;talek;745254;9839856;d
t64140;Wayland_Den;2008-11-14;2008;11;14;talek;745254;9839856;d
t64143;Kinda-See-Em_Den;2008-11-14;2008;11;14;talek;745124;9840497;d
t64153;Wayland_Den;2008-11-16;2008;11;16;talek;745254;9839856;d
t64154;Kinda-See-Em_Den;2008-11-16;2008;11;16;talek;745124;9840497;d
t64159;Wayland_Den;2008-11-17;2008;11;17;talek;745254;9839856;d
t64172;Wayland_Den;2008-11-17;2008;11;17;talek;745254;9839856;d
t64179;Wayland_Den;2008-11-17;2008;11;17;talek;745254;9839856;d
t64200;Wayland_Den;2008-11-18;2008;11;18;talek;745254;9839856;d
t64204;Wayland_Den;2008-11-19;2008;11;19;talek;745254;9839856;d
t64214;Wayland_Den;2008-11-19;2008;11;19;talek;745254;9839856;d
t64555;No_See_Em_Den;2008-12-22;2008;12;22;talek;744984;9840806;d
t64619;Kinda-See-Em_Den;2008-12-27;2008;12;27;talek;745124;9840497;d
t64670;Ranger_Den;2009-01-01;2009;01;01;talek;745281;9840331;d
t64783;Kinda-See-Em_Den;2009-01-11;2009;01;11;talek;745124;9840497;d
t64838;Kinda-See-Em_Den;2009-01-15;2009;01;15;talek;745124;9840497;d
t64846;Kinda-See-Em_Den;2009-01-16;2009;01;16;talek;745124;9840497;d
t64852;Kinda-See-Em_Den;2009-01-19;2009;01;19;talek;745124;9840497;d
t64860;Kinda-See-Em_Den;2009-01-20;2009;01;20;talek;745124;9840497;d
t64869;Kinda-See-Em_Den;2009-01-21;2009;01;21;talek;745124;9840497;d
t64887;Kinda-See-Em_Den;2009-01-22;2009;01;22;talek;745124;9840497;d
t64894;Kinda-See-Em_Den;2009-01-23;2009;01;23;talek;745124;9840497;d
t64895;Kinda-See-Em_Den;2009-01-23;2009;01;23;talek;745124;9840497;d
t64902;Kinda-See-Em_Den;2009-01-23;2009;01;23;talek;745124;9840497;d
t64925;Kinda-See-Em_Den;2009-01-25;2009;01;25;talek;745124;9840497;d
t64947;Kinda-See-Em_Den;2009-01-27;2009;01;27;talek;745124;9840497;d
t64959;Kinda-See-Em_Den;2009-01-29;2009;01;29;talek;745124;9840497;d
t64968;Kinda-See-Em_Den;2009-01-30;2009;01;30;talek;745124;9840497;d
t65002;Kinda-See-Em_Den;2009-02-06;2009;02;06;talek;745124;9840497;d
t65011;Kinda-See-Em_Den;2009-02-10;2009;02;10;talek;745124;9840497;d
t65029;Kinda-See-Em_Den;2009-02-13;2009;02;13;talek;745124;9840497;d
t65044;Kinda-See-Em_Den;2009-02-15;2009;02;15;talek;745124;9840497;d
t65048;Kinda-See-Em_Den;2009-02-16;2009;02;16;talek;745124;9840497;d
t65059;Kinda-See-Em_Den;2009-02-17;2009;02;17;talek;745124;9840497;d
t65174;Kinda-See-Em_Den;2009-04-25;2009;04;25;talek;745124;9840497;d
t65196;Kinda-See-Em_Den;2009-04-27;2009;04;27;talek;745124;9840497;d
t65222;Kinda-See-Em_Den;2009-04-29;2009;04;29;talek;745124;9840497;d
t65234;Kinda-See-Em_Den;2009-05-01;2009;05;01;talek;745124;9840497;d
t65478;No_See_Em_Den;2009-06-08;2009;06;08;talek;744984;9840806;d
t65709;Kinda-See-Em_Den;2009-06-24;2009;06;24;talek;745124;9840497;d
t65821;Paradise_Den;2009-07-02;2009;07;02;talek;746378;9836793;d
t65825;Paradise_Den;2009-07-02;2009;07;02;talek;746378;9836793;d
t65850;Holiday_Communal_Den;2009-07-06;2009;07;06;talek;746505;9836828;d
t65854;Holiday_Communal_Den;2009-07-06;2009;07;06;talek;746505;9836828;d
t65863;Paradise_Den;2009-07-06;2009;07;06;talek;746378;9836793;d
t65876;Holiday_Communal_Den;2009-07-07;2009;07;07;talek;746505;9836828;d
t65878;Holiday_Communal_Den;2009-07-07;2009;07;07;talek;746505;9836828;d
t65884;Paradise_Den;2009-07-08;2009;07;08;talek;746378;9836793;d
t65888;Paradise_Den;2009-07-09;2009;07;09;talek;746378;9836793;d
t65896;Holiday_Communal_Den;2009-07-09;2009;07;09;talek;746505;9836828;d
t65900;Paradise_Den;2009-07-09;2009;07;09;talek;746378;9836793;d
t65917;Paradise_Den;2009-07-11;2009;07;11;talek;746378;9836793;d
t65920;Paradise_Den;2009-07-11;2009;07;11;talek;746378;9836793;d
t65929;Paradise_Den;2009-07-11;2009;07;11;talek;746378;9836793;d
t65932;Paradise_Den;2009-07-11;2009;07;11;talek;746378;9836793;d
t65934;Paradise_Den;2009-07-11;2009;07;11;talek;746378;9836793;d
t65945;Paradise_Den;2009-07-14;2009;07;14;talek;746378;9836793;d
t65952;Paradise_Den;2009-07-14;2009;07;14;talek;746378;9836793;d
t65955;Paradise_Den;2009-07-14;2009;07;14;talek;746378;9836793;d
t65962;Paradise_Den;2009-07-15;2009;07;15;talek;746378;9836793;d
t65975;Paradise_Den;2009-07-16;2009;07;16;talek;746378;9836793;d
t65981;Wayland_Den;2009-07-16;2009;07;16;talek;745254;9839856;d
t65993;Paradise_Den;2009-07-17;2009;07;17;talek;746378;9836793;d
t65997;Holiday_Communal_Den;2009-07-18;2009;07;18;talek;746505;9836828;d
t66001;Paradise_Den;2009-07-18;2009;07;18;talek;746378;9836793;d
t66010;Paradise_Den;2009-07-20;2009;07;20;talek;746378;9836793;d
t66030;Paradise_Den;2009-07-26;2009;07;26;talek;746378;9836793;d
t66032;Paradise_Den;2009-07-26;2009;07;26;talek;746378;9836793;d
t66035;Paradise_Den;2009-07-27;2009;07;27;talek;746378;9836793;d
t66050;Holiday_Communal_Den;2009-07-28;2009;07;28;talek;746505;9836828;d
t66060;Paradise_Den;2009-07-28;2009;07;28;talek;746378;9836793;d
t66062;Paradise_Den;2009-07-29;2009;07;29;talek;746378;9836793;d
t66064;Paradise_Den;2009-07-29;2009;07;29;talek;746378;9836793;d
t66071;Paradise_Den;2009-07-30;2009;07;30;talek;746378;9836793;d
t66077;Holiday_Communal_Den;2009-07-30;2009;07;30;talek;746505;9836828;d
t66081;Paradise_Den;2009-07-31;2009;07;31;talek;746378;9836793;d
t66085;Paradise_Den;2009-07-31;2009;07;31;talek;746378;9836793;d
t66229;Croton_Edge_Communal_Den;2009-08-11;2009;08;11;talek;746952;9837148;d
t66244;Croton_Edge_Communal_Den;2009-08-11;2009;08;11;talek;746952;9837148;d
t66249;Croton_Edge_Communal_Den;2009-08-12;2009;08;12;talek;746952;9837148;d
t66255;Croton_Edge_Communal_Den;2009-08-12;2009;08;12;talek;746952;9837148;d
t66281;Croton_Edge_Communal_Den;2009-08-13;2009;08;13;talek;746952;9837148;d
t66329;Croton_Edge_Communal_Den;2009-08-17;2009;08;17;talek;746952;9837148;d
t66347;Croton_Edge_Communal_Den;2009-08-17;2009;08;17;talek;746952;9837148;d
t66473;Croton_Edge_Communal_Den;2009-08-25;2009;08;25;talek;746952;9837148;d
t66550;Croton_Edge_Communal_Den;2009-09-02;2009;09;02;talek;746952;9837148;d
t66593;No_See_Em_Den;2009-09-07;2009;09;07;talek;744984;9840806;d
t66596;No_See_Em_Den;2009-09-08;2009;09;08;talek;744984;9840806;d
t66683;Kinda-See-Em_Den;2009-09-14;2009;09;14;talek;745124;9840497;d
t66744;No_See_Em_Den;2009-09-17;2009;09;17;talek;744984;9840806;d
t67030;No_See_Em_Den;2009-10-04;2009;10;04;talek;744984;9840806;d
t67060;No_See_Em_Den;2009-10-07;2009;10;07;talek;744984;9840806;d
t67065;No_See_Em_Den;2009-10-09;2009;10;09;talek;744984;9840806;d
t67114;No_See_Em_Den;2009-10-13;2009;10;13;talek;744984;9840806;d
t67139;Lovenest_Den;2009-10-15;2009;10;15;talek;747061;9837156;d
t67195;Lala_Den;2009-10-18;2009;10;18;talek;744591;9841032;d
t67197;Croton_Edge_Communal_Den;2009-10-19;2009;10;19;talek;746952;9837148;d
t67234;Croton_Edge_Communal_Den;2009-10-22;2009;10;22;talek;746952;9837148;d
t67363;Croton_Edge_Communal_Den;2009-11-02;2009;11;02;talek;746952;9837148;d
t67373;Croton_Edge_Communal_Den;2009-11-03;2009;11;03;talek;746952;9837148;d
t67391;No_See_Em_Den;2009-11-03;2009;11;03;talek;744984;9840806;d
t67392;Croton_Edge_Communal_Den;2009-11-03;2009;11;03;talek;746952;9837148;d
t67482;Croton_Edge_Communal_Den;2009-11-14;2009;11;14;talek;746952;9837148;d
t67493;Croton_Edge_Communal_Den;2009-11-15;2009;11;15;talek;746952;9837148;d
t67525;Croton_Edge_Communal_Den;2009-11-17;2009;11;17;talek;746952;9837148;d
t67529;Croton_Edge_Communal_Den;2009-11-17;2009;11;17;talek;746952;9837148;d
t67536;Croton_Edge_Communal_Den;2009-11-18;2009;11;18;talek;746952;9837148;d
t67543;Croton_Edge_Communal_Den;2009-11-19;2009;11;19;talek;746952;9837148;d
t67567;Croton_Edge_Communal_Den;2009-11-21;2009;11;21;talek;746952;9837148;d
t67572;Croton_Edge_Communal_Den;2009-11-22;2009;11;22;talek;746952;9837148;d
t67593;Croton_Edge_Communal_Den;2009-11-24;2009;11;24;talek;746952;9837148;d
t67597;Kinda-See-Em_Den;2009-11-24;2009;11;24;talek;745124;9840497;d
t67620;Croton_Edge_Communal_Den;2009-11-27;2009;11;27;talek;746952;9837148;d
t67726;Croton_Edge_Communal_Den;2009-12-04;2009;12;04;talek;746952;9837148;d
t67832;Croton_Edge_Communal_Den;2009-12-18;2009;12;18;talek;746952;9837148;d
t67849;Croton_Edge_Communal_Den;2009-12-20;2009;12;20;talek;746952;9837148;d
t67876;Croton_Edge_Communal_Den;2009-12-22;2009;12;22;talek;746952;9837148;d
t67903;Croton_Edge_Communal_Den;2009-12-23;2009;12;23;talek;746952;9837148;d
t67990;Croton_Edge_Communal_Den;2010-01-13;2010;01;13;talek;746952;9837148;d
t68029;Croton_Edge_Communal_Den;2010-01-14;2010;01;14;talek;746952;9837148;d
t68166;Kinda-See-Em_Den;2010-01-26;2010;01;26;talek;745124;9840497;d
t68175;Kinda-See-Em_Den;2010-01-27;2010;01;27;talek;745124;9840497;d
t68199;Kinda-See-Em_Den;2010-01-28;2010;01;28;talek;745124;9840497;d
t68220;Kinda-See-Em_Den;2010-01-30;2010;01;30;talek;745124;9840497;d
t68232;Kinda-See-Em_Den;2010-01-30;2010;01;30;talek;745124;9840497;d
t68245;Kinda-See-Em_Den;2010-01-31;2010;01;31;talek;745124;9840497;d
t68257;Kinda-See-Em_Den;2010-02-01;2010;02;01;talek;745124;9840497;d
t68273;Kinda-See-Em_Den;2010-02-02;2010;02;02;talek;745124;9840497;d
t68340;Kinda-See-Em_Den;2010-02-05;2010;02;05;talek;745124;9840497;d
t68755;Kinda-See-Em_Den;2010-03-24;2010;03;24;talek;745124;9840497;d
t68764;Kinda-See-Em_Den;2010-03-25;2010;03;25;talek;745124;9840497;d
t68856;Kinda_See_Em_Den_Two;2010-03-29;2010;03;29;talek;745085;9840608;cd
t68907;Kinda_See_Em_Den_Two;2010-04-02;2010;04;02;talek;745085;9840608;cd
t68938;Kinda_See_Em_Den_Two;2010-04-03;2010;04;03;talek;745085;9840608;cd
t68955;Kinda_See_Em_Den_Two;2010-04-04;2010;04;04;talek;745085;9840608;cd
t68981;Kinda_See_Em_Den_Two;2010-04-06;2010;04;06;talek;745085;9840608;cd
t68995;Kinda_See_Em_Den_Two;2010-04-07;2010;04;07;talek;745085;9840608;cd
t69010;Kinda_See_Em_Den_Two;2010-04-07;2010;04;07;talek;745085;9840608;cd
t69022;Kinda_See_Em_Den_Two;2010-04-09;2010;04;09;talek;745085;9840608;cd
t69050;Kinda_See_Em_Den_Two;2010-04-10;2010;04;10;talek;745085;9840608;cd
t69077;Kinda_See_Em_Den_Two;2010-04-11;2010;04;11;talek;745085;9840608;cd
t69116;Kinda_See_Em_Den_Two;2010-04-15;2010;04;15;talek;745085;9840608;cd
t69140;Kinda_See_Em_Den_Two;2010-04-18;2010;04;18;talek;745085;9840608;cd
t69160;Kinda_See_Em_Den_Two;2010-04-19;2010;04;19;talek;745085;9840608;cd
t69167;Kinda_See_Em_Den_Two;2010-04-20;2010;04;20;talek;745085;9840608;cd
t69193;Kinda_See_Em_Den_Two;2010-04-22;2010;04;22;talek;745085;9840608;cd
t69220;Kinda_See_Em_Den_Two;2010-04-24;2010;04;24;talek;745085;9840608;cd
t69284;Kinda_See_Em_Den_Two;2010-04-26;2010;04;26;talek;745085;9840608;cd
t69296;Kinda_See_Em_Den_Two;2010-04-27;2010;04;27;talek;745085;9840608;cd
t69316;Kinda_See_Em_Den_Two;2010-04-27;2010;04;27;talek;745085;9840608;cd
t69336;Kinda_See_Em_Den_Two;2010-04-28;2010;04;28;talek;745085;9840608;cd
t69343;Kinda_See_Em_Den_Two;2010-04-29;2010;04;29;talek;745085;9840608;cd
t69382;Kinda_See_Em_Den_Two;2010-04-29;2010;04;29;talek;745085;9840608;cd
t69426;Kinda_See_Em_Den_Two;2010-05-02;2010;05;02;talek;745085;9840608;cd
t69453;Kinda_See_Em_Den_Two;2010-05-03;2010;05;03;talek;745085;9840608;cd
t69506;Kinda_See_Em_Den_Two;2010-05-05;2010;05;05;talek;745085;9840608;cd
t69533;Kinda_See_Em_Den_Two;2010-05-06;2010;05;06;talek;745085;9840608;cd
t69551;Kinda_See_Em_Den_Two;2010-05-08;2010;05;08;talek;745085;9840608;cd
t69580;Kinda_See_Em_Den_Two;2010-05-14;2010;05;14;talek;745085;9840608;cd
t69719;Kinda_See_Em_Den_Two;2010-05-22;2010;05;22;talek;745085;9840608;cd
t69918;Crocodile_Den;2010-06-03;2010;06;03;talek;746043;9840060;d
t69920;Crocodile_Den;2010-06-04;2010;06;04;talek;746043;9840060;d
t69937;Crocodile_Camp_Den;2010-06-05;2010;06;05;talek;746008;9840226;d
t69956;Crocodile_Den;2010-06-05;2010;06;05;talek;746043;9840060;d
t69959;Crocodile_Den;2010-06-06;2010;06;06;talek;746043;9840060;d
t70000;Crocodile_Den;2010-06-08;2010;06;08;talek;746043;9840060;d
t70002;Crocodile_Den;2010-06-09;2010;06;09;talek;746043;9840060;d
t70007;Dave's_Den;2010-06-09;2010;06;09;talek;747491;9837478;cd
t70022;Crocodile_Den;2010-06-09;2010;06;09;talek;746043;9840060;d
t70024;Crocodile_Den;2010-06-10;2010;06;10;talek;746043;9840060;d
t70026;Dave's_Den;2010-06-10;2010;06;10;talek;747491;9837478;cd
t70033;Dave's_Den;2010-06-10;2010;06;10;talek;747491;9837478;cd
t70044;Dave's_Den;2010-06-11;2010;06;11;talek;747491;9837478;cd
t70059;Dave's_Den;2010-06-13;2010;06;13;talek;747491;9837478;cd
t70076;Dave's_Den;2010-06-13;2010;06;13;talek;747491;9837478;cd
t70093;Dave's_Den;2010-06-14;2010;06;14;talek;747491;9837478;cd
t70099;Dave's_Den;2010-06-14;2010;06;14;talek;747491;9837478;cd
t70114;Dave's_Den;2010-06-15;2010;06;15;talek;747491;9837478;cd
t70122;Dave's_Den;2010-06-15;2010;06;15;talek;747491;9837478;cd
t70142;Dave's_Den;2010-06-17;2010;06;17;talek;747491;9837478;cd
t70149;Dave's_Den;2010-06-17;2010;06;17;talek;747491;9837478;cd
t70162;Dave's_Den;2010-06-17;2010;06;17;talek;747491;9837478;cd
t70191;Dave's_Den;2010-06-19;2010;06;19;talek;747491;9837478;cd
t70202;Dave's_Den;2010-06-19;2010;06;19;talek;747491;9837478;cd
t70206;Dave's_Den;2010-06-19;2010;06;19;talek;747491;9837478;cd
t70210;Dave's_Den;2010-06-19;2010;06;19;talek;747491;9837478;cd
t70228;Dave's_Den;2010-06-20;2010;06;20;talek;747491;9837478;cd
t70234;Dave's_Den;2010-06-20;2010;06;20;talek;747491;9837478;cd
t70239;Dave's_Den;2010-06-21;2010;06;21;talek;747491;9837478;cd
t70263;Dave's_Den;2010-06-21;2010;06;21;talek;747491;9837478;cd
t70269;Dave's_Den;2010-06-22;2010;06;22;talek;747491;9837478;cd
t70273;Dave's_Den;2010-06-23;2010;06;23;talek;747491;9837478;cd
t70292;Dave's_Den;2010-06-23;2010;06;23;talek;747491;9837478;cd
t70306;Dave's_Den;2010-06-24;2010;06;24;talek;747491;9837478;cd
t70310;Dave's_Den;2010-06-24;2010;06;24;talek;747491;9837478;cd
t70327;Dave's_Den;2010-06-26;2010;06;26;talek;747491;9837478;cd
t70350;Dave's_Den;2010-07-01;2010;07;01;talek;747491;9837478;cd
t70369;Croton_Edge_Communal_Den;2010-07-02;2010;07;02;talek;746952;9837148;d
t70373;Croton_Edge_Communal_Den;2010-07-03;2010;07;03;talek;746952;9837148;d
t70379;Croton_Edge_Communal_Den;2010-07-03;2010;07;03;talek;746952;9837148;d
t70391;Croton_Edge_Communal_Den;2010-07-03;2010;07;03;talek;746952;9837148;d
t70393;Croton_Edge_Communal_Den;2010-07-03;2010;07;03;talek;746952;9837148;d
t70409;Croton_Edge_Communal_Den;2010-07-05;2010;07;05;talek;746952;9837148;d
t70417;Dave's_Den;2010-07-06;2010;07;06;talek;747491;9837478;cd
t70419;Dave's_Den;2010-07-06;2010;07;06;talek;747491;9837478;cd
t70461;Croton_Edge_Communal_Den;2010-07-08;2010;07;08;talek;746952;9837148;d
t70474;Dave's_Den;2010-07-10;2010;07;10;talek;747491;9837478;cd
t70486;Croton_Edge_Communal_Den;2010-07-10;2010;07;10;talek;746952;9837148;d
t70487;Dave's_Den;2010-07-10;2010;07;10;talek;747491;9837478;cd
t70493;Dave's_Den;2010-07-11;2010;07;11;talek;747491;9837478;cd
t70537;Dave's_Den;2010-07-12;2010;07;12;talek;747491;9837478;cd
t70546;Croton_Edge_Communal_Den;2010-07-14;2010;07;14;talek;746952;9837148;d
t70555;Croton_Edge_Communal_Den;2010-07-15;2010;07;15;talek;746952;9837148;d
t70566;Croton_Edge_Communal_Den;2010-07-17;2010;07;17;talek;746952;9837148;d
t70604;Croton_Edge_Communal_Den;2010-07-22;2010;07;22;talek;746952;9837148;d
t70649;Dave's_Den;2010-07-24;2010;07;24;talek;747491;9837478;cd
t70655;Dave's_Den;2010-07-25;2010;07;25;talek;747491;9837478;cd
t70664;Dave's_Den;2010-07-26;2010;07;26;talek;747491;9837478;cd
t70667;Croton_Edge_Communal_Den;2010-07-29;2010;07;29;talek;746952;9837148;d
t70677;Dave's_Den;2010-07-30;2010;07;30;talek;747491;9837478;cd
t70716;Dave's_Den;2010-07-31;2010;07;31;talek;747491;9837478;cd
t70729;Dave's_Den;2010-08-02;2010;08;02;talek;747491;9837478;cd
t70917;Croton_Edge_Communal_Den;2010-08-24;2010;08;24;talek;746952;9837148;d
t70956;Croton_Edge_Communal_Den;2010-08-30;2010;08;30;talek;746952;9837148;d
t70963;Croton_Edge_Communal_Den;2010-09-01;2010;09;01;talek;746952;9837148;d
t70976;Croton_Edge_Communal_Den;2010-09-04;2010;09;04;talek;746952;9837148;d
t70991;Croton_Edge_Communal_Den;2010-09-06;2010;09;06;talek;746952;9837148;d
t71002;Croton_Edge_Communal_Den;2010-09-08;2010;09;08;talek;746952;9837148;d
t71003;Croton_Edge_Communal_Den;2010-09-09;2010;09;09;talek;746952;9837148;d
t71008;Croton_Edge_Communal_Den;2010-09-09;2010;09;09;talek;746952;9837148;d
t71022;Croton_Edge_Communal_Den;2010-09-10;2010;09;10;talek;746952;9837148;d
t71035;Croton_Edge_Communal_Den;2010-09-12;2010;09;12;talek;746952;9837148;d
t71036;Croton_Edge_Communal_Den;2010-09-13;2010;09;13;talek;746952;9837148;d
t71044;Croton_Edge_Communal_Den;2010-09-14;2010;09;14;talek;746952;9837148;d
t71055;Croton_Edge_Communal_Den;2010-09-15;2010;09;15;talek;746952;9837148;d
t71106;Croton_Edge_Communal_Den;2010-09-25;2010;09;25;talek;746952;9837148;d
t71122;Kinda-See-Em_Den;2010-09-26;2010;09;26;talek;745124;9840497;d
t71126;Kinda-See-Em_Den;2010-09-27;2010;09;27;talek;745124;9840497;d
t71139;Kinda_See_Em_Den_Two;2010-09-28;2010;09;28;talek;745085;9840608;cd
t71166;Kinda-See-Em_Den;2010-10-01;2010;10;01;talek;745124;9840497;d
t71174;Kinda-See-Em_Den;2010-10-04;2010;10;04;talek;745124;9840497;d
t71193;Kinda-See-Em_Den;2010-10-09;2010;10;09;talek;745124;9840497;d
t71233;Kinda-See-Em_Den;2010-10-16;2010;10;16;talek;745124;9840497;d
t71243;Kinda_See_Em_Den_Two;2010-10-17;2010;10;17;talek;745085;9840608;cd
t71250;Kinda-See-Em_Den;2010-10-18;2010;10;18;talek;745124;9840497;d
t71257;Kinda_See_Em_Den_Two;2010-10-19;2010;10;19;talek;745085;9840608;cd
t71278;Kinda_See_Em_Den_Two;2010-10-21;2010;10;21;talek;745085;9840608;cd
t71288;Kinda_See_Em_Den_Two;2010-10-22;2010;10;22;talek;745085;9840608;cd
t71295;Kinda_See_Em_Den_Two;2010-10-22;2010;10;22;talek;745085;9840608;cd
t71310;Kinda_See_Em_Den_Two;2010-10-23;2010;10;23;talek;745085;9840608;cd
t71336;No_See_Em_Den;2010-10-26;2010;10;26;talek;744984;9840806;d
t71343;Kinda_See_Em_Den_Two;2010-10-27;2010;10;27;talek;745085;9840608;cd
t71354;Kinda_See_Em_Den_Two;2010-10-28;2010;10;28;talek;745085;9840608;cd
t71371;Kinda_See_Em_Den_Two;2010-10-29;2010;10;29;talek;745085;9840608;cd
t71375;Kinda_See_Em_Den_Two;2010-11-01;2010;11;01;talek;745085;9840608;cd
t71380;Kinda_See_Em_Den_Two;2010-11-02;2010;11;02;talek;745085;9840608;cd
t71401;Kinda-See-Em_Den;2010-11-03;2010;11;03;talek;745124;9840497;d
t71403;Kinda-See-Em_Den;2010-11-03;2010;11;03;talek;745124;9840497;d
t71408;Kinda_See_Em_Den_Two;2010-11-04;2010;11;04;talek;745085;9840608;cd
t71416;Kinda_See_Em_Den_Two;2010-11-05;2010;11;05;talek;745085;9840608;cd
t71423;Kinda_See_Em_Den_Two;2010-11-06;2010;11;06;talek;745085;9840608;cd
t71456;Kinda_See_Em_Den_Two;2010-11-09;2010;11;09;talek;745085;9840608;cd
t71556;Kinda_See_Em_Den_Two;2010-11-15;2010;11;15;talek;745085;9840608;cd
t71676;Croton_Edge_Communal_Den;2010-11-28;2010;11;28;talek;746952;9837148;d
t71691;Croton_Edge_Communal_Den;2010-12-12;2010;12;12;talek;746952;9837148;d
t71707;Croton_Edge_Communal_Den;2010-12-13;2010;12;13;talek;746952;9837148;d
t71718;Croton_Edge_Communal_Den;2010-12-15;2010;12;15;talek;746952;9837148;d
t71723;Croton_Edge_Communal_Den;2010-12-16;2010;12;16;talek;746952;9837148;d
t71731;Croton_Edge_Communal_Den;2010-12-17;2010;12;17;talek;746952;9837148;d
t71747;Croton_Edge_Communal_Den;2010-12-19;2010;12;19;talek;746952;9837148;d
t71752;Croton_Edge_Communal_Den;2010-12-20;2010;12;20;talek;746952;9837148;d
t71754;Croton_Edge_Communal_Den;2010-12-23;2010;12;23;talek;746952;9837148;d
t71760;Croton_Edge_Communal_Den;2010-12-24;2010;12;24;talek;746952;9837148;d
t71763;Croton_Edge_Communal_Den;2010-12-24;2010;12;24;talek;746952;9837148;d
t71767;Croton_Edge_Communal_Den;2010-12-24;2010;12;24;talek;746952;9837148;d
t71768;Croton_Edge_Communal_Den;2010-12-25;2010;12;25;talek;746952;9837148;d
t71772;Croton_Edge_Communal_Den;2010-12-26;2010;12;26;talek;746952;9837148;d
t71785;Croton_Edge_Communal_Den;2010-12-27;2010;12;27;talek;746952;9837148;d
t71798;Croton_Edge_Communal_Den;2010-12-29;2010;12;29;talek;746952;9837148;d
t71806;Croton_Edge_Communal_Den;2010-12-30;2010;12;30;talek;746952;9837148;d
t71810;Croton_Edge_Communal_Den;2010-12-31;2010;12;31;talek;746952;9837148;d
t71824;Croton_Edge_Communal_Den;2011-01-01;2011;01;01;talek;746952;9837148;d
t71827;Croton_Edge_Communal_Den;2011-01-02;2011;01;02;talek;746952;9837148;d
t71843;Croton_Edge_Communal_Den;2011-01-03;2011;01;03;talek;746952;9837148;d
t71860;Croton_Edge_Communal_Den;2011-01-05;2011;01;05;talek;746952;9837148;d
t71878;Croton_Edge_Communal_Den;2011-01-06;2011;01;06;talek;746952;9837148;d
t71893;Croton_Edge_Communal_Den;2011-01-10;2011;01;10;talek;746952;9837148;d
t71896;Croton_Edge_Communal_Den;2011-01-11;2011;01;11;talek;746952;9837148;d
t71924;Kinda_See_Em_Den_Two;2011-01-14;2011;01;14;talek;745085;9840608;cd
t71939;Kinda_See_Em_Den_Two;2011-01-16;2011;01;16;talek;745085;9840608;cd
t71941;Kinda_See_Em_Den_Two;2011-01-17;2011;01;17;talek;745085;9840608;cd
t71963;Kinda_See_Em_Den_Two;2011-01-21;2011;01;21;talek;745085;9840608;cd
t71973;Kinda_See_Em_Den_Two;2011-01-22;2011;01;22;talek;745085;9840608;cd
t71980;Kinda_See_Em_Den_Two;2011-01-23;2011;01;23;talek;745085;9840608;cd
t71992;Kinda_See_Em_Den_Two;2011-01-24;2011;01;24;talek;745085;9840608;cd
t72001;Kinda_See_Em_Den_Two;2011-01-25;2011;01;25;talek;745085;9840608;cd
t72011;Kinda_See_Em_Den_Two;2011-01-26;2011;01;26;talek;745085;9840608;cd
t72019;Kinda_See_Em_Den_Two;2011-01-27;2011;01;27;talek;745085;9840608;cd
t72039;Kinda_See_Em_Den_Two;2011-01-29;2011;01;29;talek;745085;9840608;cd
t72046;Kinda_See_Em_Den_Two;2011-01-30;2011;01;30;talek;745085;9840608;cd
t72062;Kinda_See_Em_Den_Two;2011-01-31;2011;01;31;talek;745085;9840608;cd
t72126;Kinda_See_Em_Den_Two;2011-02-06;2011;02;06;talek;745085;9840608;cd
t72128;Kinda_See_Em_Den_Two;2011-02-06;2011;02;06;talek;745085;9840608;cd
t72298;Plantation_Den;2011-03-03;2011;03;03;talek;746293;9839498;d
t72363;Dave's_Den;2011-03-17;2011;03;17;talek;747491;9837478;cd
t72372.1;Dave's_Den;2011-03-17;2011;03;17;talek;747491;9837478;cd
t72375;Dave's_Den;2011-03-23;2011;03;23;talek;747491;9837478;cd
t72386;Dave's_Den;2011-03-23;2011;03;23;talek;747491;9837478;cd
t72396;Dave's_Den;2011-03-24;2011;03;24;talek;747491;9837478;cd
t72407;Dave's_Den;2011-03-26;2011;03;26;talek;747491;9837478;cd
t72410;Dave's_Den;2011-03-27;2011;03;27;talek;747491;9837478;cd
t72433;Dave_Den;2011-03-27;2011;03;27;talek;747491;9837478;d
t72436;Dave's_Den;2011-03-28;2011;03;28;talek;747491;9837478;cd
t72440;Dave's_Den;2011-03-29;2011;03;29;talek;747491;9837478;cd
t72445;Dave's_Den;2011-03-30;2011;03;30;talek;747491;9837478;cd
t72458;Dave's_Den;2011-03-31;2011;03;31;talek;747491;9837478;cd
t72465;Dave's_Den;2011-04-01;2011;04;01;talek;747491;9837478;cd
t72470;Dave's_Den;2011-04-02;2011;04;02;talek;747491;9837478;cd
t72471;Dave's_Den;2011-04-03;2011;04;03;talek;747491;9837478;cd
t72481;Dave's_Den;2011-04-03;2011;04;03;talek;747491;9837478;cd
t72484;Dave's_Den;2011-04-05;2011;04;05;talek;747491;9837478;cd
t72486;Dave's_Den;2011-04-05;2011;04;05;talek;747491;9837478;cd
t72504;Dave's_Den;2011-04-06;2011;04;06;talek;747491;9837478;cd
t72518;Dave's_Den;2011-04-07;2011;04;07;talek;747491;9837478;cd
t72522;Dave's_Den;2011-04-08;2011;04;08;talek;747491;9837478;cd
t72544;Dave's_Den;2011-04-09;2011;04;09;talek;747491;9837478;cd
t72546;Dave's_Den;2011-04-09;2011;04;09;talek;747491;9837478;cd
t72548;Dave's_Den;2011-04-10;2011;04;10;talek;747491;9837478;cd
t72554;Dave's_Den;2011-04-10;2011;04;10;talek;747491;9837478;cd
t72560;Dave's_Den;2011-04-11;2011;04;11;talek;747491;9837478;cd
t72593;K6_Den;2011-04-16;2011;04;16;talek;749032;9836434;d
t72595;Riverbend_Den;2011-04-17;2011;04;17;talek;748477;9838427;d
t72603;Riverbend_Den;2011-04-17;2011;04;17;talek;748477;9838427;d
t72605;Riverbend_Den;2011-04-18;2011;04;18;talek;748477;9838427;d
t72607;Riverbend_Den;2011-04-19;2011;04;19;talek;748477;9838427;d
t72613;Riverbend_Den;2011-04-19;2011;04;19;talek;748477;9838427;d
t72614;Riverbend_Den;2011-04-20;2011;04;20;talek;748477;9838427;d
t72620;Riverbend_Den;2011-04-20;2011;04;20;talek;748477;9838427;d
t72621;Riverbend_Den;2011-04-21;2011;04;21;talek;748477;9838427;d
t72626;Riverbend_Den;2011-04-23;2011;04;23;talek;748477;9838427;d
t72643;Riverbend_Den;2011-04-24;2011;04;24;talek;748477;9838427;d
t72655;Riverbend_Den;2011-04-24;2011;04;24;talek;748477;9838427;d
t72672;Riverbend_Den;2011-04-25;2011;04;25;talek;748477;9838427;d
t72681;Lightning_Den;2011-04-26;2011;04;26;talek;747326;9838572;d
t72687;Riverbend_Den;2011-04-27;2011;04;27;talek;748477;9838427;d
t72689;Riverbend_Den;2011-04-27;2011;04;27;talek;748477;9838427;d
t72693;Lightning_Den;2011-04-27;2011;04;27;talek;747326;9838572;d
t72702;Riverbend_Den;2011-04-27;2011;04;27;talek;748477;9838427;d
t72714;Riverbend_Den;2011-04-28;2011;04;28;talek;748477;9838427;d
t72724;Riverbend_Den;2011-04-28;2011;04;28;talek;748477;9838427;d
t72726;Riverbend_Den;2011-04-29;2011;04;29;talek;748477;9838427;d
t72732;Riverbend_Den;2011-04-30;2011;04;30;talek;748477;9838427;d
t72761;Riverbend_Den;2011-05-04;2011;05;04;talek;748477;9838427;d
t72803;Riverbend_Den;2011-05-07;2011;05;07;talek;748477;9838427;d
t72811;Riverbend_Den;2011-05-09;2011;05;09;talek;748477;9838427;d
t72814;Riverbend_Den;2011-05-09;2011;05;09;talek;748477;9838427;d
t72829;Riverbend_Den;2011-05-10;2011;05;10;talek;748477;9838427;d
t72842;Riverbend_Den;2011-05-12;2011;05;12;talek;748477;9838427;d
t72844;Riverbend_Den;2011-05-12;2011;05;12;talek;748477;9838427;d
t72850;Riverbend_Den;2011-05-13;2011;05;13;talek;748477;9838427;d
t72860;Riverbend_Den;2011-05-13;2011;05;13;talek;748477;9838427;d
t72863;Riverbend_Den;2011-05-14;2011;05;14;talek;748477;9838427;d
t72877;Riverbend_Den;2011-05-14;2011;05;14;talek;748477;9838427;d
t72880;Riverbend_Den;2011-05-15;2011;05;15;talek;748477;9838427;d
t72904;Resurrection_Communal_Den;2011-05-15;2011;05;15;talek;747569;9838508;d
t72907;Riverbend_Den;2011-05-15;2011;05;15;talek;748477;9838427;d
t72926;Riverbend_Den;2011-05-16;2011;05;16;talek;748477;9838427;d
t72927;Riverbend_Den;2011-05-17;2011;05;17;talek;748477;9838427;d
t72928;Resurrection_Communal_Den;2011-05-17;2011;05;17;talek;747569;9838508;d
t72947;Riverbend_Den;2011-05-17;2011;05;17;talek;748477;9838427;d
t72964;Resurrection_Communal_Den;2011-05-18;2011;05;18;talek;747569;9838508;d
t72983;Resurrection_Communal_Den;2011-05-20;2011;05;20;talek;747569;9838508;d
t73000;Resurrection_Communal_Den;2011-05-21;2011;05;21;talek;747569;9838508;d
t73004;Resurrection_Communal_Den;2011-05-23;2011;05;23;talek;747569;9838508;d
t73017;Resurrection_Communal_Den;2011-05-24;2011;05;24;talek;747569;9838508;d
t73018;Resurrection_Communal_Den;2011-05-25;2011;05;25;talek;747569;9838508;d
t73023;Dave's_Den;2011-05-25;2011;05;25;talek;747491;9837478;cd
t73032;Dave's_Den;2011-05-25;2011;05;25;talek;747491;9837478;cd
t73035;Dave's_Den;2011-05-26;2011;05;26;talek;747491;9837478;cd
t73044;Dave's_Den;2011-05-27;2011;05;27;talek;747491;9837478;cd
t73045;Resurrection_Communal_Den;2011-05-27;2011;05;27;talek;747569;9838508;d
t73053;Resurrection_Communal_Den;2011-05-28;2011;05;28;talek;747569;9838508;d
t73067;Dave's_Den;2011-05-28;2011;05;28;talek;747491;9837478;cd
t73071;Dave's_Den;2011-05-29;2011;05;29;talek;747491;9837478;cd
t73075;Resurrection_Communal_Den;2011-05-29;2011;05;29;talek;747569;9838508;d
t73085;Resurrection_Communal_Den;2011-05-29;2011;05;29;talek;747569;9838508;d
t73090;Dave's_Den;2011-05-29;2011;05;29;talek;747491;9837478;cd
t73091;Resurrection_Communal_Den;2011-05-30;2011;05;30;talek;747569;9838508;d
t73092;Dave's_Den;2011-05-30;2011;05;30;talek;747491;9837478;cd
t73101;Dave_Den;2011-05-30;2011;05;30;talek;747491;9837478;d
t73106;Dave's_Den;2011-05-30;2011;05;30;talek;747491;9837478;cd
t73118;Dave's_Den;2011-05-31;2011;05;31;talek;747491;9837478;cd
t73131;Dave's_Den;2011-06-01;2011;06;01;talek;747491;9837478;cd
t73143;Resurrection_Communal_Den;2011-06-02;2011;06;02;talek;747569;9838508;d
t73146;Dave's_Den;2011-06-02;2011;06;02;talek;747491;9837478;cd
t73148;Dave's_Den;2011-06-02;2011;06;02;talek;747491;9837478;cd
t73157;Resurrection_Communal_Den;2011-06-02;2011;06;02;talek;747569;9838508;d
t73159;Resurrection_Communal_Den;2011-06-03;2011;06;03;talek;747569;9838508;d
t73178;Resurrection_Communal_Den;2011-06-04;2011;06;04;talek;747569;9838508;d
t73189;Resurrection_Communal_Den;2011-06-04;2011;06;04;talek;747569;9838508;d
t73196;Dave's_Den;2011-06-05;2011;06;05;talek;747491;9837478;cd
t73198.1;Dave's_Den;2011-06-05;2011;06;05;talek;747491;9837478;cd
t73209;Resurrection_Communal_Den;2011-06-05;2011;06;05;talek;747569;9838508;d
t73210;Lightning_Den;2011-06-05;2011;06;05;talek;747326;9838572;d
t73220;Resurrection_Communal_Den;2011-06-05;2011;06;05;talek;747569;9838508;d
t73223;Resurrection_Communal_Den;2011-06-06;2011;06;06;talek;747569;9838508;d
t73271;Lightning_Den;2011-06-08;2011;06;08;talek;747326;9838572;d
t73272;Resurrection_Communal_Den;2011-06-08;2011;06;08;talek;747569;9838508;d
t73274;Lightning_Den;2011-06-09;2011;06;09;talek;747326;9838572;d
t73276;Dave's_Den;2011-06-09;2011;06;09;talek;747491;9837478;cd
t73286;Resurrection_Communal_Den;2011-06-10;2011;06;10;talek;747569;9838508;d
t73296;Dave's_Den;2011-06-10;2011;06;10;talek;747491;9837478;cd
t73313;Resurrection_Communal_Den;2011-06-12;2011;06;12;talek;747569;9838508;d
t73314;Resurrection_Communal_Den;2011-06-12;2011;06;12;talek;747569;9838508;d
t73441;Resurrection_Communal_Den;2011-06-22;2011;06;22;talek;747569;9838508;d
t73458;Resurrection_Communal_Den;2011-06-22;2011;06;22;talek;747569;9838508;d
t73461;Resurrection_Communal_Den;2011-06-23;2011;06;23;talek;747569;9838508;d
t73475;Resurrection_Communal_Den;2011-06-23;2011;06;23;talek;747569;9838508;d
t73492;Resurrection_Communal_Den;2011-06-24;2011;06;24;talek;747569;9838508;d
t73519;Resurrection_Communal_Den;2011-06-26;2011;06;26;talek;747569;9838508;d
t73531;Resurrection_Communal_Den;2011-06-27;2011;06;27;talek;747569;9838508;d
t73532;Resurrection_Communal_Den;2011-06-27;2011;06;27;talek;747569;9838508;d
t73562;Resurrection_Communal_Den;2011-06-29;2011;06;29;talek;747569;9838508;d
t73583;Resurrection_Communal_Den;2011-06-30;2011;06;30;talek;747569;9838508;d
t73600;Resurrection_Communal_Den;2011-07-01;2011;07;01;talek;747569;9838508;d
t73608;Resurrection_Communal_Den;2011-07-03;2011;07;03;talek;747569;9838508;d
t73644;Den_One_Creek_Den_Complex;2011-07-05;2011;07;05;talek;747634;9837096;d
t73664;Den_One_Creek_Den_Complex;2011-07-05;2011;07;05;talek;747634;9837096;d
t73665;Den_One_Creek_Den_Complex;2011-07-06;2011;07;06;talek;747634;9837096;d
t73677;Resurrection_Communal_Den;2011-07-06;2011;07;06;talek;747569;9838508;d
t73679;Den_One_Creek_Den_Complex;2011-07-07;2011;07;07;talek;747634;9837096;d
t73690;Den_One_Creek_Den_Complex;2011-07-07;2011;07;07;talek;747634;9837096;d
t73691;Resurrection_Communal_Den;2011-07-07;2011;07;07;talek;747569;9838508;d
t73696;Den_One_Creek_Den_Complex;2011-07-08;2011;07;08;talek;747634;9837096;d
t73707;Den_One_Creek_Den_Complex;2011-07-09;2011;07;09;talek;747634;9837096;d
t73711;Den_One_Creek_Den_Complex;2011-07-09;2011;07;09;talek;747634;9837096;d
t73716;Den_One_Creek_Den_Complex;2011-07-10;2011;07;10;talek;747634;9837096;d
t73725;Dave's_Den;2011-07-14;2011;07;14;talek;747491;9837478;cd
t73726;Den_One_Creek_Den_Complex;2011-07-15;2011;07;15;talek;747634;9837096;d
t73742;Dave's_Den;2011-07-15;2011;07;15;talek;747491;9837478;cd
t73747;Dave's_Den;2011-07-15;2011;07;15;talek;747491;9837478;cd
t73763;Dave's_Den;2011-07-17;2011;07;17;talek;747491;9837478;cd
t73774;Dave's_Den;2011-07-18;2011;07;18;talek;747491;9837478;cd
t73776;Dave's_Den;2011-07-19;2011;07;19;talek;747491;9837478;cd
t73777;Dave's_Den;2011-07-19;2011;07;19;talek;747491;9837478;cd
t73800;Dave's_Den;2011-07-20;2011;07;20;talek;747491;9837478;cd
t73801;Dave's_Den;2011-07-21;2011;07;21;talek;747491;9837478;cd
t73811;Dave's_Den;2011-07-21;2011;07;21;talek;747491;9837478;cd
t73812;Dave's_Den;2011-07-22;2011;07;22;talek;747491;9837478;cd
t73830;Dave's_Den;2011-07-22;2011;07;22;talek;747491;9837478;cd
t73846;Dave's_Den;2011-07-24;2011;07;24;talek;747491;9837478;cd
t73848;Dave's_Den;2011-07-25;2011;07;25;talek;747491;9837478;cd
t73855;Dave's_Den;2011-07-25;2011;07;25;talek;747491;9837478;cd
t73869;Dave's_Den;2011-07-26;2011;07;26;talek;747491;9837478;cd
t73870;Dave's_Den;2011-07-27;2011;07;27;talek;747491;9837478;cd
t73885;Dave's_Den;2011-07-29;2011;07;29;talek;747491;9837478;cd
t73900;Dave's_Den;2011-07-30;2011;07;30;talek;747491;9837478;cd
t73910;Dave's_Den;2011-08-01;2011;08;01;talek;747491;9837478;cd
t73911;Aardwolf_Communal_Den;2011-08-01;2011;08;01;talek;745294;9838050;d
t73928;Aardwolf_Communal_Den;2011-08-01;2011;08;01;talek;745294;9838050;d
t73936;Aardwolf_Communal_Den;2011-08-02;2011;08;02;talek;745294;9838050;d
t73943;Aardwolf_Communal_Den;2011-08-03;2011;08;03;talek;745294;9838050;d
t73948;Aardwolf_Communal_Den;2011-08-04;2011;08;04;talek;745294;9838050;d
t73958;Croton_Edge_Communal_Den;2011-08-04;2011;08;04;talek;746952;9837148;d
t73974;Aardwolf_Communal_Den;2011-08-07;2011;08;07;talek;745294;9838050;d
t73985;Aardwolf_Communal_Den;2011-08-09;2011;08;09;talek;745294;9838050;d
t74014;Kinda_See_Em_Den_Two;2011-08-10;2011;08;10;talek;745085;9840608;cd
t74015;Kinda-See-Em_Den;2011-08-10;2011;08;10;talek;745124;9840497;d
t74037;Aardwolf_Communal_Den;2011-08-18;2011;08;18;talek;745294;9838050;d
t74039;Aardwolf_Communal_Den;2011-08-18;2011;08;18;talek;745294;9838050;d
t74042;Aardwolf_Communal_Den;2011-08-19;2011;08;19;talek;745294;9838050;d
t74044;Aardwolf_Communal_Den;2011-08-19;2011;08;19;talek;745294;9838050;d
t74055;Aardwolf_Communal_Den;2011-08-19;2011;08;19;talek;745294;9838050;d
t74057;Aardwolf_Communal_Den;2011-08-19;2011;08;19;talek;745294;9838050;d
t74075;Croton_Edge_Communal_Den;2011-08-20;2011;08;20;talek;746952;9837148;d
t74076;Aardwolf_Communal_Den;2011-08-20;2011;08;20;talek;745294;9838050;d
t74077;Aardwolf_Communal_Den;2011-08-21;2011;08;21;talek;745294;9838050;d
t74081;Croton_Edge_Communal_Den;2011-08-21;2011;08;21;talek;746952;9837148;d
t74082;Aardwolf_Communal_Den;2011-08-21;2011;08;21;talek;745294;9838050;d
t74083;Croton_Edge_Communal_Den;2011-08-21;2011;08;21;talek;746952;9837148;d
t74098;Croton_Edge_Communal_Den;2011-08-22;2011;08;22;talek;746952;9837148;d
t74099;Aardwolf_Communal_Den;2011-08-22;2011;08;22;talek;745294;9838050;d
t74102;Croton_Edge_Communal_Den;2011-08-23;2011;08;23;talek;746952;9837148;d
t74103;Aardwolf_Communal_Den;2011-08-23;2011;08;23;talek;745294;9838050;d
t74109;Aardwolf_Communal_Den;2011-08-23;2011;08;23;talek;745294;9838050;d
t74111;Croton_Edge_Communal_Den;2011-08-23;2011;08;23;talek;746952;9837148;d
t74113;Croton_Edge_Communal_Den;2011-08-24;2011;08;24;talek;746952;9837148;d
t74114;Aardwolf_Communal_Den;2011-08-24;2011;08;24;talek;745294;9838050;d
t74122;Aardwolf_Communal_Den;2011-08-24;2011;08;24;talek;745294;9838050;d
t74123;Croton_Edge_Communal_Den;2011-08-24;2011;08;24;talek;746952;9837148;d
t74124;Croton_Edge_Communal_Den;2011-08-25;2011;08;25;talek;746952;9837148;d
t74130;Croton_Edge_Communal_Den;2011-08-26;2011;08;26;talek;746952;9837148;d
t74131;Aardwolf_Communal_Den;2011-08-26;2011;08;26;talek;745294;9838050;d
t74147;Aardwolf_Communal_Den;2011-08-26;2011;08;26;talek;745294;9838050;d
t74148;Croton_Edge_Communal_Den;2011-08-26;2011;08;26;talek;746952;9837148;d
t74158;Croton_Edge_Communal_Den;2011-08-27;2011;08;27;talek;746952;9837148;d
t74161;Croton_Edge_Communal_Den;2011-08-28;2011;08;28;talek;746952;9837148;d
t74163;Croton_Edge_Communal_Den;2011-08-28;2011;08;28;talek;746952;9837148;d
t74177;Croton_Edge_Communal_Den;2011-08-29;2011;08;29;talek;746952;9837148;d
t74179;Croton_Edge_Communal_Den;2011-08-30;2011;08;30;talek;746952;9837148;d
t74187;Croton_Edge_Communal_Den;2011-08-31;2011;08;31;talek;746952;9837148;d
t74188;Croton_Edge_Communal_Den;2011-09-01;2011;09;01;talek;746952;9837148;d
t74201;Croton_Edge_Communal_Den;2011-09-01;2011;09;01;talek;746952;9837148;d
t74203;Croton_Edge_Communal_Den;2011-09-02;2011;09;02;talek;746952;9837148;d
t74210;Croton_Edge_Communal_Den;2011-09-02;2011;09;02;talek;746952;9837148;d
t74212;Croton_Edge_Communal_Den;2011-09-03;2011;09;03;talek;746952;9837148;d
t74213.3;Croton_Edge_Communal_Den;2011-09-03;2011;09;03;talek;746952;9837148;d
t74222;Croton_Edge_Communal_Den;2011-09-03;2011;09;03;talek;746952;9837148;d
t74225;Croton_Edge_Communal_Den;2011-09-04;2011;09;04;talek;746952;9837148;d
t74237;Croton_Edge_Communal_Den;2011-09-04;2011;09;04;talek;746952;9837148;d
t74238;Croton_Edge_Communal_Den;2011-09-05;2011;09;05;talek;746952;9837148;d
t74239;Croton_Edge_Communal_Den;2011-09-05;2011;09;05;talek;746952;9837148;d
t74246;Croton_Edge_Communal_Den;2011-09-15;2011;09;15;talek;746952;9837148;d
t74264;Croton_Edge_Communal_Den;2011-09-15;2011;09;15;talek;746952;9837148;d
t74273;Croton_Edge_Communal_Den;2011-09-16;2011;09;16;talek;746952;9837148;d
t74276;Croton_Edge_Communal_Den;2011-09-16;2011;09;16;talek;746952;9837148;d
t74292;Croton_Edge_Communal_Den;2011-09-18;2011;09;18;talek;746952;9837148;d
t74305;Croton_Edge_Communal_Den;2011-09-18;2011;09;18;talek;746952;9837148;d
t74308;Croton_Edge_Communal_Den;2011-09-18;2011;09;18;talek;746952;9837148;d
t74309;Croton_Edge_Communal_Den;2011-09-19;2011;09;19;talek;746952;9837148;d
t74325;Croton_Edge_Communal_Den;2011-09-19;2011;09;19;talek;746952;9837148;d
t74328;Croton_Edge_Communal_Den;2011-09-19;2011;09;19;talek;746952;9837148;d
t74330;Croton_Edge_Communal_Den;2011-09-20;2011;09;20;talek;746952;9837148;d
t74351;Croton_Edge_Communal_Den;2011-09-21;2011;09;21;talek;746952;9837148;d
t74372;Croton_Edge_Communal_Den;2011-09-22;2011;09;22;talek;746952;9837148;d
t74387;Croton_Edge_Communal_Den;2011-09-24;2011;09;24;talek;746952;9837148;d
t74403;Croton_Edge_Communal_Den;2011-09-24;2011;09;24;talek;746952;9837148;d
t74405;Croton_Edge_Communal_Den;2011-09-25;2011;09;25;talek;746952;9837148;d
t74406;Croton_Edge_Communal_Den;2011-09-25;2011;09;25;talek;746952;9837148;d
t74421;Croton_Edge_Communal_Den;2011-09-26;2011;09;26;talek;746952;9837148;d
t74423;Croton_Edge_Communal_Den;2011-09-27;2011;09;27;talek;746952;9837148;d
t74438;Croton_Edge_Communal_Den;2011-09-28;2011;09;28;talek;746952;9837148;d
t74463;Croton_Edge_Communal_Den;2011-09-29;2011;09;29;talek;746952;9837148;d
t74478;Croton_Edge_Communal_Den;2011-10-01;2011;10;01;talek;746952;9837148;d
t74491;Croton_Edge_Communal_Den;2011-10-02;2011;10;02;talek;746952;9837148;d
t74503;Croton_Edge_Communal_Den;2011-10-03;2011;10;03;talek;746952;9837148;d
t74526;Croton_Edge_Communal_Den;2011-10-07;2011;10;07;talek;746952;9837148;d
t74534;Croton_Edge_Communal_Den;2011-10-09;2011;10;09;talek;746952;9837148;d
t74549;Croton_Edge_Communal_Den;2011-10-10;2011;10;10;talek;746952;9837148;d
t74559;Croton_Edge_Communal_Den;2011-10-11;2011;10;11;talek;746952;9837148;d
t74565;Croton_Edge_Communal_Den;2011-10-14;2011;10;14;talek;746952;9837148;d
t74569;Croton_Edge_Communal_Den;2011-10-14;2011;10;14;talek;746952;9837148;d
t74585;Croton_Edge_Communal_Den;2011-10-14;2011;10;14;talek;746952;9837148;d
t74602;Croton_Edge_Communal_Den;2011-10-15;2011;10;15;talek;746952;9837148;d
t74636;Croton_Edge_Communal_Den;2011-10-20;2011;10;20;talek;746952;9837148;d
t74640;Croton_Edge_Communal_Den;2011-10-20;2011;10;20;talek;746952;9837148;d
t74646;Croton_Edge_Communal_Den;2011-10-21;2011;10;21;talek;746952;9837148;d
t74656;Croton_Edge_Communal_Den;2011-10-22;2011;10;22;talek;746952;9837148;d
t74683;Croton_Edge_Communal_Den;2011-10-24;2011;10;24;talek;746952;9837148;d
t74686;Croton_Edge_Communal_Den;2011-10-25;2011;10;25;talek;746952;9837148;d
t74688;Croton_Edge_Communal_Den;2011-10-25;2011;10;25;talek;746952;9837148;d
t74703;Croton_Edge_Communal_Den;2011-10-25;2011;10;25;talek;746952;9837148;d
t74719;Croton_Edge_Communal_Den;2011-10-31;2011;10;31;talek;746952;9837148;d
t74723;Croton_Edge_Communal_Den;2011-11-01;2011;11;01;talek;746952;9837148;d
t74726;Croton_Edge_Communal_Den;2011-11-01;2011;11;01;talek;746952;9837148;d
t74736;Croton_Edge_Communal_Den;2011-11-01;2011;11;01;talek;746952;9837148;d
t74745;Croton_Edge_Communal_Den;2011-11-02;2011;11;02;talek;746952;9837148;d
t74746;Croton_Edge_Communal_Den;2011-11-03;2011;11;03;talek;746952;9837148;d
t74754;Croton_Edge_Communal_Den;2011-11-03;2011;11;03;talek;746952;9837148;d
t74759;Croton_Edge_Communal_Den;2011-11-04;2011;11;04;talek;746952;9837148;d
t74764;Croton_Edge_Communal_Den;2011-11-05;2011;11;05;talek;746952;9837148;d
t74765;Dion's_Natal_Den;2011-11-05;2011;11;05;talek;747075;9837512;d
t74769;Croton_Edge_Communal_Den;2011-11-09;2011;11;09;talek;746952;9837148;d
t74784;Dion's_Natal_Den;2011-11-09;2011;11;09;talek;747075;9837512;d
t74785;Croton_Edge_Communal_Den;2011-11-09;2011;11;09;talek;746952;9837148;d
t74790;Croton_Edge_Communal_Den;2011-11-10;2011;11;10;talek;746952;9837148;d
t74795;Croton_Edge_Communal_Den;2011-11-10;2011;11;10;talek;746952;9837148;d
t74805;Croton_Edge_Communal_Den;2011-11-10;2011;11;10;talek;746952;9837148;d
t74807;Croton_Edge_Communal_Den;2011-11-10;2011;11;10;talek;746952;9837148;d
t74811;Croton_Edge_Communal_Den;2011-11-11;2011;11;11;talek;746952;9837148;d
t74812;Croton_Edge_Communal_Den;2011-11-12;2011;11;12;talek;746952;9837148;d
t74824;Croton_Edge_Communal_Den;2011-11-13;2011;11;13;talek;746952;9837148;d
t74830;Croton_Edge_Communal_Den;2011-11-13;2011;11;13;talek;746952;9837148;d
t74843;Croton_Edge_Communal_Den;2011-11-15;2011;11;15;talek;746952;9837148;d
t74858;Croton_Edge_Communal_Den;2011-11-16;2011;11;16;talek;746952;9837148;d
t74865;Dion's_Natal_Den;2011-11-17;2011;11;17;talek;747075;9837512;d
t74878;Croton_Edge_Communal_Den;2011-11-17;2011;11;17;talek;746952;9837148;d
t74911;Dion's_Natal_Den;2011-11-21;2011;11;21;talek;747075;9837512;d
t74929;Big_Bush_Den;2011-11-29;2011;11;29;talek;748061;9838502;d
t74931;Resurrection_Communal_Den;2011-11-30;2011;11;30;talek;747569;9838508;d
t74951;Resurrection_Communal_Den;2011-12-01;2011;12;01;talek;747569;9838508;d
t74954.4;Resurrection_Communal_Den;2011-12-01;2011;12;01;talek;747569;9838508;d
t74962;Big_Bush_Den;2011-12-04;2011;12;04;talek;748061;9838502;d
t74973;Big_Bush_Den;2011-12-06;2011;12;06;talek;748061;9838502;d
t74988;Big_Bush_Den;2011-12-07;2011;12;07;talek;748061;9838502;d
t74996;Big_Bush_Den;2011-12-08;2011;12;08;talek;748061;9838502;d
t75002;Big_Bush_Den;2011-12-09;2011;12;09;talek;748061;9838502;d
t75016;Big_Bush_Den;2011-12-09;2011;12;09;talek;748061;9838502;d
t75017;Big_Bush_Den;2011-12-10;2011;12;10;talek;748061;9838502;d
t75031;Big_Bush_Den;2011-12-10;2011;12;10;talek;748061;9838502;d
t75038;Big_Bush_Den;2011-12-11;2011;12;11;talek;748061;9838502;d
t75053;Big_Bush_Den;2011-12-12;2011;12;12;talek;748061;9838502;d
t75057;Big_Bush_Den;2011-12-13;2011;12;13;talek;748061;9838502;d
t75077;Big_Bush_Den;2011-12-15;2011;12;15;talek;748061;9838502;d
t75089;Big_Bush_Den;2011-12-16;2011;12;16;talek;748061;9838502;d
t75093;Big_Bush_Den;2011-12-17;2011;12;17;talek;748061;9838502;d
t75109;Big_Bush_Den;2011-12-19;2011;12;19;talek;748061;9838502;d
t75122;Big_Bush_Den;2011-12-21;2011;12;21;talek;748061;9838502;d
t75135;Big_Bush_Den;2011-12-23;2011;12;23;talek;748061;9838502;d
t75151;Big_Bush_Den;2011-12-26;2011;12;26;talek;748061;9838502;d
t75152;Big_Bush_Den;2011-12-26;2011;12;26;talek;748061;9838502;d
t75157;Big_Bush_Den;2011-12-27;2011;12;27;talek;748061;9838502;d
t75163;Big_Bush_Den;2011-12-29;2011;12;29;talek;748061;9838502;d
t75168;Big_Bush_Den;2011-12-29;2011;12;29;talek;748061;9838502;d
t75175;Big_Bush_Den;2011-12-29;2011;12;29;talek;748061;9838502;d
t75182;Big_Bush_Den;2012-01-01;2012;01;01;talek;748061;9838502;d
t75198;Big_Bush_Den;2012-01-02;2012;01;02;talek;748061;9838502;d
t75199;Big_Bush_Den;2012-01-03;2012;01;03;talek;748061;9838502;d
t75205;Big_Bush_Den;2012-01-04;2012;01;04;talek;748061;9838502;d
t75218;Big_Bush_Den;2012-01-04;2012;01;04;talek;748061;9838502;d
t75231;Big_Bush_Den;2012-01-05;2012;01;05;talek;748061;9838502;d
t75235;Big_Bush_Den;2012-01-06;2012;01;06;talek;748061;9838502;d
t75249;Big_Bush_Den;2012-01-08;2012;01;08;talek;748061;9838502;d
t75250;Riverbend_Den;2012-01-08;2012;01;08;talek;748477;9838427;d
t75269;Riverbend_Den;2012-01-09;2012;01;09;talek;748477;9838427;d
t75270;Big_Bush_Den;2012-01-09;2012;01;09;talek;748061;9838502;d
t75273;Riverbend_Den;2012-01-10;2012;01;10;talek;748477;9838427;d
t75274;Big_Bush_Den;2012-01-10;2012;01;10;talek;748061;9838502;d
t75276;Riverbend_Den;2012-01-10;2012;01;10;talek;748477;9838427;d
t75295;Riverbend_Den;2012-01-10;2012;01;10;talek;748477;9838427;d
t75296;Riverbend_Den;2012-01-11;2012;01;11;talek;748477;9838427;d
t75323;Riverbend_Den;2012-01-11;2012;01;11;talek;748477;9838427;d
t75327;Riverbend_Den;2012-01-11;2012;01;11;talek;748477;9838427;d
t75331;Riverbend_Den;2012-01-12;2012;01;12;talek;748477;9838427;d
t75335;Riverbend_Den;2012-01-12;2012;01;12;talek;748477;9838427;d
t75345;Riverbend_Den;2012-01-14;2012;01;14;talek;748477;9838427;d
t75356;Riverbend_Den;2012-01-15;2012;01;15;talek;748477;9838427;d
t75365;Riverbend_Den;2012-01-17;2012;01;17;talek;748477;9838427;d
t75383;Riverbend_Den;2012-01-17;2012;01;17;talek;748477;9838427;d
t75385;Riverbend_Den;2012-01-18;2012;01;18;talek;748477;9838427;d
t75404;Riverbend_Den;2012-01-18;2012;01;18;talek;748477;9838427;d
t75408;Riverbend_Den;2012-01-19;2012;01;19;talek;748477;9838427;d
t75424;Riverbend_Den;2012-01-19;2012;01;19;talek;748477;9838427;d
t75432;Riverbend_Den;2012-01-19;2012;01;19;talek;748477;9838427;d
t75453;Riverbend_Den;2012-01-21;2012;01;21;talek;748477;9838427;d
t75464;Riverbend_Den;2012-01-21;2012;01;21;talek;748477;9838427;d
t75467;Riverbend_Den;2012-01-22;2012;01;22;talek;748477;9838427;d
t75479;Riverbend_Den;2012-01-22;2012;01;22;talek;748477;9838427;d
t75483;Riverbend_Den;2012-01-22;2012;01;22;talek;748477;9838427;d
t75487;Riverbend_Den;2012-01-23;2012;01;23;talek;748477;9838427;d
t75513;Riverbend_Den;2012-01-23;2012;01;23;talek;748477;9838427;d
t75514;Riverbend_Den;2012-01-23;2012;01;23;talek;748477;9838427;d
t75517;Riverbend_Den;2012-01-24;2012;01;24;talek;748477;9838427;d
t75529;Riverbend_Den;2012-01-25;2012;01;25;talek;748477;9838427;d
t75549;Riverbend_Den;2012-01-25;2012;01;25;talek;748477;9838427;d
t75551;Riverbend_Den;2012-01-26;2012;01;26;talek;748477;9838427;d
t75565;Riverbend_Den;2012-01-26;2012;01;26;talek;748477;9838427;d
t75566;Riverbend_Den;2012-01-26;2012;01;26;talek;748477;9838427;d
t75569;Riverbend_Den;2012-01-27;2012;01;27;talek;748477;9838427;d
t75579;Riverbend_Den;2012-01-27;2012;01;27;talek;748477;9838427;d
t75589;Riverbend_Den;2012-01-29;2012;01;29;talek;748477;9838427;d
t75606;Riverbend_Den;2012-01-29;2012;01;29;talek;748477;9838427;d
t75618;Riverbend_Den;2012-01-30;2012;01;30;talek;748477;9838427;d
t75620;Riverbend_Den;2012-01-30;2012;01;30;talek;748477;9838427;d
t75622;Riverbend_Den;2012-01-31;2012;01;31;talek;748477;9838427;d
t75634;Riverbend_Den;2012-01-31;2012;01;31;talek;748477;9838427;d
t75636;Riverbend_Den;2012-01-31;2012;01;31;talek;748477;9838427;d
t75640;Riverbend_Den;2012-02-01;2012;02;01;talek;748477;9838427;d
t75657;Riverbend_Den;2012-02-02;2012;02;02;talek;748477;9838427;d
t75675;Riverbend_Den;2012-02-02;2012;02;02;talek;748477;9838427;d
t75679;Riverbend_Den;2012-02-03;2012;02;03;talek;748477;9838427;d
t75690;Riverbend_Den;2012-02-04;2012;02;04;talek;748477;9838427;d
t75708;Riverbend_Den;2012-02-04;2012;02;04;talek;748477;9838427;d
t75709;Riverbend_Den;2012-02-05;2012;02;05;talek;748477;9838427;d
t75732;Riverbend_Den;2012-02-05;2012;02;05;talek;748477;9838427;d
t75734;Riverbend_Den;2012-02-06;2012;02;06;talek;748477;9838427;d
t75755;Riverbend_Den;2012-02-06;2012;02;06;talek;748477;9838427;d
t75759;Riverbend_Den;2012-02-07;2012;02;07;talek;748477;9838427;d
t75772;Riverbend_Den;2012-02-07;2012;02;07;talek;748477;9838427;d
t75775;Riverbend_Den;2012-02-08;2012;02;08;talek;748477;9838427;d
t75782;Riverbend_Den;2012-02-08;2012;02;08;talek;748477;9838427;d
t75793;Riverbend_Den;2012-02-08;2012;02;08;talek;748477;9838427;d
t75794;Riverbend_Den;2012-02-09;2012;02;09;talek;748477;9838427;d
t75811;Riverbend_Den;2012-02-10;2012;02;10;talek;748477;9838427;d
t75813;Riverbend_Den;2012-02-10;2012;02;10;talek;748477;9838427;d
t75814;Riverbend_Den;2012-02-11;2012;02;11;talek;748477;9838427;d
t75832;Riverbend_Den;2012-02-11;2012;02;11;talek;748477;9838427;d
t75839;Riverbend_Den;2012-02-12;2012;02;12;talek;748477;9838427;d
t75840;Riverbend_Den;2012-02-14;2012;02;14;talek;748477;9838427;d
t75850;Riverbend_Den;2012-02-15;2012;02;15;talek;748477;9838427;d
t75861;Riverbend_Den;2012-02-16;2012;02;16;talek;748477;9838427;d
t75863;Riverbend_Den;2012-02-17;2012;02;17;talek;748477;9838427;d
t75876;Riverbend_Den;2012-02-18;2012;02;18;talek;748477;9838427;d
t75877;Riverbend_Den;2012-02-19;2012;02;19;talek;748477;9838427;d
t75894;Riverbend_Den;2012-02-19;2012;02;19;talek;748477;9838427;d
t75895;Riverbend_Den;2012-02-20;2012;02;20;talek;748477;9838427;d
t75909;Riverbend_Den;2012-02-22;2012;02;22;talek;748477;9838427;d
t75910;Riverbend_Den;2012-02-22;2012;02;22;talek;748477;9838427;d
t75930;Riverbend_Den;2012-02-22;2012;02;22;talek;748477;9838427;d
t75938;Riverbend_Den;2012-02-23;2012;02;23;talek;748477;9838427;d
t75939;Riverbend_Den;2012-02-24;2012;02;24;talek;748477;9838427;d
t75948;Riverbend_Den;2012-02-25;2012;02;25;talek;748477;9838427;d
t75972;Riverbend_Den;2012-02-25;2012;02;25;talek;748477;9838427;d
t75975;Riverbend_Den;2012-02-26;2012;02;26;talek;748477;9838427;d
t75978;Riverbend_Den;2012-02-26;2012;02;26;talek;748477;9838427;d
t76002;Riverbend_Den;2012-02-26;2012;02;26;talek;748477;9838427;d
t76005;Riverbend_Den;2012-02-27;2012;02;27;talek;748477;9838427;d
t76010;Riverbend_Den;2012-02-27;2012;02;27;talek;748477;9838427;d
t76047;Kinda_See_Em_Den_Two;2012-03-02;2012;03;02;talek;745085;9840608;cd
t76049;Kinda_See_Em_Den_Two;2012-03-02;2012;03;02;talek;745085;9840608;cd
t76050;Riverbend_Den;2012-03-05;2012;03;05;talek;748477;9838427;d
t76054;Kinda_See_Em_Den_Two;2012-03-05;2012;03;05;talek;745085;9840608;cd
t76057;Riverbend_Den;2012-03-05;2012;03;05;talek;748477;9838427;d
t76060;Riverbend_Den;2012-03-06;2012;03;06;talek;748477;9838427;d
t76066;Kinda_See_Em_Den_Two;2012-03-06;2012;03;06;talek;745085;9840608;cd
t76080;Riverbend_Den;2012-03-06;2012;03;06;talek;748477;9838427;d
t76091;Kinda_See_Em_Den_Two;2012-03-07;2012;03;07;talek;745085;9840608;cd
t76094;Riverbend_Den;2012-03-07;2012;03;07;talek;748477;9838427;d
t76112;Kinda_See_Em_Den_Two;2012-03-08;2012;03;08;talek;745085;9840608;cd
t76113;Riverbend_Den;2012-03-08;2012;03;08;talek;748477;9838427;d
t76114;Kinda_See_Em_Den_Two;2012-03-08;2012;03;08;talek;745085;9840608;cd
t76120;Riverbend_Den;2012-03-09;2012;03;09;talek;748477;9838427;d
t76130;Kinda_See_Em_Den_Two;2012-03-09;2012;03;09;talek;745085;9840608;cd
t76133;Riverbend_Den;2012-03-09;2012;03;09;talek;748477;9838427;d
t76136;Riverbend_Den;2012-03-10;2012;03;10;talek;748477;9838427;d
t76147;Riverbend_Den;2012-03-11;2012;03;11;talek;748477;9838427;d
t76167;Riverbend_Den;2012-03-11;2012;03;11;talek;748477;9838427;d
t76174;Riverbend_Den;2012-03-11;2012;03;11;talek;748477;9838427;d
t76183;Kinda_See_Em_Den_Two;2012-03-12;2012;03;12;talek;745085;9840608;cd
t76192;Riverbend_Den;2012-03-12;2012;03;12;talek;748477;9838427;d
t76201;Riverbend_Den;2012-03-15;2012;03;15;talek;748477;9838427;d
t76209;Riverbend_Den;2012-03-15;2012;03;15;talek;748477;9838427;d
t76213;Riverbend_Den;2012-03-16;2012;03;16;talek;748477;9838427;d
t76214;Kinda_See_Em_Den_Two;2012-03-16;2012;03;16;talek;745085;9840608;cd
t76231;Riverbend_Den;2012-03-16;2012;03;16;talek;748477;9838427;d
t76233;Riverbend_Den;2012-03-17;2012;03;17;talek;748477;9838427;d
t76241;Riverbend_Den;2012-03-17;2012;03;17;talek;748477;9838427;d
t76245;Riverbend_Den;2012-03-17;2012;03;17;talek;748477;9838427;d
t76249;Riverbend_Den;2012-03-17;2012;03;17;talek;748477;9838427;d
t76259;Riverbend_Den;2012-03-18;2012;03;18;talek;748477;9838427;d
t76262;Riverbend_Den;2012-03-19;2012;03;19;talek;748477;9838427;d
t76270;Riverbend_Den;2012-03-19;2012;03;19;talek;748477;9838427;d
t76271;Riverbend_Den;2012-03-20;2012;03;20;talek;748477;9838427;d
t76291;Riverbend_Den;2012-03-20;2012;03;20;talek;748477;9838427;d
t76294;Riverbend_Den;2012-03-21;2012;03;21;talek;748477;9838427;d
t76296;Riverbend_Den;2012-03-21;2012;03;21;talek;748477;9838427;d
t76308;Riverbend_Den;2012-03-21;2012;03;21;talek;748477;9838427;d
t76310;Riverbend_Den;2012-03-22;2012;03;22;talek;748477;9838427;d
t76329;Riverbend_Den;2012-03-22;2012;03;22;talek;748477;9838427;d
t76337;Riverbend_Den;2012-03-24;2012;03;24;talek;748477;9838427;d
t76345;Riverbend_Den;2012-03-25;2012;03;25;talek;748477;9838427;d
t76363;Riverbend_Den;2012-03-25;2012;03;25;talek;748477;9838427;d
t76367;Riverbend_Den;2012-04-05;2012;04;05;talek;748477;9838427;d
t76384;Riverbend_Den;2012-04-08;2012;04;08;talek;748477;9838427;d
t76393;Riverbend_Den;2012-04-09;2012;04;09;talek;748477;9838427;d
t76403;Riverbend_Den;2012-04-10;2012;04;10;talek;748477;9838427;d
t76428;Riverbend_Den;2012-04-10;2012;04;10;talek;748477;9838427;d
t76437;Riverbend_Den;2012-04-11;2012;04;11;talek;748477;9838427;d
t76448;Riverbend_Den;2012-04-11;2012;04;11;talek;748477;9838427;d
t76449;Riverbend_Den;2012-04-12;2012;04;12;talek;748477;9838427;d
t76473;Riverbend_Den;2012-04-12;2012;04;12;talek;748477;9838427;d
t76475;Riverbend_Den;2012-04-13;2012;04;13;talek;748477;9838427;d
t76498;Riverbend_Den;2012-04-14;2012;04;14;talek;748477;9838427;d
t76520;Riverbend_Den;2012-04-16;2012;04;16;talek;748477;9838427;d
t76522;Riverbend_Den;2012-04-17;2012;04;17;talek;748477;9838427;d
t76581;Riverbend_Den;2012-04-29;2012;04;29;talek;748477;9838427;d
t76584;Riverbend_Den;2012-04-30;2012;04;30;talek;748477;9838427;d
t76619;Riverbend_Den;2012-05-13;2012;05;13;talek;748477;9838427;d
t76623;Riverbend_Den;2012-05-14;2012;05;14;talek;748477;9838427;d
t76642;Riverbend_Den;2012-05-14;2012;05;14;talek;748477;9838427;d
t76647;Riverbend_Den;2012-05-15;2012;05;15;talek;748477;9838427;d
t76659;Riverbend_Den;2012-05-15;2012;05;15;talek;748477;9838427;d
t76676;Riverbend_Den;2012-05-16;2012;05;16;talek;748477;9838427;d
t76683;Riverbend_Den;2012-05-17;2012;05;17;talek;748477;9838427;d
t76696;Resurrection_Communal_Den;2012-05-18;2012;05;18;talek;747569;9838508;d
t76697;Riverbend_Den;2012-05-18;2012;05;18;talek;748477;9838427;d
t76714;Riverbend_Den;2012-05-19;2012;05;19;talek;748477;9838427;d
t76722;Resurrection_Communal_Den;2012-05-19;2012;05;19;talek;747569;9838508;d
t76740;Resurrection_Communal_Den;2012-05-20;2012;05;20;talek;747569;9838508;d
t76742;Riverbend_Den;2012-05-20;2012;05;20;talek;748477;9838427;d
t76756;Riverbend_Den;2012-05-21;2012;05;21;talek;748477;9838427;d
t76767;Riverbend_Den;2012-05-22;2012;05;22;talek;748477;9838427;d
t76780;Resurrection_Communal_Den;2012-05-22;2012;05;22;talek;747569;9838508;d
t76786;Resurrection_Communal_Den;2012-05-23;2012;05;23;talek;747569;9838508;d
t76788;Riverbend_Den;2012-05-23;2012;05;23;talek;748477;9838427;d
t76795;Riverbend_Den;2012-05-24;2012;05;24;talek;748477;9838427;d
t76804;Riverbend_Den;2012-05-24;2012;05;24;talek;748477;9838427;d
t76814;Riverbend_Den;2012-05-25;2012;05;25;talek;748477;9838427;d
t76820;Riverbend_Den;2012-05-25;2012;05;25;talek;748477;9838427;d
t76821;Resurrection_Communal_Den;2012-05-25;2012;05;25;talek;747569;9838508;d
t76837;Riverbend_Den;2012-05-26;2012;05;26;talek;748477;9838427;d
t76853;Riverbend_Den;2012-05-26;2012;05;26;talek;748477;9838427;d
t76865;Riverbend_Den;2012-05-27;2012;05;27;talek;748477;9838427;d
t76878;Resurrection_Communal_Den;2012-05-27;2012;05;27;talek;747569;9838508;d
t76879;Riverbend_Den;2012-05-27;2012;05;27;talek;748477;9838427;d
t76890;Riverbend_Den;2012-05-28;2012;05;28;talek;748477;9838427;d
t76906;Riverbend_Den;2012-05-28;2012;05;28;talek;748477;9838427;d
t76914;Riverbend_Den;2012-05-29;2012;05;29;talek;748477;9838427;d
t76930;Resurrection_Communal_Den;2012-05-29;2012;05;29;talek;747569;9838508;d
t76932;Riverbend_Den;2012-05-29;2012;05;29;talek;748477;9838427;d
t76933;Resurrection_Communal_Den;2012-05-29;2012;05;29;talek;747569;9838508;d
t76951;Riverbend_Den;2012-05-30;2012;05;30;talek;748477;9838427;d
t76963;Riverbend_Den;2012-05-31;2012;05;31;talek;748477;9838427;d
t76973;Riverbend_Den;2012-05-31;2012;05;31;talek;748477;9838427;d
t76987;Riverbend_Den;2012-06-01;2012;06;01;talek;748477;9838427;d
t77007;Riverbend_Den;2012-06-01;2012;06;01;talek;748477;9838427;d
t77035;Riverbend_Den;2012-06-02;2012;06;02;talek;748477;9838427;d
t77046;Riverbend_Den;2012-06-03;2012;06;03;talek;748477;9838427;d
t77058;Riverbend_Den;2012-06-04;2012;06;04;talek;748477;9838427;d
t77133;Riverbend_Den;2012-06-10;2012;06;10;talek;748477;9838427;d
t77150;Riverbend_Den;2012-06-10;2012;06;10;talek;748477;9838427;d
t77167;Riverbend_Den;2012-06-11;2012;06;11;talek;748477;9838427;d
t77186;Riverbend_Den;2012-06-11;2012;06;11;talek;748477;9838427;d
t77188;Resurrection_Communal_Den;2012-06-11;2012;06;11;talek;747569;9838508;d
t77192;Riverbend_Den;2012-06-12;2012;06;12;talek;748477;9838427;d
t77208;Riverbend_Den;2012-06-13;2012;06;13;talek;748477;9838427;d
t77215;Riverbend_Den;2012-06-13;2012;06;13;talek;748477;9838427;d
t77229;Riverbend_Den;2012-06-15;2012;06;15;talek;748477;9838427;d
t77242;Riverbend_Den;2012-06-15;2012;06;15;talek;748477;9838427;d
t77265;Riverbend_Den;2012-06-16;2012;06;16;talek;748477;9838427;d
t77278;Riverbend_Den;2012-06-17;2012;06;17;talek;748477;9838427;d
t77310;Riverbend_Den;2012-06-18;2012;06;18;talek;748477;9838427;d
t77312;Riverbend_Den;2012-06-19;2012;06;19;talek;748477;9838427;d
t77323;Riverbend_Den;2012-06-19;2012;06;19;talek;748477;9838427;d
t77324;Resurrection_Communal_Den;2012-06-19;2012;06;19;talek;747569;9838508;d
t77325;Big_Bush_Den;2012-06-19;2012;06;19;talek;748061;9838502;d
t77326;Resurrection_Communal_Den;2012-06-19;2012;06;19;talek;747569;9838508;d
t77327;Riverbend_Den;2012-06-19;2012;06;19;talek;748477;9838427;d
t77344;Riverbend_Den;2012-06-20;2012;06;20;talek;748477;9838427;d
t77363;Big_Bush_Den;2012-06-20;2012;06;20;talek;748061;9838502;d
t77364;Riverbend_Den;2012-06-20;2012;06;20;talek;748477;9838427;d
t77388;Riverbend_Den;2012-06-22;2012;06;22;talek;748477;9838427;d
t77411;Riverbend_Den;2012-06-24;2012;06;24;talek;748477;9838427;d
t77415;Riverbend_Den;2012-06-26;2012;06;26;talek;748477;9838427;d
t77432;Riverbend_Den;2012-06-27;2012;06;27;talek;748477;9838427;d
t77446;Riverbend_Den;2012-06-29;2012;06;29;talek;748477;9838427;d
t77462;Riverbend_Den;2012-06-29;2012;06;29;talek;748477;9838427;d
t77500;Riverbend_Den;2012-06-30;2012;06;30;talek;748477;9838427;d
t77502;Big_Bush_Den;2012-07-01;2012;07;01;talek;748061;9838502;d
t77513;Riverbend_Den;2012-07-01;2012;07;01;talek;748477;9838427;d
t77514;Big_Bush_Den;2012-07-01;2012;07;01;talek;748061;9838502;d
t77516;Riverbend_Den;2012-07-02;2012;07;02;talek;748477;9838427;d
t77533;Riverbend_Den;2012-07-03;2012;07;03;talek;748477;9838427;d
t77551;Riverbend_Den;2012-07-03;2012;07;03;talek;748477;9838427;d
t77556;Riverbend_Den;2012-07-04;2012;07;04;talek;748477;9838427;d
t77571;Riverbend_Den;2012-07-04;2012;07;04;talek;748477;9838427;d
t77572;Big_Bush_Den;2012-07-04;2012;07;04;talek;748061;9838502;d
t77576;Riverbend_Den;2012-07-05;2012;07;05;talek;748477;9838427;d
t77594;Riverbend_Den;2012-07-05;2012;07;05;talek;748477;9838427;d
t77597;Big_Bush_Den;2012-07-05;2012;07;05;talek;748061;9838502;d
t77600;Riverbend_Den;2012-07-06;2012;07;06;talek;748477;9838427;d
t77619;Riverbend_Den;2012-07-06;2012;07;06;talek;748477;9838427;d
t77621;Big_Bush_Den;2012-07-06;2012;07;06;talek;748061;9838502;d
t77635;Riverbend_Den;2012-07-07;2012;07;07;talek;748477;9838427;d
t77637;Riverbend_Den;2012-07-08;2012;07;08;talek;748477;9838427;d
t77655;Riverbend_Den;2012-07-09;2012;07;09;talek;748477;9838427;d
t77660;Riverbend_Den;2012-07-10;2012;07;10;talek;748477;9838427;d
t77679;Riverbend_Den;2012-07-11;2012;07;11;talek;748477;9838427;d
t77691;Riverbend_Den;2012-07-12;2012;07;12;talek;748477;9838427;d
t77700;Riverbend_Den;2012-07-13;2012;07;13;talek;748477;9838427;d
t77703;Riverbend_Den;2012-07-13;2012;07;13;talek;748477;9838427;d
t77711;Riverbend_Den;2012-07-13;2012;07;13;talek;748477;9838427;d
t77715;Riverbend_Den;2012-07-13;2012;07;13;talek;748477;9838427;d
t77739;Riverbend_Den;2012-07-14;2012;07;14;talek;748477;9838427;d
t77742;Riverbend_Den;2012-07-15;2012;07;15;talek;748477;9838427;d
t77759;Riverbend_Den;2012-07-15;2012;07;15;talek;748477;9838427;d
t77776;Riverbend_Den;2012-07-16;2012;07;16;talek;748477;9838427;d
t77786.2;Riverbend_Den;2012-07-17;2012;07;17;talek;748477;9838427;d
t77789.8;Riverbend_Den;2012-07-17;2012;07;17;talek;748477;9838427;d
t77791;Riverbend_Den;2012-07-18;2012;07;18;talek;748477;9838427;d
t77813;Riverbend_Den;2012-07-18;2012;07;18;talek;748477;9838427;d
t77817;Riverbend_Den;2012-07-19;2012;07;19;talek;748477;9838427;d
t77833;Riverbend_Den;2012-07-19;2012;07;19;talek;748477;9838427;d
t77839;Riverbend_Den;2012-07-20;2012;07;20;talek;748477;9838427;d
t77843;Riverbend_Den;2012-07-20;2012;07;20;talek;748477;9838427;d
t77857;Riverbend_Den;2012-07-20;2012;07;20;talek;748477;9838427;d
t77860;Riverbend_Den;2012-07-21;2012;07;21;talek;748477;9838427;d
t77863;Riverbend_Den;2012-07-21;2012;07;21;talek;748477;9838427;d
t77887;Riverbend_Den;2012-07-21;2012;07;21;talek;748477;9838427;d
t77907;Riverbend_Den;2012-07-22;2012;07;22;talek;748477;9838427;d
t77910;Riverbend_Den;2012-07-24;2012;07;24;talek;748477;9838427;d
t77922;Riverbend_Den;2012-07-24;2012;07;24;talek;748477;9838427;d
t77925;Riverbend_Den;2012-07-24;2012;07;24;talek;748477;9838427;d
t77930;Riverbend_Den;2012-07-25;2012;07;25;talek;748477;9838427;d
t77931;Big_Bush_Den;2012-07-25;2012;07;25;talek;748061;9838502;d
t77932;Riverbend_Den;2012-07-25;2012;07;25;talek;748477;9838427;d
t77953;Riverbend_Den;2012-07-25;2012;07;25;talek;748477;9838427;d
t77955;Riverbend_Den;2012-07-26;2012;07;26;talek;748477;9838427;d
t77983;Riverbend_Den;2012-07-26;2012;07;26;talek;748477;9838427;d
t77994;Riverbend_Den;2012-07-27;2012;07;27;talek;748477;9838427;d
t77995;Riverbend_Den;2012-07-27;2012;07;27;talek;748477;9838427;d
t78011;Riverbend_Den;2012-07-27;2012;07;27;talek;748477;9838427;d
t78017;Riverbend_Den;2012-07-27;2012;07;27;talek;748477;9838427;d
t78047;Riverbend_Den;2012-07-29;2012;07;29;talek;748477;9838427;d
t78060;Riverbend_Den;2012-07-29;2012;07;29;talek;748477;9838427;d
t78063;Riverbend_Den;2012-07-30;2012;07;30;talek;748477;9838427;d
t78064;Riverbend_Den;2012-07-30;2012;07;30;talek;748477;9838427;d
t78084;Dave's_Den;2012-08-02;2012;08;02;talek;747491;9837478;cd
t78090;Dave's_Den;2012-08-03;2012;08;03;talek;747491;9837478;cd
t78093;Dave's_Den;2012-08-03;2012;08;03;talek;747491;9837478;cd
t78104;Dave's_Den;2012-08-03;2012;08;03;talek;747491;9837478;cd
t78119;Croton_Edge_Communal_Den;2012-08-05;2012;08;05;talek;746952;9837148;d
t78122;Croton_Edge_Communal_Den;2012-08-06;2012;08;06;talek;746952;9837148;d
t78127;Croton_Edge_Communal_Den;2012-08-06;2012;08;06;talek;746952;9837148;d
t78129;Croton_Edge_Communal_Den;2012-08-06;2012;08;06;talek;746952;9837148;d
t78131;Croton_Edge_Communal_Den;2012-08-06;2012;08;06;talek;746952;9837148;d
t78137;Croton_Edge_Communal_Den;2012-08-07;2012;08;07;talek;746952;9837148;d
t78145;Croton_Edge_Communal_Den;2012-08-10;2012;08;10;talek;746952;9837148;d
t78146;Croton_Edge_Communal_Den;2012-08-11;2012;08;11;talek;746952;9837148;d
t78148;Croton_Edge_Communal_Den;2012-08-11;2012;08;11;talek;746952;9837148;d
t78156;Croton_Edge_Communal_Den;2012-08-11;2012;08;11;talek;746952;9837148;d
t78159;Croton_Edge_Communal_Den;2012-08-12;2012;08;12;talek;746952;9837148;d
t78180;Croton_Edge_Communal_Den;2012-08-12;2012;08;12;talek;746952;9837148;d
t78182;Croton_Edge_Communal_Den;2012-08-12;2012;08;12;talek;746952;9837148;d
t78190;Croton_Edge_Communal_Den;2012-08-13;2012;08;13;talek;746952;9837148;d
t78194;Croton_Edge_Communal_Den;2012-08-13;2012;08;13;talek;746952;9837148;d
t78205;Croton_Edge_Communal_Den;2012-08-14;2012;08;14;talek;746952;9837148;d
t78215;Croton_Edge_Communal_Den;2012-08-17;2012;08;17;talek;746952;9837148;d
t78217;Croton_Edge_Communal_Den;2012-08-18;2012;08;18;talek;746952;9837148;d
t78219;Dave's_Den;2012-08-18;2012;08;18;talek;747491;9837478;cd
t78234;Croton_Edge_Communal_Den;2012-08-18;2012;08;18;talek;746952;9837148;d
t78236;Dave's_Den;2012-08-18;2012;08;18;talek;747491;9837478;cd
t78237;Croton_Edge_Communal_Den;2012-08-18;2012;08;18;talek;746952;9837148;d
t78245;Dave's_Den;2012-08-20;2012;08;20;talek;747491;9837478;cd
t78253;Dave's_Den;2012-08-20;2012;08;20;talek;747491;9837478;cd
t78261;Dave's_Den;2012-08-21;2012;08;21;talek;747491;9837478;cd
t78274;Dave's_Den;2012-08-21;2012;08;21;talek;747491;9837478;cd
t78275;Croton_Edge_Communal_Den;2012-08-21;2012;08;21;talek;746952;9837148;d
t78277;Croton_Edge_Communal_Den;2012-08-22;2012;08;22;talek;746952;9837148;d
t78280;Croton_Edge_Communal_Den;2012-08-22;2012;08;22;talek;746952;9837148;d
t78294;Croton_Edge_Communal_Den;2012-08-22;2012;08;22;talek;746952;9837148;d
t78305;Dave's_Den;2012-08-23;2012;08;23;talek;747491;9837478;cd
t78310;Dave's_Den;2012-08-24;2012;08;24;talek;747491;9837478;cd
t78327;Dave's_Den;2012-08-24;2012;08;24;talek;747491;9837478;cd
t78330;Croton_Edge_Communal_Den;2012-08-24;2012;08;24;talek;746952;9837148;d
t78337;Croton_Edge_Communal_Den;2012-08-24;2012;08;24;talek;746952;9837148;d
t78338;Dave's_Den;2012-08-25;2012;08;25;talek;747491;9837478;cd
t78343;Dave's_Den;2012-08-25;2012;08;25;talek;747491;9837478;cd
t78344;Croton_Edge_Communal_Den;2012-08-25;2012;08;25;talek;746952;9837148;d
t78346;Dave's_Den;2012-08-25;2012;08;25;talek;747491;9837478;cd
t78353;Dave's_Den;2012-08-26;2012;08;26;talek;747491;9837478;cd
t78355;Croton_Edge_Communal_Den;2012-08-26;2012;08;26;talek;746952;9837148;d
t78366;Croton_Edge_Communal_Den;2012-08-27;2012;08;27;talek;746952;9837148;d
t78367;Dave's_Den;2012-08-27;2012;08;27;talek;747491;9837478;cd
t78368;Croton_Edge_Communal_Den;2012-08-27;2012;08;27;talek;746952;9837148;d
t78370;Dave's_Den;2012-08-28;2012;08;28;talek;747491;9837478;cd
t78375;Croton_Edge_Communal_Den;2012-08-28;2012;08;28;talek;746952;9837148;d
t78386;Croton_Edge_Communal_Den;2012-08-28;2012;08;28;talek;746952;9837148;d
t78389;Dave's_Den;2012-08-28;2012;08;28;talek;747491;9837478;cd
t78392;Croton_Edge_Communal_Den;2012-08-28;2012;08;28;talek;746952;9837148;d
t78394;Dave's_Den;2012-08-29;2012;08;29;talek;747491;9837478;cd
t78402;Dave's_Den;2012-08-31;2012;08;31;talek;747491;9837478;cd
t78403;Dave's_Den;2012-09-02;2012;09;02;talek;747491;9837478;cd
t78413;Dave's_Den;2012-09-02;2012;09;02;talek;747491;9837478;cd
t78414;Dave's_Den;2012-09-02;2012;09;02;talek;747491;9837478;cd
t78418;Dave's_Den;2012-09-03;2012;09;03;talek;747491;9837478;cd
t78430;Dave's_Den;2012-09-04;2012;09;04;talek;747491;9837478;cd
t78448;Dave's_Den;2012-09-04;2012;09;04;talek;747491;9837478;cd
t78463;Dave's_Den;2012-09-05;2012;09;05;talek;747491;9837478;cd
t78466;Dave's_Den;2012-09-05;2012;09;05;talek;747491;9837478;cd
t78467;Dave's_Den;2012-09-06;2012;09;06;talek;747491;9837478;cd
t78469;Dave's_Den;2012-09-06;2012;09;06;talek;747491;9837478;cd
t78471;Dave's_Den;2012-09-06;2012;09;06;talek;747491;9837478;cd
t78498;Dave's_Den;2012-09-12;2012;09;12;talek;747491;9837478;cd
t78501;Dave's_Den;2012-09-12;2012;09;12;talek;747491;9837478;cd
t78511;Dave's_Den;2012-09-13;2012;09;13;talek;747491;9837478;cd
t78545;Pothole_Den;2012-09-15;2012;09;15;talek;747622;9837700;d
t78551;Dave's_Den;2012-09-15;2012;09;15;talek;747491;9837478;cd
t78553;Dave's_Den;2012-09-15;2012;09;15;talek;747491;9837478;cd
t78554;Dave's_Den;2012-09-15;2012;09;15;talek;747491;9837478;cd
t78562;Dave's_Den;2012-09-17;2012;09;17;talek;747491;9837478;cd
t78576;Pothole_Den;2012-09-17;2012;09;17;talek;747622;9837700;d
t78581;Dave's_Den;2012-09-18;2012;09;18;talek;747491;9837478;cd
t78595;Dave's_Den;2012-09-18;2012;09;18;talek;747491;9837478;cd
t78597;Dave's_Den;2012-09-18;2012;09;18;talek;747491;9837478;cd
t78598;Pothole_Den;2012-09-18;2012;09;18;talek;747622;9837700;d
t78601;Pothole_Den;2012-09-18;2012;09;18;talek;747622;9837700;d
t78617;Dave's_Den;2012-09-19;2012;09;19;talek;747491;9837478;cd
t78622;Dave's_Den;2012-09-19;2012;09;19;talek;747491;9837478;cd
t78651;Dave's_Den;2012-09-20;2012;09;20;talek;747491;9837478;cd
t78658;Pothole_Den;2012-09-20;2012;09;20;talek;747622;9837700;d
t78660;Dave's_Den;2012-09-20;2012;09;20;talek;747491;9837478;cd
t78669;Dave's_Den;2012-09-21;2012;09;21;talek;747491;9837478;cd
t78685;Dave's_Den;2012-09-22;2012;09;22;talek;747491;9837478;cd
t78703;Dave's_Den;2012-09-23;2012;09;23;talek;747491;9837478;cd
t78717;Pothole_Den;2012-09-23;2012;09;23;talek;747622;9837700;d
t78736;Dave's_Den;2012-09-26;2012;09;26;talek;747491;9837478;cd
t78741;Dave's_Den;2012-09-26;2012;09;26;talek;747491;9837478;cd
t78743;Dave's_Den;2012-09-27;2012;09;27;talek;747491;9837478;cd
t78752;Dave's_Den;2012-09-28;2012;09;28;talek;747491;9837478;cd
t78767;Dave's_Den;2012-09-29;2012;09;29;talek;747491;9837478;cd
t78772;Dave's_Den;2012-09-30;2012;09;30;talek;747491;9837478;cd
t78785;Dave's_Den;2012-09-30;2012;09;30;talek;747491;9837478;cd
t78798;Dave's_Den;2012-10-02;2012;10;02;talek;747491;9837478;cd
t78802;Dave's_Den;2012-10-02;2012;10;02;talek;747491;9837478;cd
t78866;Pothole_Den;2012-10-08;2012;10;08;talek;747622;9837700;d
t78868;Pothole_Den;2012-10-08;2012;10;08;talek;747622;9837700;d
t78883;Dave's_Den;2012-10-10;2012;10;10;talek;747491;9837478;cd
t78895;Pothole_Den;2012-10-10;2012;10;10;talek;747622;9837700;d
t78907;Pothole_Den;2012-10-11;2012;10;11;talek;747622;9837700;d
t78931;Pothole_Den;2012-10-12;2012;10;12;talek;747622;9837700;d
t78933.1;Dave's_Den;2012-10-12;2012;10;12;talek;747491;9837478;cd
t78935;Pothole_Den;2012-10-12;2012;10;12;talek;747622;9837700;d
t78949;Pothole_Den;2012-10-15;2012;10;15;talek;747622;9837700;d
t78978;Pothole_Den;2012-10-18;2012;10;18;talek;747622;9837700;d
t78992;Dave's_Den;2012-10-18;2012;10;18;talek;747491;9837478;cd
t78993;Dave's_Den;2012-10-18;2012;10;18;talek;747491;9837478;cd
t78996;Dave's_Den;2012-10-18;2012;10;18;talek;747491;9837478;cd
t78997;Dave's_Den;2012-10-19;2012;10;19;talek;747491;9837478;cd
t78998;Dave's_Den;2012-10-19;2012;10;19;talek;747491;9837478;cd
t79011;Dave's_Den;2012-10-19;2012;10;19;talek;747491;9837478;cd
t79013;Dave's_Den;2012-10-19;2012;10;19;talek;747491;9837478;cd
t79040;Dave's_Den;2012-10-20;2012;10;20;talek;747491;9837478;cd
t79059;Dave's_Den;2012-10-21;2012;10;21;talek;747491;9837478;cd
t79062;Dave's_Den;2012-10-21;2012;10;21;talek;747491;9837478;cd
t79063;Pothole_Den;2012-10-21;2012;10;21;talek;747622;9837700;d
t79081;Pothole_Den;2012-10-23;2012;10;23;talek;747622;9837700;d
t79099;Pothole_Den;2012-10-23;2012;10;23;talek;747622;9837700;d
t79101;Dave's_Den;2012-10-24;2012;10;24;talek;747491;9837478;cd
t79109;Dave's_Den;2012-10-24;2012;10;24;talek;747491;9837478;cd
t79141;Dave's_Den;2012-10-26;2012;10;26;talek;747491;9837478;cd
t79142;Dave's_Den;2012-10-26;2012;10;26;talek;747491;9837478;cd
t79164;Croton_Edge_Communal_Den;2012-10-30;2012;10;30;talek;746952;9837148;d
t79168;Croton_Edge_Communal_Den;2012-10-30;2012;10;30;talek;746952;9837148;d
t79175;Croton_Edge_Communal_Den;2012-11-03;2012;11;03;talek;746952;9837148;d
t79177;Croton_Edge_Communal_Den;2012-11-04;2012;11;04;talek;746952;9837148;d
t79190;Croton_Edge_Communal_Den;2012-11-04;2012;11;04;talek;746952;9837148;d
t79194;Croton_Edge_Communal_Den;2012-11-05;2012;11;05;talek;746952;9837148;d
t79200;Croton_Edge_Communal_Den;2012-11-05;2012;11;05;talek;746952;9837148;d
t79210;Croton_Edge_Communal_Den;2012-11-06;2012;11;06;talek;746952;9837148;d
t79217.1;Croton_Edge_Communal_Den;2012-11-06;2012;11;06;talek;746952;9837148;d
t79219;Croton_Edge_Communal_Den;2012-11-07;2012;11;07;talek;746952;9837148;d
t79227;Croton_Edge_Communal_Den;2012-11-07;2012;11;07;talek;746952;9837148;d
t79231;Croton_Edge_Communal_Den;2012-11-08;2012;11;08;talek;746952;9837148;d
t79238;Croton_Edge_Communal_Den;2012-11-08;2012;11;08;talek;746952;9837148;d
t79243;Croton_Edge_Communal_Den;2012-11-08;2012;11;08;talek;746952;9837148;d
t79250;Croton_Edge_Communal_Den;2012-11-09;2012;11;09;talek;746952;9837148;d
t79258;Croton_Edge_Communal_Den;2012-11-09;2012;11;09;talek;746952;9837148;d
t79265;Croton_Edge_Communal_Den;2012-11-10;2012;11;10;talek;746952;9837148;d
t79271;Croton_Edge_Communal_Den;2012-11-10;2012;11;10;talek;746952;9837148;d
t79283;Croton_Edge_Communal_Den;2012-11-11;2012;11;11;talek;746952;9837148;d
t79292;Croton_Edge_Communal_Den;2012-11-12;2012;11;12;talek;746952;9837148;d
t79303;Croton_Edge_Communal_Den;2012-11-12;2012;11;12;talek;746952;9837148;d
t79311;Croton_Edge_Communal_Den;2012-11-13;2012;11;13;talek;746952;9837148;d
t79313;Croton_Edge_Communal_Den;2012-11-13;2012;11;13;talek;746952;9837148;d
t79318;Croton_Edge_Communal_Den;2012-11-14;2012;11;14;talek;746952;9837148;d
t79319;Croton_Edge_Communal_Den;2012-11-14;2012;11;14;talek;746952;9837148;d
t79333;Croton_Edge_Communal_Den;2012-11-14;2012;11;14;talek;746952;9837148;d
t79342;Croton_Edge_Communal_Den;2012-11-15;2012;11;15;talek;746952;9837148;d
t79348;Croton_Edge_Communal_Den;2012-11-15;2012;11;15;talek;746952;9837148;d
t79380;Croton_Edge_Communal_Den;2012-11-17;2012;11;17;talek;746952;9837148;d
t79384;Dave's_Den;2012-11-18;2012;11;18;talek;747491;9837478;cd
t79399;Croton_Edge_Communal_Den;2012-11-18;2012;11;18;talek;746952;9837148;d
t79412;Croton_Edge_Communal_Den;2012-11-19;2012;11;19;talek;746952;9837148;d
t79420;Croton_Edge_Communal_Den;2012-11-19;2012;11;19;talek;746952;9837148;d
t79425;Croton_Edge_Communal_Den;2012-11-20;2012;11;20;talek;746952;9837148;d
t79440;Croton_Edge_Communal_Den;2012-11-21;2012;11;21;talek;746952;9837148;d
t79449;Central_Park_Communal_Den;2012-11-21;2012;11;21;talek;746472;9838970;d
t79453;Central_Park_Communal_Den;2012-11-21;2012;11;21;talek;746472;9838970;d
t79455;Central_Park_Communal_Den;2012-11-23;2012;11;23;talek;746472;9838970;d
t79458;Central_Park_Communal_Den;2012-11-23;2012;11;23;talek;746472;9838970;d
t79461;Central_Park_Communal_Den;2012-11-24;2012;11;24;talek;746472;9838970;d
t79462;Croton_Edge_Communal_Den;2012-11-24;2012;11;24;talek;746952;9837148;d
t79473;Central_Park_Communal_Den;2012-11-24;2012;11;24;talek;746472;9838970;d
t79475;Croton_Edge_Communal_Den;2012-11-24;2012;11;24;talek;746952;9837148;d
t79499.1;Central_Park_Communal_Den;2012-11-25;2012;11;25;talek;746472;9838970;d
t79501;Croton_Edge_Communal_Den;2012-11-25;2012;11;25;talek;746952;9837148;d
t79516;Dave's_Den;2012-11-26;2012;11;26;talek;747491;9837478;cd
t79522;Dave's_Den;2012-11-27;2012;11;27;talek;747491;9837478;cd
t79523;Central_Park_Communal_Den;2012-11-27;2012;11;27;talek;746472;9838970;d
t79525;Croton_Edge_Communal_Den;2012-11-27;2012;11;27;talek;746952;9837148;d
t79531;Dave's_Den;2012-11-28;2012;11;28;talek;747491;9837478;cd
t79533;Central_Park_Communal_Den;2012-11-28;2012;11;28;talek;746472;9838970;d
t79540;Central_Park_Communal_Den;2012-11-28;2012;11;28;talek;746472;9838970;d
t79543;Dave's_Den;2012-11-28;2012;11;28;talek;747491;9837478;cd
t79562;Croton_Edge_Communal_Den;2012-11-29;2012;11;29;talek;746952;9837148;d
t79566;Croton_Edge_Communal_Den;2012-11-30;2012;11;30;talek;746952;9837148;d
t79569;Central_Park_Communal_Den;2012-11-30;2012;11;30;talek;746472;9838970;d
t79588;Central_Park_Communal_Den;2012-11-30;2012;11;30;talek;746472;9838970;d
t79594;Central_Park_Communal_Den;2012-12-01;2012;12;01;talek;746472;9838970;d
t79607;Central_Park_Communal_Den;2012-12-02;2012;12;02;talek;746472;9838970;d
t79629;Central_Park_Communal_Den;2012-12-02;2012;12;02;talek;746472;9838970;d
t79631;Central_Park_Communal_Den;2012-12-03;2012;12;03;talek;746472;9838970;d
t79635;Croton_Edge_Communal_Den;2012-12-03;2012;12;03;talek;746952;9837148;d
t79647;Croton_Edge_Communal_Den;2012-12-03;2012;12;03;talek;746952;9837148;d
t79651;Central_Park_Communal_Den;2012-12-03;2012;12;03;talek;746472;9838970;d
t79653;Croton_Edge_Communal_Den;2012-12-03;2012;12;03;talek;746952;9837148;d
t79654;Central_Park_Communal_Den;2012-12-04;2012;12;04;talek;746472;9838970;d
t79658;Croton_Edge_Communal_Den;2012-12-04;2012;12;04;talek;746952;9837148;d
t79665;Croton_Edge_Communal_Den;2012-12-04;2012;12;04;talek;746952;9837148;d
t79669;Central_Park_Communal_Den;2012-12-04;2012;12;04;talek;746472;9838970;d
t79670;Croton_Edge_Communal_Den;2012-12-04;2012;12;04;talek;746952;9837148;d
t79671;Central_Park_Communal_Den;2012-12-05;2012;12;05;talek;746472;9838970;d
t79675;Croton_Edge_Communal_Den;2012-12-05;2012;12;05;talek;746952;9837148;d
t79677;Central_Park_Communal_Den;2012-12-05;2012;12;05;talek;746472;9838970;d
t79689;Central_Park_Communal_Den;2012-12-05;2012;12;05;talek;746472;9838970;d
t79699;Central_Park_Communal_Den;2012-12-06;2012;12;06;talek;746472;9838970;d
t79710;Central_Park_Communal_Den;2012-12-06;2012;12;06;talek;746472;9838970;d
t79734;Central_Park_Communal_Den;2012-12-08;2012;12;08;talek;746472;9838970;d
t79738;Central_Park_Communal_Den;2012-12-09;2012;12;09;talek;746472;9838970;d
t79747;Central_Park_Communal_Den;2012-12-10;2012;12;10;talek;746472;9838970;d
t79768;Central_Park_Communal_Den;2012-12-11;2012;12;11;talek;746472;9838970;d
t79780;Central_Park_Communal_Den;2012-12-13;2012;12;13;talek;746472;9838970;d
t79784;Central_Park_Communal_Den;2012-12-14;2012;12;14;talek;746472;9838970;d
t79785;Croton_Edge_Communal_Den;2012-12-14;2012;12;14;talek;746952;9837148;d
t79788;Central_Park_Communal_Den;2012-12-15;2012;12;15;talek;746472;9838970;d
t79802;Central_Park_Communal_Den;2012-12-15;2012;12;15;talek;746472;9838970;d
t79808;Central_Park_Communal_Den;2012-12-16;2012;12;16;talek;746472;9838970;d
t79824;Croton_Edge_Communal_Den;2012-12-16;2012;12;16;talek;746952;9837148;d
t79827;Central_Park_Communal_Den;2012-12-16;2012;12;16;talek;746472;9838970;d
t79832;Central_Park_Communal_Den;2012-12-17;2012;12;17;talek;746472;9838970;d
t79848;Croton_Edge_Communal_Den;2012-12-18;2012;12;18;talek;746952;9837148;d
t79854;Central_Park_Communal_Den;2012-12-18;2012;12;18;talek;746472;9838970;d
t79865;Central_Park_Communal_Den;2012-12-19;2012;12;19;talek;746472;9838970;d
t79868;Central_Park_Communal_Den;2012-12-20;2012;12;20;talek;746472;9838970;d
t79876;Central_Park_Communal_Den;2012-12-20;2012;12;20;talek;746472;9838970;d
t79884;Croton_Edge_Communal_Den;2012-12-20;2012;12;20;talek;746952;9837148;d
t79887;Central_Park_Communal_Den;2012-12-20;2012;12;20;talek;746472;9838970;d
t79891;Central_Park_Communal_Den;2012-12-21;2012;12;21;talek;746472;9838970;d
t79909;Central_Park_Communal_Den;2012-12-21;2012;12;21;talek;746472;9838970;d
t79910;Central_Park_Communal_Den;2012-12-22;2012;12;22;talek;746472;9838970;d
t79926;Central_Park_Communal_Den;2012-12-26;2012;12;26;talek;746472;9838970;d
t79928;Central_Park_Communal_Den;2012-12-27;2012;12;27;talek;746472;9838970;d
t79944;Central_Park_Communal_Den;2012-12-27;2012;12;27;talek;746472;9838970;d
t79949;Central_Park_Communal_Den;2012-12-27;2012;12;27;talek;746472;9838970;d
t79950;Central_Park_Communal_Den;2012-12-28;2012;12;28;talek;746472;9838970;d
t79959;Central_Park_Communal_Den;2012-12-28;2012;12;28;talek;746472;9838970;d
t79977;Central_Park_Communal_Den;2012-12-28;2012;12;28;talek;746472;9838970;d
t79986;Central_Park_Communal_Den;2012-12-29;2012;12;29;talek;746472;9838970;d
t79997;Central_Park_Communal_Den;2012-12-29;2012;12;29;talek;746472;9838970;d
t80028;Central_Park_Communal_Den;2013-01-01;2013;01;01;talek;746472;9838970;d
t80040;Central_Park_Communal_Den;2013-01-04;2013;01;04;talek;746472;9838970;d
t80043;Central_Park_Communal_Den;2013-01-05;2013;01;05;talek;746472;9838970;d
t80053;Central_Park_Communal_Den;2013-01-05;2013;01;05;talek;746472;9838970;d
t80067;Central_Park_Communal_Den;2013-01-10;2013;01;10;talek;746472;9838970;d
t80086;Central_Park_Communal_Den;2013-01-11;2013;01;11;talek;746472;9838970;d
t80110;Central_Park_Communal_Den;2013-01-12;2013;01;12;talek;746472;9838970;d
t80122;Central_Park_Communal_Den;2013-01-13;2013;01;13;talek;746472;9838970;d
t80151;Central_Park_Communal_Den;2013-01-14;2013;01;14;talek;746472;9838970;d
t80157;Central_Park_Communal_Den;2013-01-15;2013;01;15;talek;746472;9838970;d
t80161;Central_Park_Communal_Den;2013-01-15;2013;01;15;talek;746472;9838970;d
t80170;Central_Park_Communal_Den;2013-01-16;2013;01;16;talek;746472;9838970;d
t80175;Central_Park_Communal_Den;2013-01-16;2013;01;16;talek;746472;9838970;d
t80184;Central_Park_Communal_Den;2013-01-17;2013;01;17;talek;746472;9838970;d
t80189;Central_Park_Communal_Den;2013-01-17;2013;01;17;talek;746472;9838970;d
t80197;Central_Park_Communal_Den;2013-01-18;2013;01;18;talek;746472;9838970;d
t80205;Central_Park_Communal_Den;2013-01-19;2013;01;19;talek;746472;9838970;d
t80208;Riverbend_Den;2013-01-20;2013;01;20;talek;748477;9838427;d
t80222;Riverbend_Den;2013-01-20;2013;01;20;talek;748477;9838427;d
t80226;Riverbend_Den;2013-01-21;2013;01;21;talek;748477;9838427;d
t80229;Central_Park_Communal_Den;2013-01-21;2013;01;21;talek;746472;9838970;d
t80244;Central_Park_Communal_Den;2013-01-21;2013;01;21;talek;746472;9838970;d
t80248;Central_Park_Communal_Den;2013-01-22;2013;01;22;talek;746472;9838970;d
t80251;Central_Park_Communal_Den;2013-01-22;2013;01;22;talek;746472;9838970;d
t80263;Central_Park_Communal_Den;2013-01-23;2013;01;23;talek;746472;9838970;d
t80278;Central_Park_Communal_Den;2013-01-23;2013;01;23;talek;746472;9838970;d
t80281;Riverbend_Den;2013-01-23;2013;01;23;talek;748477;9838427;d
t80284;Central_Park_Communal_Den;2013-01-24;2013;01;24;talek;746472;9838970;d
t80307;Central_Park_Communal_Den;2013-01-24;2013;01;24;talek;746472;9838970;d
t80307.1;Riverbend_Den;2013-01-24;2013;01;24;talek;748477;9838427;d
t80312;Central_Park_Communal_Den;2013-01-25;2013;01;25;talek;746472;9838970;d
t80335;Central_Park_Communal_Den;2013-01-25;2013;01;25;talek;746472;9838970;d
t80340;Central_Park_Communal_Den;2013-01-26;2013;01;26;talek;746472;9838970;d
t80366;Central_Park_Communal_Den;2013-01-27;2013;01;27;talek;746472;9838970;d
t80387;Central_Park_Communal_Den;2013-01-27;2013;01;27;talek;746472;9838970;d
t80392;Central_Park_Communal_Den;2013-01-28;2013;01;28;talek;746472;9838970;d
t80419;Central_Park_Communal_Den;2013-01-28;2013;01;28;talek;746472;9838970;d
t80423;Riverbend_Den;2013-01-28;2013;01;28;talek;748477;9838427;d
t80427;Central_Park_Communal_Den;2013-01-29;2013;01;29;talek;746472;9838970;d
t80459;Central_Park_Communal_Den;2013-02-04;2013;02;04;talek;746472;9838970;d
t80483;Central_Park_Communal_Den;2013-02-04;2013;02;04;talek;746472;9838970;d
t80489;Central_Park_Communal_Den;2013-02-05;2013;02;05;talek;746472;9838970;d
t80501;Central_Park_Communal_Den;2013-02-05;2013;02;05;talek;746472;9838970;d
t80509;Riverbend_Den;2013-02-07;2013;02;07;talek;748477;9838427;d
t80510;Central_Park_Communal_Den;2013-02-07;2013;02;07;talek;746472;9838970;d
t80529;Riverbend_Den;2013-02-07;2013;02;07;talek;748477;9838427;d
t80531;Central_Park_Communal_Den;2013-02-07;2013;02;07;talek;746472;9838970;d
t80539;Central_Park_Communal_Den;2013-02-08;2013;02;08;talek;746472;9838970;d
t80547;Riverbend_Den;2013-02-09;2013;02;09;talek;748477;9838427;d
t80548;Central_Park_Communal_Den;2013-02-09;2013;02;09;talek;746472;9838970;d
t80561;Central_Park_Communal_Den;2013-02-09;2013;02;09;talek;746472;9838970;d
t80565;Central_Park_Communal_Den;2013-02-10;2013;02;10;talek;746472;9838970;d
t80579;Central_Park_Communal_Den;2013-02-10;2013;02;10;talek;746472;9838970;d
t80585;Central_Park_Communal_Den;2013-02-11;2013;02;11;talek;746472;9838970;d
t80598;Riverbend_Den;2013-02-12;2013;02;12;talek;748477;9838427;d
t80599;Riverbend_Den;2013-02-12;2013;02;12;talek;748477;9838427;d
t80612;Central_Park_Communal_Den;2013-02-12;2013;02;12;talek;746472;9838970;d
t80613;Riverbend_Den;2013-02-13;2013;02;13;talek;748477;9838427;d
t80615;Central_Park_Communal_Den;2013-02-13;2013;02;13;talek;746472;9838970;d
t80633;Central_Park_Communal_Den;2013-02-13;2013;02;13;talek;746472;9838970;d
t80642;Central_Park_Communal_Den;2013-02-14;2013;02;14;talek;746472;9838970;d
t80658;Central_Park_Communal_Den;2013-02-14;2013;02;14;talek;746472;9838970;d
t80671;Riverbend_Den;2013-02-15;2013;02;15;talek;748477;9838427;d
t80673;Riverbend_Den;2013-02-16;2013;02;16;talek;748477;9838427;d
t80674;Central_Park_Communal_Den;2013-02-16;2013;02;16;talek;746472;9838970;d
t80694;Central_Park_Communal_Den;2013-02-16;2013;02;16;talek;746472;9838970;d
t80696;Riverbend_Den;2013-02-16;2013;02;16;talek;748477;9838427;d
t80698;Riverbend_Den;2013-02-17;2013;02;17;talek;748477;9838427;d
t80700;Central_Park_Communal_Den;2013-02-17;2013;02;17;talek;746472;9838970;d
t80709;Central_Park_Communal_Den;2013-02-17;2013;02;17;talek;746472;9838970;d
t80711;Riverbend_Den;2013-02-17;2013;02;17;talek;748477;9838427;d
t80714;Riverbend_Den;2013-02-18;2013;02;18;talek;748477;9838427;d
t80716;Central_Park_Communal_Den;2013-02-18;2013;02;18;talek;746472;9838970;d
t80718;Riverbend_Den;2013-02-18;2013;02;18;talek;748477;9838427;d
t80729;Central_Park_Communal_Den;2013-02-18;2013;02;18;talek;746472;9838970;d
t80732;Central_Park_Communal_Den;2013-02-19;2013;02;19;talek;746472;9838970;d
t80734;Central_Park_Communal_Den;2013-02-19;2013;02;19;talek;746472;9838970;d
t80751;Central_Park_Communal_Den;2013-02-19;2013;02;19;talek;746472;9838970;d
t80758;Riverbend_Den;2013-02-22;2013;02;22;talek;748477;9838427;d
t80759;Central_Park_Communal_Den;2013-02-22;2013;02;22;talek;746472;9838970;d
t80764;Central_Park_Communal_Den;2013-02-23;2013;02;23;talek;746472;9838970;d
t80784;Central_Park_Communal_Den;2013-02-23;2013;02;23;talek;746472;9838970;d
t80785;Riverbend_Den;2013-02-23;2013;02;23;talek;748477;9838427;d
t80788;Central_Park_Communal_Den;2013-02-24;2013;02;24;talek;746472;9838970;d
t80790;Riverbend_Den;2013-02-24;2013;02;24;talek;748477;9838427;d
t80809;Central_Park_Communal_Den;2013-02-24;2013;02;24;talek;746472;9838970;d
t80812;Riverbend_Den;2013-02-24;2013;02;24;talek;748477;9838427;d
t80814;Central_Park_Communal_Den;2013-02-25;2013;02;25;talek;746472;9838970;d
t80826;Central_Park_Communal_Den;2013-02-25;2013;02;25;talek;746472;9838970;d
t80838;Central_Park_Communal_Den;2013-02-25;2013;02;25;talek;746472;9838970;d
t80840;Riverbend_Den;2013-02-25;2013;02;25;talek;748477;9838427;d
t80842;Central_Park_Communal_Den;2013-02-26;2013;02;26;talek;746472;9838970;d
t80859;Central_Park_Communal_Den;2013-02-26;2013;02;26;talek;746472;9838970;d
t80861;Central_Park_Communal_Den;2013-02-27;2013;02;27;talek;746472;9838970;d
t80869;Central_Park_Communal_Den;2013-02-27;2013;02;27;talek;746472;9838970;d
t80885;Central_Park_Communal_Den;2013-02-27;2013;02;27;talek;746472;9838970;d
t80888;Central_Park_Communal_Den;2013-02-27;2013;02;27;talek;746472;9838970;d
t80889;Riverbend_Den;2013-02-27;2013;02;27;talek;748477;9838427;d
t80890;Central_Park_Communal_Den;2013-02-28;2013;02;28;talek;746472;9838970;d
t80895;Riverbend_Den;2013-02-28;2013;02;28;talek;748477;9838427;d
t80897;Central_Park_Communal_Den;2013-02-28;2013;02;28;talek;746472;9838970;d
t80901;Central_Park_Communal_Den;2013-02-28;2013;02;28;talek;746472;9838970;d
t80902;Riverbend_Den;2013-02-28;2013;02;28;talek;748477;9838427;d
t80911;Riverbend_Den;2013-06-01;2013;06;01;talek;748477;9838427;d
t80932;Riverbend_Den;2013-06-02;2013;06;02;talek;748477;9838427;d
t80934;Riverbend_Den;2013-06-03;2013;06;03;talek;748477;9838427;d
t80949;Riverbend_Den;2013-06-03;2013;06;03;talek;748477;9838427;d
t80971;Riverbend_Den;2013-06-04;2013;06;04;talek;748477;9838427;d
t80982;Riverbend_Den;2013-06-05;2013;06;05;talek;748477;9838427;d
t80983;Riverbend_Den;2013-06-05;2013;06;05;talek;748477;9838427;d
t80984;Riverbend_Den;2013-06-05;2013;06;05;talek;748477;9838427;d
t80985;Riverbend_Den;2013-06-05;2013;06;05;talek;748477;9838427;d
t81001;Riverbend_Den;2013-06-05;2013;06;05;talek;748477;9838427;d
t81003;Riverbend_Den;2013-06-06;2013;06;06;talek;748477;9838427;d
t81026;Riverbend_Den;2013-06-06;2013;06;06;talek;748477;9838427;d
t81051;Riverbend_Den;2013-06-07;2013;06;07;talek;748477;9838427;d
t81059;Riverbend_Den;2013-06-08;2013;06;08;talek;748477;9838427;d
t81076;Riverbend_Den;2013-06-08;2013;06;08;talek;748477;9838427;d
t81077;Riverbend_Den;2013-06-08;2013;06;08;talek;748477;9838427;d
t81078;Riverbend_Den;2013-06-08;2013;06;08;talek;748477;9838427;d
t81094;Riverbend_Den;2013-06-09;2013;06;09;talek;748477;9838427;d
t81119;Riverbend_Den;2013-06-09;2013;06;09;talek;748477;9838427;d
t81121;Riverbend_Den;2013-06-09;2013;06;09;talek;748477;9838427;d
t81122;Riverbend_Den;2013-06-10;2013;06;10;talek;748477;9838427;d
t81138;Plantation_Den;2013-06-10;2013;06;10;talek;746293;9839498;d
t81140;Riverbend_Den;2013-06-10;2013;06;10;talek;748477;9838427;d
t81152;Riverbend_Den;2013-06-13;2013;06;13;talek;748477;9838427;d
t81154;Plantation_Den;2013-06-13;2013;06;13;talek;746293;9839498;d
t81167;Plantation_Den;2013-06-14;2013;06;14;talek;746293;9839498;d
t81168;Riverbend_Den;2013-06-14;2013;06;14;talek;748477;9838427;d
t81172;Plantation_Den;2013-06-14;2013;06;14;talek;746293;9839498;d
t81175;Plantation_Den;2013-06-15;2013;06;15;talek;746293;9839498;d
t81200;Riverbend_Den;2013-06-16;2013;06;16;talek;748477;9838427;d
t81203;Plantation_Den;2013-06-16;2013;06;16;talek;746293;9839498;d
t81221;Plantation_Den;2013-06-17;2013;06;17;talek;746293;9839498;d
t81228;Riverbend_Den;2013-06-18;2013;06;18;talek;748477;9838427;d
t81229;Plantation_Den;2013-06-18;2013;06;18;talek;746293;9839498;d
t81239;Plantation_Den;2013-06-19;2013;06;19;talek;746293;9839498;d
t81251;Riverbend_Den;2013-06-19;2013;06;19;talek;748477;9838427;d
t81263;Plantation_Den;2013-06-20;2013;06;20;talek;746293;9839498;d
t81274;Riverbend_Den;2013-06-20;2013;06;20;talek;748477;9838427;d
t81280;Plantation_Den;2013-06-21;2013;06;21;talek;746293;9839498;d
t81288;Riverbend_Den;2013-06-21;2013;06;21;talek;748477;9838427;d
t81306;Dave's_Den;2013-06-22;2013;06;22;talek;747491;9837478;cd
t81308;Riverbend_Den;2013-06-22;2013;06;22;talek;748477;9838427;d
t81310;Plantation_Den;2013-06-23;2013;06;23;talek;746293;9839498;d
t81312;Dave's_Den;2013-06-23;2013;06;23;talek;747491;9837478;cd
t81318;Plantation_Den;2013-06-23;2013;06;23;talek;746293;9839498;d
t81320;Dave's_Den;2013-06-24;2013;06;24;talek;747491;9837478;cd
t81330;Riverbend_Den;2013-06-24;2013;06;24;talek;748477;9838427;d
t81332;Dave's_Den;2013-06-24;2013;06;24;talek;747491;9837478;cd
t81335;Plantation_Den;2013-06-24;2013;06;24;talek;746293;9839498;d
t81336;Plantation_Den;2013-06-25;2013;06;25;talek;746293;9839498;d
t81342;Plantation_Den;2013-06-25;2013;06;25;talek;746293;9839498;d
t81345;Plantation_Den;2013-06-27;2013;06;27;talek;746293;9839498;d
t81348;Plantation_Den;2013-06-28;2013;06;28;talek;746293;9839498;d
t81364;Riverbend_Den;2013-06-29;2013;06;29;talek;748477;9838427;d
t81369;Dave's_Den;2013-06-29;2013;06;29;talek;747491;9837478;cd
t81370;Dave's_Den;2013-06-30;2013;06;30;talek;747491;9837478;cd
t81380;Dave's_Den;2013-06-30;2013;06;30;talek;747491;9837478;cd
t81383;Dave's_Den;2013-06-30;2013;06;30;talek;747491;9837478;cd
t81388;Central_Park_Communal_Den;2013-03-01;2013;03;01;talek;746472;9838970;d
t81409;Riverbend_Den;2013-03-01;2013;03;01;talek;748477;9838427;d
t81410;Central_Park_Communal_Den;2013-03-01;2013;03;01;talek;746472;9838970;d
t81433;Central_Park_Communal_Den;2013-03-02;2013;03;02;talek;746472;9838970;d
t81439;Central_Park_Communal_Den;2013-03-02;2013;03;02;talek;746472;9838970;d
t81440;Riverbend_Den;2013-03-03;2013;03;03;talek;748477;9838427;d
t81453;Riverbend_Den;2013-03-03;2013;03;03;talek;748477;9838427;d
t81454;Central_Park_Communal_Den;2013-03-03;2013;03;03;talek;746472;9838970;d
t81457;Riverbend_Den;2013-03-03;2013;03;03;talek;748477;9838427;d
t81459;Riverbend_Den;2013-03-04;2013;03;04;talek;748477;9838427;d
t81462;Central_Park_Communal_Den;2013-03-04;2013;03;04;talek;746472;9838970;d
t81473;Central_Park_Communal_Den;2013-03-04;2013;03;04;talek;746472;9838970;d
t81475;Central_Park_Communal_Den;2013-03-04;2013;03;04;talek;746472;9838970;d
t81478;Riverbend_Den;2013-03-04;2013;03;04;talek;748477;9838427;d
t81482;Riverbend_Den;2013-03-05;2013;03;05;talek;748477;9838427;d
t81489;Central_Park_Communal_Den;2013-03-05;2013;03;05;talek;746472;9838970;d
t81498;Riverbend_Den;2013-03-05;2013;03;05;talek;748477;9838427;d
t81501;Central_Park_Communal_Den;2013-03-05;2013;03;05;talek;746472;9838970;d
t81502;Riverbend_Den;2013-03-05;2013;03;05;talek;748477;9838427;d
t81506;Central_Park_Communal_Den;2013-03-06;2013;03;06;talek;746472;9838970;d
t81520;Central_Park_Communal_Den;2013-03-06;2013;03;06;talek;746472;9838970;d
t81525;Riverbend_Den;2013-03-07;2013;03;07;talek;748477;9838427;d
t81536;Riverbend_Den;2013-03-07;2013;03;07;talek;748477;9838427;d
t81537;Riverbend_Den;2013-03-08;2013;03;08;talek;748477;9838427;d
t81541;Central_Park_Communal_Den;2013-03-08;2013;03;08;talek;746472;9838970;d
t81545;Central_Park_Communal_Den;2013-03-08;2013;03;08;talek;746472;9838970;d
t81557;Riverbend_Den;2013-03-09;2013;03;09;talek;748477;9838427;d
t81558;Riverbend_Den;2013-03-10;2013;03;10;talek;748477;9838427;d
t81567;Central_Park_Communal_Den;2013-03-10;2013;03;10;talek;746472;9838970;d
t81576;Riverbend_Den;2013-03-12;2013;03;12;talek;748477;9838427;d
t81580;Central_Park_Communal_Den;2013-03-12;2013;03;12;talek;746472;9838970;d
t81588;Central_Park_Communal_Den;2013-03-12;2013;03;12;talek;746472;9838970;d
t81592;Central_Park_Communal_Den;2013-03-12;2013;03;12;talek;746472;9838970;d
t81595;Riverbend_Den;2013-03-13;2013;03;13;talek;748477;9838427;d
t81596;Central_Park_Communal_Den;2013-03-13;2013;03;13;talek;746472;9838970;d
t81609;Central_Park_Communal_Den;2013-03-13;2013;03;13;talek;746472;9838970;d
t81612;Riverbend_Den;2013-03-13;2013;03;13;talek;748477;9838427;d
t81615;Central_Park_Communal_Den;2013-03-14;2013;03;14;talek;746472;9838970;d
t81620;Riverbend_Den;2013-03-14;2013;03;14;talek;748477;9838427;d
t81628;Riverbend_Den;2013-03-14;2013;03;14;talek;748477;9838427;d
t81630;Riverbend_Den;2013-03-14;2013;03;14;talek;748477;9838427;d
t81631;Central_Park_Communal_Den;2013-03-14;2013;03;14;talek;746472;9838970;d
t81634;Riverbend_Den;2013-03-14;2013;03;14;talek;748477;9838427;d
t81635;Central_Park_Communal_Den;2013-03-15;2013;03;15;talek;746472;9838970;d
t81644;Riverbend_Den;2013-03-15;2013;03;15;talek;748477;9838427;d
t81654;Central_Park_Communal_Den;2013-03-15;2013;03;15;talek;746472;9838970;d
t81658;Riverbend_Den;2013-03-16;2013;03;16;talek;748477;9838427;d
t81659;Central_Park_Communal_Den;2013-03-16;2013;03;16;talek;746472;9838970;d
t81670;Central_Park_Communal_Den;2013-03-16;2013;03;16;talek;746472;9838970;d
t81674;Riverbend_Den;2013-03-16;2013;03;16;talek;748477;9838427;d
t81675;Riverbend_Den;2013-03-17;2013;03;17;talek;748477;9838427;d
t81691;Central_Park_Communal_Den;2013-03-17;2013;03;17;talek;746472;9838970;d
t81694;Riverbend_Den;2013-03-17;2013;03;17;talek;748477;9838427;d
t81695;Central_Park_Communal_Den;2013-03-18;2013;03;18;talek;746472;9838970;d
t81710;Central_Park_Communal_Den;2013-03-18;2013;03;18;talek;746472;9838970;d
t81711;Riverbend_Den;2013-03-18;2013;03;18;talek;748477;9838427;d
t81720;Central_Park_Communal_Den;2013-03-18;2013;03;18;talek;746472;9838970;d
t81725;Riverbend_Den;2013-03-19;2013;03;19;talek;748477;9838427;d
t81737;Riverbend_Den;2013-03-20;2013;03;20;talek;748477;9838427;d
t81747;Central_Park_Communal_Den;2013-03-20;2013;03;20;talek;746472;9838970;d
t81751;Central_Park_Communal_Den;2013-03-21;2013;03;21;talek;746472;9838970;d
t81760;Central_Park_Communal_Den;2013-03-21;2013;03;21;talek;746472;9838970;d
t81762;Riverbend_Den;2013-03-21;2013;03;21;talek;748477;9838427;d
t81764;Riverbend_Den;2013-03-22;2013;03;22;talek;748477;9838427;d
t81785;Riverbend_Den;2013-03-22;2013;03;22;talek;748477;9838427;d
t81787;Riverbend_Den;2013-03-23;2013;03;23;talek;748477;9838427;d
t81800;Riverbend_Den;2013-03-23;2013;03;23;talek;748477;9838427;d
t81801;Central_Park_Communal_Den;2013-03-24;2013;03;24;talek;746472;9838970;d
t81806;Central_Park_Communal_Den;2013-03-24;2013;03;24;talek;746472;9838970;d
t81807;Riverbend_Den;2013-03-24;2013;03;24;talek;748477;9838427;d
t81809;Riverbend_Den;2013-03-25;2013;03;25;talek;748477;9838427;d
t81816;Riverbend_Den;2013-03-26;2013;03;26;talek;748477;9838427;d
t81818;Central_Park_Communal_Den;2013-03-26;2013;03;26;talek;746472;9838970;d
t81824;Central_Park_Communal_Den;2013-03-26;2013;03;26;talek;746472;9838970;d
t81826;Riverbend_Den;2013-03-27;2013;03;27;talek;748477;9838427;d
t81828;Central_Park_Communal_Den;2013-03-27;2013;03;27;talek;746472;9838970;d
t81839;Central_Park_Communal_Den;2013-03-30;2013;03;30;talek;746472;9838970;d
t81852;Central_Park_Communal_Den;2013-03-30;2013;03;30;talek;746472;9838970;d
t81854;Riverbend_Den;2013-04-04;2013;04;04;talek;748477;9838427;d
t81857;Central_Park_Communal_Den;2013-04-04;2013;04;04;talek;746472;9838970;d
t81867;Central_Park_Communal_Den;2013-04-04;2013;04;04;talek;746472;9838970;d
t81871;Central_Park_Communal_Den;2013-04-05;2013;04;05;talek;746472;9838970;d
t81874;Riverbend_Den;2013-04-05;2013;04;05;talek;748477;9838427;d
t81876;Riverbend_Den;2013-04-05;2013;04;05;talek;748477;9838427;d
t81886;Central_Park_Communal_Den;2013-04-06;2013;04;06;talek;746472;9838970;d
t81891;Central_Park_Communal_Den;2013-04-06;2013;04;06;talek;746472;9838970;d
t81892;Riverbend_Den;2013-04-08;2013;04;08;talek;748477;9838427;d
t81896;Riverbend_Den;2013-04-08;2013;04;08;talek;748477;9838427;d
t81901;Riverbend_Den;2013-04-14;2013;04;14;talek;748477;9838427;d
t81907;Central_Park_Communal_Den;2013-04-14;2013;04;14;talek;746472;9838970;d
t81913;Central_Park_Communal_Den;2013-04-15;2013;04;15;talek;746472;9838970;d
t81919;Central_Park_Communal_Den;2013-04-15;2013;04;15;talek;746472;9838970;d
t81920;Riverbend_Den;2013-04-15;2013;04;15;talek;748477;9838427;d
t81921;Central_Park_Communal_Den;2013-04-16;2013;04;16;talek;746472;9838970;d
t81928;Central_Park_Communal_Den;2013-04-16;2013;04;16;talek;746472;9838970;d
t81929;Riverbend_Den;2013-04-16;2013;04;16;talek;748477;9838427;d
t81932;Riverbend_Den;2013-04-17;2013;04;17;talek;748477;9838427;d
t81935;Central_Park_Communal_Den;2013-04-17;2013;04;17;talek;746472;9838970;d
t81939;Riverbend_Den;2013-04-17;2013;04;17;talek;748477;9838427;d
t81949;Central_Park_Communal_Den;2013-04-17;2013;04;17;talek;746472;9838970;d
t81966;Riverbend_Den;2013-04-21;2013;04;21;talek;748477;9838427;d
t81978;Riverbend_Den;2013-04-22;2013;04;22;talek;748477;9838427;d
t81982;Riverbend_Den;2013-04-23;2013;04;23;talek;748477;9838427;d
t81985;Riverbend_Den;2013-04-23;2013;04;23;talek;748477;9838427;d
t81989;Central_Park_Communal_Den;2013-04-23;2013;04;23;talek;746472;9838970;d
t81996;Riverbend_Den;2013-04-25;2013;04;25;talek;748477;9838427;d
t81999;Central_Park_Communal_Den;2013-04-25;2013;04;25;talek;746472;9838970;d
t82008;Riverbend_Den;2013-04-25;2013;04;25;talek;748477;9838427;d
t82014;Riverbend_Den;2013-04-25;2013;04;25;talek;748477;9838427;d
t82018;Central_Park_Communal_Den;2013-04-25;2013;04;25;talek;746472;9838970;d
t82022;Central_Park_Communal_Den;2013-04-26;2013;04;26;talek;746472;9838970;d
t82036;Riverbend_Den;2013-04-26;2013;04;26;talek;748477;9838427;d
t82052;Central_Park_Communal_Den;2013-04-29;2013;04;29;talek;746472;9838970;d
t82058;Riverbend_Den;2013-04-29;2013;04;29;talek;748477;9838427;d
t82067;Riverbend_Den;2013-04-30;2013;04;30;talek;748477;9838427;d
t82084;Central_Park_Communal_Den;2013-04-30;2013;04;30;talek;746472;9838970;d
t82085;Riverbend_Den;2013-04-30;2013;04;30;talek;748477;9838427;d
t82096;Riverbend_Den;2013-05-01;2013;05;01;talek;748477;9838427;d
t82100;Riverbend_Den;2013-05-01;2013;05;01;talek;748477;9838427;d
t82112;Riverbend_Den;2013-05-01;2013;05;01;talek;748477;9838427;d
t82115;Riverbend_Den;2013-05-02;2013;05;02;talek;748477;9838427;d
t82124;Riverbend_Den;2013-05-03;2013;05;03;talek;748477;9838427;d
t82126;Riverbend_Den;2013-05-03;2013;05;03;talek;748477;9838427;d
t82134;Riverbend_Den;2013-05-04;2013;05;04;talek;748477;9838427;d
t82142;Central_Park_Communal_Den;2013-05-04;2013;05;04;talek;746472;9838970;d
t82149;Central_Park_Communal_Den;2013-05-05;2013;05;05;talek;746472;9838970;d
t82161;Central_Park_Communal_Den;2013-05-05;2013;05;05;talek;746472;9838970;d
t82170;Central_Park_Communal_Den;2013-05-06;2013;05;06;talek;746472;9838970;d
t82173;Riverbend_Den;2013-05-06;2013;05;06;talek;748477;9838427;d
t82177;Central_Park_Communal_Den;2013-05-06;2013;05;06;talek;746472;9838970;d
t82184;Central_Park_Communal_Den;2013-05-06;2013;05;06;talek;746472;9838970;d
t82187;Riverbend_Den;2013-05-06;2013;05;06;talek;748477;9838427;d
t82213;Riverbend_Den;2013-05-07;2013;05;07;talek;748477;9838427;d
t82214;Central_Park_Communal_Den;2013-05-07;2013;05;07;talek;746472;9838970;d
t82219;Central_Park_Communal_Den;2013-05-08;2013;05;08;talek;746472;9838970;d
t82238;Riverbend_Den;2013-05-08;2013;05;08;talek;748477;9838427;d
t82250;Central_Park_Communal_Den;2013-05-11;2013;05;11;talek;746472;9838970;d
t82256;Riverbend_Den;2013-05-11;2013;05;11;talek;748477;9838427;d
t82267;Central_Park_Communal_Den;2013-05-12;2013;05;12;talek;746472;9838970;d
t82273;Central_Park_Communal_Den;2013-05-12;2013;05;12;talek;746472;9838970;d
t82275;Riverbend_Den;2013-05-12;2013;05;12;talek;748477;9838427;d
t82287;Riverbend_Den;2013-05-13;2013;05;13;talek;748477;9838427;d
t82289;Central_Park_Communal_Den;2013-05-13;2013;05;13;talek;746472;9838970;d
t82309;Central_Park_Communal_Den;2013-05-14;2013;05;14;talek;746472;9838970;d
t82321;Central_Park_Communal_Den;2013-05-14;2013;05;14;talek;746472;9838970;d
t82322;Riverbend_Den;2013-05-14;2013;05;14;talek;748477;9838427;d
t82324;Central_Park_Communal_Den;2013-05-15;2013;05;15;talek;746472;9838970;d
t82350;Central_Park_Communal_Den;2013-05-16;2013;05;16;talek;746472;9838970;d
t82354;Riverbend_Den;2013-05-16;2013;05;16;talek;748477;9838427;d
t82361;Central_Park_Communal_Den;2013-05-17;2013;05;17;talek;746472;9838970;d
t82372;Central_Park_Communal_Den;2013-05-17;2013;05;17;talek;746472;9838970;d
t82373;Riverbend_Den;2013-05-17;2013;05;17;talek;748477;9838427;d
t82380;Riverbend_Den;2013-05-18;2013;05;18;talek;748477;9838427;d
t82385;Central_Park_Communal_Den;2013-05-19;2013;05;19;talek;746472;9838970;d
t82395;Central_Park_Communal_Den;2013-05-19;2013;05;19;talek;746472;9838970;d
t82397;Riverbend_Den;2013-05-19;2013;05;19;talek;748477;9838427;d
t82412;Riverbend_Den;2013-05-20;2013;05;20;talek;748477;9838427;d
t82428;Riverbend_Den;2013-05-20;2013;05;20;talek;748477;9838427;d
t82431;Central_Park_Communal_Den;2013-05-20;2013;05;20;talek;746472;9838970;d
t82453;Riverbend_Den;2013-05-21;2013;05;21;talek;748477;9838427;d
t82465;Riverbend_Den;2013-05-21;2013;05;21;talek;748477;9838427;d
t82476;Central_Park_Communal_Den;2013-05-22;2013;05;22;talek;746472;9838970;d
t82489;Riverbend_Den;2013-05-22;2013;05;22;talek;748477;9838427;d
t82490;Central_Park_Communal_Den;2013-05-22;2013;05;22;talek;746472;9838970;d
t82496;Riverbend_Den;2013-05-23;2013;05;23;talek;748477;9838427;d
t82513;Riverbend_Den;2013-05-23;2013;05;23;talek;748477;9838427;d
t82516;Riverbend_Den;2013-05-24;2013;05;24;talek;748477;9838427;d
t82530;Riverbend_Den;2013-05-24;2013;05;24;talek;748477;9838427;d
t82532;Central_Park_Communal_Den;2013-05-24;2013;05;24;talek;746472;9838970;d
t82541;Central_Park_Communal_Den;2013-05-25;2013;05;25;talek;746472;9838970;d
t82543;Riverbend_Den;2013-05-25;2013;05;25;talek;748477;9838427;d
t82554;Central_Park_Communal_Den;2013-05-26;2013;05;26;talek;746472;9838970;d
t82565;Riverbend_Den;2013-05-27;2013;05;27;talek;748477;9838427;d
t82579;Riverbend_Den;2013-05-27;2013;05;27;talek;748477;9838427;d
t82589;Central_Park_Communal_Den;2013-05-27;2013;05;27;talek;746472;9838970;d
t82592;Riverbend_Den;2013-05-28;2013;05;28;talek;748477;9838427;d
t82607;Central_Park_Communal_Den;2013-05-28;2013;05;28;talek;746472;9838970;d
t82609;Riverbend_Den;2013-05-28;2013;05;28;talek;748477;9838427;d
t82611;Riverbend_Den;2013-05-29;2013;05;29;talek;748477;9838427;d
t82634;Riverbend_Den;2013-05-29;2013;05;29;talek;748477;9838427;d
t82635;Central_Park_Communal_Den;2013-05-29;2013;05;29;talek;746472;9838970;d
t82638;Riverbend_Den;2013-05-29;2013;05;29;talek;748477;9838427;d
t82642;Plantation_Den;2013-07-01;2013;07;01;talek;746293;9839498;d
t82650;Plantation_Den;2013-07-01;2013;07;01;talek;746293;9839498;d
t82651;Dave's_Den;2013-07-02;2013;07;02;talek;747491;9837478;cd
t82654;Dave's_Den;2013-07-02;2013;07;02;talek;747491;9837478;cd
t82657;Plantation_Den;2013-07-02;2013;07;02;talek;746293;9839498;d
t82658;Dave's_Den;2013-07-03;2013;07;03;talek;747491;9837478;cd
t82662;Dave's_Den;2013-07-03;2013;07;03;talek;747491;9837478;cd
t82673;Dave's_Den;2013-07-04;2013;07;04;talek;747491;9837478;cd
t82691;Plantation_Den;2013-07-04;2013;07;04;talek;746293;9839498;d
t82692;Plantation_Den;2013-07-04;2013;07;04;talek;746293;9839498;d
t82696;Kinda-See-Em_Den;2013-07-05;2013;07;05;talek;745124;9840497;d
t82697;Kinda-See-Em_Den;2013-07-05;2013;07;05;talek;745124;9840497;d
t82706;Plantation_Den;2013-07-05;2013;07;05;talek;746293;9839498;d
t82712;Kinda-See-Em_Den;2013-07-06;2013;07;06;talek;745124;9840497;d
t82721;Plantation_Den;2013-07-06;2013;07;06;talek;746293;9839498;d
t82725;Dave's_Den;2013-07-06;2013;07;06;talek;747491;9837478;cd
t82726;Plantation_Den;2013-07-06;2013;07;06;talek;746293;9839498;d
t82727;Kinda-See-Em_Den;2013-07-07;2013;07;07;talek;745124;9840497;d
t82731;Dave's_Den;2013-07-07;2013;07;07;talek;747491;9837478;cd
t82741;Plantation_Den;2013-07-07;2013;07;07;talek;746293;9839498;d
t82742;Dave's_Den;2013-07-08;2013;07;08;talek;747491;9837478;cd
t82749;Plantation_Den;2013-07-08;2013;07;08;talek;746293;9839498;d
t82751;Dave's_Den;2013-07-09;2013;07;09;talek;747491;9837478;cd
t82756;Dave's_Den;2013-07-09;2013;07;09;talek;747491;9837478;cd
t82771;Kinda-See-Em_Den;2013-07-09;2013;07;09;talek;745124;9840497;d
t82779;Dave's_Den;2013-07-09;2013;07;09;talek;747491;9837478;cd
t82783;Kinda-See-Em_Den;2013-07-10;2013;07;10;talek;745124;9840497;d
t82791;Dave's_Den;2013-07-10;2013;07;10;talek;747491;9837478;cd
t82801;Kinda-See-Em_Den;2013-07-10;2013;07;10;talek;745124;9840497;d
t82804;Kinda-See-Em_Den;2013-07-11;2013;07;11;talek;745124;9840497;d
t82811;Dave's_Den;2013-07-11;2013;07;11;talek;747491;9837478;cd
t82820;Dave's_Den;2013-07-11;2013;07;11;talek;747491;9837478;cd
t82823;Kinda-See-Em_Den;2013-07-11;2013;07;11;talek;745124;9840497;d
t82829;Kinda-See-Em_Den;2013-07-12;2013;07;12;talek;745124;9840497;d
t82837;Dave's_Den;2013-07-12;2013;07;12;talek;747491;9837478;cd
t82844;Dave's_Den;2013-07-12;2013;07;12;talek;747491;9837478;cd
t82851;Dave's_Den;2013-07-13;2013;07;13;talek;747491;9837478;cd
t82864;Dave's_Den;2013-07-13;2013;07;13;talek;747491;9837478;cd
t82869;Kinda-See-Em_Den;2013-07-14;2013;07;14;talek;745124;9840497;d
t82881;Dave's_Den;2013-07-14;2013;07;14;talek;747491;9837478;cd
t82884;Dave's_Den;2013-07-14;2013;07;14;talek;747491;9837478;cd
t82896;Kinda-See-Em_Den;2013-07-14;2013;07;14;talek;745124;9840497;d
t82901;Dave's_Den;2013-07-14;2013;07;14;talek;747491;9837478;cd
t82907;Dave's_Den;2013-07-15;2013;07;15;talek;747491;9837478;cd
t82912;Dave's_Den;2013-07-15;2013;07;15;talek;747491;9837478;cd
t82924;Kinda-See-Em_Den;2013-07-15;2013;07;15;talek;745124;9840497;d
t82929;Dave's_Den;2013-07-15;2013;07;15;talek;747491;9837478;cd
t82931;Dave's_Den;2013-07-15;2013;07;15;talek;747491;9837478;cd
t82943;Kinda-See-Em_Den;2013-07-16;2013;07;16;talek;745124;9840497;d
t82949;Dave's_Den;2013-07-16;2013;07;16;talek;747491;9837478;cd
t82953;Kinda-See-Em_Den;2013-07-16;2013;07;16;talek;745124;9840497;d
t82957;Dave's_Den;2013-07-16;2013;07;16;talek;747491;9837478;cd
t82958;Dave's_Den;2013-07-17;2013;07;17;talek;747491;9837478;cd
t82960;Kinda-See-Em_Den;2013-07-17;2013;07;17;talek;745124;9840497;d
t82972;Dave's_Den;2013-07-17;2013;07;17;talek;747491;9837478;cd
t82973;Dave's_Den;2013-07-18;2013;07;18;talek;747491;9837478;cd
t82981;Dave's_Den;2013-07-18;2013;07;18;talek;747491;9837478;cd
t82987;Kinda-See-Em_Den;2013-07-19;2013;07;19;talek;745124;9840497;d
t82991;Dave's_Den;2013-07-19;2013;07;19;talek;747491;9837478;cd
t83007;Dave's_Den;2013-07-19;2013;07;19;talek;747491;9837478;cd
t83014;Kinda-See-Em_Den;2013-07-20;2013;07;20;talek;745124;9840497;d
t83017;Dave's_Den;2013-07-20;2013;07;20;talek;747491;9837478;cd
t83019;Dave's_Den;2013-07-21;2013;07;21;talek;747491;9837478;cd
t83028;Dave's_Den;2013-07-22;2013;07;22;talek;747491;9837478;cd
t83029;Kinda-See-Em_Den;2013-07-22;2013;07;22;talek;745124;9840497;d
t83039;Dave's_Den;2013-07-22;2013;07;22;talek;747491;9837478;cd
t83044;Kinda-See-Em_Den;2013-07-23;2013;07;23;talek;745124;9840497;d
t83050;Dave's_Den;2013-07-23;2013;07;23;talek;747491;9837478;cd
t83057;Kinda-See-Em_Den;2013-07-23;2013;07;23;talek;745124;9840497;d
t83058;Kinda-See-Em_Den;2013-07-23;2013;07;23;talek;745124;9840497;d
t83062;Kinda-See-Em_Den;2013-07-24;2013;07;24;talek;745124;9840497;d
t83064;Kinda-See-Em_Den;2013-07-24;2013;07;24;talek;745124;9840497;d
t83066;Dave's_Den;2013-07-24;2013;07;24;talek;747491;9837478;cd
t83073;Dave's_Den;2013-07-24;2013;07;24;talek;747491;9837478;cd
t83074;Kinda-See-Em_Den;2013-07-24;2013;07;24;talek;745124;9840497;d
t83077;Kinda-See-Em_Den;2013-07-25;2013;07;25;talek;745124;9840497;d
t83087;Kinda-See-Em_Den;2013-07-25;2013;07;25;talek;745124;9840497;d
t83089;Pothole_Den;2013-07-25;2013;07;25;talek;747622;9837700;d
t83096;Pothole_Den;2013-07-26;2013;07;26;talek;747622;9837700;d
t83111;Kinda-See-Em_Den;2013-07-26;2013;07;26;talek;745124;9840497;d
t83126;Kinda-See-Em_Den;2013-07-27;2013;07;27;talek;745124;9840497;d
t83144;Kinda-See-Em_Den;2013-07-27;2013;07;27;talek;745124;9840497;d
t83153;Kinda-See-Em_Den;2013-07-28;2013;07;28;talek;745124;9840497;d
t83155;Dave's_Den;2013-07-28;2013;07;28;talek;747491;9837478;cd
t83171;Kinda-See-Em_Den;2013-07-28;2013;07;28;talek;745124;9840497;d
t83206;Resurrection_Communal_Den;2013-07-30;2013;07;30;talek;747569;9838508;d
t83209;Resurrection_Communal_Den;2013-07-31;2013;07;31;talek;747569;9838508;d
t83217;Resurrection_Communal_Den;2013-08-01;2013;08;01;talek;747569;9838508;d
t83221;Resurrection_Communal_Den;2013-08-01;2013;08;01;talek;747569;9838508;d
t83223;Resurrection_Communal_Den;2013-08-02;2013;08;02;talek;747569;9838508;d
t83230;Resurrection_Communal_Den;2013-08-02;2013;08;02;talek;747569;9838508;d
t83232;Resurrection_Communal_Den;2013-08-03;2013;08;03;talek;747569;9838508;d
t83246;Resurrection_Communal_Den;2013-08-03;2013;08;03;talek;747569;9838508;d
t83247;Resurrection_Communal_Den;2013-08-04;2013;08;04;talek;747569;9838508;d
t83252;Resurrection_Communal_Den;2013-08-05;2013;08;05;talek;747569;9838508;d
t83266;Resurrection_Communal_Den;2013-08-05;2013;08;05;talek;747569;9838508;d
t83267;Resurrection_Communal_Den;2013-08-05;2013;08;05;talek;747569;9838508;d
t83272;Resurrection_Communal_Den;2013-08-05;2013;08;05;talek;747569;9838508;d
t83280;Resurrection_Communal_Den;2013-08-06;2013;08;06;talek;747569;9838508;d
t83294;Resurrection_Communal_Den;2013-08-06;2013;08;06;talek;747569;9838508;d
t83296;Resurrection_Communal_Den;2013-08-07;2013;08;07;talek;747569;9838508;d
t83299;Resurrection_Communal_Den;2013-08-07;2013;08;07;talek;747569;9838508;d
t83302;Resurrection_Communal_Den;2013-08-08;2013;08;08;talek;747569;9838508;d
t83307;Dave's_Den;2013-08-08;2013;08;08;talek;747491;9837478;cd
t83318;Resurrection_Communal_Den;2013-08-09;2013;08;09;talek;747569;9838508;d
t83327;Resurrection_Communal_Den;2013-08-10;2013;08;10;talek;747569;9838508;d
t83331;Resurrection_Communal_Den;2013-08-11;2013;08;11;talek;747569;9838508;d
t83351;Resurrection_Communal_Den;2013-08-11;2013;08;11;talek;747569;9838508;d
t83362;Resurrection_Communal_Den;2013-08-12;2013;08;12;talek;747569;9838508;d
t83363;Resurrection_Communal_Den;2013-08-13;2013;08;13;talek;747569;9838508;d
t83376;Resurrection_Communal_Den;2013-08-14;2013;08;14;talek;747569;9838508;d
t83380;Resurrection_Communal_Den;2013-08-15;2013;08;15;talek;747569;9838508;d
t83382;Resurrection_Main_Den;2013-08-17;2013;08;17;talek;747453;9838546;cd
t83383;Resurrection_Communal_Den;2013-08-18;2013;08;18;talek;747569;9838508;d
t83405;Resurrection_Communal_Den;2013-08-19;2013;08;19;talek;747569;9838508;d
t83407;Resurrection_Communal_Den;2013-08-21;2013;08;21;talek;747569;9838508;d
t83418;Resurrection_Communal_Den;2013-08-22;2013;08;22;talek;747569;9838508;d
t83438;Resurrection_Communal_Den;2013-08-23;2013;08;23;talek;747569;9838508;d
t83439;Resurrection_Communal_Den;2013-08-24;2013;08;24;talek;747569;9838508;d
t83446;Resurrection_Communal_Den;2013-08-25;2013;08;25;talek;747569;9838508;d
t83448;Resurrection_Communal_Den;2013-08-26;2013;08;26;talek;747569;9838508;d
t83460;Resurrection_Communal_Den;2013-08-26;2013;08;26;talek;747569;9838508;d
t83473;Resurrection_Communal_Den;2013-08-28;2013;08;28;talek;747569;9838508;d
t83488;Resurrection_Communal_Den;2013-08-29;2013;08;29;talek;747569;9838508;d
t83495;Resurrection_Communal_Den;2013-08-30;2013;08;30;talek;747569;9838508;d
t83502;Resurrection_Communal_Den;2013-08-31;2013;08;31;talek;747569;9838508;d
t83503;Resurrection_Communal_Den;2013-09-01;2013;09;01;talek;747569;9838508;d
t83514;Resurrection_Communal_Den;2013-09-02;2013;09;02;talek;747569;9838508;d
t83516;Resurrection_Communal_Den;2013-09-04;2013;09;04;talek;747569;9838508;d
t83525;Resurrection_Communal_Den;2013-09-04;2013;09;04;talek;747569;9838508;d
t83547;Resurrection_Communal_Den;2013-09-05;2013;09;05;talek;747569;9838508;d
t83571;Resurrection_Communal_Den;2013-09-06;2013;09;06;talek;747569;9838508;d
t84367;Kinda-See-Em_Den;2013-10-30;2013;10;30;talek;745124;9840497;d
t84381;Kinda-See-Em_Den;2013-10-31;2013;10;31;talek;745124;9840497;d
t84391;Kinda-See-Em_Den;2013-10-31;2013;10;31;talek;745124;9840497;d
t84401;Kinda-See-Em_Den;2013-11-01;2013;11;01;talek;745124;9840497;d
t84402;Kinda-See-Em_Den;2013-11-01;2013;11;01;talek;745124;9840497;d
t84441;Kinda-See-Em_Den;2013-11-02;2013;11;02;talek;745124;9840497;d
t84494;Kinda-See-Em_Den;2013-11-05;2013;11;05;talek;745124;9840497;d
t84511;Kinda-See-Em_Den;2013-11-06;2013;11;06;talek;745124;9840497;d
t84520;Kinda-See-Em_Den;2013-11-07;2013;11;07;talek;745124;9840497;d
t84565;Kinda-See-Em_Den;2013-11-13;2013;11;13;talek;745124;9840497;d
t84568;Kinda-See-Em_Den;2013-11-14;2013;11;14;talek;745124;9840497;d
t84577;Kinda-See-Em_Den;2013-11-14;2013;11;14;talek;745124;9840497;d
t84581;Kinda-See-Em_Den;2013-11-15;2013;11;15;talek;745124;9840497;d
t84600;Kinda-See-Em_Den;2013-11-16;2013;11;16;talek;745124;9840497;d
t84627;Kinda-See-Em_Den;2013-11-17;2013;11;17;talek;745124;9840497;d
t84635;Kinda-See-Em_Den;2013-11-18;2013;11;18;talek;745124;9840497;d
t84653;Kinda-See-Em_Den;2013-11-23;2013;11;23;talek;745124;9840497;d
t84655;Kinda-See-Em_Den;2013-11-24;2013;11;24;talek;745124;9840497;d
t84669;Kinda-See-Em_Den;2013-11-24;2013;11;24;talek;745124;9840497;d
t84677;Kinda-See-Em_Den;2013-11-25;2013;11;25;talek;745124;9840497;d
t84682;Kinda-See-Em_Den;2013-11-25;2013;11;25;talek;745124;9840497;d
t84692;Kinda-See-Em_Den;2013-11-26;2013;11;26;talek;745124;9840497;d
t84699;Kinda-See-Em_Den;2013-11-26;2013;11;26;talek;745124;9840497;d
t84702;Kinda-See-Em_Den;2013-11-27;2013;11;27;talek;745124;9840497;d
t84722;Kinda-See-Em_Den;2013-11-28;2013;11;28;talek;745124;9840497;d
t84736;Kinda-See-Em_Den;2013-11-28;2013;11;28;talek;745124;9840497;d
t84748;Kinda-See-Em_Den;2013-11-29;2013;11;29;talek;745124;9840497;d
t84753;Kinda-See-Em_Den;2013-11-30;2013;11;30;talek;745124;9840497;d
t84768;Kinda-See-Em_Den;2013-11-30;2013;11;30;talek;745124;9840497;d
t84771;Kinda-See-Em_Den;2013-12-01;2013;12;01;talek;745124;9840497;d
t84787;Kinda-See-Em_Den;2013-12-02;2013;12;02;talek;745124;9840497;d
t84798;Kinda-See-Em_Den;2013-12-02;2013;12;02;talek;745124;9840497;d
t84811;Kinda-See-Em_Den;2013-12-03;2013;12;03;talek;745124;9840497;d
t84827;Kinda-See-Em_Den;2013-12-05;2013;12;05;talek;745124;9840497;d
t84857;Kinda-See-Em_Den;2013-12-08;2013;12;08;talek;745124;9840497;d
t84864;Kinda-See-Em_Den;2013-12-09;2013;12;09;talek;745124;9840497;d
t84918;Kinda-See-Em_Den;2013-12-21;2013;12;21;talek;745124;9840497;d
t84945;Kinda-See-Em_Den;2013-12-23;2013;12;23;talek;745124;9840497;d
t84963;Kinda-See-Em_Den;2013-12-24;2013;12;24;talek;745124;9840497;d
t84998;Aardwolf_Communal_Den;2013-12-26;2013;12;26;talek;745294;9838050;d
t85084;Magic_Bush_Den;2014-01-04;2014;01;04;talek;746745;9838653;d
t85101;Magic_Bush_Den;2014-01-05;2014;01;05;talek;746745;9838653;d
t85124;Magic_Bush_Den;2014-01-06;2014;01;06;talek;746745;9838653;d
t85138;Magic_Bush_Den;2014-01-07;2014;01;07;talek;746745;9838653;d
t85153;Magic_Bush_Den;2014-01-07;2014;01;07;talek;746745;9838653;d
t85217;Magic_Bush_Den;2014-01-10;2014;01;10;talek;746745;9838653;d
t85246;Magic_Bush_Den;2014-01-12;2014;01;12;talek;746745;9838653;d
t85256;Magic_Bush_Den;2014-01-14;2014;01;14;talek;746745;9838653;d
t85274;Magic_Bush_Den;2014-01-15;2014;01;15;talek;746745;9838653;d
t85278;Riverbend_Den;2014-01-16;2014;01;16;talek;748477;9838427;d
t85302;Riverbend_Den;2014-01-19;2014;01;19;talek;748477;9838427;d
t85326;Riverbend_Den;2014-01-20;2014;01;20;talek;748477;9838427;d
t85329;Riverbend_Den;2014-01-23;2014;01;23;talek;748477;9838427;d
t85347;Riverbend_Den;2014-01-23;2014;01;23;talek;748477;9838427;d
t85348;Riverbend_Den;2014-01-24;2014;01;24;talek;748477;9838427;d
t85378;Riverbend_Den;2014-01-24;2014;01;24;talek;748477;9838427;d
t85383;Riverbend_Den;2014-01-25;2014;01;25;talek;748477;9838427;d
t85392;Riverbend_Den;2014-01-26;2014;01;26;talek;748477;9838427;d
t85404;Riverbend_Den;2014-01-26;2014;01;26;talek;748477;9838427;d
t85410;Riverbend_Den;2014-01-27;2014;01;27;talek;748477;9838427;d
t85426;Riverbend_Den;2014-01-28;2014;01;28;talek;748477;9838427;d
t85439;Riverbend_Den;2014-01-28;2014;01;28;talek;748477;9838427;d
t85442;Riverbend_Den;2014-01-29;2014;01;29;talek;748477;9838427;d
t85458;Riverbend_Den;2014-01-29;2014;01;29;talek;748477;9838427;d
t85466;Riverbend_Den;2014-01-30;2014;01;30;talek;748477;9838427;d
t85470;Riverbend_Den;2014-01-31;2014;01;31;talek;748477;9838427;d
t85486;Riverbend_Den;2014-01-31;2014;01;31;talek;748477;9838427;d
t85489;Riverbend_Den;2014-02-01;2014;02;01;talek;748477;9838427;d
t85496;Riverbend_Den;2014-02-02;2014;02;02;talek;748477;9838427;d
t85510;Riverbend_Den;2014-02-02;2014;02;02;talek;748477;9838427;d
t85511;Riverbend_Den;2014-02-03;2014;02;03;talek;748477;9838427;d
t85545;Riverbend_Den;2014-02-06;2014;02;06;talek;748477;9838427;d
t85564;Riverbend_Den;2014-02-08;2014;02;08;talek;748477;9838427;d
t85566;Riverbend_Den;2014-02-09;2014;02;09;talek;748477;9838427;d
t85585;Riverbend_Den;2014-02-09;2014;02;09;talek;748477;9838427;d
t85589;Riverbend_Den;2014-02-10;2014;02;10;talek;748477;9838427;d
t85610;Riverbend_Den;2014-02-11;2014;02;11;talek;748477;9838427;d
t85620;Riverbend_Den;2014-02-12;2014;02;12;talek;748477;9838427;d
t85642;Riverbend_Den;2014-02-13;2014;02;13;talek;748477;9838427;d
t85657;Riverbend_Den;2014-02-13;2014;02;13;talek;748477;9838427;d
t85659;Riverbend_Den;2014-02-14;2014;02;14;talek;748477;9838427;d
t85676;Riverbend_Den;2014-02-14;2014;02;14;talek;748477;9838427;d
t85679;Riverbend_Den;2014-02-15;2014;02;15;talek;748477;9838427;d
t85692;Riverbend_Den;2014-02-15;2014;02;15;talek;748477;9838427;d
t85697;Riverbend_Den;2014-02-16;2014;02;16;talek;748477;9838427;d
t85711;Riverbend_Den;2014-02-16;2014;02;16;talek;748477;9838427;d
t85713;Riverbend_Den;2014-02-17;2014;02;17;talek;748477;9838427;d
t85746;Riverbend_Den;2014-02-17;2014;02;17;talek;748477;9838427;d
t85750;Riverbend_Den;2014-02-18;2014;02;18;talek;748477;9838427;d
t85763;Riverbend_Den;2014-02-19;2014;02;19;talek;748477;9838427;d
t85775;Riverbend_Den;2014-02-19;2014;02;19;talek;748477;9838427;d
t85776;Riverbend_Den;2014-02-21;2014;02;21;talek;748477;9838427;d
t85790;Riverbend_Den;2014-02-21;2014;02;21;talek;748477;9838427;d
t85802;Riverbend_Den;2014-02-22;2014;02;22;talek;748477;9838427;d
t85805;Riverbend_Den;2014-02-23;2014;02;23;talek;748477;9838427;d
t85816;Riverbend_Den;2014-02-24;2014;02;24;talek;748477;9838427;d
t85825;Riverbend_Den;2014-02-24;2014;02;24;talek;748477;9838427;d
t85826;Riverbend_Den;2014-02-25;2014;02;25;talek;748477;9838427;d
t85848;Riverbend_Den;2014-02-25;2014;02;25;talek;748477;9838427;d
t85851;Riverbend_Den;2014-02-26;2014;02;26;talek;748477;9838427;d
t85872;Riverbend_Den;2014-02-27;2014;02;27;talek;748477;9838427;d
t85876;Riverbend_Den;2014-02-28;2014;02;28;talek;748477;9838427;d
t85889;Riverbend_Den;2014-03-01;2014;03;01;talek;748477;9838427;d
t85900;Riverbend_Den;2014-03-02;2014;03;02;talek;748477;9838427;d
t85923;Riverbend_Den;2014-03-03;2014;03;03;talek;748477;9838427;d
t85935;Riverbend_Den;2014-03-03;2014;03;03;talek;748477;9838427;d
t85939;Riverbend_Den;2014-03-04;2014;03;04;talek;748477;9838427;d
t85949;Riverbend_Den;2014-03-04;2014;03;04;talek;748477;9838427;d
t85951;Riverbend_Den;2014-03-05;2014;03;05;talek;748477;9838427;d
t85965;Riverbend_Den;2014-03-07;2014;03;07;talek;748477;9838427;d
t85972;Riverbend_Den;2014-03-08;2014;03;08;talek;748477;9838427;d
t85973;Riverbend_Den;2014-03-09;2014;03;09;talek;748477;9838427;d
t85981;Riverbend_Den;2014-03-10;2014;03;10;talek;748477;9838427;d
t85993;Riverbend_Den;2014-03-10;2014;03;10;talek;748477;9838427;d
t85994;Riverbend_Den;2014-03-11;2014;03;11;talek;748477;9838427;d
t86003;Riverbend_Den;2014-03-11;2014;03;11;talek;748477;9838427;d
t86006;Riverbend_Den;2014-03-12;2014;03;12;talek;748477;9838427;d
t86028;Dicks_Den;2014-03-18;2014;03;18;talek;747390;9837245;cd
t86030;Riverbend_Den;2014-03-18;2014;03;18;talek;748477;9838427;d
t86037;Dicks_Den;2014-03-19;2014;03;19;talek;747390;9837245;cd
t86038;Riverbend_Den;2014-03-19;2014;03;19;talek;748477;9838427;d
t86040;Riverbend_Den;2014-03-20;2014;03;20;talek;748477;9838427;d
t86041;Dicks_Den;2014-03-20;2014;03;20;talek;747390;9837245;cd
t86042;Dave's_Den;2014-03-20;2014;03;20;talek;747491;9837478;cd
t86059;Dave's_Den;2014-03-20;2014;03;20;talek;747491;9837478;cd
t86067;Dave's_Den;2014-03-21;2014;03;21;talek;747491;9837478;cd
t86068;Dicks_Den;2014-03-21;2014;03;21;talek;747390;9837245;cd
t86069;Dave's_Den;2014-03-21;2014;03;21;talek;747491;9837478;cd
t86072;Dave's_Den;2014-03-22;2014;03;22;talek;747491;9837478;cd
t86083;Dicks_Den;2014-04-01;2014;04;01;talek;747390;9837245;cd
t86084;Dave's_Den;2014-04-01;2014;04;01;talek;747491;9837478;cd
t86090;Dicks_Den;2014-04-02;2014;04;02;talek;747390;9837245;cd
t86091;Dave's_Den;2014-04-02;2014;04;02;talek;747491;9837478;cd
t86100;Dicks_Den;2014-04-02;2014;04;02;talek;747390;9837245;cd
t86105;Dicks_Den;2014-04-05;2014;04;05;talek;747390;9837245;cd
t86106;Dave's_Den;2014-04-05;2014;04;05;talek;747491;9837478;cd
t86116;Dave's_Den;2014-04-07;2014;04;07;talek;747491;9837478;cd
t86120;Dave_Den;2014-04-10;2014;04;10;talek;747491;9837478;d
t86122;Dave's_Den;2014-04-10;2014;04;10;talek;747491;9837478;cd
t86133;Dicks_Den;2014-04-10;2014;04;10;talek;747390;9837245;cd
t86135;Dave's_Den;2014-04-10;2014;04;10;talek;747491;9837478;cd
t86145;Dave's_Den;2014-04-12;2014;04;12;talek;747491;9837478;cd
t86151;Dave's_Den;2014-04-13;2014;04;13;talek;747491;9837478;cd
t86163;Dicks_Den;2014-04-14;2014;04;14;talek;747390;9837245;cd
t86165;Dave's_Den;2014-04-14;2014;04;14;talek;747491;9837478;cd
t86171;Riverbend_Den;2014-04-15;2014;04;15;talek;748477;9838427;d
t86180;Dave's_Den;2014-04-16;2014;04;16;talek;747491;9837478;cd
t86183;Riverbend_Den;2014-04-16;2014;04;16;talek;748477;9838427;d
t86186;Riverbend_Den;2014-04-17;2014;04;17;talek;748477;9838427;d
t86187;Dave's_Den;2014-04-17;2014;04;17;talek;747491;9837478;cd
t86190;Dave's_Den;2014-04-18;2014;04;18;talek;747491;9837478;cd
t86199;Riverbend_Den;2014-04-18;2014;04;18;talek;748477;9838427;d
t86201;Dave's_Den;2014-04-19;2014;04;19;talek;747491;9837478;cd
t86208;Dave's_Den;2014-04-20;2014;04;20;talek;747491;9837478;cd
t86216;Dave's_Den;2014-04-22;2014;04;22;talek;747491;9837478;cd
t86232;Dave's_Den;2014-04-22;2014;04;22;talek;747491;9837478;cd
t86233;Dicks_Den;2014-04-22;2014;04;22;talek;747390;9837245;cd
t86234;Riverbend_Den;2014-04-22;2014;04;22;talek;748477;9838427;d
t86238;Dave's_Den;2014-04-23;2014;04;23;talek;747491;9837478;cd
t86257;Riverbend_Den;2014-04-24;2014;04;24;talek;748477;9838427;d
t86258;Dave's_Den;2014-04-24;2014;04;24;talek;747491;9837478;cd
t86259;Dicks_Den;2014-04-24;2014;04;24;talek;747390;9837245;cd
t86277;Dave's_Den;2014-04-24;2014;04;24;talek;747491;9837478;cd
t86279;Dave's_Den;2014-04-24;2014;04;24;talek;747491;9837478;cd
t86292;Dicks_Den;2014-04-25;2014;04;25;talek;747390;9837245;cd
t86293;Dave's_Den;2014-04-25;2014;04;25;talek;747491;9837478;cd
t86297;Riverbend_Den;2014-04-26;2014;04;26;talek;748477;9838427;d
t86312;Dave's_Den;2014-04-26;2014;04;26;talek;747491;9837478;cd
t86319;Dicks_Den;2014-04-27;2014;04;27;talek;747390;9837245;cd
t86320;Dave's_Den;2014-04-27;2014;04;27;talek;747491;9837478;cd
t86329;Dicks_Den;2014-04-27;2014;04;27;talek;747390;9837245;cd
t86335;Dave's_Den;2014-04-28;2014;04;28;talek;747491;9837478;cd
t86336;Dicks_Den;2014-04-28;2014;04;28;talek;747390;9837245;cd
t86343;Dave's_Den;2014-04-29;2014;04;29;talek;747491;9837478;cd
t86344;Dicks_Den;2014-04-29;2014;04;29;talek;747390;9837245;cd
t86365;Dicks_Den;2014-04-29;2014;04;29;talek;747390;9837245;cd
t86367;Riverbend_Den;2014-04-29;2014;04;29;talek;748477;9838427;d
t86369;Dave's_Den;2014-04-30;2014;04;30;talek;747491;9837478;cd
t86372;Dicks_Den;2014-04-30;2014;04;30;talek;747390;9837245;cd
t86426;Riverbend_Den;2014-05-03;2014;05;03;talek;748477;9838427;d
t86435;Dicks_Den;2014-05-03;2014;05;03;talek;747390;9837245;cd
t86440;Dicks_Den;2014-05-04;2014;05;04;talek;747390;9837245;cd
t86441;Dave's_Den;2014-05-04;2014;05;04;talek;747491;9837478;cd
t86449;Gardenia_Den;2014-05-04;2014;05;04;talek;746979;9836020;cd
t86460;Gardenia_Den;2014-05-04;2014;05;04;talek;746979;9836020;cd
t86464;Gardenia_Den;2014-05-05;2014;05;05;talek;746979;9836020;cd
t86466;Dicks_Den;2014-05-05;2014;05;05;talek;747390;9837245;cd
t86467;Dave's_Den;2014-05-05;2014;05;05;talek;747491;9837478;cd
t86473;Gardenia_Den;2014-05-06;2014;05;06;talek;746979;9836020;cd
t86476;Dave's_Den;2014-05-06;2014;05;06;talek;747491;9837478;cd
t86488;Gardenia_Den;2014-05-06;2014;05;06;talek;746979;9836020;cd
t86490;Dave's_Den;2014-05-06;2014;05;06;talek;747491;9837478;cd
t86496;Dave's_Den;2014-05-07;2014;05;07;talek;747491;9837478;cd
t86496.2;Gardenia_Den;2014-05-07;2014;05;07;talek;746979;9836020;cd
t86497;Dave's_Den;2014-05-08;2014;05;08;talek;747491;9837478;cd
t86498;Dicks_Den;2014-05-08;2014;05;08;talek;747390;9837245;cd
t86499;Gardenia_Den;2014-05-08;2014;05;08;talek;746979;9836020;cd
t86510;Dave's_Den;2014-05-09;2014;05;09;talek;747491;9837478;cd
t86512;Gardenia_Den;2014-05-09;2014;05;09;talek;746979;9836020;cd
t86527;Gardenia_Den;2014-05-09;2014;05;09;talek;746979;9836020;cd
t86529;Dave's_Den;2014-05-09;2014;05;09;talek;747491;9837478;cd
t86531;Dave's_Den;2014-05-10;2014;05;10;talek;747491;9837478;cd
t86534;Gardenia_Den;2014-05-10;2014;05;10;talek;746979;9836020;cd
t86544;Riverbend_Den;2014-05-10;2014;05;10;talek;748477;9838427;d
t86554;Gardenia_Den;2014-05-12;2014;05;12;talek;746979;9836020;cd
t86561;Dave's_Den;2014-05-12;2014;05;12;talek;747491;9837478;cd
t86564;Riverbend_Den;2014-05-13;2014;05;13;talek;748477;9838427;d
t86565;Dave's_Den;2014-05-13;2014;05;13;talek;747491;9837478;cd
t86568;Gardenia_Den;2014-05-13;2014;05;13;talek;746979;9836020;cd
t86576;Riverbend_Den;2014-05-13;2014;05;13;talek;748477;9838427;d
t86584;Gardenia_Den;2014-05-13;2014;05;13;talek;746979;9836020;cd
t86586;Dicks_Den;2014-05-13;2014;05;13;talek;747390;9837245;cd
t86587;Dave's_Den;2014-05-13;2014;05;13;talek;747491;9837478;cd
t86588;Gardenia_Den;2014-05-14;2014;05;14;talek;746979;9836020;cd
t86594;Riverbend_Den;2014-05-14;2014;05;14;talek;748477;9838427;d
t86600;Dave's_Den;2014-05-14;2014;05;14;talek;747491;9837478;cd
t86602;Dicks_Den;2014-05-14;2014;05;14;talek;747390;9837245;cd
t86612;Dave's_Den;2014-05-15;2014;05;15;talek;747491;9837478;cd
t86613;Gardenia_Den;2014-05-16;2014;05;16;talek;746979;9836020;cd
t86622;Dave's_Den;2014-05-16;2014;05;16;talek;747491;9837478;cd
t86624;Gardenia_Den;2014-05-16;2014;05;16;talek;746979;9836020;cd
t86629;Dave's_Den;2014-05-16;2014;05;16;talek;747491;9837478;cd
t86631;Gardenia_Den;2014-05-17;2014;05;17;talek;746979;9836020;cd
t86634;Dave's_Den;2014-05-17;2014;05;17;talek;747491;9837478;cd
t86647;Dave's_Den;2014-05-18;2014;05;18;talek;747491;9837478;cd
t86692;Dave's_Den;2014-05-20;2014;05;20;talek;747491;9837478;cd
t86706;Dave's_Den;2014-05-20;2014;05;20;talek;747491;9837478;cd
t86717;Dicks_Den;2014-05-20;2014;05;20;talek;747390;9837245;cd
t86718;Dave's_Den;2014-05-20;2014;05;20;talek;747491;9837478;cd
t86720;Dicks_Den;2014-05-21;2014;05;21;talek;747390;9837245;cd
t86721;Dave's_Den;2014-05-21;2014;05;21;talek;747491;9837478;cd
t86737;Dave's_Den;2014-05-21;2014;05;21;talek;747491;9837478;cd
t86738;Dave's_Den;2014-05-22;2014;05;22;talek;747491;9837478;cd
t86749;Dave's_Den;2014-05-23;2014;05;23;talek;747491;9837478;cd
t86761;Dave's_Den;2014-05-23;2014;05;23;talek;747491;9837478;cd
t86762;Dave's_Den;2014-05-24;2014;05;24;talek;747491;9837478;cd
t86774;Dave's_Den;2014-05-24;2014;05;24;talek;747491;9837478;cd
t86776;Dicks_Den;2014-05-29;2014;05;29;talek;747390;9837245;cd
t86787;Dave's_Den;2014-05-29;2014;05;29;talek;747491;9837478;cd
t86792;Dave's_Den;2014-05-31;2014;05;31;talek;747491;9837478;cd
t86804;Dave's_Den;2014-06-01;2014;06;01;talek;747491;9837478;cd
t86806;Dicks_Den;2014-06-03;2014;06;03;talek;747390;9837245;cd
t86807;Dave's_Den;2014-06-03;2014;06;03;talek;747491;9837478;cd
t86818;Dave's_Den;2014-06-03;2014;06;03;talek;747491;9837478;cd
t86820;Dicks_Den;2014-06-03;2014;06;03;talek;747390;9837245;cd
t86821;Dicks_Den;2014-06-04;2014;06;04;talek;747390;9837245;cd
t86824;Dave's_Den;2014-06-04;2014;06;04;talek;747491;9837478;cd
t86843;Dicks_Den;2014-06-06;2014;06;06;talek;747390;9837245;cd
t86858;Dicks_Den;2014-06-08;2014;06;08;talek;747390;9837245;cd
t86859;Dave's_Den;2014-06-08;2014;06;08;talek;747491;9837478;cd
t86871;Dicks_Den;2014-06-08;2014;06;08;talek;747390;9837245;cd
t86873;Dicks_Den;2014-06-09;2014;06;09;talek;747390;9837245;cd
t86875;Dave's_Den;2014-06-09;2014;06;09;talek;747491;9837478;cd
t86876;Dicks_Den;2014-06-09;2014;06;09;talek;747390;9837245;cd
t86879;Dicks_Den;2014-06-10;2014;06;10;talek;747390;9837245;cd
t86881;Secluded_Den;2014-06-10;2014;06;10;talek;747062;9837168;cd
t86892;Dave's_Den;2014-06-11;2014;06;11;talek;747491;9837478;cd
t86894;Dave's_Den;2014-06-12;2014;06;12;talek;747491;9837478;cd
t86896;Dicks_Den;2014-06-12;2014;06;12;talek;747390;9837245;cd
t86897;Secluded_Den;2014-06-12;2014;06;12;talek;747062;9837168;cd
t86908;Dave's_Den;2014-06-12;2014;06;12;talek;747491;9837478;cd
t86911;Dicks_Den;2014-06-12;2014;06;12;talek;747390;9837245;cd
t86920;Dave's_Den;2014-06-14;2014;06;14;talek;747491;9837478;cd
t86921;Dicks_Den;2014-06-14;2014;06;14;talek;747390;9837245;cd
t86923;Dicks_Den;2014-06-15;2014;06;15;talek;747390;9837245;cd
t86928;Yoplait_Den;2014-06-15;2014;06;15;talek;741720;9836168;cd
t86932;Yoplait_Den;2014-06-15;2014;06;15;talek;741720;9836168;cd
t86942;Yoplait_Den;2014-06-18;2014;06;18;talek;741720;9836168;cd
t86946;Yoplait_Den;2014-06-21;2014;06;21;talek;741720;9836168;cd
t86951;Dicks_Den;2014-06-22;2014;06;22;talek;747390;9837245;cd
t86967;Dicks_Den;2014-06-22;2014;06;22;talek;747390;9837245;cd
t86971;Dicks_Den;2014-06-22;2014;06;22;talek;747390;9837245;cd
t86977;Yoplait_Den;2014-06-23;2014;06;23;talek;741720;9836168;cd
t86987;Dicks_Den;2014-06-24;2014;06;24;talek;747390;9837245;cd
t86988;Den_One_Creek_Den_Complex;2014-06-24;2014;06;24;talek;747634;9837096;d
t87001;Den_One_Creek_Den_Complex;2014-06-24;2014;06;24;talek;747634;9837096;d
t87002;Dicks_Den;2014-06-24;2014;06;24;talek;747390;9837245;cd
t87004;Yoplait_Den;2014-06-25;2014;06;25;talek;741720;9836168;cd
t87013;Den_One_Creek_Den_Complex;2014-06-25;2014;06;25;talek;747634;9837096;d
t87042;Yoplait_Den;2014-06-27;2014;06;27;talek;741720;9836168;cd
t87045;Yoplait_Den;2014-06-28;2014;06;28;talek;741720;9836168;cd
t87053;Dicks_Den;2014-06-28;2014;06;28;talek;747390;9837245;cd
t87055;DOC_Communal_Den;2014-06-28;2014;06;28;talek;747634;9837096;d
t87056;DOC_Communal_Den;2014-06-28;2014;06;28;talek;747634;9837096;d
t87057;Dicks_Den;2014-06-28;2014;06;28;talek;747390;9837245;cd
t87058;DOC_Communal_Den;2014-06-28;2014;06;28;talek;747634;9837096;d
t87068;Yoplait_Den;2014-06-29;2014;06;29;talek;741720;9836168;cd
t87079;DOC_Communal_Den;2014-06-29;2014;06;29;talek;747634;9837096;d
t87080;Dicks_Den;2014-06-29;2014;06;29;talek;747390;9837245;cd
t87081;DOC_Communal_Den;2014-06-29;2014;06;29;talek;747634;9837096;d
t87083;DOC_Communal_Den;2014-06-29;2014;06;29;talek;747634;9837096;d
t87096;DOC_Communal_Den;2014-06-30;2014;06;30;talek;747634;9837096;d
t87104;Yoplait_Den;2014-06-30;2014;06;30;talek;741720;9836168;cd
t87111;Dicks_Den;2014-06-30;2014;06;30;talek;747390;9837245;cd
t87112;DOC_Communal_Den;2014-06-30;2014;06;30;talek;747634;9837096;d
t87122;Yoplait_Den;2014-07-01;2014;07;01;talek;741720;9836168;cd
t87126;DOC_Communal_Den;2014-07-01;2014;07;01;talek;747634;9837096;d
t87133;Dicks_Den;2014-07-01;2014;07;01;talek;747390;9837245;cd
t87146;DOC_Communal_Den;2014-07-02;2014;07;02;talek;747634;9837096;d
t87152;DOC_Communal_Den;2014-07-02;2014;07;02;talek;747634;9837096;d
t87154;DOC_Communal_Den;2014-07-03;2014;07;03;talek;747634;9837096;d
t87167;DOC_Communal_Den;2014-07-03;2014;07;03;talek;747634;9837096;d
t87172;DOC_Communal_Den;2014-07-04;2014;07;04;talek;747634;9837096;d
t87174;DOC_Communal_Den;2014-07-04;2014;07;04;talek;747634;9837096;d
t87184;DOC_Communal_Den;2014-07-05;2014;07;05;talek;747634;9837096;d
t87207;DOC_Communal_Den;2014-07-06;2014;07;06;talek;747634;9837096;d
t87213;DOC_Communal_Den;2014-07-07;2014;07;07;talek;747634;9837096;d
t87229;DOC_Communal_Den;2014-07-07;2014;07;07;talek;747634;9837096;d
t87236;DOC_Communal_Den;2014-07-08;2014;07;08;talek;747634;9837096;d
t87249;DOC_Communal_Den;2014-07-09;2014;07;09;talek;747634;9837096;d
t87271;DOC_Communal_Den;2014-07-10;2014;07;10;talek;747634;9837096;d
t87286;DOC_Communal_Den;2014-07-11;2014;07;11;talek;747634;9837096;d
t87297;DOC_Communal_Den;2014-07-13;2014;07;13;talek;747634;9837096;d
t87309;DOC_Communal_Den;2014-07-13;2014;07;13;talek;747634;9837096;d
t87311;DOC_Communal_Den;2014-07-14;2014;07;14;talek;747634;9837096;d
t87314;DOC_Den_2;2014-07-15;2014;07;15;talek;747700;9837031;cd
t87318;DOC_Communal_Den;2014-07-16;2014;07;16;talek;747634;9837096;d
t87336;DOC_Communal_Den;2014-07-18;2014;07;18;talek;747634;9837096;d
t87355;DOC_Communal_Den;2014-07-20;2014;07;20;talek;747634;9837096;d
t87359;DOC_Communal_Den;2014-07-20;2014;07;20;talek;747634;9837096;d
t87369;DOC_Den_2;2014-07-20;2014;07;20;talek;747700;9837031;cd
t87385;DOC_Communal_Den;2014-07-21;2014;07;21;talek;747634;9837096;d
t87392;DOC_Den_2;2014-07-22;2014;07;22;talek;747700;9837031;cd
t87409;DOC_Den_2;2014-07-23;2014;07;23;talek;747700;9837031;cd
t87415;DOC_Den_2;2014-07-24;2014;07;24;talek;747700;9837031;cd
t87427;Milkyway_Den;2014-07-28;2014;07;28;talek;742848;9835677;cd
t87441;DOC_Den_2;2014-07-29;2014;07;29;talek;747700;9837031;cd
t87445;Milkyway_Den;2014-07-29;2014;07;29;talek;742848;9835677;cd
t87456;DOC_Den_2;2014-07-30;2014;07;30;talek;747700;9837031;cd
t87459;DOC_Den_2;2014-07-30;2014;07;30;talek;747700;9837031;cd
t87464;Milkyway_Den;2014-07-30;2014;07;30;talek;742848;9835677;cd
t87466;Maggie_Den;2014-07-30;2014;07;30;talek;742990;9835692;cd
t87467;DOC_Den_2;2014-07-31;2014;07;31;talek;747700;9837031;cd
t87472;Milkyway_Den;2014-07-31;2014;07;31;talek;742848;9835677;cd
t87485;DOC_Den_2;2014-08-02;2014;08;02;talek;747700;9837031;cd
t87490;DOC_Den_2;2014-08-02;2014;08;02;talek;747700;9837031;cd
t87494;Milkyway_Den;2014-08-02;2014;08;02;talek;742848;9835677;cd
t87505;DOC_Den_2;2014-08-02;2014;08;02;talek;747700;9837031;cd
t87515;DOC_Den_2;2014-08-03;2014;08;03;talek;747700;9837031;cd
t87529;DOC_Den_2;2014-08-03;2014;08;03;talek;747700;9837031;cd
t87536;DOC_Communal_Den;2014-08-04;2014;08;04;talek;747634;9837096;d
t87540;DOC_Den_2;2014-08-04;2014;08;04;talek;747700;9837031;cd
t87541;Milkyway_Den;2014-08-04;2014;08;04;talek;742848;9835677;cd
t87545;Milkyway_Den;2014-08-04;2014;08;04;talek;742848;9835677;cd
t87555;DOC_Den_2;2014-08-04;2014;08;04;talek;747700;9837031;cd
t87556;DOC_Communal_Den;2014-08-05;2014;08;05;talek;747634;9837096;d
t87564;DOC_Communal_Den;2014-08-06;2014;08;06;talek;747634;9837096;d
t87579;Maggie_Den;2014-08-06;2014;08;06;talek;742990;9835692;cd
t87584;DOC_Den_2;2014-08-07;2014;08;07;talek;747700;9837031;cd
t87596;Maggie_Den;2014-08-07;2014;08;07;talek;742990;9835692;cd
t87607;DOC_Communal_Den;2014-08-08;2014;08;08;talek;747634;9837096;d
t87609;Maggie_Den;2014-08-08;2014;08;08;talek;742990;9835692;cd
t87619;Maggie_Den;2014-08-11;2014;08;11;talek;742990;9835692;cd
t87627;Dicks_Den;2014-08-11;2014;08;11;talek;747390;9837245;cd
t87638;DOC_Communal_Den;2014-08-12;2014;08;12;talek;747634;9837096;d
t87639;Dicks_Den;2014-08-12;2014;08;12;talek;747390;9837245;cd
t87646;Maggie_Den;2014-08-16;2014;08;16;talek;742990;9835692;cd
t87650;Dicks_Den;2014-08-16;2014;08;16;talek;747390;9837245;cd
t87653;Dicks_Den;2014-08-18;2014;08;18;talek;747390;9837245;cd
t87662;Dicks_Den;2014-08-19;2014;08;19;talek;747390;9837245;cd
t87688;Maggie_Den;2014-08-21;2014;08;21;talek;742990;9835692;cd
t87698;Cash_Den;2014-08-22;2014;08;22;talek;747481;9837043;cd
t87704;Maggie_Den;2014-08-22;2014;08;22;talek;742990;9835692;cd
t87707;Dicks_Den;2014-08-23;2014;08;23;talek;747390;9837245;cd
t87720;Maggie_Den;2014-08-23;2014;08;23;talek;742990;9835692;cd
t87721;Dicks_Den;2014-08-23;2014;08;23;talek;747390;9837245;cd
t87733;DOC_Den_2;2014-08-26;2014;08;26;talek;747700;9837031;cd
t87743;Maggie_Den;2014-08-27;2014;08;27;talek;742990;9835692;cd
t87746;DOC_Den_2;2014-08-28;2014;08;28;talek;747700;9837031;cd
t87752;DOC_Den_2;2014-08-29;2014;08;29;talek;747700;9837031;cd
t87758;Pole_not_Pole_Den;2014-08-29;2014;08;29;talek;743572;9837544;cd
t87779;Pole_not_Pole_Den;2014-08-30;2014;08;30;talek;743572;9837544;cd
t87801;Pole_not_Pole_Den;2014-08-31;2014;08;31;talek;743572;9837544;cd
t87810;Pole_not_Pole_Den;2014-08-31;2014;08;31;talek;743572;9837544;cd
t87815;Singizi_Den;2014-08-31;2014;08;31;talek;747084;9835640;cd
t87831;Singizi_Den;2014-09-01;2014;09;01;talek;747084;9835640;cd
t87834;DOC_Den_2;2014-09-01;2014;09;01;talek;747700;9837031;cd
t87836;Pole_not_Pole_Den;2014-09-01;2014;09;01;talek;743572;9837544;cd
t87837;Maggie_Den;2014-09-01;2014;09;01;talek;742990;9835692;cd
t87838;Pole_not_Pole_Den;2014-09-01;2014;09;01;talek;743572;9837544;cd
t87841;DOC_Den_2;2014-09-02;2014;09;02;talek;747700;9837031;cd
t87842;Singizi_Den;2014-09-02;2014;09;02;talek;747084;9835640;cd
t87847;Maggie_Den;2014-09-02;2014;09;02;talek;742990;9835692;cd
t87857;Pole_not_Pole_Den;2014-09-07;2014;09;07;talek;743572;9837544;cd
t87858;Maggie_Den;2014-09-07;2014;09;07;talek;742990;9835692;cd
t87859;Singizi_Den;2014-09-07;2014;09;07;talek;747084;9835640;cd
t87861;DOC_Den_2;2014-09-07;2014;09;07;talek;747700;9837031;cd
t87863;DOC_Den_2;2014-09-08;2014;09;08;talek;747700;9837031;cd
t87868;DOC_Den_2;2014-09-08;2014;09;08;talek;747700;9837031;cd
t87875;DOC_Communal_Den;2014-09-08;2014;09;08;talek;747634;9837096;d
t87878;Pole_not_Pole_Den;2014-09-09;2014;09;09;talek;743572;9837544;cd
t87900;DOC_Communal_Den;2014-09-10;2014;09;10;talek;747634;9837096;d
t87905;Cash_Den;2014-09-10;2014;09;10;talek;747481;9837043;cd
t87920;Pole_not_Pole_Den;2014-09-11;2014;09;11;talek;743572;9837544;cd
t87926;Cash_Den;2014-09-12;2014;09;12;talek;747481;9837043;cd
t87945;Pole_not_Pole_Den;2014-09-13;2014;09;13;talek;743572;9837544;cd
t87956;Cash_Den;2014-09-13;2014;09;13;talek;747481;9837043;cd
t87962;Singizi_Den;2014-09-13;2014;09;13;talek;747084;9835640;cd
t87966;Lucky_Leopard_Den;2014-09-13;2014;09;13;talek;742437;9836924;cd
t87967;Pole_not_Pole_Den;2014-09-13;2014;09;13;talek;743572;9837544;cd
t87977;Pole_not_Pole_Den;2014-09-14;2014;09;14;talek;743572;9837544;cd
t87986;Lucky_Leopard_Den;2014-09-14;2014;09;14;talek;742437;9836924;cd
t87987;Cash_Den;2014-09-15;2014;09;15;talek;747481;9837043;cd
t87990;Singizi_Den;2014-09-15;2014;09;15;talek;747084;9835640;cd
t87995;Singizi_Den;2014-09-15;2014;09;15;talek;747084;9835640;cd
t87999;Lucky_Leopard_Den;2014-09-15;2014;09;15;talek;742437;9836924;cd
t88008;Singizi_Den;2014-09-16;2014;09;16;talek;747084;9835640;cd
t88010;Lucky_Leopard_Den;2014-09-16;2014;09;16;talek;742437;9836924;cd
t88015;Singizi_Den;2014-09-16;2014;09;16;talek;747084;9835640;cd
t88019;Lucky_Leopard_Den;2014-09-16;2014;09;16;talek;742437;9836924;cd
t88027;Den_One_Creek_Den_Complex;2014-09-18;2014;09;18;talek;747634;9837096;d
t88030;Singizi_Den;2014-09-18;2014;09;18;talek;747084;9835640;cd
t88035;Singizi_Den;2014-09-18;2014;09;18;talek;747084;9835640;cd
t88037;Cash_Den;2014-09-18;2014;09;18;talek;747481;9837043;cd
t88038;Singizi_Den;2014-09-18;2014;09;18;talek;747084;9835640;cd
t88041;Lucky_Leopard_Den;2014-09-18;2014;09;18;talek;742437;9836924;cd
t88048;Singizi_Den;2014-09-19;2014;09;19;talek;747084;9835640;cd
t88051;DOC_Den_2;2014-09-19;2014;09;19;talek;747700;9837031;cd
t88052;Cash_Den;2014-09-19;2014;09;19;talek;747481;9837043;cd
t88056;DOC_Den_2;2014-09-20;2014;09;20;talek;747700;9837031;cd
t88057;Cash_Den;2014-09-20;2014;09;20;talek;747481;9837043;cd
t88085;Dicks_Den;2014-09-22;2014;09;22;talek;747390;9837245;cd
t88086;Singizi_Den;2014-09-22;2014;09;22;talek;747084;9835640;cd
t88091;Lucky_Leopard_Den;2014-09-22;2014;09;22;talek;742437;9836924;cd
t88093;Lucky_Leopard_Den;2014-09-22;2014;09;22;talek;742437;9836924;cd
t88094;Cash_Den;2014-09-23;2014;09;23;talek;747481;9837043;cd
t88116;Dicks_Den;2014-09-23;2014;09;23;talek;747390;9837245;cd
t88133;Cash_Den;2014-09-25;2014;09;25;talek;747481;9837043;cd
t88140;Lucky_Leopard_Den;2014-09-25;2014;09;25;talek;742437;9836924;cd
t88145;Dave's_Den;2014-09-26;2014;09;26;talek;747491;9837478;cd
t88181;Lucky_Leopard_Den;2014-09-30;2014;09;30;talek;742437;9836924;cd
t88183;Lucky_Leopard_Den;2014-09-30;2014;09;30;talek;742437;9836924;cd
t88191;DOC_Communal_Den;2014-10-02;2014;10;02;talek;747634;9837096;d
t88192;Cash_Den;2014-10-02;2014;10;02;talek;747481;9837043;cd
t88193;DOC_Communal_Den;2014-10-02;2014;10;02;talek;747634;9837096;d
t88195;Cash_Den;2014-10-02;2014;10;02;talek;747481;9837043;cd
t88206;Lucky_Leopard_Den;2014-10-06;2014;10;06;talek;742437;9836924;cd
t88215;Dave's_Den;2014-10-06;2014;10;06;talek;747491;9837478;cd
t88217;Cash_Den;2014-10-06;2014;10;06;talek;747481;9837043;cd
t88226;Dave's_Den;2014-10-07;2014;10;07;talek;747491;9837478;cd
t88236;Dave's_Den;2014-10-07;2014;10;07;talek;747491;9837478;cd
t88239;Dave's_Den;2014-10-08;2014;10;08;talek;747491;9837478;cd
t88250;Lucky_Leopard_Den;2014-10-08;2014;10;08;talek;742437;9836924;cd
t88254;Cash_Den;2014-10-08;2014;10;08;talek;747481;9837043;cd
t88256;Cash_Den;2014-10-09;2014;10;09;talek;747481;9837043;cd
t88257;Dave's_Den;2014-10-09;2014;10;09;talek;747491;9837478;cd
t88273;Lucky_Leopard_Den;2014-10-09;2014;10;09;talek;742437;9836924;cd
t88274;Cash_Den;2014-10-09;2014;10;09;talek;747481;9837043;cd
t88275;Dave's_Den;2014-10-09;2014;10;09;talek;747491;9837478;cd
t88293;Dicks_Den;2014-10-11;2014;10;11;talek;747390;9837245;cd
t88294;Lucky_Leopard_Den;2014-10-11;2014;10;11;talek;742437;9836924;cd
t88302;Lucky_Leopard_Den;2014-10-11;2014;10;11;talek;742437;9836924;cd
t88304;Cash_Den;2014-10-12;2014;10;12;talek;747481;9837043;cd
t88306;Dicks_Den;2014-10-12;2014;10;12;talek;747390;9837245;cd
t88308;Lucky_Leopard_Den;2014-10-12;2014;10;12;talek;742437;9836924;cd
t88317;Lucky_Leopard_Den;2014-10-12;2014;10;12;talek;742437;9836924;cd
t88318;Cash_Den;2014-10-12;2014;10;12;talek;747481;9837043;cd
t88319;Dave's_Den;2014-10-12;2014;10;12;talek;747491;9837478;cd
t88329;Lucky_Leopard_Den;2014-10-13;2014;10;13;talek;742437;9836924;cd
t88339;Lucky_Leopard_Den;2014-10-13;2014;10;13;talek;742437;9836924;cd
t88340;Cash_Den;2014-10-13;2014;10;13;talek;747481;9837043;cd
t88341;Dave's_Den;2014-10-13;2014;10;13;talek;747491;9837478;cd
t88345;Dicks_Den;2014-10-14;2014;10;14;talek;747390;9837245;cd
t88347;Lucky_Leopard_Den;2014-10-14;2014;10;14;talek;742437;9836924;cd
t88357;Lucky_Leopard_Den;2014-10-14;2014;10;14;talek;742437;9836924;cd
t88359;Dicks_Den;2014-10-15;2014;10;15;talek;747390;9837245;cd
t88360;Dicks_Den;2014-10-15;2014;10;15;talek;747390;9837245;cd
t88361;Dave's_Den;2014-10-15;2014;10;15;talek;747491;9837478;cd
t88366;Lucky_Leopard_Den;2014-10-15;2014;10;15;talek;742437;9836924;cd
t88371;Lucky_Leopard_Den;2014-10-15;2014;10;15;talek;742437;9836924;cd
t88373;Dave's_Den;2014-10-15;2014;10;15;talek;747491;9837478;cd
t88375;Cash_Den;2014-10-16;2014;10;16;talek;747481;9837043;cd
t88376;Dicks_Den;2014-10-16;2014;10;16;talek;747390;9837245;cd
t88377;Dave's_Den;2014-10-16;2014;10;16;talek;747491;9837478;cd
t88389;Dicks_Den;2014-10-19;2014;10;19;talek;747390;9837245;cd
t88410;Dicks_Den;2014-10-20;2014;10;20;talek;747390;9837245;cd
t88423;Lucky_Leopard_Den;2014-10-20;2014;10;20;talek;742437;9836924;cd
t88443;Dicks_Den;2014-10-20;2014;10;20;talek;747390;9837245;cd
t88445;Dicks_Den;2014-10-21;2014;10;21;talek;747390;9837245;cd
t88465;Dicks_Den;2014-10-22;2014;10;22;talek;747390;9837245;cd
t88485;Lucky_Leopard_Den;2014-10-22;2014;10;22;talek;742437;9836924;cd
t88494;Lucky_Leopard_Den;2014-10-23;2014;10;23;talek;742437;9836924;cd
t88498;Dicks_Den;2014-10-23;2014;10;23;talek;747390;9837245;cd
t88523;Dicks_Den;2014-10-24;2014;10;24;talek;747390;9837245;cd
t88524;Dave's_Den;2014-10-24;2014;10;24;talek;747491;9837478;cd
t88544;Dicks_Den;2014-10-25;2014;10;25;talek;747390;9837245;cd
t88561;Dicks_Den;2014-10-25;2014;10;25;talek;747390;9837245;cd
t88567;Lucky_Leopard_Den;2014-10-26;2014;10;26;talek;742437;9836924;cd
t88570;Dicks_Den;2014-10-26;2014;10;26;talek;747390;9837245;cd
t88589;Dicks_Den;2014-10-26;2014;10;26;talek;747390;9837245;cd
t88591;Dicks_Den;2014-10-27;2014;10;27;talek;747390;9837245;cd
t88605;Lucky_Leopard_Den;2014-10-27;2014;10;27;talek;742437;9836924;cd
t88607;Cash_Den;2014-10-27;2014;10;27;talek;747481;9837043;cd
t88614;Dicks_Den;2014-10-27;2014;10;27;talek;747390;9837245;cd
t88616;Dicks_Den;2014-10-27;2014;10;27;talek;747390;9837245;cd
t88617;Dicks_Den;2014-10-28;2014;10;28;talek;747390;9837245;cd
t88623;Lucky_Leopard_Den;2014-10-28;2014;10;28;talek;742437;9836924;cd
t88634;Lucky_Leopard_Den;2014-10-28;2014;10;28;talek;742437;9836924;cd
t88639;Dicks_Den;2014-10-28;2014;10;28;talek;747390;9837245;cd
t88641;Dicks_Den;2014-10-28;2014;10;28;talek;747390;9837245;cd
t88643;DOC_Communal_Den;2014-10-29;2014;10;29;talek;747634;9837096;d
t88664;Dicks_Den;2014-10-29;2014;10;29;talek;747390;9837245;cd
t88668;Dicks_Den;2014-10-29;2014;10;29;talek;747390;9837245;cd
t88671;Dicks_Den;2014-10-30;2014;10;30;talek;747390;9837245;cd
t88687;Dicks_Den;2014-10-30;2014;10;30;talek;747390;9837245;cd
t88692;Den_One_Creek_Den_Complex;2014-10-31;2014;10;31;talek;747634;9837096;d
t88694;Dicks_Den;2014-10-31;2014;10;31;talek;747390;9837245;cd
t88695;DOC_Den_2;2014-10-31;2014;10;31;talek;747700;9837031;cd
t88709;DOC_Communal_Den;2014-11-01;2014;11;01;talek;747634;9837096;d
t88712;Dicks_Den;2014-11-01;2014;11;01;talek;747390;9837245;cd
t88724;DOC_Communal_Den;2014-11-01;2014;11;01;talek;747634;9837096;d
t88730;DOC_Den_2;2014-11-01;2014;11;01;talek;747700;9837031;cd
t88731;DOC_Communal_Den;2014-11-01;2014;11;01;talek;747634;9837096;d
t88748;Dicks_Den;2014-11-01;2014;11;01;talek;747390;9837245;cd
t88755;Dicks_Den;2014-11-02;2014;11;02;talek;747390;9837245;cd
t88758;DOC_Communal_Den;2014-11-02;2014;11;02;talek;747634;9837096;d
t88759;Dicks_Den;2014-11-02;2014;11;02;talek;747390;9837245;cd
t88769;Kinda_See_Em_Den_Three;2014-11-02;2014;11;02;talek;745114;9840561;cd
t88771;DOC_Den_2;2014-11-02;2014;11;02;talek;747700;9837031;cd
t88773;Dicks_Den;2014-11-03;2014;11;03;talek;747390;9837245;cd
t88774;DOC_Communal_Den;2014-11-03;2014;11;03;talek;747634;9837096;d
t88775;Dicks_Den;2014-11-03;2014;11;03;talek;747390;9837245;cd
t88776;DOC_Communal_Den;2014-11-03;2014;11;03;talek;747634;9837096;d
t88777;DOC_Den_2;2014-11-03;2014;11;03;talek;747700;9837031;cd
t88795;DOC_Communal_Den;2014-11-04;2014;11;04;talek;747634;9837096;d
t88796;Dicks_Den;2014-11-04;2014;11;04;talek;747390;9837245;cd
t88797;DOC_Communal_Den;2014-11-04;2014;11;04;talek;747634;9837096;d
t88835;DOC_Den_2;2014-11-05;2014;11;05;talek;747700;9837031;cd
t88856;DOC_Communal_Den;2014-11-05;2014;11;05;talek;747634;9837096;d
t88857;Dicks_Den;2014-11-05;2014;11;05;talek;747390;9837245;cd
t88858;DOC_Communal_Den;2014-11-05;2014;11;05;talek;747634;9837096;d
t88869;Dicks_Den;2014-11-05;2014;11;05;talek;747390;9837245;cd
t88892;DOC_Den_2;2014-11-06;2014;11;06;talek;747700;9837031;cd
t88909;DOC_Communal_Den;2014-11-06;2014;11;06;talek;747634;9837096;d
t88912;DOC_Den_2;2014-11-07;2014;11;07;talek;747700;9837031;cd
t88930;DOC_Den_2;2014-11-07;2014;11;07;talek;747700;9837031;cd
t88964;DOC_Den_2;2014-11-09;2014;11;09;talek;747700;9837031;cd
t88971;Kinda_See_Em_Den_Two;2014-11-09;2014;11;09;talek;745085;9840608;cd
t88981;DOC_Den_2;2014-11-09;2014;11;09;talek;747700;9837031;cd
t88990;DOC_Den_2;2014-11-09;2014;11;09;talek;747700;9837031;cd
t88991;DOC_Den_2;2014-11-09;2014;11;09;talek;747700;9837031;cd
t89016;DOC_Den_2;2014-11-10;2014;11;10;talek;747700;9837031;cd
t89026;DOC_Den_2;2014-11-10;2014;11;10;talek;747700;9837031;cd
t89028;DOC_Den_2;2014-11-11;2014;11;11;talek;747700;9837031;cd
t89034;Love_Stinks_Den;2014-11-11;2014;11;11;talek;741286;9836630;cd
t89043;DOC_Den_2;2014-11-11;2014;11;11;talek;747700;9837031;cd
t89049;DOC_Den_2;2014-11-11;2014;11;11;talek;747700;9837031;cd
t89051;DOC_Den_2;2014-11-12;2014;11;12;talek;747700;9837031;cd
t89071;DOC_Den_2;2014-11-12;2014;11;12;talek;747700;9837031;cd
t89083;DOC_Den_2;2014-11-12;2014;11;12;talek;747700;9837031;cd
t89095;DOC_Den_2;2014-11-13;2014;11;13;talek;747700;9837031;cd
t89123;DOC_Den_2;2014-11-14;2014;11;14;talek;747700;9837031;cd
t89131;DOC_Communal_Den;2014-11-14;2014;11;14;talek;747634;9837096;d
t89138;DOC_Den_2;2014-11-14;2014;11;14;talek;747700;9837031;cd
t89153;DOC_Den_2;2014-11-15;2014;11;15;talek;747700;9837031;cd
t89155;DOC_Den_2;2014-11-15;2014;11;15;talek;747700;9837031;cd
t89171;DOC_Den_2;2014-11-15;2014;11;15;talek;747700;9837031;cd
t89182;DOC_Den_2;2014-11-15;2014;11;15;talek;747700;9837031;cd
t89185;DOC_Den_2;2014-11-16;2014;11;16;talek;747700;9837031;cd
t89210;DOC_Den_2;2014-11-16;2014;11;16;talek;747700;9837031;cd
t89212;DOC_Den_2;2014-11-16;2014;11;16;talek;747700;9837031;cd
t89216;DOC_Den_2;2014-11-17;2014;11;17;talek;747700;9837031;cd
t89234;DOC_Den_2;2014-11-18;2014;11;18;talek;747700;9837031;cd
t89239;DOC_Den_2;2014-11-19;2014;11;19;talek;747700;9837031;cd
t89267;DOC_Den_2;2014-11-19;2014;11;19;talek;747700;9837031;cd
t89270;DOC_Den_2;2014-11-20;2014;11;20;talek;747700;9837031;cd
t89299;DOC_Den_2;2014-11-22;2014;11;22;talek;747700;9837031;cd
t89302;Cash_Den;2014-11-23;2014;11;23;talek;747481;9837043;cd
t89310;Cash_Den;2014-11-24;2014;11;24;talek;747481;9837043;cd
t89326;Cash_Den;2014-11-24;2014;11;24;talek;747481;9837043;cd
t89327;Cash_Den;2014-11-25;2014;11;25;talek;747481;9837043;cd
t89338;Cash_Den;2014-11-25;2014;11;25;talek;747481;9837043;cd
t89372;Kinda-See-Em_Den;2014-12-04;2014;12;04;talek;745124;9840497;d
t89378;Cash_Den;2014-12-04;2014;12;04;talek;747481;9837043;cd
t89392;Cash_Den;2014-12-04;2014;12;04;talek;747481;9837043;cd
t89397;Cash_Den;2014-12-04;2014;12;04;talek;747481;9837043;cd
t89413;Cash_Den;2014-12-05;2014;12;05;talek;747481;9837043;cd
t89444;Cash_Den;2014-12-05;2014;12;05;talek;747481;9837043;cd
t89453;Cash_Den;2014-12-06;2014;12;06;talek;747481;9837043;cd
t89473;Cash_Den;2014-12-06;2014;12;06;talek;747481;9837043;cd
t89474;Cash_Den;2014-12-06;2014;12;06;talek;747481;9837043;cd
t89476;DOC_Den_2;2014-12-07;2014;12;07;talek;747700;9837031;cd
t89494;Cash_Den;2014-12-07;2014;12;07;talek;747481;9837043;cd
t89497;Cash_Den;2014-12-08;2014;12;08;talek;747481;9837043;cd
t89517;Cash_Den;2014-12-08;2014;12;08;talek;747481;9837043;cd
t89519;DOC_Communal_Den;2014-12-09;2014;12;09;talek;747634;9837096;d
t89533;DOC_Communal_Den;2014-12-09;2014;12;09;talek;747634;9837096;d
t89535;DOC_Communal_Den;2014-12-09;2014;12;09;talek;747634;9837096;d
t89553;DOC_Communal_Den;2014-12-10;2014;12;10;talek;747634;9837096;d
t89562;Kinda-See-Em_Den;2014-12-10;2014;12;10;talek;745124;9840497;d
t89563;DOC_Communal_Den;2014-12-11;2014;12;11;talek;747634;9837096;d
t89582;DOC_Communal_Den;2014-12-11;2014;12;11;talek;747634;9837096;d
t89583;DOC_Communal_Den;2014-12-12;2014;12;12;talek;747634;9837096;d
t89598;DOC_Communal_Den;2014-12-12;2014;12;12;talek;747634;9837096;d
t89606;Cash_Den;2014-12-12;2014;12;12;talek;747481;9837043;cd
t89608;DOC_Communal_Den;2014-12-13;2014;12;13;talek;747634;9837096;d
t89623;DOC_Communal_Den;2014-12-13;2014;12;13;talek;747634;9837096;d
t89627;DOC_Communal_Den;2014-12-14;2014;12;14;talek;747634;9837096;d
t89638;DOC_Communal_Den;2014-12-14;2014;12;14;talek;747634;9837096;d
t89641;DOC_Communal_Den;2014-12-15;2014;12;15;talek;747634;9837096;d
t89653;DOC_Communal_Den;2014-12-15;2014;12;15;talek;747634;9837096;d
t89663;DOC_Communal_Den;2014-12-16;2014;12;16;talek;747634;9837096;d
t89666;DOC_Communal_Den;2014-12-17;2014;12;17;talek;747634;9837096;d
t89676;DOC_Communal_Den;2014-12-17;2014;12;17;talek;747634;9837096;d
t89685;DOC_Communal_Den;2014-12-18;2014;12;18;talek;747634;9837096;d
t89702;DOC_Communal_Den;2014-12-18;2014;12;18;talek;747634;9837096;d
t89705;DOC_Communal_Den;2014-12-18;2014;12;18;talek;747634;9837096;d
t89706;DOC_Communal_Den;2014-12-21;2014;12;21;talek;747634;9837096;d
t89708;DOC_Communal_Den;2014-12-21;2014;12;21;talek;747634;9837096;d
t89709;DOC_Communal_Den;2014-12-22;2014;12;22;talek;747634;9837096;d
t89723;DOC_Communal_Den;2014-12-22;2014;12;22;talek;747634;9837096;d
t89724;Kinda-See-Em_Den;2014-12-22;2014;12;22;talek;745124;9840497;d
t89725;DOC_Communal_Den;2014-12-22;2014;12;22;talek;747634;9837096;d
t89728;DOC_Communal_Den;2014-12-23;2014;12;23;talek;747634;9837096;d
t89741;DOC_Communal_Den;2014-12-23;2014;12;23;talek;747634;9837096;d
t89744;DOC_Communal_Den;2014-12-24;2014;12;24;talek;747634;9837096;d
t89751;DOC_Communal_Den;2014-12-29;2014;12;29;talek;747634;9837096;d
t89760;DOC_Communal_Den;2014-12-30;2014;12;30;talek;747634;9837096;d
t89772;DOC_Communal_Den;2015-01-01;2015;01;01;talek;747634;9837096;d
t89774;DOC_Communal_Den;2015-01-02;2015;01;02;talek;747634;9837096;d
t89776;DOC_Communal_Den;2015-01-02;2015;01;02;talek;747634;9837096;d
t89789;DOC_Communal_Den;2015-01-02;2015;01;02;talek;747634;9837096;d
t89806;DOC_Communal_Den;2015-01-03;2015;01;03;talek;747634;9837096;d
t89812;DOC_Communal_Den;2015-01-04;2015;01;04;talek;747634;9837096;d
t89822;DOC_Communal_Den;2015-01-04;2015;01;04;talek;747634;9837096;d
t89830;DOC_Communal_Den;2015-01-05;2015;01;05;talek;747634;9837096;d
t89834;DOC_Communal_Den;2015-01-08;2015;01;08;talek;747634;9837096;d
t89840;DOC_Communal_Den;2015-01-09;2015;01;09;talek;747634;9837096;d
t89859;DOC_Communal_Den;2015-01-11;2015;01;11;talek;747634;9837096;d
t89862;DOC_Communal_Den;2015-01-14;2015;01;14;talek;747634;9837096;d
t89876;DOC_Communal_Den;2015-01-15;2015;01;15;talek;747634;9837096;d
t89901;DOC_Communal_Den;2015-01-15;2015;01;15;talek;747634;9837096;d
t89903;DOC_Communal_Den;2015-01-16;2015;01;16;talek;747634;9837096;d
t89913;DOC_Communal_Den;2015-01-16;2015;01;16;talek;747634;9837096;d
t89915;Den_One_Creek_Den_Complex;2015-01-17;2015;01;17;talek;747634;9837096;d
t89918;DOC_Communal_Den;2015-01-17;2015;01;17;talek;747634;9837096;d
t89940;DOC_Communal_Den;2015-01-17;2015;01;17;talek;747634;9837096;d
t89945;Den_One_Creek_Den_Complex;2015-01-18;2015;01;18;talek;747634;9837096;d
t89947;DOC_Communal_Den;2015-01-18;2015;01;18;talek;747634;9837096;d
t89959;DOC_Communal_Den;2015-01-18;2015;01;18;talek;747634;9837096;d
t89961;DOC_Communal_Den;2015-01-19;2015;01;19;talek;747634;9837096;d
t89963;Kinda-See-Em_Den;2015-01-19;2015;01;19;talek;745124;9840497;d
t89979;DOC_Communal_Den;2015-01-19;2015;01;19;talek;747634;9837096;d
t89989;DOC_Communal_Den;2015-01-19;2015;01;19;talek;747634;9837096;d
t89993;DOC_Communal_Den;2015-01-20;2015;01;20;talek;747634;9837096;d
t90031;DOC_Communal_Den;2015-01-20;2015;01;20;talek;747634;9837096;d
t90040;DOC_Communal_Den;2015-01-22;2015;01;22;talek;747634;9837096;d
t90041;DOC_Communal_Den;2015-01-22;2015;01;22;talek;747634;9837096;d
t90064;DOC_Communal_Den;2015-01-23;2015;01;23;talek;747634;9837096;d
t90071;DOC_Communal_Den;2015-01-25;2015;01;25;talek;747634;9837096;d
t90087;DOC_Communal_Den;2015-01-25;2015;01;25;talek;747634;9837096;d
t90101;DOC_Communal_Den;2015-01-26;2015;01;26;talek;747634;9837096;d
t90115;DOC_Communal_Den;2015-01-26;2015;01;26;talek;747634;9837096;d
t90116;DOC_Communal_Den;2015-01-26;2015;01;26;talek;747634;9837096;d
t90134;Riverbend_Den;2015-01-27;2015;01;27;talek;748477;9838427;d
t90136;DOC_Communal_Den;2015-01-28;2015;01;28;talek;747634;9837096;d
t90142;DOC_Communal_Den;2015-01-28;2015;01;28;talek;747634;9837096;d
t90206;Riverbend_Den;2015-01-31;2015;01;31;talek;748477;9838427;d
t90210;Democracy_Den;2015-01-31;2015;01;31;talek;742067;9835491;cd
t90211;Democracy_Den;2015-01-31;2015;01;31;talek;742067;9835491;cd
t90214;Riverbend_Den;2015-02-01;2015;02;01;talek;748477;9838427;d
t90236;Democracy_Den;2015-02-01;2015;02;01;talek;742067;9835491;cd
t90239;Riverbend_Den;2015-02-02;2015;02;02;talek;748477;9838427;d
t90251;Riverbend_Den;2015-02-02;2015;02;02;talek;748477;9838427;d
t90255;Democracy_Den;2015-02-02;2015;02;02;talek;742067;9835491;cd
t90267;Riverbend_Den;2015-02-03;2015;02;03;talek;748477;9838427;d
t90283;Democracy_Den;2015-02-04;2015;02;04;talek;742067;9835491;cd
t90288;Riverbend_Den;2015-02-05;2015;02;05;talek;748477;9838427;d
t90311;Riverbend_Den;2015-02-06;2015;02;06;talek;748477;9838427;d
t90313;Riverbend_Den;2015-02-07;2015;02;07;talek;748477;9838427;d
t90321;DOC_Communal_Den;2015-02-08;2015;02;08;talek;747634;9837096;d
t90329;Riverbend_Den;2015-02-08;2015;02;08;talek;748477;9838427;d
t90334;Democracy_Den;2015-02-09;2015;02;09;talek;742067;9835491;cd
t90349;Democracy_Den;2015-02-10;2015;02;10;talek;742067;9835491;cd
t90352;Riverbend_Den;2015-02-11;2015;02;11;talek;748477;9838427;d
t90362;Democracy_Den;2015-02-11;2015;02;11;talek;742067;9835491;cd
t90368;Riverbend_Den;2015-02-12;2015;02;12;talek;748477;9838427;d
t90375;Riverbend_Den;2015-02-13;2015;02;13;talek;748477;9838427;d
t90379;Democracy_Den;2015-02-13;2015;02;13;talek;742067;9835491;cd
t90389;Democracy_Den;2015-02-14;2015;02;14;talek;742067;9835491;cd
t90391;Riverbend_Den;2015-02-17;2015;02;17;talek;748477;9838427;d
t90409;Riverbend_Den;2015-02-17;2015;02;17;talek;748477;9838427;d
t90424;Democracy_Den;2015-02-19;2015;02;19;talek;742067;9835491;cd
t90426;Riverbend_Den;2015-02-19;2015;02;19;talek;748477;9838427;d
t90440;Democracy_Den;2015-02-20;2015;02;20;talek;742067;9835491;cd
t90442;Riverbend_Den;2015-02-20;2015;02;20;talek;748477;9838427;d
t90445;Democracy_Den;2015-02-21;2015;02;21;talek;742067;9835491;cd
t90447;Riverbend_Den;2015-02-22;2015;02;22;talek;748477;9838427;d
t90462;Democracy_Den;2015-02-22;2015;02;22;talek;742067;9835491;cd
t90464;Democracy_Den;2015-02-23;2015;02;23;talek;742067;9835491;cd
t90475;Riverbend_Den;2015-02-23;2015;02;23;talek;748477;9838427;d
t90481;Riverbend_Den;2015-02-23;2015;02;23;talek;748477;9838427;d
t90509;Riverbend_Den;2015-02-25;2015;02;25;talek;748477;9838427;d
t90538;Riverbend_Den;2015-02-25;2015;02;25;talek;748477;9838427;d
t90541;Riverbend_Den;2015-02-26;2015;02;26;talek;748477;9838427;d
t90552;Democracy_Den;2015-02-26;2015;02;26;talek;742067;9835491;cd
t90557;Democracy_Den;2015-02-27;2015;02;27;talek;742067;9835491;cd
t90559;Democracy_Den;2015-02-27;2015;02;27;talek;742067;9835491;cd
t90575;Democracy_Den;2015-02-27;2015;02;27;talek;742067;9835491;cd
t90577;Riverbend_Den;2015-02-28;2015;02;28;talek;748477;9838427;d
t90588;Democracy_Den;2015-02-28;2015;02;28;talek;742067;9835491;cd
t90590;Riverbend_Den;2015-02-28;2015;02;28;talek;748477;9838427;d
t90593;Riverbend_Den;2015-03-01;2015;03;01;talek;748477;9838427;d
t90595;Democracy_Den;2015-03-01;2015;03;01;talek;742067;9835491;cd
t90598;Democracy_Den;2015-03-01;2015;03;01;talek;742067;9835491;cd
t90601;Democracy_Den;2015-03-01;2015;03;01;talek;742067;9835491;cd
t90603;Riverbend_Den;2015-03-01;2015;03;01;talek;748477;9838427;d
t90610;Riverbend_Den;2015-03-02;2015;03;02;talek;748477;9838427;d
t90613;Riverbend_Den;2015-03-03;2015;03;03;talek;748477;9838427;d
t90630;Democracy_Den;2015-03-03;2015;03;03;talek;742067;9835491;cd
t90636;Riverbend_Den;2015-03-03;2015;03;03;talek;748477;9838427;d
t90647;Riverbend_Den;2015-03-05;2015;03;05;talek;748477;9838427;d
t90656;Democracy_Den;2015-03-05;2015;03;05;talek;742067;9835491;cd
t90658;Riverbend_Den;2015-03-06;2015;03;06;talek;748477;9838427;d
t90662;Democracy_Den;2015-03-06;2015;03;06;talek;742067;9835491;cd
t90666;Riverbend_Den;2015-03-06;2015;03;06;talek;748477;9838427;d
t90668;Riverbend_Den;2015-03-07;2015;03;07;talek;748477;9838427;d
t90671;Democracy_Den;2015-03-07;2015;03;07;talek;742067;9835491;cd
t90683;Riverbend_Den;2015-03-07;2015;03;07;talek;748477;9838427;d
t90688;Democracy_Den;2015-03-07;2015;03;07;talek;742067;9835491;cd
t90693;Democracy_Den;2015-03-08;2015;03;08;talek;742067;9835491;cd
t90706;Democracy_Den;2015-03-08;2015;03;08;talek;742067;9835491;cd
t90710;Riverbend_Den;2015-03-08;2015;03;08;talek;748477;9838427;d
t90712;Riverbend_Den;2015-03-08;2015;03;08;talek;748477;9838427;d
t90713;Riverbend_Den;2015-03-09;2015;03;09;talek;748477;9838427;d
t90723;Riverbend_Den;2015-03-09;2015;03;09;talek;748477;9838427;d
t90724;Riverbend_Den;2015-03-10;2015;03;10;talek;748477;9838427;d
t90728;Democracy_Den;2015-03-10;2015;03;10;talek;742067;9835491;cd
t90738;Democracy_Den;2015-03-10;2015;03;10;talek;742067;9835491;cd
t90741;Riverbend_Den;2015-03-10;2015;03;10;talek;748477;9838427;d
t90747;Riverbend_Den;2015-03-11;2015;03;11;talek;748477;9838427;d
t90748;Riverbend_Den;2015-03-11;2015;03;11;talek;748477;9838427;d
t90763;Riverbend_Den;2015-03-13;2015;03;13;talek;748477;9838427;d
t90765;Riverbend_Den;2015-03-13;2015;03;13;talek;748477;9838427;d
t90767;Riverbend_Den;2015-03-14;2015;03;14;talek;748477;9838427;d
t90780;Riverbend_Den;2015-03-14;2015;03;14;talek;748477;9838427;d
t90781;Riverbend_Den;2015-03-15;2015;03;15;talek;748477;9838427;d
t90788;Lazy_French_Den;2015-03-15;2015;03;15;talek;741547;9835066;cd
t90793;Lazy_French_Den;2015-03-16;2015;03;16;talek;741547;9835066;cd
t90803;Lazy_French_Den;2015-03-17;2015;03;17;talek;741547;9835066;cd
t90815;Lazy_French_Den;2015-03-17;2015;03;17;talek;741547;9835066;cd
t90825;Lazy_French_Den;2015-03-18;2015;03;18;talek;741547;9835066;cd
t90831;Resurrection_Main_Den;2015-03-19;2015;03;19;talek;747453;9838546;cd
t90841;Lazy_French_Den;2015-03-19;2015;03;19;talek;741547;9835066;cd
t90845;Lazy_French_Den;2015-03-20;2015;03;20;talek;741547;9835066;cd
t90855;Lazy_French_Den;2015-03-21;2015;03;21;talek;741547;9835066;cd
t90861;Lazy_French_Den;2015-03-21;2015;03;21;talek;741547;9835066;cd
t90866;Lazy_French_Den;2015-03-22;2015;03;22;talek;741547;9835066;cd
t90874;Lazy_French_Den;2015-03-22;2015;03;22;talek;741547;9835066;cd
t90875;Dave's_Den;2015-03-22;2015;03;22;talek;747491;9837478;cd
t90886;Lazy_French_Den;2015-03-23;2015;03;23;talek;741547;9835066;cd
t90890;Lazy_French_Den;2015-03-23;2015;03;23;talek;741547;9835066;cd
t90904;Lazy_French_Den;2015-03-25;2015;03;25;talek;741547;9835066;cd
t90910;Lazy_French_Den;2015-03-25;2015;03;25;talek;741547;9835066;cd
t90917;Lazy_French_Den;2015-03-26;2015;03;26;talek;741547;9835066;cd
t90925;Lazy_French_Den;2015-03-26;2015;03;26;talek;741547;9835066;cd
t90927;Resurrection_Main_Den;2015-03-27;2015;03;27;talek;747453;9838546;cd
t90930;Dave's_Den;2015-03-27;2015;03;27;talek;747491;9837478;cd
t90936;Lazy_French_Den;2015-03-27;2015;03;27;talek;741547;9835066;cd
t90939;Lazy_French_Den;2015-03-27;2015;03;27;talek;741547;9835066;cd
t90942;Dave's_Den;2015-03-27;2015;03;27;talek;747491;9837478;cd
t90945;Dave's_Den;2015-03-28;2015;03;28;talek;747491;9837478;cd
t90948;Lazy_French_Den;2015-03-28;2015;03;28;talek;741547;9835066;cd
t90952;Lazy_French_Den;2015-03-28;2015;03;28;talek;741547;9835066;cd
t90956;Lazy_French_Den;2015-03-28;2015;03;28;talek;741547;9835066;cd
t90961;Dave's_Den;2015-04-26;2015;04;26;talek;747491;9837478;cd
t90991;Dave's_Den;2015-04-28;2015;04;28;talek;747491;9837478;cd
t90993;Dave's_Den;2015-04-28;2015;04;28;talek;747491;9837478;cd
t90998;Dave's_Den;2015-04-29;2015;04;29;talek;747491;9837478;cd
t91001;Dave's_Den;2015-04-29;2015;04;29;talek;747491;9837478;cd
t91002;Dave's_Den;2015-04-30;2015;04;30;talek;747491;9837478;cd
t91017;Dave's_Den;2015-04-30;2015;04;30;talek;747491;9837478;cd
t91019;Dave's_Den;2015-05-01;2015;05;01;talek;747491;9837478;cd
t91035;Dave's_Den;2015-05-01;2015;05;01;talek;747491;9837478;cd
t91039;Dave's_Den;2015-05-02;2015;05;02;talek;747491;9837478;cd
t91044;Dave's_Den;2015-05-02;2015;05;02;talek;747491;9837478;cd
t91056;Dave's_Den;2015-05-03;2015;05;03;talek;747491;9837478;cd
t91062;Tangawizi_Den;2015-05-03;2015;05;03;talek;741030;9836512;d
t91066;Dave's_Den;2015-05-03;2015;05;03;talek;747491;9837478;cd
t91071;Tangawizi_Den;2015-05-03;2015;05;03;talek;741030;9836512;d
t91074;Dave's_Den;2015-05-03;2015;05;03;talek;747491;9837478;cd
t91079;Dave's_Den;2015-05-04;2015;05;04;talek;747491;9837478;cd
t91093;Tangawizi_Den;2015-05-04;2015;05;04;talek;741030;9836512;d
t91096;Tangawizi_Den;2015-05-05;2015;05;05;talek;741030;9836512;d
t91099;Dave's_Den;2015-05-05;2015;05;05;talek;747491;9837478;cd
t91108;Dave's_Den;2015-05-05;2015;05;05;talek;747491;9837478;cd
t91112;Dave's_Den;2015-05-05;2015;05;05;talek;747491;9837478;cd
t91130;Tangawizi_Den;2015-05-06;2015;05;06;talek;741030;9836512;d
t91132;Dave's_Den;2015-05-06;2015;05;06;talek;747491;9837478;cd
t91138;Dave's_Den;2015-05-06;2015;05;06;talek;747491;9837478;cd
t91148;Dave's_Den;2015-05-07;2015;05;07;talek;747491;9837478;cd
t91158;Tangawizi_Den;2015-05-07;2015;05;07;talek;741030;9836512;d
t91165;Dave's_Den;2015-05-07;2015;05;07;talek;747491;9837478;cd
t91172;Dave's_Den;2015-05-08;2015;05;08;talek;747491;9837478;cd
t91173;Dave's_Den;2015-05-08;2015;05;08;talek;747491;9837478;cd
t91175;Dave's_Den;2015-05-08;2015;05;08;talek;747491;9837478;cd
t91195;Tangawizi_Den;2015-05-09;2015;05;09;talek;741030;9836512;d
t91201;Dave's_Den;2015-05-09;2015;05;09;talek;747491;9837478;cd
t91212;Dave's_Den;2015-05-10;2015;05;10;talek;747491;9837478;cd
t91218;Tangawizi_Den;2015-05-10;2015;05;10;talek;741030;9836512;d
t91231;Dave's_Den;2015-05-11;2015;05;11;talek;747491;9837478;cd
t91237;Dave's_Den;2015-05-12;2015;05;12;talek;747491;9837478;cd
t91242;Dave's_Den;2015-05-12;2015;05;12;talek;747491;9837478;cd
t91249;Dave's_Den;2015-05-15;2015;05;15;talek;747491;9837478;cd
t91254;Tangawizi_Den;2015-05-15;2015;05;15;talek;741030;9836512;d
t91270;Dave's_Den;2015-05-15;2015;05;15;talek;747491;9837478;cd
t91271;Dave's_Den;2015-05-16;2015;05;16;talek;747491;9837478;cd
t91291;Dave's_Den;2015-05-17;2015;05;17;talek;747491;9837478;cd
t91309;Tangawizi_Den;2015-05-17;2015;05;17;talek;741030;9836512;d
t91312;Dave's_Den;2015-05-18;2015;05;18;talek;747491;9837478;cd
t91326;Dave's_Den;2015-05-20;2015;05;20;talek;747491;9837478;cd
t91330;Dave's_Den;2015-05-27;2015;05;27;talek;747491;9837478;cd
t91355;Dave's_Den;2015-05-28;2015;05;28;talek;747491;9837478;cd
t91358;Dave's_Den;2015-05-29;2015;05;29;talek;747491;9837478;cd
t91369;Tangawizi_Den;2015-05-29;2015;05;29;talek;741030;9836512;d
t91375;Tangawizi_Den;2015-05-30;2015;05;30;talek;741030;9836512;d
t91387;Dave's_Den;2015-05-30;2015;05;30;talek;747491;9837478;cd
t91388;Dave's_Den;2015-05-31;2015;05;31;talek;747491;9837478;cd
t91394;Tangawizi_Den;2015-05-31;2015;05;31;talek;741030;9836512;d
t91398;Dave's_Den;2015-05-31;2015;05;31;talek;747491;9837478;cd
t91406;Riverbend_Den;2015-06-01;2015;06;01;talek;748477;9838427;d
t91408;Dave's_Den;2015-06-01;2015;06;01;talek;747491;9837478;cd
t91421;Tangawizi_Den;2015-06-01;2015;06;01;talek;741030;9836512;d
t91424;Riverbend_Den;2015-06-03;2015;06;03;talek;748477;9838427;d
t91426.1;Dave's_Den;2015-06-03;2015;06;03;talek;747491;9837478;cd
t91445;Riverbend_Den;2015-06-03;2015;06;03;talek;748477;9838427;d
t91446;Riverbend_Den;2015-06-07;2015;06;07;talek;748477;9838427;d
t91448;Dave's_Den;2015-06-07;2015;06;07;talek;747491;9837478;cd
t91472;Riverbend_Den;2015-06-07;2015;06;07;talek;748477;9838427;d
t91478;Tangawizi_Den;2015-06-10;2015;06;10;talek;741030;9836512;d
t91482;Riverbend_Den;2015-06-12;2015;06;12;talek;748477;9838427;d
t91487;Riverbend_Den;2015-06-12;2015;06;12;talek;748477;9838427;d
t91500;Dave's_Den;2015-06-13;2015;06;13;talek;747491;9837478;cd
t91509;Tangawizi_Den;2015-06-21;2015;06;21;talek;741030;9836512;d
t91519;Riverbend_Den;2015-06-22;2015;06;22;talek;748477;9838427;d
t91525;Tangawizi_Den;2015-06-23;2015;06;23;talek;741030;9836512;d
t91554;Riverbend_Den;2015-06-26;2015;06;26;talek;748477;9838427;d
t91567;Tangawizi_Den;2015-06-27;2015;06;27;talek;741030;9836512;d
t91570;Riverbend_Den;2015-06-27;2015;06;27;talek;748477;9838427;d
t91580;Riverbend_Den;2015-06-28;2015;06;28;talek;748477;9838427;d
t91593;Tangawizi_Den;2015-06-29;2015;06;29;talek;741030;9836512;d
t91597;Riverbend_Den;2015-06-29;2015;06;29;talek;748477;9838427;d
t91609;Tangawizi_Den;2015-06-30;2015;06;30;talek;741030;9836512;d
t91614;Riverbend_Den;2015-07-01;2015;07;01;talek;748477;9838427;d
t91625;Riverbend_Den;2015-07-02;2015;07;02;talek;748477;9838427;d
t91631;Dave's_Den;2015-07-02;2015;07;02;talek;747491;9837478;cd
t91647;Tangawizi_Den;2015-07-02;2015;07;02;talek;741030;9836512;d
t91650;Dave's_Den;2015-07-02;2015;07;02;talek;747491;9837478;cd
t91652;Tangawizi_Den;2015-07-03;2015;07;03;talek;741030;9836512;d
t91669;Dave's_Den;2015-07-04;2015;07;04;talek;747491;9837478;cd
t91672;Riverbend_Den;2015-07-05;2015;07;05;talek;748477;9838427;d
t91688;Riverbend_Den;2015-07-05;2015;07;05;talek;748477;9838427;d
t91697;Riverbend_Den;2015-07-06;2015;07;06;talek;748477;9838427;d
t91711;Tangawizi_Den;2015-07-06;2015;07;06;talek;741030;9836512;d
t91723;Riverbend_Den;2015-07-06;2015;07;06;talek;748477;9838427;d
t91727;Riverbend_Den;2015-07-07;2015;07;07;talek;748477;9838427;d
t91730;Dave's_Den;2015-07-07;2015;07;07;talek;747491;9837478;cd
t91739;Dave's_Den;2015-07-07;2015;07;07;talek;747491;9837478;cd
t91743;Riverbend_Den;2015-07-07;2015;07;07;talek;748477;9838427;d
t91751;Dave's_Den;2015-07-07;2015;07;07;talek;747491;9837478;cd
t91753;Riverbend_Den;2015-07-08;2015;07;08;talek;748477;9838427;d
t91762;Dave's_Den;2015-07-08;2015;07;08;talek;747491;9837478;cd
t91774;Dave's_Den;2015-07-08;2015;07;08;talek;747491;9837478;cd
t91779;Dave's_Den;2015-07-09;2015;07;09;talek;747491;9837478;cd
t91794;Dave's_Den;2015-07-09;2015;07;09;talek;747491;9837478;cd
t91795;Riverbend_Den;2015-07-09;2015;07;09;talek;748477;9838427;d
t91796;Dave's_Den;2015-07-10;2015;07;10;talek;747491;9837478;cd
t91809;Dave's_Den;2015-07-10;2015;07;10;talek;747491;9837478;cd
t91811;Dave's_Den;2015-07-11;2015;07;11;talek;747491;9837478;cd
t91818;Dave's_Den;2015-07-11;2015;07;11;talek;747491;9837478;cd
t91825;Riverbend_Den;2015-07-11;2015;07;11;talek;748477;9838427;d
t91827;Dave's_Den;2015-07-12;2015;07;12;talek;747491;9837478;cd
t91835;Dave's_Den;2015-07-13;2015;07;13;talek;747491;9837478;cd
t91849;Dave's_Den;2015-07-13;2015;07;13;talek;747491;9837478;cd
t91850;Dave's_Den;2015-07-14;2015;07;14;talek;747491;9837478;cd
t91858;Dave's_Den;2015-07-14;2015;07;14;talek;747491;9837478;cd
t91860;Dave's_Den;2015-07-15;2015;07;15;talek;747491;9837478;cd
t91883;Dave's_Den;2015-07-16;2015;07;16;talek;747491;9837478;cd
t91890;Dave's_Den;2015-07-16;2015;07;16;talek;747491;9837478;cd
t91891;Riverbend_Den;2015-07-16;2015;07;16;talek;748477;9838427;d
t91894;Dave's_Den;2015-07-17;2015;07;17;talek;747491;9837478;cd
t91896;Dave's_Den;2015-07-18;2015;07;18;talek;747491;9837478;cd
t91902;Dave's_Den;2015-07-18;2015;07;18;talek;747491;9837478;cd
t91903;Riverbend_Den;2015-07-19;2015;07;19;talek;748477;9838427;d
t91904;Dave's_Den;2015-07-19;2015;07;19;talek;747491;9837478;cd
t91919;Dave's_Den;2015-07-20;2015;07;20;talek;747491;9837478;cd
t91928;Dave's_Den;2015-07-20;2015;07;20;talek;747491;9837478;cd
t91949;Dave's_Den;2015-07-21;2015;07;21;talek;747491;9837478;cd
t91958;Dave's_Den;2015-07-22;2015;07;22;talek;747491;9837478;cd
t91969;Dave's_Den;2015-07-23;2015;07;23;talek;747491;9837478;cd
t91978;Dave's_Den;2015-07-24;2015;07;24;talek;747491;9837478;cd
t91992;Dave's_Den;2015-07-25;2015;07;25;talek;747491;9837478;cd
t92012;Dave's_Den;2015-07-26;2015;07;26;talek;747491;9837478;cd
t92014;Dave's_Den;2015-07-27;2015;07;27;talek;747491;9837478;cd
t92033;Dave's_Den;2015-07-27;2015;07;27;talek;747491;9837478;cd
t92037;Dave's_Den;2015-07-28;2015;07;28;talek;747491;9837478;cd
t92050;Lazy_French_Den;2015-07-28;2015;07;28;talek;741547;9835066;cd
t92059;Dave's_Den;2015-07-28;2015;07;28;talek;747491;9837478;cd
t92063;Dave's_Den;2015-07-29;2015;07;29;talek;747491;9837478;cd
t92078;Dave's_Den;2015-07-29;2015;07;29;talek;747491;9837478;cd
t92080;Lazy_French_Den;2015-07-29;2015;07;29;talek;741547;9835066;cd
t92085;Dave's_Den;2015-07-30;2015;07;30;talek;747491;9837478;cd
t92094;Dave's_Den;2015-07-30;2015;07;30;talek;747491;9837478;cd
t92103;Lazy_French_Den;2015-07-30;2015;07;30;talek;741547;9835066;cd
t92106;Lazy_French_Den;2015-07-31;2015;07;31;talek;741547;9835066;cd
t92109;Kinda-See-Em_Den;2015-07-31;2015;07;31;talek;745124;9840497;d
t92114;Dave's_Den;2015-07-31;2015;07;31;talek;747491;9837478;cd
t92118;Lazy_French_Den;2015-07-31;2015;07;31;talek;741547;9835066;cd
t92119;Dave's_Den;2015-08-01;2015;08;01;talek;747491;9837478;cd
t92120;Kinda-See-Em_Den;2015-08-01;2015;08;01;talek;745124;9840497;d
t92125;Lazy_French_Den;2015-08-01;2015;08;01;talek;741547;9835066;cd
t92131;Kinda-See-Em_Den;2015-08-01;2015;08;01;talek;745124;9840497;d
t92138;Lazy_French_Den;2015-08-01;2015;08;01;talek;741547;9835066;cd
t92142;Kinda-See-Em_Den;2015-08-02;2015;08;02;talek;745124;9840497;d
t92153;Dave's_Den;2015-08-03;2015;08;03;talek;747491;9837478;cd
t92154;Kinda-See-Em_Den;2015-08-03;2015;08;03;talek;745124;9840497;d
t92164;Dave's_Den;2015-08-03;2015;08;03;talek;747491;9837478;cd
t92173;Dave's_Den;2015-08-04;2015;08;04;talek;747491;9837478;cd
t92182;Nomadic_Den;2015-08-05;2015;08;05;talek;741877;9835276;d
t92194;Dave's_Den;2015-08-05;2015;08;05;talek;747491;9837478;cd
t92196;Kinda-See-Em_Den;2015-08-05;2015;08;05;talek;745124;9840497;d
t92204;Nomadic_Den;2015-08-06;2015;08;06;talek;741877;9835276;d
t92215;Sugar_Daddy_Den;2015-08-08;2015;08;08;talek;742514;9835091;d
t92217;Kinda-See-Em_Den;2015-08-08;2015;08;08;talek;745124;9840497;d
t92218;Sugar_Daddy_Den;2015-08-08;2015;08;08;talek;742514;9835091;d
t92219;Dicks_Den;2015-08-08;2015;08;08;talek;747390;9837245;cd
t92220;Dave's_Den;2015-08-08;2015;08;08;talek;747491;9837478;cd
t92222;Dicks_Den;2015-08-09;2015;08;09;talek;747390;9837245;cd
t92223;Dave's_Den;2015-08-09;2015;08;09;talek;747491;9837478;cd
t92227;Kinda-See-Em_Den;2015-08-09;2015;08;09;talek;745124;9840497;d
t92237;Sugar_Daddy_Den;2015-08-10;2015;08;10;talek;742514;9835091;d
t92240;Sugar_Daddy_Den;2015-08-10;2015;08;10;talek;742514;9835091;d
t92243;Dave's_Den;2015-08-10;2015;08;10;talek;747491;9837478;cd
t92244;Dicks_Den;2015-08-10;2015;08;10;talek;747390;9837245;cd
t92248;Kinda-See-Em_Den;2015-08-10;2015;08;10;talek;745124;9840497;d
t92250;Dicks_Den;2015-08-11;2015;08;11;talek;747390;9837245;cd
t92255;Sugar_Daddy_Den;2015-08-11;2015;08;11;talek;742514;9835091;d
t92258;Milkyway_Den;2015-08-13;2015;08;13;talek;742848;9835677;cd
t92262;Dicks_Den;2015-08-13;2015;08;13;talek;747390;9837245;cd
t92263;Dave's_Den;2015-08-13;2015;08;13;talek;747491;9837478;cd
t92278;Dicks_Den;2015-08-13;2015;08;13;talek;747390;9837245;cd
t92282;Dicks_Den;2015-08-14;2015;08;14;talek;747390;9837245;cd
t92293;Dicks_Den;2015-08-14;2015;08;14;talek;747390;9837245;cd
t92297;Milkyway_Den;2015-08-14;2015;08;14;talek;742848;9835677;cd
t92300;Milkyway_Den;2015-08-16;2015;08;16;talek;742848;9835677;cd
t92305;Dicks_Den;2015-08-16;2015;08;16;talek;747390;9837245;cd
t92306;Dave's_Den;2015-08-16;2015;08;16;talek;747491;9837478;cd
t92309;Dicks_Den;2015-08-17;2015;08;17;talek;747390;9837245;cd
t92325;Dicks_Den;2015-08-17;2015;08;17;talek;747390;9837245;cd
t92330;Dave's_Den;2015-08-18;2015;08;18;talek;747491;9837478;cd
t92331;Dicks_Den;2015-08-18;2015;08;18;talek;747390;9837245;cd
t92334;Dicks_Den;2015-08-19;2015;08;19;talek;747390;9837245;cd
t92335;Dave's_Den;2015-08-19;2015;08;19;talek;747491;9837478;cd
t92336;Dicks_Den;2015-08-19;2015;08;19;talek;747390;9837245;cd
t92341;Nomadic_Den;2015-08-19;2015;08;19;talek;741877;9835276;d
t92346;Dave's_Den;2015-08-20;2015;08;20;talek;747491;9837478;cd
t92354;Nomadic_Den;2015-08-20;2015;08;20;talek;741877;9835276;d
t92364;Dicks_Den;2015-08-21;2015;08;21;talek;747390;9837245;cd
t92375;Barbie_Party_Den;2015-08-22;2015;08;22;talek;741712;9835491;d
t92376;Nomadic_Den;2015-08-22;2015;08;22;talek;741877;9835276;d
t92378;Dicks_Den;2015-08-22;2015;08;22;talek;747390;9837245;cd
t92381;Dave's_Den;2015-08-23;2015;08;23;talek;747491;9837478;cd
t92394;Barbie_Party_Den;2015-08-23;2015;08;23;talek;741712;9835491;d
t92401;Barbie_Party_Den;2015-08-23;2015;08;23;talek;741712;9835491;d
t92403;Dicks_Den;2015-08-23;2015;08;23;talek;747390;9837245;cd
t92404;Dave's_Den;2015-08-23;2015;08;23;talek;747491;9837478;cd
t92409;Dave's_Den;2015-08-24;2015;08;24;talek;747491;9837478;cd
t92410;Dicks_Den;2015-08-24;2015;08;24;talek;747390;9837245;cd
t92413;Dave's_Den;2015-08-24;2015;08;24;talek;747491;9837478;cd
t92417;Nomadic_Den;2015-08-24;2015;08;24;talek;741877;9835276;d
t92418;Barbie_Party_Den;2015-08-24;2015;08;24;talek;741712;9835491;d
t92420;Nomadic_Den;2015-08-24;2015;08;24;talek;741877;9835276;d
t92426;Dicks_Den;2015-08-24;2015;08;24;talek;747390;9837245;cd
t92428;Dave's_Den;2015-08-24;2015;08;24;talek;747491;9837478;cd
t92434;Dicks_Den;2015-08-25;2015;08;25;talek;747390;9837245;cd
t92435;Dave's_Den;2015-08-25;2015;08;25;talek;747491;9837478;cd
t92454;Dave's_Den;2015-08-25;2015;08;25;talek;747491;9837478;cd
t92461;Nomadic_Den;2015-08-25;2015;08;25;talek;741877;9835276;d
t92462;Barbie_Party_Den;2015-08-25;2015;08;25;talek;741712;9835491;d
t92474;Dave's_Den;2015-08-26;2015;08;26;talek;747491;9837478;cd
t92479;Dave's_Den;2015-08-27;2015;08;27;talek;747491;9837478;cd
t92492;Barbie_Party_Den;2015-08-27;2015;08;27;talek;741712;9835491;d
t92495;Dicks_Den;2015-08-28;2015;08;28;talek;747390;9837245;cd
t92496;Dave's_Den;2015-08-28;2015;08;28;talek;747491;9837478;cd
t92500;Barbie_Party_Den;2015-08-28;2015;08;28;talek;741712;9835491;d
t92515;Barbie_Party_Den;2015-08-28;2015;08;28;talek;741712;9835491;d
t92522;Dave's_Den;2015-08-29;2015;08;29;talek;747491;9837478;cd
t92538;Dave's_Den;2015-08-30;2015;08;30;talek;747491;9837478;cd
t92558;Barbie_Party_Den;2015-08-30;2015;08;30;talek;741712;9835491;d
t92565;Dave's_Den;2015-08-30;2015;08;30;talek;747491;9837478;cd
t92566;Dicks_Den;2015-08-30;2015;08;30;talek;747390;9837245;cd
t92567;Dave's_Den;2015-08-30;2015;08;30;talek;747491;9837478;cd
t92569;Dave's_Den;2015-08-31;2015;08;31;talek;747491;9837478;cd
t92590;Dave's_Den;2015-08-31;2015;08;31;talek;747491;9837478;cd
t92609;Dave's_Den;2015-09-05;2015;09;05;talek;747491;9837478;cd
t92614;Dave's_Den;2015-09-06;2015;09;06;talek;747491;9837478;cd
t92627;Dave's_Den;2015-09-06;2015;09;06;talek;747491;9837478;cd
t92630;Dave's_Den;2015-09-07;2015;09;07;talek;747491;9837478;cd
t92636;Dave's_Den;2015-09-07;2015;09;07;talek;747491;9837478;cd
t92643;Dave's_Den;2015-09-09;2015;09;09;talek;747491;9837478;cd
t92655;Dave's_Den;2015-09-10;2015;09;10;talek;747491;9837478;cd
t92670;Dave's_Den;2015-09-11;2015;09;11;talek;747491;9837478;cd
t92686;Dicks_Den;2015-09-12;2015;09;12;talek;747390;9837245;cd
t92687;Dicks_Den;2015-09-12;2015;09;12;talek;747390;9837245;cd
t92689;Dave's_Den;2015-09-14;2015;09;14;talek;747491;9837478;cd
t92696;Dave's_Den;2015-09-16;2015;09;16;talek;747491;9837478;cd
t92710;Dave's_Den;2015-09-20;2015;09;20;talek;747491;9837478;cd
t92711;Dicks_Den;2015-09-20;2015;09;20;talek;747390;9837245;cd
t92717;Dave's_Den;2015-09-21;2015;09;21;talek;747491;9837478;cd
t92738;Dave's_Den;2015-09-24;2015;09;24;talek;747491;9837478;cd
t92758;Resurrection_Communal_Den;2015-09-26;2015;09;26;talek;747569;9838508;d
t92773;Flintstone_Den;2015-09-27;2015;09;27;talek;747000;9837149;d
t92776;Resurrection_Communal_Den;2015-09-27;2015;09;27;talek;747569;9838508;d
t92781;Flintstone_Den;2015-09-28;2015;09;28;talek;747000;9837149;d
t92782;Flintstone_Den;2015-09-29;2015;09;29;talek;747000;9837149;d
t92788;Flintstone_Den;2015-09-29;2015;09;29;talek;747000;9837149;d
t92804;Flintstone_Den;2015-09-30;2015;09;30;talek;747000;9837149;d
t92811;Flintstone_Den;2015-10-01;2015;10;01;talek;747000;9837149;d
t92817;Flintstone_Den;2015-10-01;2015;10;01;talek;747000;9837149;d
t92843;Flintstone_Den;2015-10-03;2015;10;03;talek;747000;9837149;d
t92844;Resurrection_Communal_Den;2015-10-04;2015;10;04;talek;747569;9838508;d
t92864;Flintstone_Den;2015-10-06;2015;10;06;talek;747000;9837149;d
t92878;Flintstone_Den;2015-10-06;2015;10;06;talek;747000;9837149;d
t92887;Flintstone_Den;2015-10-08;2015;10;08;talek;747000;9837149;d
t92897;Flintstone_Den;2015-10-08;2015;10;08;talek;747000;9837149;d
t92899;Flintstone_Den;2015-10-09;2015;10;09;talek;747000;9837149;d
t92917;Flintstone_Den;2015-10-09;2015;10;09;talek;747000;9837149;d
t92919;Flintstone_Den;2015-10-10;2015;10;10;talek;747000;9837149;d
t92931;Flintstone_Den;2015-10-11;2015;10;11;talek;747000;9837149;d
t92951;Flintstone_Den;2015-10-12;2015;10;12;talek;747000;9837149;d
t92959;Flintstone_Den;2015-10-12;2015;10;12;talek;747000;9837149;d
t92967;Flintstone_Den;2015-10-13;2015;10;13;talek;747000;9837149;d
t92968;Flintstone_Den;2015-10-14;2015;10;14;talek;747000;9837149;d
t92977;Flintstone_Den;2015-10-14;2015;10;14;talek;747000;9837149;d
t92978;Flintstone_Den;2015-10-15;2015;10;15;talek;747000;9837149;d
t92988;Flintstone_Den;2015-10-16;2015;10;16;talek;747000;9837149;d
t93003;Flintstone_Den;2015-10-19;2015;10;19;talek;747000;9837149;d
t93004;Flintstone_Den;2015-10-19;2015;10;19;talek;747000;9837149;d
t93014;Flintstone_Den;2015-10-20;2015;10;20;talek;747000;9837149;d
t93015;Flintstone_Den;2015-10-21;2015;10;21;talek;747000;9837149;d
t93023;Flintstone_Den;2015-10-22;2015;10;22;talek;747000;9837149;d
t93030;Flintstone_Den;2015-10-24;2015;10;24;talek;747000;9837149;d
t93048;Flintstone_Den;2015-10-26;2015;10;26;talek;747000;9837149;d
t93051;Flintstone_Den;2015-10-26;2015;10;26;talek;747000;9837149;d
t93054;Flintstone_Den;2015-10-27;2015;10;27;talek;747000;9837149;d
t93059;Flintstone_Den;2015-10-29;2015;10;29;talek;747000;9837149;d
t93073;Flintstone_Den;2015-10-29;2015;10;29;talek;747000;9837149;d
t93074;Flintstone_Den;2015-10-31;2015;10;31;talek;747000;9837149;d
t93081;Flintstone_Den;2015-10-31;2015;10;31;talek;747000;9837149;d
t93090;Flintstone_Den;2015-11-01;2015;11;01;talek;747000;9837149;d
t93097;Flintstone_Den;2015-11-01;2015;11;01;talek;747000;9837149;d
t93099;DOC_Communal_Den;2015-11-05;2015;11;05;talek;747634;9837096;d
t93100;Flintstone_Den;2015-11-05;2015;11;05;talek;747000;9837149;d
t93143;DOC_Communal_Den;2015-11-07;2015;11;07;talek;747634;9837096;d
t93144;DOC_Communal_Den;2015-11-08;2015;11;08;talek;747634;9837096;d
t93145;Flintstone_Den;2015-11-08;2015;11;08;talek;747000;9837149;d
t93154;Flintstone_Den;2015-11-15;2015;11;15;talek;747000;9837149;d
t93156;Flintstone_Den;2015-11-16;2015;11;16;talek;747000;9837149;d
t93189;Flintstone_Den;2015-11-22;2015;11;22;talek;747000;9837149;d
t93206;Flintstone_Den;2015-11-25;2015;11;25;talek;747000;9837149;d
t93210;Flintstone_Den;2015-11-30;2015;11;30;talek;747000;9837149;d
t93219;Flintstone_Den;2015-11-30;2015;11;30;talek;747000;9837149;d
t93224;Flintstone_Den;2015-12-01;2015;12;01;talek;747000;9837149;d
t93236;Riverbend_Den;2015-12-01;2015;12;01;talek;748477;9838427;d
t93241;Riverbend_Den;2015-12-09;2015;12;09;talek;748477;9838427;d
t93247;Riverbend_Den;2015-12-10;2015;12;10;talek;748477;9838427;d
t93259;Riverbend_Den;2015-12-10;2015;12;10;talek;748477;9838427;d
t93279;Riverbend_Den;2015-12-16;2015;12;16;talek;748477;9838427;d
t93283;Riverbend_Den;2015-12-17;2015;12;17;talek;748477;9838427;d
t93293;Riverbend_Den;2015-12-17;2015;12;17;talek;748477;9838427;d
t93297;Riverbend_Den;2015-12-18;2015;12;18;talek;748477;9838427;d
t93310;Riverbend_Den;2015-12-23;2015;12;23;talek;748477;9838427;d
t93313;Resurrection_Main_Den;2015-12-23;2015;12;23;talek;747453;9838546;cd
t93314;Resurrection_Main_Den;2015-12-23;2015;12;23;talek;747453;9838546;cd
t93316;Resurrection_Main_Den;2015-12-26;2015;12;26;talek;747453;9838546;cd
t93323;Riverbend_Den;2015-12-27;2015;12;27;talek;748477;9838427;d
t93324;Resurrection_Main_Den;2015-12-27;2015;12;27;talek;747453;9838546;cd
t93325;Riverbend_Den;2015-12-27;2015;12;27;talek;748477;9838427;d
t93332;Riverbend_Den;2015-12-27;2015;12;27;talek;748477;9838427;d
t93344;Riverbend_Den;2015-12-28;2015;12;28;talek;748477;9838427;d
t93346;Resurrection_Main_Den;2015-12-28;2015;12;28;talek;747453;9838546;cd
t93355;Riverbend_Den;2016-01-01;2016;01;01;talek;748477;9838427;d
t93360;Resurrection_Main_Den;2016-01-01;2016;01;01;talek;747453;9838546;cd
t93366;Riverbend_Den;2016-01-02;2016;01;02;talek;748477;9838427;d
t93375;Riverbend_Den;2016-01-02;2016;01;02;talek;748477;9838427;d
t93378;Riverbend_Den;2016-01-03;2016;01;03;talek;748477;9838427;d
t93386;Riverbend_Den;2016-01-03;2016;01;03;talek;748477;9838427;d
t93391;Riverbend_Den;2016-01-03;2016;01;03;talek;748477;9838427;d
t93394;Riverbend_Den;2016-01-04;2016;01;04;talek;748477;9838427;d
t93395;Resurrection_Main_Den;2016-01-04;2016;01;04;talek;747453;9838546;cd
t93397;Riverbend_Den;2016-01-05;2016;01;05;talek;748477;9838427;d
t93399;Resurrection_Main_Den;2016-01-05;2016;01;05;talek;747453;9838546;cd
t93405;Riverbend_Den;2016-01-05;2016;01;05;talek;748477;9838427;d
t93406;Riverbend_Den;2016-01-05;2016;01;05;talek;748477;9838427;d
t93419;Resurrection_Main_Den;2016-01-06;2016;01;06;talek;747453;9838546;cd
t93421;Riverbend_Den;2016-01-07;2016;01;07;talek;748477;9838427;d
t93441;Riverbend_Den;2016-01-07;2016;01;07;talek;748477;9838427;d
t93443;Resurrection_Main_Den;2016-01-08;2016;01;08;talek;747453;9838546;cd
t93450;Riverbend_Den;2016-01-09;2016;01;09;talek;748477;9838427;d
t93452;Resurrection_Main_Den;2016-01-09;2016;01;09;talek;747453;9838546;cd
t93464;Resurrection_Main_Den;2016-01-09;2016;01;09;talek;747453;9838546;cd
t93465;Riverbend_Den;2016-01-09;2016;01;09;talek;748477;9838427;d
t93471;Resurrection_Main_Den;2016-01-10;2016;01;10;talek;747453;9838546;cd
t93484.1;Resurrection_Main_Den;2016-01-12;2016;01;12;talek;747453;9838546;cd
t93494;Resurrection_Main_Den;2016-01-13;2016;01;13;talek;747453;9838546;cd
t93518;Resurrection_Communal_Den;2016-01-14;2016;01;14;talek;747569;9838508;d
t93522;Resurrection_Main_Den;2016-01-14;2016;01;14;talek;747453;9838546;cd
t93536;Resurrection_Main_Den;2016-01-14;2016;01;14;talek;747453;9838546;cd
t93538;Riverbend_Den;2016-01-14;2016;01;14;talek;748477;9838427;d
t93543;Resurrection_Main_Den;2016-01-15;2016;01;15;talek;747453;9838546;cd
t93559;Resurrection_Main_Den;2016-01-16;2016;01;16;talek;747453;9838546;cd
t93574;Resurrection_Main_Den;2016-01-16;2016;01;16;talek;747453;9838546;cd
t93575;Resurrection_Main_Den;2016-01-19;2016;01;19;talek;747453;9838546;cd
t93585;Resurrection_Main_Den;2016-01-19;2016;01;19;talek;747453;9838546;cd
t93589;Resurrection_Main_Den;2016-01-19;2016;01;19;talek;747453;9838546;cd
t93596;Resurrection_Main_Den;2016-01-20;2016;01;20;talek;747453;9838546;cd
t93606;Resurrection_Main_Den;2016-01-20;2016;01;20;talek;747453;9838546;cd
t93607;Resurrection_Main_Den;2016-01-21;2016;01;21;talek;747453;9838546;cd
t93624;Resurrection_Main_Den;2016-01-23;2016;01;23;talek;747453;9838546;cd
t93634;Resurrection_Main_Den;2016-01-23;2016;01;23;talek;747453;9838546;cd
t93635;Resurrection_Main_Den;2016-01-24;2016;01;24;talek;747453;9838546;cd
t93636;Resurrection_Main_Den;2016-01-25;2016;01;25;talek;747453;9838546;cd
t93649;Resurrection_Main_Den;2016-01-26;2016;01;26;talek;747453;9838546;cd
t93651;Resurrection_Main_Den;2016-01-27;2016;01;27;talek;747453;9838546;cd
t93666;Resurrection_Main_Den;2016-01-27;2016;01;27;talek;747453;9838546;cd
t93673;Resurrection_Main_Den;2016-01-28;2016;01;28;talek;747453;9838546;cd
t93688;Resurrection_Main_Den;2016-01-28;2016;01;28;talek;747453;9838546;cd
t93692;Resurrection_Main_Den;2016-01-29;2016;01;29;talek;747453;9838546;cd
t93702;Resurrection_Main_Den;2016-01-29;2016;01;29;talek;747453;9838546;cd
t93717;Resurrection_Main_Den;2016-01-30;2016;01;30;talek;747453;9838546;cd
t93728;Resurrection_Main_Den;2016-01-31;2016;01;31;talek;747453;9838546;cd
t93733;Resurrection_Main_Den;2016-02-01;2016;02;01;talek;747453;9838546;cd
t93751;Resurrection_Main_Den;2016-02-01;2016;02;01;talek;747453;9838546;cd
t93753;Resurrection_Main_Den;2016-02-02;2016;02;02;talek;747453;9838546;cd
t93755;Resurrection_Main_Den;2016-02-02;2016;02;02;talek;747453;9838546;cd
t93771;Resurrection_Main_Den;2016-02-04;2016;02;04;talek;747453;9838546;cd
t93773;Resurrection_Main_Den;2016-02-04;2016;02;04;talek;747453;9838546;cd
t93776;Resurrection_Main_Den;2016-02-05;2016;02;05;talek;747453;9838546;cd
t93799;Resurrection_Main_Den;2016-02-06;2016;02;06;talek;747453;9838546;cd
t93823;Resurrection_Main_Den;2016-02-07;2016;02;07;talek;747453;9838546;cd
t93847;Resurrection_Main_Den;2016-02-07;2016;02;07;talek;747453;9838546;cd
t93850;Resurrection_Main_Den;2016-02-07;2016;02;07;talek;747453;9838546;cd
t93851;Resurrection_Main_Den;2016-02-08;2016;02;08;talek;747453;9838546;cd
t93870;Resurrection_Main_Den;2016-02-08;2016;02;08;talek;747453;9838546;cd
t93872;Resurrection_Main_Den;2016-02-09;2016;02;09;talek;747453;9838546;cd
t93887;Resurrection_Main_Den;2016-02-10;2016;02;10;talek;747453;9838546;cd
t93912;Resurrection_Main_Den;2016-02-12;2016;02;12;talek;747453;9838546;cd
t93915;Resurrection_Main_Den;2016-02-13;2016;02;13;talek;747453;9838546;cd
t93936;Resurrection_Main_Den;2016-02-13;2016;02;13;talek;747453;9838546;cd
t93937;Resurrection_Main_Den;2016-02-14;2016;02;14;talek;747453;9838546;cd
t93955;Resurrection_Main_Den;2016-02-14;2016;02;14;talek;747453;9838546;cd
t93962;Resurrection_Main_Den;2016-02-14;2016;02;14;talek;747453;9838546;cd
t93963;Resurrection_Main_Den;2016-02-15;2016;02;15;talek;747453;9838546;cd
t93969;Resurrection_Main_Den;2016-02-16;2016;02;16;talek;747453;9838546;cd
t93994;Resurrection_Main_Den;2016-02-17;2016;02;17;talek;747453;9838546;cd
t94009;Resurrection_Main_Den;2016-02-17;2016;02;17;talek;747453;9838546;cd
t94015;Resurrection_Main_Den;2016-02-18;2016;02;18;talek;747453;9838546;cd
t94036;Resurrection_Main_Den;2016-02-18;2016;02;18;talek;747453;9838546;cd
t94048;Resurrection_Main_Den;2016-02-19;2016;02;19;talek;747453;9838546;cd
t94049;Resurrection_Main_Den;2016-02-20;2016;02;20;talek;747453;9838546;cd
t94070;Resurrection_Main_Den;2016-02-20;2016;02;20;talek;747453;9838546;cd
t94072;Resurrection_Main_Den;2016-02-21;2016;02;21;talek;747453;9838546;cd
t94078;Resurrection_Main_Den;2016-02-21;2016;02;21;talek;747453;9838546;cd
t94082;Resurrection_Main_Den;2016-02-22;2016;02;22;talek;747453;9838546;cd
t94101;Resurrection_Main_Den;2016-02-22;2016;02;22;talek;747453;9838546;cd
t94102;Resurrection_Main_Den;2016-02-23;2016;02;23;talek;747453;9838546;cd
t94104;Resurrection_Main_Den;2016-02-23;2016;02;23;talek;747453;9838546;cd
t94125;Resurrection_Main_Den;2016-02-23;2016;02;23;talek;747453;9838546;cd
t94126;Resurrection_Main_Den;2016-02-24;2016;02;24;talek;747453;9838546;cd
t94135;Resurrection_Main_Den;2016-02-24;2016;02;24;talek;747453;9838546;cd
t94137;Resurrection_Main_Den;2016-02-25;2016;02;25;talek;747453;9838546;cd
t94161;Resurrection_Main_Den;2016-02-25;2016;02;25;talek;747453;9838546;cd
t94163;Resurrection_Main_Den;2016-02-26;2016;02;26;talek;747453;9838546;cd
t94178;Resurrection_Main_Den;2016-02-27;2016;02;27;talek;747453;9838546;cd
t94187;Resurrection_Main_Den;2016-02-29;2016;02;29;talek;747453;9838546;cd
t94199;Resurrection_Main_Den;2016-03-01;2016;03;01;talek;747453;9838546;cd
t94201;Resurrection_Main_Den;2016-03-03;2016;03;03;talek;747453;9838546;cd
t94223;Resurrection_Main_Den;2016-03-03;2016;03;03;talek;747453;9838546;cd
t94227;Resurrection_Main_Den;2016-03-04;2016;03;04;talek;747453;9838546;cd
t94245;Resurrection_Main_Den;2016-03-05;2016;03;05;talek;747453;9838546;cd
t94263;Resurrection_Main_Den;2016-03-05;2016;03;05;talek;747453;9838546;cd
t94281;Resurrection_Main_Den;2016-03-10;2016;03;10;talek;747453;9838546;cd
t94282;Resurrection_Main_Den;2016-03-11;2016;03;11;talek;747453;9838546;cd
t94298;Resurrection_Main_Den;2016-03-11;2016;03;11;talek;747453;9838546;cd
t94300;Resurrection_Main_Den;2016-03-12;2016;03;12;talek;747453;9838546;cd
t94324;Resurrection_Main_Den;2016-03-12;2016;03;12;talek;747453;9838546;cd
t94326;Resurrection_Main_Den;2016-03-13;2016;03;13;talek;747453;9838546;cd
t94340;Resurrection_Main_Den;2016-03-13;2016;03;13;talek;747453;9838546;cd
t94343.2;Resurrection_Main_Den;2016-03-14;2016;03;14;talek;747453;9838546;cd
t94368;Resurrection_Main_Den;2016-03-14;2016;03;14;talek;747453;9838546;cd
t94369;Resurrection_Main_Den;2016-03-14;2016;03;14;talek;747453;9838546;cd
t94371;Resurrection_Main_Den;2016-03-15;2016;03;15;talek;747453;9838546;cd
t94387;Resurrection_Main_Den;2016-03-15;2016;03;15;talek;747453;9838546;cd
t94391;Resurrection_Main_Den;2016-03-15;2016;03;15;talek;747453;9838546;cd
t94393;Resurrection_Main_Den;2016-03-16;2016;03;16;talek;747453;9838546;cd
t94401;Resurrection_Main_Den;2016-03-16;2016;03;16;talek;747453;9838546;cd
t94405;Resurrection_Main_Den;2016-03-16;2016;03;16;talek;747453;9838546;cd
t94413;Lucky_Leopard_Den;2016-03-16;2016;03;16;talek;742437;9836924;cd
t94432;Resurrection_Main_Den;2016-03-20;2016;03;20;talek;747453;9838546;cd
t94437;Lucky_Leopard_Den;2016-03-20;2016;03;20;talek;742437;9836924;cd
t94443;Lucky_Leopard_Den;2016-03-20;2016;03;20;talek;742437;9836924;cd
t94457;Resurrection_Main_Den;2016-03-20;2016;03;20;talek;747453;9838546;cd
t94459;Resurrection_Main_Den;2016-03-21;2016;03;21;talek;747453;9838546;cd
t94463;Lucky_Leopard_Den;2016-03-21;2016;03;21;talek;742437;9836924;cd
t94467;Resurrection_Main_Den;2016-03-21;2016;03;21;talek;747453;9838546;cd
t94471;Lucky_Leopard_Den;2016-03-21;2016;03;21;talek;742437;9836924;cd
t94479;Resurrection_Main_Den;2016-03-21;2016;03;21;talek;747453;9838546;cd
t94484;Lucky_Leopard_Den;2016-03-22;2016;03;22;talek;742437;9836924;cd
t94503;Resurrection_Main_Den;2016-03-22;2016;03;22;talek;747453;9838546;cd
t94508;Lucky_Leopard_Den;2016-03-23;2016;03;23;talek;742437;9836924;cd
t94516;Resurrection_Main_Den;2016-03-23;2016;03;23;talek;747453;9838546;cd
t94519;Resurrection_Main_Den;2016-03-24;2016;03;24;talek;747453;9838546;cd
t94527;Lucky_Leopard_Den;2016-03-24;2016;03;24;talek;742437;9836924;cd
t94550;Resurrection_Main_Den;2016-03-25;2016;03;25;talek;747453;9838546;cd
t94565;Resurrection_Main_Den;2016-03-26;2016;03;26;talek;747453;9838546;cd
t94573;Resurrection_Main_Den;2016-03-27;2016;03;27;talek;747453;9838546;cd
t94579;Lucky_Leopard_Den;2016-03-27;2016;03;27;talek;742437;9836924;cd
t94582;Resurrection_Communal_Den;2016-03-28;2016;03;28;talek;747569;9838508;d
t94589;Lucky_Leopard_Den;2016-03-28;2016;03;28;talek;742437;9836924;cd
t94592;Lucky_Leopard_Den;2016-03-28;2016;03;28;talek;742437;9836924;cd
t94597;Lucky_Leopard_Den;2016-03-29;2016;03;29;talek;742437;9836924;cd
t94606;Lucky_Leopard_Den;2016-03-29;2016;03;29;talek;742437;9836924;cd
t94610;Resurrection_Main_Den;2016-03-30;2016;03;30;talek;747453;9838546;cd
t94614;Resurrection_Main_Den;2016-03-31;2016;03;31;talek;747453;9838546;cd
t94618.1;Lucky_Leopard_Den;2016-03-31;2016;03;31;talek;742437;9836924;cd
t94628;Resurrection_Main_Den;2015-12-29;2015;12;29;talek;747453;9838546;cd
t94632;Riverbend_Den;2015-12-29;2015;12;29;talek;748477;9838427;d
t94636;Riverbend_Den;2015-12-30;2015;12;30;talek;748477;9838427;d
t94647;Resurrection_Communal_Den;2015-12-30;2015;12;30;talek;747569;9838508;d
t94648;Riverbend_Den;2015-12-30;2015;12;30;talek;748477;9838427;d
t94649;Riverbend_Den;2015-12-31;2015;12;31;talek;748477;9838427;d
t94660;Riverbend_Den;2015-12-31;2015;12;31;talek;748477;9838427;d
t94662;Resurrection_Main_Den;2016-04-06;2016;04;06;talek;747453;9838546;cd
t94673;Lucky_Leopard_Den;2016-04-06;2016;04;06;talek;742437;9836924;cd
t94687;Lucky_Leopard_Den;2016-04-06;2016;04;06;talek;742437;9836924;cd
t94688;Resurrection_Main_Den;2016-04-07;2016;04;07;talek;747453;9838546;cd
t94714;Resurrection_Main_Den;2016-04-08;2016;04;08;talek;747453;9838546;cd
t94716;Resurrection_Main_Den;2016-04-09;2016;04;09;talek;747453;9838546;cd
t94731;Resurrection_Main_Den;2016-04-11;2016;04;11;talek;747453;9838546;cd
t94739;Lucky_Leopard_Den;2016-04-12;2016;04;12;talek;742437;9836924;cd
t94741;Dave's_Den;2016-04-12;2016;04;12;talek;747491;9837478;cd
t94769;Dave's_Den;2016-04-14;2016;04;14;talek;747491;9837478;cd
t94781;Dave's_Den;2016-04-14;2016;04;14;talek;747491;9837478;cd
t94785;Resurrection_Main_Den;2016-04-14;2016;04;14;talek;747453;9838546;cd
t94797;Dave's_Den;2016-04-15;2016;04;15;talek;747491;9837478;cd
t94798;Resurrection_Main_Den;2016-04-16;2016;04;16;talek;747453;9838546;cd
t94801;Dave's_Den;2016-04-16;2016;04;16;talek;747491;9837478;cd
t94809;Dave's_Den;2016-04-16;2016;04;16;talek;747491;9837478;cd
t94813;Lucky_Leopard_Den;2016-04-17;2016;04;17;talek;742437;9836924;cd
t94818;Dave's_Den;2016-04-18;2016;04;18;talek;747491;9837478;cd
t94832;Dave's_Den;2016-04-20;2016;04;20;talek;747491;9837478;cd
t94848;Dave's_Den;2016-04-21;2016;04;21;talek;747491;9837478;cd
t94851;Lucky_Leopard_Den;2016-04-22;2016;04;22;talek;742437;9836924;cd
t94862;Dave's_Den;2016-04-22;2016;04;22;talek;747491;9837478;cd
t94865;Dave's_Den;2016-04-23;2016;04;23;talek;747491;9837478;cd
t94879;Lucky_Leopard_Den;2016-04-23;2016;04;23;talek;742437;9836924;cd
t94888;Dave's_Den;2016-04-23;2016;04;23;talek;747491;9837478;cd
t94894;Lucky_Leopard_Den;2016-04-24;2016;04;24;talek;742437;9836924;cd
t94910;Dave's_Den;2016-05-04;2016;05;04;talek;747491;9837478;cd
t94913;Dave's_Den;2016-05-05;2016;05;05;talek;747491;9837478;cd
t94936;Dave's_Den;2016-05-05;2016;05;05;talek;747491;9837478;cd
t94957;Dave's_Den;2016-05-09;2016;05;09;talek;747491;9837478;cd
t94973;Dave's_Den;2016-05-10;2016;05;10;talek;747491;9837478;cd
t94988;Dave's_Den;2016-05-12;2016;05;12;talek;747491;9837478;cd
t95116;Dave's_Den;2016-05-12;2016;05;12;talek;747491;9837478;cd
t95172;Dave's_Den;2016-05-16;2016;05;16;talek;747491;9837478;cd
t95180;Dave's_Den;2016-05-16;2016;05;16;talek;747491;9837478;cd
t95240;Dave's_Den;2016-05-23;2016;05;23;talek;747491;9837478;cd
t95247;Dave's_Den;2016-05-23;2016;05;23;talek;747491;9837478;cd
t95265;Dave's_Den;2016-05-24;2016;05;24;talek;747491;9837478;cd
t95299;Dave's_Den;2016-05-28;2016;05;28;talek;747491;9837478;cd
t95303;Dave's_Den;2016-05-29;2016;05;29;talek;747491;9837478;cd
t95316;Dave's_Den;2016-05-29;2016;05;29;talek;747491;9837478;cd
t95316.1;Dave's_Den;2016-05-30;2016;05;30;talek;747491;9837478;cd
t95328;Dave's_Den;2016-05-30;2016;05;30;talek;747491;9837478;cd
t95332;Dave's_Den;2016-05-31;2016;05;31;talek;747491;9837478;cd
t95341;Dave's_Den;2016-06-01;2016;06;01;talek;747491;9837478;cd
t95350;Dave's_Den;2016-06-02;2016;06;02;talek;747491;9837478;cd
t95360;Dave's_Den;2016-06-04;2016;06;04;talek;747491;9837478;cd
t95381;Dave's_Den;2016-06-06;2016;06;06;talek;747491;9837478;cd
t95385;Dave's_Den;2016-06-07;2016;06;07;talek;747491;9837478;cd
t95408;Dave's_Den;2016-06-08;2016;06;08;talek;747491;9837478;cd
t95413;Dave's_Den;2016-06-08;2016;06;08;talek;747491;9837478;cd
t95416;Dave's_Den;2016-06-09;2016;06;09;talek;747491;9837478;cd
t95420;Dave's_Den;2016-06-10;2016;06;10;talek;747491;9837478;cd
t95434;Dave's_Den;2016-06-10;2016;06;10;talek;747491;9837478;cd
t95449;Dave's_Den;2016-06-11;2016;06;11;talek;747491;9837478;cd
t95458;Dave's_Den;2016-06-11;2016;06;11;talek;747491;9837478;cd
t95464;Dave's_Den;2016-06-12;2016;06;12;talek;747491;9837478;cd
t95469;Dave's_Den;2016-06-13;2016;06;13;talek;747491;9837478;cd
t95477;Dave's_Den;2016-06-13;2016;06;13;talek;747491;9837478;cd
t95479;Dave's_Den;2016-06-13;2016;06;13;talek;747491;9837478;cd
t95525;Dave's_Den;2016-06-16;2016;06;16;talek;747491;9837478;cd
t95544;Dave's_Den;2016-06-17;2016;06;17;talek;747491;9837478;cd
t95545;Dave's_Den;2016-06-18;2016;06;18;talek;747491;9837478;cd
t95565;Dave's_Den;2016-06-18;2016;06;18;talek;747491;9837478;cd
t95584;Dave's_Den;2016-06-19;2016;06;19;talek;747491;9837478;cd
t95593;Dave's_Den;2016-06-20;2016;06;20;talek;747491;9837478;cd
t95598;Dave's_Den;2016-06-20;2016;06;20;talek;747491;9837478;cd
t95645;Cliff_Den;2016-06-26;2016;06;26;talek;746018;9837982;d
t95752;Cliff_Den;2016-07-01;2016;07;01;talek;746018;9837982;d
t95846;Central_Park_Communal_Den;2016-07-08;2016;07;08;talek;746472;9838970;d
t95870;Central_Park_Communal_Den;2016-07-10;2016;07;10;talek;746472;9838970;d
t95873;Central_Park_Communal_Den;2016-07-11;2016;07;11;talek;746472;9838970;d
t95905;Central_Park_Communal_Den;2016-07-13;2016;07;13;talek;746472;9838970;d
t95928;Central_Park_Communal_Den;2016-07-14;2016;07;14;talek;746472;9838970;d
t95930;Central_Park_Communal_Den;2016-07-15;2016;07;15;talek;746472;9838970;d
t95951;Central_Park_Communal_Den;2016-07-17;2016;07;17;talek;746472;9838970;d
t95969;Central_Park_Communal_Den;2016-07-19;2016;07;19;talek;746472;9838970;d
t95988;Central_Park_Communal_Den;2016-07-21;2016;07;21;talek;746472;9838970;d
t96016;Central_Park_Communal_Den;2016-07-22;2016;07;22;talek;746472;9838970;d
t96031;Central_Park_Communal_Den;2016-07-25;2016;07;25;talek;746472;9838970;d
t96059;Cliff_Den;2016-07-27;2016;07;27;talek;746018;9837982;d
t96060;Central_Park_Communal_Den;2016-07-27;2016;07;27;talek;746472;9838970;d
t96071;Central_Park_Communal_Den;2016-07-29;2016;07;29;talek;746472;9838970;d
t96085;Central_Park_Communal_Den;2016-07-30;2016;07;30;talek;746472;9838970;d
t96095;Central_Park_Communal_Den;2016-07-30;2016;07;30;talek;746472;9838970;d
t96099;Lucky_Leopard_Den;2016-07-31;2016;07;31;talek;742437;9836924;cd
t96118;Central_Park_Communal_Den;2016-08-01;2016;08;01;talek;746472;9838970;d
t96120;Cliff_Den;2016-08-01;2016;08;01;talek;746018;9837982;d
t96138;Central_Park_Communal_Den;2016-08-02;2016;08;02;talek;746472;9838970;d
t96149;Cliff_Den;2016-08-02;2016;08;02;talek;746018;9837982;d
t96151;Central_Park_Communal_Den;2016-08-02;2016;08;02;talek;746472;9838970;d
t96175;Central_Park_Communal_Den;2016-08-03;2016;08;03;talek;746472;9838970;d
t96178;Cliff_Den;2016-08-04;2016;08;04;talek;746018;9837982;d
t96179;Central_Park_Communal_Den;2016-08-04;2016;08;04;talek;746472;9838970;d
t96188;Cliff_Den;2016-08-04;2016;08;04;talek;746018;9837982;d
t96202;Central_Park_Communal_Den;2016-08-06;2016;08;06;talek;746472;9838970;d
t96203;Cliff_Den;2016-08-06;2016;08;06;talek;746018;9837982;d
t96215;Central_Park_Communal_Den;2016-08-07;2016;08;07;talek;746472;9838970;d
t96254;Cliff_Den;2016-08-10;2016;08;10;talek;746018;9837982;d
t96275;Central_Park_Communal_Den;2016-08-11;2016;08;11;talek;746472;9838970;d
t96292;Central_Park_Communal_Den;2016-08-12;2016;08;12;talek;746472;9838970;d
t96314;Cliff_Den;2016-08-14;2016;08;14;talek;746018;9837982;d
t96324;Central_Park_Communal_Den;2016-08-15;2016;08;15;talek;746472;9838970;d
t96326;Central_Park_Communal_Den;2016-08-16;2016;08;16;talek;746472;9838970;d
t96356;Central_Park_Communal_Den;2016-08-17;2016;08;17;talek;746472;9838970;d
t96360;Central_Park_Communal_Den;2016-08-18;2016;08;18;talek;746472;9838970;d
t96385;Central_Park_Communal_Den;2016-08-19;2016;08;19;talek;746472;9838970;d
t96398;Central_Park_Communal_Den;2016-08-20;2016;08;20;talek;746472;9838970;d
t96768;Resurrection_Main_Den;2016-09-23;2016;09;23;talek;747453;9838546;cd
t96779;Resurrection_Main_Den;2016-09-26;2016;09;26;talek;747453;9838546;cd
t96786;Resurrection_Main_Den;2016-09-29;2016;09;29;talek;747453;9838546;cd
t96808;Dave's_Den;2016-10-07;2016;10;07;talek;747491;9837478;cd
t96817;Dave's_Den;2016-10-08;2016;10;08;talek;747491;9837478;cd
t96837;Dave's_Den;2016-10-10;2016;10;10;talek;747491;9837478;cd
t96850;Dave's_Den;2016-10-11;2016;10;11;talek;747491;9837478;cd
t96854;Dave's_Den;2016-10-12;2016;10;12;talek;747491;9837478;cd
t96865;Dave's_Den;2016-10-12;2016;10;12;talek;747491;9837478;cd
t96892;Dave's_Den;2016-10-17;2016;10;17;talek;747491;9837478;cd
t96894;Dave's_Den;2016-10-17;2016;10;17;talek;747491;9837478;cd
t96899;Dave's_Den;2016-10-17;2016;10;17;talek;747491;9837478;cd
t96908;Dave's_Den;2016-10-18;2016;10;18;talek;747491;9837478;cd
t96921;Den_One_Creek_Den_Complex;2016-10-20;2016;10;20;talek;747634;9837096;d
t96932;DOC_Communal_Den;2016-10-21;2016;10;21;talek;747634;9837096;d
t96935;Dave's_Den;2016-10-22;2016;10;22;talek;747491;9837478;cd
t96936;Dave's_Den;2016-10-22;2016;10;22;talek;747491;9837478;cd
t96960;Dave's_Den;2016-10-23;2016;10;23;talek;747491;9837478;cd
t96961;DOC_Communal_Den;2016-10-23;2016;10;23;talek;747634;9837096;d
t96964;Dave's_Den;2016-10-24;2016;10;24;talek;747491;9837478;cd
t96968;Dave's_Den;2016-10-24;2016;10;24;talek;747491;9837478;cd
t96991;Dave's_Den;2016-10-26;2016;10;26;talek;747491;9837478;cd
t96994;Dave's_Den;2016-10-27;2016;10;27;talek;747491;9837478;cd
t97006;DOC_Communal_Den;2016-10-28;2016;10;28;talek;747634;9837096;d
t97026;DOC_Den_2;2016-10-29;2016;10;29;talek;747700;9837031;cd
t97027;DOC_Den_2;2016-10-30;2016;10;30;talek;747700;9837031;cd
t97035;DOC_Den_2;2016-10-30;2016;10;30;talek;747700;9837031;cd
t97082;Riverbend_Den;2016-11-03;2016;11;03;talek;748477;9838427;d
t97094;Riverbend_Den;2016-11-05;2016;11;05;talek;748477;9838427;d
t97112;DOC_Den_2;2016-11-07;2016;11;07;talek;747700;9837031;cd
t97131;DOC_Den_2;2016-11-07;2016;11;07;talek;747700;9837031;cd
t97132;DOC_Den_2;2016-11-08;2016;11;08;talek;747700;9837031;cd
t97152;Den_One_Creek_Den_Complex;2016-11-08;2016;11;08;talek;747634;9837096;d
t97153;DOC_Den_2;2016-11-08;2016;11;08;talek;747700;9837031;cd
t97164;DOC_Den_2;2016-11-09;2016;11;09;talek;747700;9837031;cd
t97165;DOC_Communal_Den;2016-11-09;2016;11;09;talek;747634;9837096;d
t97168;DOC_Communal_Den;2016-11-09;2016;11;09;talek;747634;9837096;d
t97182;DOC_Communal_Den;2016-11-10;2016;11;10;talek;747634;9837096;d
t97185;DOC_Den_2;2016-11-10;2016;11;10;talek;747700;9837031;cd
t97187;DOC_Communal_Den;2016-11-11;2016;11;11;talek;747634;9837096;d
t97205;DOC_Communal_Den;2016-11-11;2016;11;11;talek;747634;9837096;d
t97208;DOC_Communal_Den;2016-11-11;2016;11;11;talek;747634;9837096;d
t97210;Riverbend_Den;2016-11-12;2016;11;12;talek;748477;9838427;d
t97213;DOC_Communal_Den;2016-11-12;2016;11;12;talek;747634;9837096;d
t97223;DOC_Den_2;2016-11-12;2016;11;12;talek;747700;9837031;cd
t97227;DOC_Den_2;2016-11-13;2016;11;13;talek;747700;9837031;cd
t97234;DOC_Communal_Den;2016-11-13;2016;11;13;talek;747634;9837096;d
t97235;DOC_Den_2;2016-11-13;2016;11;13;talek;747700;9837031;cd
t97238;DOC_Communal_Den;2016-11-13;2016;11;13;talek;747634;9837096;d
t97239;DOC_Communal_Den;2016-11-13;2016;11;13;talek;747634;9837096;d
t97240;DOC_Den_2;2016-11-13;2016;11;13;talek;747700;9837031;cd
t97254;Riverbend_Den;2016-11-14;2016;11;14;talek;748477;9838427;d
t97268;Riverbend_Den;2016-11-14;2016;11;14;talek;748477;9838427;d
t97272;DOC_Communal_Den;2016-11-15;2016;11;15;talek;747634;9837096;d
t97281;Riverbend_Den;2016-11-15;2016;11;15;talek;748477;9838427;d
t97284;DOC_Communal_Den;2016-11-15;2016;11;15;talek;747634;9837096;d
t97286;Riverbend_Den;2016-11-16;2016;11;16;talek;748477;9838427;d
t97298;DOC_Communal_Den;2016-11-16;2016;11;16;talek;747634;9837096;d
t97306;Riverbend_Den;2016-11-18;2016;11;18;talek;748477;9838427;d
t97307;DOC_Communal_Den;2016-11-18;2016;11;18;talek;747634;9837096;d
t97315;Riverbend_Den;2016-11-18;2016;11;18;talek;748477;9838427;d
t97325;DOC_Communal_Den;2016-11-19;2016;11;19;talek;747634;9837096;d
t97326;Riverbend_Den;2016-11-20;2016;11;20;talek;748477;9838427;d
t97329;DOC_Communal_Den;2016-11-20;2016;11;20;talek;747634;9837096;d
t97337;DOC_Den_2;2016-11-20;2016;11;20;talek;747700;9837031;cd
t97338;Riverbend_Den;2016-11-21;2016;11;21;talek;748477;9838427;d
t97356;DOC_Communal_Den;2016-11-22;2016;11;22;talek;747634;9837096;d
t97369;Riverbend_Den;2016-11-23;2016;11;23;talek;748477;9838427;d
t97372;DOC_Communal_Den;2016-11-23;2016;11;23;talek;747634;9837096;d
t97386;DOC_Communal_Den;2016-11-23;2016;11;23;talek;747634;9837096;d
t97388;DOC_Communal_Den;2016-11-24;2016;11;24;talek;747634;9837096;d
t97392;Riverbend_Den;2016-11-24;2016;11;24;talek;748477;9838427;d
t97400;Riverbend_Den;2016-11-25;2016;11;25;talek;748477;9838427;d
t97405;DOC_Den_2;2016-11-25;2016;11;25;talek;747700;9837031;cd
t97411;DOC_Communal_Den;2016-11-25;2016;11;25;talek;747634;9837096;d
t97421;Riverbend_Den;2016-11-26;2016;11;26;talek;748477;9838427;d
t97428;Riverbend_Den;2016-11-26;2016;11;26;talek;748477;9838427;d
t97430;Riverbend_Den;2016-11-28;2016;11;28;talek;748477;9838427;d
t97445;DOC_Communal_Den;2016-11-28;2016;11;28;talek;747634;9837096;d
t97446;Riverbend_Den;2016-11-29;2016;11;29;talek;748477;9838427;d
t97457;DOC_Communal_Den;2016-11-29;2016;11;29;talek;747634;9837096;d
t97462;Riverbend_Den;2016-11-30;2016;11;30;talek;748477;9838427;d
t97479;DOC_Communal_Den;2016-11-30;2016;11;30;talek;747634;9837096;d
t97480;Riverbend_Den;2016-12-01;2016;12;01;talek;748477;9838427;d
t97487;Riverbend_Den;2016-12-02;2016;12;02;talek;748477;9838427;d
t97491;DOC_Communal_Den;2016-12-02;2016;12;02;talek;747634;9837096;d
t97494;DOC_Communal_Den;2016-12-03;2016;12;03;talek;747634;9837096;d
t97497;DOC_Communal_Den;2016-12-03;2016;12;03;talek;747634;9837096;d
t97536;Den_One_Creek_Den_Complex;2016-12-04;2016;12;04;talek;747634;9837096;d
t97537;DOC_Communal_Den;2016-12-05;2016;12;05;talek;747634;9837096;d
t97560;DOC_Communal_Den;2016-12-05;2016;12;05;talek;747634;9837096;d
t97566;DOC_Communal_Den;2016-12-06;2016;12;06;talek;747634;9837096;d
t97596;DOC_Communal_Den;2016-12-07;2016;12;07;talek;747634;9837096;d
t97597;DOC_Communal_Den;2016-12-07;2016;12;07;talek;747634;9837096;d
t97619;DOC_Communal_Den;2016-12-08;2016;12;08;talek;747634;9837096;d
t97640;DOC_Communal_Den;2016-12-08;2016;12;08;talek;747634;9837096;d
t97641;Riverbend_Den;2016-12-08;2016;12;08;talek;748477;9838427;d
t97648;Riverbend_Den;2016-12-09;2016;12;09;talek;748477;9838427;d
t97652;DOC_Communal_Den;2016-12-09;2016;12;09;talek;747634;9837096;d
t97669;Riverbend_Den;2016-12-10;2016;12;10;talek;748477;9838427;d
t97671;DOC_Communal_Den;2016-12-10;2016;12;10;talek;747634;9837096;d
t97677;DOC_Communal_Den;2016-12-10;2016;12;10;talek;747634;9837096;d
t97681;DOC_Den_2;2016-12-10;2016;12;10;talek;747700;9837031;cd
t97685;Riverbend_Den;2016-12-10;2016;12;10;talek;748477;9838427;d
t97694;DOC_Communal_Den;2016-12-10;2016;12;10;talek;747634;9837096;d
t97716;DOC_Communal_Den;2016-12-11;2016;12;11;talek;747634;9837096;d
t97727;Riverbend_Den;2016-12-11;2016;12;11;talek;748477;9838427;d
t97751;DOC_Communal_Den;2016-12-13;2016;12;13;talek;747634;9837096;d
t97755;Riverbend_Den;2016-12-13;2016;12;13;talek;748477;9838427;d
t97790;Riverbend_Den;2016-12-14;2016;12;14;talek;748477;9838427;d
t97803;DOC_Communal_Den;2016-12-15;2016;12;15;talek;747634;9837096;d
t97818;Riverbend_Den;2016-12-16;2016;12;16;talek;748477;9838427;d
t97844;DOC_Communal_Den;2016-12-16;2016;12;16;talek;747634;9837096;d
t97850;Riverbend_Den;2016-12-16;2016;12;16;talek;748477;9838427;d
t97852;Riverbend_Den;2016-12-17;2016;12;17;talek;748477;9838427;d
t97868;DOC_Communal_Den;2016-12-17;2016;12;17;talek;747634;9837096;d
t97873;Riverbend_Den;2016-12-17;2016;12;17;talek;748477;9838427;d
t97921;Riverbend_Den;2016-12-19;2016;12;19;talek;748477;9838427;d
t97929;Riverbend_Den;2016-12-20;2016;12;20;talek;748477;9838427;d
t97945;Riverbend_Den;2016-12-20;2016;12;20;talek;748477;9838427;d
t97979;Riverbend_Den;2016-12-22;2016;12;22;talek;748477;9838427;d
t98004;Riverbend_Den;2016-12-23;2016;12;23;talek;748477;9838427;d
t98034;Riverbend_Den;2016-12-25;2016;12;25;talek;748477;9838427;d
t98049;Riverbend_Den;2016-12-26;2016;12;26;talek;748477;9838427;d
t98057;Riverbend_Den;2016-12-27;2016;12;27;talek;748477;9838427;d
t98060;Riverbend_Den;2016-12-28;2016;12;28;talek;748477;9838427;d
t98065;DOC_Den_2;2016-12-28;2016;12;28;talek;747700;9837031;cd
t98084;Riverbend_Den;2016-12-29;2016;12;29;talek;748477;9838427;d
t98098;Riverbend_Den;2016-12-29;2016;12;29;talek;748477;9838427;d
t98104;DOC_Den_2;2016-12-30;2016;12;30;talek;747700;9837031;cd
t98127;DOC_Den_2;2016-12-31;2016;12;31;talek;747700;9837031;cd
t98142;Riverbend_Den;2017-01-01;2017;01;01;talek;748477;9838427;d
t98144;Riverbend_Den;2017-01-02;2017;01;02;talek;748477;9838427;d
t98155;Den_One_Creek_Den_Complex;2017-01-05;2017;01;05;talek;747634;9837096;d
t98177;Riverbend_Den;2017-01-08;2017;01;08;talek;748477;9838427;d
t98179;Den_One_Creek_Den_Complex;2017-01-08;2017;01;08;talek;747634;9837096;d
t98180;Riverbend_Den;2017-01-08;2017;01;08;talek;748477;9838427;d
t98184;Den_One_Creek_Den_Complex;2017-01-09;2017;01;09;talek;747634;9837096;d
t98186;Den_One_Creek_Den_Complex;2017-01-10;2017;01;10;talek;747634;9837096;d
t98189;Riverbend_Den;2017-01-10;2017;01;10;talek;748477;9838427;d
t98190;Dave_Den;2017-01-11;2017;01;11;talek;747491;9837478;d
t98191;Den_One_Creek_Den_Complex;2017-01-11;2017;01;11;talek;747634;9837096;d
t98196;Dave_Den;2017-01-11;2017;01;11;talek;747491;9837478;d
t98200;Dave_Den;2017-01-13;2017;01;13;talek;747491;9837478;d
t98201;Riverbend_Den;2017-01-13;2017;01;13;talek;748477;9838427;d
t98206;Den_One_Creek_Den_Complex;2017-01-14;2017;01;14;talek;747634;9837096;d
t98213;Riverbend_Den;2017-01-14;2017;01;14;talek;748477;9838427;d
t98217;Riverbend_Den;2017-01-15;2017;01;15;talek;748477;9838427;d
t98219;Dave_Den;2017-01-16;2017;01;16;talek;747491;9837478;d
t98222;Riverbend_Den;2017-01-16;2017;01;16;talek;748477;9838427;d
t98228;Dave_Den;2017-01-18;2017;01;18;talek;747491;9837478;d
t98233;Dave_Den;2017-01-18;2017;01;18;talek;747491;9837478;d
t98240;Dave_Den;2017-01-19;2017;01;19;talek;747491;9837478;d
t98244;Riverbend_Den;2017-01-20;2017;01;20;talek;748477;9838427;d
t98258;Dave_Den;2017-01-21;2017;01;21;talek;747491;9837478;d
t98261;Dave_Den;2017-01-22;2017;01;22;talek;747491;9837478;d
t98267;Dave_Den;2017-01-23;2017;01;23;talek;747491;9837478;d
t98275;Dave_Den;2017-01-24;2017;01;24;talek;747491;9837478;d
t98281;Dave_Den;2017-01-26;2017;01;26;talek;747491;9837478;d
t98283;Dave_Den;2017-01-26;2017;01;26;talek;747491;9837478;d
t98285;Dave_Den;2017-01-27;2017;01;27;talek;747491;9837478;d
t98286;Dicks_Den;2017-01-27;2017;01;27;talek;747390;9837245;cd
t98296;Dave_Den;2017-01-28;2017;01;28;talek;747491;9837478;d
t98304;Dave_Den;2017-01-29;2017;01;29;talek;747491;9837478;d
t98305;Dicks_Den;2017-01-29;2017;01;29;talek;747390;9837245;cd
t98316;Dicks_Den;2017-01-30;2017;01;30;talek;747390;9837245;cd
t98317;Dave_Den;2017-01-30;2017;01;30;talek;747491;9837478;d
t98340;Resurrection_Main_Den;2017-02-06;2017;02;06;talek;747453;9838546;cd
t98350;Dicks_Den;2017-02-06;2017;02;06;talek;747390;9837245;cd
t98383;Dave_Den;2017-02-10;2017;02;10;talek;747491;9837478;d
t98395;Dicks_Den;2017-02-11;2017;02;11;talek;747390;9837245;cd
t98409;Dave_Den;2017-02-13;2017;02;13;talek;747491;9837478;d
t98419;Dave_Den;2017-02-15;2017;02;15;talek;747491;9837478;d
t98421;Dicks_Den;2017-02-15;2017;02;15;talek;747390;9837245;cd
t98424;Dave_Den;2017-02-16;2017;02;16;talek;747491;9837478;d
t98432;Resurrection_Main_Den;2017-02-17;2017;02;17;talek;747453;9838546;cd
t98445;Resurrection_Main_Den;2017-02-19;2017;02;19;talek;747453;9838546;cd
t98446;Dave_Den;2017-02-20;2017;02;20;talek;747491;9837478;d
t98456;Dave_Den;2017-02-20;2017;02;20;talek;747491;9837478;d
t98458;Resurrection_Main_Den;2017-02-21;2017;02;21;talek;747453;9838546;cd
t98461;Dave_Den;2017-02-21;2017;02;21;talek;747491;9837478;d
t98468;Dicks_Den;2017-02-21;2017;02;21;talek;747390;9837245;cd
t98469;Dave_Den;2017-02-21;2017;02;21;talek;747491;9837478;d
t98470;Resurrection_Main_Den;2017-02-21;2017;02;21;talek;747453;9838546;cd
t98480;Dave_Den;2017-02-23;2017;02;23;talek;747491;9837478;d
t98482;Resurrection_Main_Den;2017-02-23;2017;02;23;talek;747453;9838546;cd
t98484;Dave_Den;2017-02-24;2017;02;24;talek;747491;9837478;d
t98488;Dicks_Den;2017-02-25;2017;02;25;talek;747390;9837245;cd
t98503;Dicks_Den;2017-03-01;2017;03;01;talek;747390;9837245;cd
t98504;Dave_Den;2017-03-01;2017;03;01;talek;747491;9837478;d
t98516;Dicks_Den;2017-03-02;2017;03;02;talek;747390;9837245;cd
t98521;Dicks_Den;2017-03-02;2017;03;02;talek;747390;9837245;cd
t98522;Resurrection_Main_Den;2017-03-02;2017;03;02;talek;747453;9838546;cd
t98524;Dave_Den;2017-03-03;2017;03;03;talek;747491;9837478;d
t98525;Dicks_Den;2017-03-03;2017;03;03;talek;747390;9837245;cd
t98530;Dicks_Den;2017-03-03;2017;03;03;talek;747390;9837245;cd
t98531;Resurrection_Main_Den;2017-03-03;2017;03;03;talek;747453;9838546;cd
t98532;Dicks_Den;2017-03-04;2017;03;04;talek;747390;9837245;cd
t98533;Dave_Den;2017-03-04;2017;03;04;talek;747491;9837478;d
t98537;Dicks_Den;2017-03-04;2017;03;04;talek;747390;9837245;cd
t98539;Dave_Den;2017-03-05;2017;03;05;talek;747491;9837478;d
t98544.1;Dave_Den;2017-03-06;2017;03;06;talek;747491;9837478;d
t98544.2;Dicks_Den;2017-03-06;2017;03;06;talek;747390;9837245;cd
t98549.1;Dave_Den;2017-03-07;2017;03;07;talek;747491;9837478;d
t98557;Dave_Den;2017-03-09;2017;03;09;talek;747491;9837478;d
t98558;Dicks_Den;2017-03-09;2017;03;09;talek;747390;9837245;cd
t98559;Resurrection_Main_Den;2017-03-09;2017;03;09;talek;747453;9838546;cd
t98569;Dicks_Den;2017-03-10;2017;03;10;talek;747390;9837245;cd
t98572;Resurrection_Main_Den;2017-03-10;2017;03;10;talek;747453;9838546;cd
t98574;Dicks_Den;2017-03-11;2017;03;11;talek;747390;9837245;cd
t98575;Dave_Den;2017-03-11;2017;03;11;talek;747491;9837478;d
t98583;Dave_Den;2017-03-11;2017;03;11;talek;747491;9837478;d
t98584;Dicks_Den;2017-03-11;2017;03;11;talek;747390;9837245;cd
t98585;Resurrection_Main_Den;2017-03-11;2017;03;11;talek;747453;9838546;cd
t98594;Dave_Den;2017-03-13;2017;03;13;talek;747491;9837478;d
t98595;Dicks_Den;2017-03-13;2017;03;13;talek;747390;9837245;cd
t98598;Dicks_Den;2017-03-14;2017;03;14;talek;747390;9837245;cd
t98599;Dave_Den;2017-03-14;2017;03;14;talek;747491;9837478;d
t98607;Dicks_Den;2017-03-15;2017;03;15;talek;747390;9837245;cd
t98609;Resurrection_Main_Den;2017-03-15;2017;03;15;talek;747453;9838546;cd
t98610;Dicks_Den;2017-03-18;2017;03;18;talek;747390;9837245;cd
t98611;Resurrection_Main_Den;2017-03-18;2017;03;18;talek;747453;9838546;cd
t98623;Dicks_Den;2017-03-18;2017;03;18;talek;747390;9837245;cd
t98628;Dicks_Den;2017-03-20;2017;03;20;talek;747390;9837245;cd
t98630;Resurrection_Main_Den;2017-03-20;2017;03;20;talek;747453;9838546;cd
t98641;Dicks_Den;2017-03-20;2017;03;20;talek;747390;9837245;cd
t98643;Resurrection_Main_Den;2017-03-20;2017;03;20;talek;747453;9838546;cd
t98644;Dicks_Den;2017-03-21;2017;03;21;talek;747390;9837245;cd
t98645;Resurrection_Main_Den;2017-03-21;2017;03;21;talek;747453;9838546;cd
t98663;Dicks_Den;2017-03-22;2017;03;22;talek;747390;9837245;cd
t98666;Resurrection_Main_Den;2017-03-22;2017;03;22;talek;747453;9838546;cd
t98668;Resurrection_Main_Den;2017-03-23;2017;03;23;talek;747453;9838546;cd
t98670;Dave_Den;2017-03-23;2017;03;23;talek;747491;9837478;d
t98671;Dicks_Den;2017-03-23;2017;03;23;talek;747390;9837245;cd
t98680;Dicks_Den;2017-03-23;2017;03;23;talek;747390;9837245;cd
t98688;Dicks_Den;2017-03-24;2017;03;24;talek;747390;9837245;cd
t98691;Resurrection_Main_Den;2017-03-24;2017;03;24;talek;747453;9838546;cd
t98693;Resurrection_Main_Den;2017-03-25;2017;03;25;talek;747453;9838546;cd
t98701;Resurrection_Main_Den;2017-03-29;2017;03;29;talek;747453;9838546;cd
t98706;Resurrection_Main_Den;2017-03-30;2017;03;30;talek;747453;9838546;cd
t98725;Resurrection_Main_Den;2017-03-31;2017;03;31;talek;747453;9838546;cd
t98845.1;Dave_Den;2017-01-28;2017;01;28;talek;747491;9837478;d
t98846;Dicks_Den;2017-01-28;2017;01;28;talek;747390;9837245;cd
t99119;Resurrection_Main_Den;2017-04-01;2017;04;01;talek;747453;9838546;cd
t99128;Resurrection_Main_Den;2017-04-01;2017;04;01;talek;747453;9838546;cd
t99130;Resurrection_Main_Den;2017-04-02;2017;04;02;talek;747453;9838546;cd
t99135;Resurrection_Main_Den;2017-04-03;2017;04;03;talek;747453;9838546;cd
t99137;Resurrection_Main_Den;2017-04-03;2017;04;03;talek;747453;9838546;cd
t99148;Resurrection_Main_Den;2017-04-03;2017;04;03;talek;747453;9838546;cd
t99149;Resurrection_Main_Den;2017-04-05;2017;04;05;talek;747453;9838546;cd
t99151;Resurrection_Main_Den;2017-04-05;2017;04;05;talek;747453;9838546;cd
t99159;Resurrection_Main_Den;2017-04-09;2017;04;09;talek;747453;9838546;cd
t99160;Resurrection_Main_Den;2017-04-10;2017;04;10;talek;747453;9838546;cd
t99163.1;Resurrection_Main_Den;2017-04-11;2017;04;11;talek;747453;9838546;cd
t99170;Resurrection_Main_Den;2017-04-12;2017;04;12;talek;747453;9838546;cd
t99174;Resurrection_Main_Den;2017-04-13;2017;04;13;talek;747453;9838546;cd
t99176;Resurrection_Main_Den;2017-04-15;2017;04;15;talek;747453;9838546;cd
t99183;Resurrection_Main_Den;2017-04-20;2017;04;20;talek;747453;9838546;cd
t99196;Big_Bush_Communal_Den;2017-04-21;2017;04;21;talek;748061;9838502;d
t99215;Big_Bush_Communal_Den;2017-04-23;2017;04;23;talek;748061;9838502;d
t99229;Big_Bush_Communal_Den;2017-04-24;2017;04;24;talek;748061;9838502;d
t99236;Big_Bush_Communal_Den;2017-04-25;2017;04;25;talek;748061;9838502;d
t99248;Resurrection_Main_Den;2017-04-25;2017;04;25;talek;747453;9838546;cd
t99260;Big_Bush_Communal_Den;2017-04-29;2017;04;29;talek;748061;9838502;d
t99277;Big_Bush_Communal_Den;2017-04-29;2017;04;29;talek;748061;9838502;d
t99288;Big_Bush_Communal_Den;2017-04-30;2017;04;30;talek;748061;9838502;d
t99292;Big_Bush_Communal_Den;2017-05-04;2017;05;04;talek;748061;9838502;d
t99314;Big_Bush_Communal_Den;2017-05-05;2017;05;05;talek;748061;9838502;d
t99315;Big_Bush_Communal_Den;2017-05-06;2017;05;06;talek;748061;9838502;d
t99323;Resurrection_Main_Den;2017-05-06;2017;05;06;talek;747453;9838546;cd
t99324;Big_Bush_Communal_Den;2017-05-06;2017;05;06;talek;748061;9838502;d
t99345;Big_Bush_Communal_Den;2017-05-07;2017;05;07;talek;748061;9838502;d
t99347;Big_Bush_Communal_Den;2017-05-08;2017;05;08;talek;748061;9838502;d
t99374;Big_Bush_Communal_Den;2017-05-09;2017;05;09;talek;748061;9838502;d
t99418;Big_Bush_Communal_Den;2017-05-16;2017;05;16;talek;748061;9838502;d
t99451;Big_Bush_Communal_Den;2017-05-20;2017;05;20;talek;748061;9838502;d
t99466;Big_Bush_Den;2017-05-20;2017;05;20;talek;748061;9838502;d
t99470;Big_Bush_Communal_Den;2017-05-21;2017;05;21;talek;748061;9838502;d
t99500;Big_Bush_Communal_Den;2017-05-22;2017;05;22;talek;748061;9838502;d
t99502;Big_Bush_Communal_Den;2017-05-23;2017;05;23;talek;748061;9838502;d
t99511;Big_Bush_Communal_Den;2017-05-24;2017;05;24;talek;748061;9838502;d
t99524;Big_Bush_Communal_Den;2017-05-25;2017;05;25;talek;748061;9838502;d
t99534;Resurrection_Main_Den;2017-05-25;2017;05;25;talek;747453;9838546;cd
t99535;Big_Bush_Communal_Den;2017-05-26;2017;05;26;talek;748061;9838502;d
t99544;Big_Bush_Communal_Den;2017-05-27;2017;05;27;talek;748061;9838502;d
t99547;Resurrection_Main_Den;2017-05-27;2017;05;27;talek;747453;9838546;cd
t99566;Resurrection_Main_Den;2017-05-27;2017;05;27;talek;747453;9838546;cd
t99572;Resurrection_Main_Den;2017-05-28;2017;05;28;talek;747453;9838546;cd
t99592;Resurrection_Main_Den;2017-05-30;2017;05;30;talek;747453;9838546;cd
t99593;Big_Bush_Communal_Den;2017-05-30;2017;05;30;talek;748061;9838502;d
t99608;Resurrection_Main_Den;2017-05-31;2017;05;31;talek;747453;9838546;cd
t99609;Big_Bush_Communal_Den;2017-05-31;2017;05;31;talek;748061;9838502;d
t99634;Resurrection_Main_Den;2017-06-05;2017;06;05;talek;747453;9838546;cd
t99637;Resurrection_Main_Den;2017-06-06;2017;06;06;talek;747453;9838546;cd
t99652;Resurrection_Main_Den;2017-06-10;2017;06;10;talek;747453;9838546;cd
t99655;Resurrection_Main_Den;2017-06-11;2017;06;11;talek;747453;9838546;cd
t99662.1;Resurrection_Communal_Den;2017-06-11;2017;06;11;talek;747569;9838508;d
t99664;Resurrection_Main_Den;2017-06-12;2017;06;12;talek;747453;9838546;cd
t99665;Big_Bush_Communal_Den;2017-06-12;2017;06;12;talek;748061;9838502;d
t99675;Big_Bush_Communal_Den;2017-06-13;2017;06;13;talek;748061;9838502;d
t99676;Resurrection_Main_Den;2017-06-13;2017;06;13;talek;747453;9838546;cd
t99692;Big_Bush_Communal_Den;2017-06-14;2017;06;14;talek;748061;9838502;d
t99707;Big_Bush_Communal_Den;2017-06-17;2017;06;17;talek;748061;9838502;d
t99726;Big_Bush_Communal_Den;2017-06-19;2017;06;19;talek;748061;9838502;d
t99728;Resurrection_Main_Den;2017-06-19;2017;06;19;talek;747453;9838546;cd
t99735;Big_Bush_Communal_Den;2017-06-20;2017;06;20;talek;748061;9838502;d
t99736;Big_Bush_Communal_Den;2017-06-21;2017;06;21;talek;748061;9838502;d
t99748;Big_Bush_Communal_Den;2017-06-23;2017;06;23;talek;748061;9838502;d
t99752;Big_Bush_Communal_Den;2017-06-24;2017;06;24;talek;748061;9838502;d
t99762;Big_Bush_Communal_Den;2017-06-26;2017;06;26;talek;748061;9838502;d
t99773;Big_Bush_Communal_Den;2017-06-27;2017;06;27;talek;748061;9838502;d
t99779;Big_Bush_Communal_Den;2017-06-28;2017;06;28;talek;748061;9838502;d
t99781;Big_Bush_Communal_Den;2017-06-28;2017;06;28;talek;748061;9838502;d
