"";"landmark_id";"year";"session";"total_cubs"
"1";"Resurrection_Main_Den";2017;"t98725";21
"2";"Resurrection_Main_Den";2017;"t99148";21
"3";"Riverbend_Den";2012;"t76448";21
"4";"Riverbend_Den";2012;"t76581";21
"5";"Riverbend_Den";2012;"t76642";21
"6";"Riverbend_Den";2012;"t77035";21
"7";"Resurrection_Main_Den";2016;"t94070";20
"8";"Resurrection_Main_Den";2016;"t94161";20
"9";"Resurrection_Main_Den";2017;"t99135";20
"10";"Riverbend_Den";2012;"t76473";20
"11";"Riverbend_Den";2012;"t76659";20
"12";"Riverbend_Den";2012;"t76697";20
"13";"Big_Bush_Communal_Den";2017;"t99196";19
"14";"Resurrection_Main_Den";2017;"t99130";19
"15";"Plantation_Den";2013;"t81263";18
"16";"Resurrection_Communal_Den";2011;"t73000";18
"17";"Resurrection_Main_Den";2017;"t98701";18
"18";"Resurrection_Main_Den";2017;"t98706";18
"19";"Riverbend_Den";2012;"t76619";18
"20";"Riverbend_Den";2012;"t76683";18
"21";"Riverbend_Den";2012;"t76853";18
"22";"Riverbend_Den";2012;"t76973";18
"23";"Big_Bush_Communal_Den";2017;"t99675";17
"24";"Flintstone_Den";2015;"t92878";17
"25";"Plantation_Den";2013;"t81239";17
"26";"Plantation_Den";2013;"t81335";17
"27";"Resurrection_Main_Den";2017;"t99128";17
"28";"Resurrection_Main_Den";2017;"t99170";17
"29";"Resurrection_Main_Den";2017;"t99634";17
"30";"Riverbend_Den";2012;"t76329";17
"31";"Riverbend_Den";2012;"t76428";17
"32";"Riverbend_Den";2012;"t76788";17
"33";"Riverbend_Den";2012;"t77150";17
"34";"Big_Bush_Communal_Den";2017;"t99692";16
"35";"Central_Park_Communal_Den";2013;"t81907";16
"36";"Dave's_Den";2010;"t70269";16
"37";"Dave's_Den";2015;"t92522";16
"38";"Plantation_Den";1989;"t394";16
"39";"Resurrection_Main_Den";2016;"t94009";16
"40";"Resurrection_Main_Den";2016;"t94078";16
"41";"Resurrection_Main_Den";2017;"t98585";16
"42";"Resurrection_Main_Den";2017;"t98666";16
"43";"Resurrection_Main_Den";2017;"t98691";16
"44";"Resurrection_Main_Den";2017;"t99149";16
"45";"Resurrection_Main_Den";2017;"t99174";16
"46";"Riverbend_Den";2012;"t75432";16
"47";"Riverbend_Den";2012;"t76270";16
"48";"Riverbend_Den";2012;"t76291";16
"49";"Riverbend_Den";2012;"t76520";16
"50";"Riverbend_Den";2012;"t76879";16
"51";"Riverbend_Den";2012;"t77229";16
"52";"Riverbend_Den";2012;"t77310";16
"53";"Riverbend_Den";2013;"t81001";16
"54";"Central_Park_Communal_Den";2013;"t81760";15
"55";"Central_Park_Communal_Den";2013;"t81824";15
"56";"Dave's_Den";2011;"t73106";15
"57";"Dave's_Den";2015;"t92173";15
"58";"Flapjack_Den";2013;"s10661";15
"59";"Flapjack_Den";2013;"s10670";15
"60";"Flintstone_Den";2015;"t92817";15
"61";"Flintstone_Den";2015;"t92843";15
"62";"Flintstone_Den";2015;"t92917";15
"63";"Flintstone_Den";2015;"t92951";15
"64";"Flintstone_Den";2015;"t92959";15
"65";"Flintstone_Den";2015;"t93015";15
"66";"Flintstone_Den";2015;"t93023";15
"67";"IAT_Den";2016;"s18687";15
"68";"Kinda-See-Em_Den";2013;"t83074";15
"69";"Kinda_See_Em_Den_Two";2010;"t69506";15
"70";"Lugga_Den_II";2019;"s109831";15
"71";"Plantation_Den";2013;"t81203";15
"72";"Plantation_Den";2013;"t81229";15
"73";"Portcullis_Den";2016;"s20669";15
"74";"Resurrection_Main_Den";2016;"t94340";15
"75";"Resurrection_Main_Den";2017;"t98559";15
"76";"Resurrection_Main_Den";2017;"t98609";15
"77";"Resurrection_Main_Den";2017;"t99159";15
"78";"Riverbend_Den";2011;"t72620";15
"79";"Riverbend_Den";2012;"t76249";15
"80";"Riverbend_Den";2012;"t76363";15
"81";"Riverbend_Den";2012;"t76393";15
"82";"Riverbend_Den";2012;"t76647";15
"83";"Riverbend_Den";2012;"t76676";15
"84";"Riverbend_Den";2012;"t76932";15
"85";"Riverbend_Den";2012;"t77058";15
"86";"Riverbend_Den";2012;"t77411";15
"87";"Riverbend_Den";2013;"t82428";15
"88";"Riverbend_Den";2013;"t82513";15
"89";"Big_Bush_Communal_Den";2017;"t99736";14
"90";"Big_Bush_Communal_Den";2017;"t99779";14
"91";"Central_Park_Communal_Den";2013;"t80859";14
"92";"Central_Park_Communal_Den";2013;"t81545";14
"93";"Central_Park_Communal_Den";2013;"t81801";14
"94";"Central_Park_Communal_Den";2013;"t81852";14
"95";"Central_Park_Communal_Den";2018;"t102685";14
"96";"Central_Park_Communal_Den";2018;"t102730";14
"97";"Dave's_Den";2010;"t70099";14
"98";"Dave's_Den";2015;"t92454";14
"99";"Dave's_Den";2015;"t92569";14
"100";"Dave's_Den";2015;"t92590";14
"101";"DeGaulle_Den";2009;"s1820";14
"102";"Flintstone_Den";2015;"t92811";14
"103";"Flintstone_Den";2015;"t92864";14
"104";"Flintstone_Den";2015;"t92887";14
"105";"Flintstone_Den";2015;"t92919";14
"106";"Flintstone_Den";2015;"t92988";14
"107";"Flintstone_Den";2015;"t93004";14
"108";"Flintstone_Den";2015;"t93014";14
"109";"Flintstone_Den";2015;"t93030";14
"110";"Flintstone_Den";2015;"t93051";14
"111";"Flintstone_Den";2015;"t93081";14
"112";"Flintstone_Den";2017;"t101219";14
"113";"Grits_Den";2011;"s6478";14
"114";"Grits_Den";2013;"s10652";14
"115";"IAT_Den";2016;"s18666";14
"116";"IAT_Den";2016;"s18667";14
"117";"IAT_Den";2016;"s19247";14
"118";"Kinda-See-Em_Den";2008;"t63541";14
"119";"Kinda-See-Em_Den";2013;"t82896";14
"120";"Kinda_See_Em_Den_Two";2010;"t69284";14
"121";"Kinda_See_Em_Den_Two";2010;"t69316";14
"122";"Lugga_Den_II";2019;"s109387";14
"123";"Lugga_Den_II";2019;"s109869";14
"124";"Oceanic_Den";2019;"s110188";14
"125";"Oceanic_Den";2019;"s110195";14
"126";"Plantation_Den";2013;"t81154";14
"127";"Plantation_Den";2013;"t81280";14
"128";"Plantation_Den";2013;"t81318";14
"129";"Portcullis_Den";2017;"s21088";14
"130";"Resurrection_Main_Den";2016;"t93606";14
"131";"Resurrection_Main_Den";2016;"t93666";14
"132";"Resurrection_Main_Den";2016;"t93688";14
"133";"Resurrection_Main_Den";2016;"t93751";14
"134";"Resurrection_Main_Den";2016;"t93847";14
"135";"Resurrection_Main_Den";2016;"t93850";14
"136";"Resurrection_Main_Den";2016;"t93887";14
"137";"Resurrection_Main_Den";2016;"t93955";14
"138";"Resurrection_Main_Den";2016;"t94101";14
"139";"Resurrection_Main_Den";2016;"t94135";14
"140";"Resurrection_Main_Den";2016;"t94199";14
"141";"Resurrection_Main_Den";2016;"t94281";14
"142";"Resurrection_Main_Den";2017;"t99176";14
"143";"Riverbend_Den";2011;"t72655";14
"144";"Riverbend_Den";2011;"t72811";14
"145";"Riverbend_Den";2012;"t76310";14
"146";"Riverbend_Den";2012;"t76367";14
"147";"Riverbend_Den";2012;"t76522";14
"148";"Riverbend_Den";2012;"t76742";14
"149";"Riverbend_Den";2012;"t76756";14
"150";"Riverbend_Den";2012;"t76820";14
"151";"Riverbend_Den";2012;"t77215";14
"152";"Riverbend_Den";2012;"t77364";14
"153";"Riverbend_Den";2012;"t77571";14
"154";"Riverbend_Den";2012;"t77742";14
"155";"Riverbend_Den";2013;"t80932";14
"156";"Riverbend_Den";2013;"t81051";14
"157";"Riverbend_Den";2013;"t81985";14
"158";"Riverbend_Den";2013;"t82115";14
"159";"Riverbend_Den";2013;"t82465";14
"160";"Riverbend_Den";2013;"t82579";14
"161";"Riverbend_Den";2013;"t82609";14
"162";"Riverbend_Den";2013;"t82634";14
"163";"Runway_Den";2019;"s109567";14
"164";"Schiphol_Den";2013;"s10543";14
"165";"Tigris_Den";2014;"s12972";14
"166";"Tigris_Den";2014;"s12975";14
"167";"Uji_Den";2014;"s13865";14
"168";"Uji_Den";2014;"s13871";14
"169";"Uji_Den";2014;"s13875";14
"170";"Alamo_Natal_Den";2011;"t73330";13
"171";"Big_Bush_Communal_Den";2017;"t99762";13
"172";"Big_Bush_Communal_Den";2022;"t132446";13
"173";"Central_Park_Communal_Den";2013;"t81439";13
"174";"Central_Park_Communal_Den";2013;"t81475";13
"175";"Central_Park_Communal_Den";2013;"t81501";13
"176";"Central_Park_Communal_Den";2013;"t81871";13
"177";"Central_Park_Communal_Den";2018;"t102705";13
"178";"Central_Park_Communal_Den";2018;"t102738";13
"179";"DOC_Den_2";2017;"t100634";13
"180";"Dave's_Den";2010;"t70122";13
"181";"Dave's_Den";2010;"t70292";13
"182";"Dave's_Den";2010;"t70327";13
"183";"Dave's_Den";2011;"t73090";13
"184";"Dave's_Den";2015;"t91928";13
"185";"Dave's_Den";2015;"t92059";13
"186";"Dave's_Den";2015;"t92153";13
"187";"Dave's_Den";2015;"t92164";13
"188";"Dave's_Den";2015;"t92335";13
"189";"Dave's_Den";2015;"t92614";13
"190";"Dave's_Den";2015;"t92643";13
"191";"DeGaulle_Den";2009;"s1779";13
"192";"DeGaulle_Den";2009;"s1821";13
"193";"DeGaulle_Den";2009;"s1825";13
"194";"DeGaulle_Den";2009;"s1842";13
"195";"DeGaulle_Den";2013;"s10522";13
"196";"DeGaulle_Den";2019;"s109159";13
"197";"DeGaulle_Den";2019;"s109163";13
"198";"DeGaulle_Den";2019;"s109168";13
"199";"DeGaulle_Den";2019;"s109176";13
"200";"DeGaulle_Den";2019;"s109179";13
"201";"DeGaulle_Den";2019;"s109184";13
"202";"DeGaulle_Den";2019;"s109418";13
"203";"DeGaulle_Den";2019;"s109421";13
"204";"DeGaulle_Den";2019;"s109427";13
"205";"Dicks_Den";2015;"t92282";13
"206";"Dicks_Den";2017;"t98530";13
"207";"Flintstone_Den";2015;"t92773";13
"208";"Flintstone_Den";2015;"t92788";13
"209";"Flintstone_Den";2015;"t92931";13
"210";"Flintstone_Den";2015;"t92967";13
"211";"Flintstone_Den";2015;"t93048";13
"212";"Flintstone_Den";2015;"t93054";13
"213";"Flintstone_Den";2015;"t93074";13
"214";"IAT_Den";2016;"s19171";13
"215";"IAT_Den";2016;"s19193";13
"216";"J_Fab_Den";2017;"s21483";13
"217";"Kinda-See-Em_Den";2013;"t83058";13
"218";"Kinda_See_Em_Den_Two";2010;"t69336";13
"219";"Kinda_See_Em_Den_Two";2010;"t69382";13
"220";"Kinda_See_Em_Den_Two";2010;"t69551";13
"221";"Lighthouse_Den";2011;"s4882";13
"222";"Lugga_Den_II";2019;"s109799";13
"223";"Lugga_Den_II";2019;"s109810";13
"224";"Lugga_Den_II";2019;"s109876";13
"225";"Lugga_Den_II";2019;"s109890";13
"226";"Moat_Den";2017;"s21070";13
"227";"Nogales_Den";2019;"s110433";13
"228";"Nyumba_Ndege_Den";2011;"s6367";13
"229";"Plantation_Den";2003;"t39185";13
"230";"Plantation_Den";2013;"t81172";13
"231";"Plantation_Den";2013;"t81336";13
"232";"Portcullis_Den";2016;"s20695";13
"233";"Portcullis_Den";2016;"s20707";13
"234";"Portcullis_Den";2016;"s20722";13
"235";"Portcullis_Den";2016;"s20732";13
"236";"Portcullis_Den";2016;"s20757";13
"237";"Portcullis_Den";2016;"s20789";13
"238";"Portcullis_Den";2017;"s21084";13
"239";"Resurrection_Communal_Den";2011;"t73004";13
"240";"Resurrection_Communal_Den";2011;"t73143";13
"241";"Resurrection_Main_Den";2016;"t93536";13
"242";"Resurrection_Main_Den";2016;"t93575";13
"243";"Resurrection_Main_Den";2016;"t93649";13
"244";"Resurrection_Main_Den";2016;"t93717";13
"245";"Resurrection_Main_Den";2016;"t93728";13
"246";"Resurrection_Main_Den";2016;"t93773";13
"247";"Resurrection_Main_Den";2016;"t93872";13
"248";"Resurrection_Main_Den";2016;"t93912";13
"249";"Resurrection_Main_Den";2016;"t94048";13
"250";"Resurrection_Main_Den";2016;"t94125";13
"251";"Resurrection_Main_Den";2016;"t94178";13
"252";"Resurrection_Main_Den";2017;"t99119";13
"253";"Resurrection_Main_Den";2017;"t99608";13
"254";"Riverbend_Den";2011;"t72613";13
"255";"Riverbend_Den";2011;"t72761";13
"256";"Riverbend_Den";2011;"t72829";13
"257";"Riverbend_Den";2011;"t72860";13
"258";"Riverbend_Den";2012;"t75483";13
"259";"Riverbend_Den";2012;"t76231";13
"260";"Riverbend_Den";2012;"t76259";13
"261";"Riverbend_Den";2012;"t76271";13
"262";"Riverbend_Den";2012;"t76337";13
"263";"Riverbend_Den";2012;"t77046";13
"264";"Riverbend_Den";2012;"t77265";13
"265";"Riverbend_Den";2012;"t77327";13
"266";"Riverbend_Den";2012;"t77655";13
"267";"Riverbend_Den";2012;"t77759";13
"268";"Riverbend_Den";2012;"t77833";13
"269";"Riverbend_Den";2013;"t80949";13
"270";"Riverbend_Den";2013;"t81026";13
"271";"Riverbend_Den";2013;"t82126";13
"272";"Riverbend_Den";2013;"t82187";13
"273";"Riverbend_Den";2013;"t82543";13
"274";"Runway_Den";2020;"s110524";13
"275";"Runway_Den";2020;"s110527";13
"276";"Runway_Den";2020;"s110572";13
"277";"Runway_Den_3";2019;"s109482";13
"278";"Schiphol_Den";2013;"s10488";13
"279";"Schiphol_Den";2013;"s10546";13
"280";"Schiphol_Den";2013;"s10558";13
"281";"Schiphol_Den";2013;"s10583";13
"282";"Schiphol_Den";2013;"s10593";13
"283";"Tigris_Den";2014;"s12971";13
"284";"Tigris_Den";2014;"s12988";13
"285";"Uji_Den";2014;"s13838";13
"286";"Uji_Den";2014;"s13847";13
"287";"Whomping_Willow_Den";2018;"s23093";13
"288";"Whooping_Cami_Den";2015;"s16349";13
"289";"Alamo_Natal_Den";2011;"t73327";12
"290";"Bastion_Den";2016;"s20316";12
"291";"Big_Bush_Communal_Den";2017;"t99277";12
"292";"Big_Bush_Communal_Den";2017;"t99288";12
"293";"Big_Bush_Communal_Den";2017;"t99707";12
"294";"Big_Bush_Communal_Den";2017;"t99735";12
"295";"Big_Bush_Communal_Den";2017;"t99748";12
"296";"Big_Bush_Communal_Den";2017;"t99752";12
"297";"Big_Bush_Communal_Den";2022;"t131359";12
"298";"Big_Bush_Communal_Den";2022;"t132453";12
"299";"Big_Sky_Den";2019;"s110206";12
"300";"Big_Sky_Den";2019;"s110224";12
"301";"Big_Sky_Den";2019;"s110228";12
"302";"Central_Park_Communal_Den";2012;"t79977";12
"303";"Central_Park_Communal_Den";2013;"t81410";12
"304";"Central_Park_Communal_Den";2013;"t81654";12
"305";"Central_Park_Communal_Den";2013;"t81670";12
"306";"Central_Park_Communal_Den";2013;"t81710";12
"307";"Central_Park_Communal_Den";2013;"t81806";12
"308";"Central_Park_Communal_Den";2018;"t102716";12
"309";"Central_Park_Communal_Den";2018;"t102756";12
"310";"Crepes_Den";2011;"s6627";12
"311";"Crocodile_Den";2010;"t69956";12
"312";"Crocodile_Den";2010;"t70000";12
"313";"Croton_Edge_Communal_Den";2010;"t71035";12
"314";"DOC_Communal_Den";2014;"t87154";12
"315";"Dave's_Den";2010;"t70310";12
"316";"Dave's_Den";2015;"t91949";12
"317";"Dave's_Den";2015;"t92014";12
"318";"Dave's_Den";2015;"t92033";12
"319";"Dawn_Den";2019;"s109694";12
"320";"Dawn_Den";2019;"s109703";12
"321";"Dawn_Den";2019;"s109710";12
"322";"Dawn_Den";2019;"s109719";12
"323";"Dawn_Den";2019;"s109735";12
"324";"Dawn_Den";2019;"s109737";12
"325";"Dawn_Den_2";2019;"s109772";12
"326";"Dawn_Den_2";2019;"s109780";12
"327";"DeGaulle_Den";2009;"s1804";12
"328";"DeGaulle_Den";2009;"s1814";12
"329";"DeGaulle_Den";2019;"s109174";12
"330";"DeGaulle_Den";2019;"s109191";12
"331";"DeGaulle_Den";2019;"s109401";12
"332";"DeGaulle_Den";2019;"s109431";12
"333";"Dicks_Den";2017;"t98537";12
"334";"Flintstone_Den";2015;"t92899";12
"335";"Flintstone_Den";2015;"t92977";12
"336";"Flintstone_Den";2015;"t93090";12
"337";"Flintstone_Den";2015;"t93206";12
"338";"Flintstone_Den";2017;"t101172";12
"339";"Flintstone_Den";2017;"t101583";12
"340";"Grits_Den";2011;"s6497";12
"341";"Grits_Den";2011;"s6515";12
"342";"Grits_Den";2011;"s6525";12
"343";"Houdini_Den";2016;"s18954";12
"344";"IAT_Den";2016;"s18640";12
"345";"IAT_Den";2016;"s18710";12
"346";"IAT_Den";2016;"s19160";12
"347";"IAT_Den";2016;"s19206";12
"348";"IAT_Den";2016;"s19211";12
"349";"IAT_Den";2016;"s19240";12
"350";"J_Fab_Den";2016;"s18869";12
"351";"J_Fab_Den";2016;"s19184";12
"352";"Kinda-See-Em_Den";2008;"t63420";12
"353";"Kinda-See-Em_Den";2008;"t63442";12
"354";"Kinda-See-Em_Den";2008;"t63448";12
"355";"Kinda-See-Em_Den";2008;"t63462";12
"356";"Kinda-See-Em_Den";2008;"t63468";12
"357";"Kinda-See-Em_Den";2008;"t63480";12
"358";"Kinda-See-Em_Den";2008;"t63503";12
"359";"Kinda-See-Em_Den";2013;"t82771";12
"360";"Kinda-See-Em_Den";2013;"t83144";12
"361";"Kinda_See_Em_Den_Two";2010;"t69022";12
"362";"Kinda_See_Em_Den_Two";2010;"t69160";12
"363";"Kinda_See_Em_Den_Two";2010;"t69220";12
"364";"Lugga_Den_II";2019;"s109331";12
"365";"Lugga_Den_II";2019;"s109335";12
"366";"Lugga_Den_II";2019;"s109337";12
"367";"Lugga_Den_II";2019;"s109341";12
"368";"Lugga_Den_II";2019;"s109346";12
"369";"Lugga_Den_II";2019;"s109351";12
"370";"Lugga_Den_II";2019;"s109356";12
"371";"Lugga_Den_II";2019;"s109360";12
"372";"Lugga_Den_II";2019;"s109371";12
"373";"Lugga_Den_II";2019;"s109383";12
"374";"Lugga_Den_II";2019;"s109385";12
"375";"Lugga_Den_II";2019;"s109798";12
"376";"Lugga_Den_II";2019;"s109814";12
"377";"Lugga_Den_II";2019;"s109818";12
"378";"Lugga_Den_II";2019;"s109823.1";12
"379";"Lugga_Den_II";2019;"s109847";12
"380";"Lugga_Den_II";2019;"s109880";12
"381";"Lugga_Den_II";2019;"s109889";12
"382";"Lugga_Den_II";2019;"s109942";12
"383";"Moat_Den";2016;"s20806";12
"384";"Mountaineer_Den";2018;"t104034";12
"385";"National_Cornchip_Day_Den";2013;"s10424";12
"386";"National_Cornchip_Day_Den";2013;"s10426";12
"387";"National_Cornchip_Day_Den";2013;"s9975";12
"388";"Nyumba_Ndege_Den";2011;"s6325";12
"389";"Plantation_Den";2003;"t39029";12
"390";"Plantation_Den";2003;"t39258";12
"391";"Plantation_Den";2013;"t81342";12
"392";"Portcullis_Den";2016;"s20198.1";12
"393";"Portcullis_Den";2016;"s20733";12
"394";"Portcullis_Den";2016;"s20790";12
"395";"Portcullis_Den";2016;"s20805";12
"396";"Resurrection_Communal_Den";2011;"t73157";12
"397";"Resurrection_Communal_Den";2011;"t73458";12
"398";"Resurrection_Communal_Den";2013;"t83230";12
"399";"Resurrection_Communal_Den";2013;"t83495";12
"400";"Resurrection_Communal_Den";2013;"t83502";12
"401";"Resurrection_Main_Den";2016;"t93589";12
"402";"Resurrection_Main_Den";2016;"t93634";12
"403";"Resurrection_Main_Den";2016;"t93635";12
"404";"Resurrection_Main_Den";2016;"t93651";12
"405";"Resurrection_Main_Den";2016;"t93755";12
"406";"Resurrection_Main_Den";2016;"t93799";12
"407";"Resurrection_Main_Den";2016;"t94369";12
"408";"Resurrection_Main_Den";2017;"t100185";12
"409";"Resurrection_Main_Den";2017;"t100209";12
"410";"Resurrection_Main_Den";2017;"t98482";12
"411";"Resurrection_Main_Den";2017;"t99637";12
"412";"Riverbend_Den";2011;"t72643";12
"413";"Riverbend_Den";2011;"t72672";12
"414";"Riverbend_Den";2011;"t72724";12
"415";"Riverbend_Den";2011;"t72726";12
"416";"Riverbend_Den";2011;"t72803";12
"417";"Riverbend_Den";2012;"t76113";12
"418";"Riverbend_Den";2012;"t76308";12
"419";"Riverbend_Den";2012;"t76475";12
"420";"Riverbend_Den";2012;"t76714";12
"421";"Riverbend_Den";2012;"t76906";12
"422";"Riverbend_Den";2012;"t77278";12
"423";"Riverbend_Den";2012;"t77715";12
"424";"Riverbend_Den";2012;"t77789.8";12
"425";"Riverbend_Den";2012;"t77857";12
"426";"Riverbend_Den";2012;"t77887";12
"427";"Riverbend_Den";2013;"t80971";12
"428";"Riverbend_Den";2013;"t81003";12
"429";"Riverbend_Den";2013;"t81078";12
"430";"Riverbend_Den";2013;"t81978";12
"431";"Riverbend_Den";2013;"t82008";12
"432";"Riverbend_Den";2013;"t82134";12
"433";"Riverbend_Den";2013;"t82213";12
"434";"Riverbend_Den";2013;"t82489";12
"435";"Riverbend_Den";2014;"t85935";12
"436";"Riverbend_Den";2022;"t131190";12
"437";"Riverbend_Den";2022;"t131199";12
"438";"Riverbend_Den";2022;"t131259";12
"439";"Riverbend_Den";2022;"t131283";12
"440";"Roosevelt's_Natal_Den_2014";2014;"t86940";12
"441";"Runway_Den";2019;"s109592";12
"442";"Runway_Den";2020;"s110573.1";12
"443";"Runway_Den";2020;"s110630";12
"444";"Runway_Den";2020;"s110665";12
"445";"Runway_Den";2020;"s110700";12
"446";"Runway_Den";2020;"s110716";12
"447";"Runway_Den_3";2019;"s109466";12
"448";"Runway_Den_3";2019;"s109491";12
"449";"Schiphol_Den";2013;"s10459";12
"450";"Schiphol_Den";2013;"s10472";12
"451";"Schiphol_Den";2013;"s10538";12
"452";"Schiphol_Den";2013;"s10563.1";12
"453";"Schiphol_Den";2013;"s10595";12
"454";"Snowbird_Den";2019;"s109636";12
"455";"Snowbird_Den";2019;"s109637";12
"456";"Snowbird_Den";2019;"s109641";12
"457";"Snowbird_Den";2019;"s109643";12
"458";"Snowbird_Den";2019;"s109644";12
"459";"Snowbird_Den";2019;"s109653";12
"460";"Snowbird_Den";2019;"s109655";12
"461";"Snowbird_Den";2019;"s109664";12
"462";"Snowbird_Den";2019;"s109665";12
"463";"Snowbird_Den";2019;"s109669";12
"464";"Snowbird_Den";2019;"s109676";12
"465";"Tigris_Den";2014;"s12858";12
"466";"Tigris_Den";2014;"s12867";12
"467";"Tigris_Den";2014;"s12881";12
"468";"Tigris_Den";2014;"s12893";12
"469";"Tigris_Den";2014;"s12912";12
"470";"Tigris_Den";2014;"s12919";12
"471";"Tigris_Den";2014;"s12930";12
"472";"Tigris_Den";2014;"s12931";12
"473";"Tigris_Den";2014;"s12934";12
"474";"Tigris_Den";2014;"s12941";12
"475";"Tigris_Den";2014;"s12955";12
"476";"Tigris_Den";2014;"s12960";12
"477";"Tigris_Den";2014;"s12966";12
"478";"Tigris_Den";2014;"s12980";12
"479";"Tijuana_Den";2020;"s111012";12
"480";"Uji_Den";2014;"s13902";12
"481";"Wayland_Den";2008;"t64179";12
"482";"Whomping_Willow_Den";2018;"s23107";12
"483";"Windsor_Den";2012;"s9462";12
"484";"Windsor_Den";2012;"s9506";12
"485";"Alamo_Natal_Den";2011;"t73378";11
"486";"Angry_Ele_Den";2017;"s21747";11
"487";"Bastion_Den";2016;"s20310";11
"488";"Beanie_Baby_Den";2023;"s117956.1";11
"489";"Beanie_Baby_Den";2023;"s132074";11
"490";"Beanie_Baby_Den";2023;"s132121";11
"491";"Big_Bush_Communal_Den";2017;"t99773";11
"492";"Big_Bush_Communal_Den";2017;"t99781";11
"493";"Big_Bush_Den";2011;"t75175";11
"494";"Bumps_Den";2023;"S117708";11
"495";"Calexico_Den";2012;"s9530";11
"496";"Calexico_Den";2012;"s9533";11
"497";"Cannibal_Cami_Den";2015;"s16385";11
"498";"Cannibal_Cami_Den";2015;"s16609";11
"499";"Central_Park_Communal_Den";2013;"t80716";11
"500";"Central_Park_Communal_Den";2013;"t80838";11
"501";"Central_Park_Communal_Den";2013;"t80901";11
"502";"Central_Park_Communal_Den";2013;"t81592";11
"503";"Central_Park_Communal_Den";2013;"t81695";11
"504";"Central_Park_Communal_Den";2013;"t81747";11
"505";"Central_Park_Communal_Den";2013;"t81989";11
"506";"Central_Park_Communal_Den";2013;"t82018";11
"507";"Central_Park_Communal_Den";2018;"t102164";11
"508";"Crepes_Den";2011;"s6618";11
"509";"Croton_Edge_Communal_Den";2010;"t71707";11
"510";"Croton_Edge_Communal_Den";2010;"t71723";11
"511";"Crunk_Den";2018;"s23458";11
"512";"Crunk_Den";2018;"s23475";11
"513";"Crunk_Den";2018;"s23505";11
"514";"Crunk_Den";2018;"s23535";11
"515";"DOC_Communal_Den";2014;"t87236";11
"516";"DOC_Communal_Den";2015;"t93099";11
"517";"DOC_Den_2";2017;"t100661";11
"518";"Dave's_Den";2014;"t86612";11
"519";"Dave's_Den";2014;"t86692";11
"520";"Dave's_Den";2015;"t92037";11
"521";"Dave's_Den";2015;"t92567";11
"522";"Dave's_Den";2015;"t92670";11
"523";"Dave_Den";2017;"t98267";11
"524";"Dave_Den";2017;"t98285";11
"525";"Dawn_Den";2019;"s109712";11
"526";"Dawn_Den";2022;"s115693";11
"527";"Dawn_Den";2022;"s115765";11
"528";"Dawn_Den";2022;"s115766";11
"529";"Dawn_Den_2";2022;"s115773";11
"530";"DeGaulle_Den";2009;"s1875";11
"531";"DeGaulle_Den";2013;"s10487";11
"532";"DeGaulle_Den";2013;"s10505";11
"533";"DeGaulle_Den";2013;"s10507";11
"534";"DeGaulle_Den";2013;"s10513";11
"535";"DeGaulle_Den";2019;"s109099";11
"536";"DeGaulle_Den";2019;"s109117";11
"537";"DeGaulle_Den";2019;"s109123";11
"538";"DeGaulle_Den";2019;"s109132";11
"539";"DeGaulle_Den";2019;"s109146";11
"540";"DeGaulle_Den";2019;"s109147";11
"541";"DeGaulle_Den";2019;"s109397";11
"542";"DeGaulle_Den";2019;"s109411";11
"543";"Doom's_Day_Den";2003;"t38734";11
"544";"Doom's_Day_Den";2003;"t38797";11
"545";"Doom's_Day_Den";2003;"t38810";11
"546";"Flintstone_Den";2015;"t92782";11
"547";"Flintstone_Den";2015;"t92804";11
"548";"Flintstone_Den";2015;"t92897";11
"549";"Flintstone_Den";2015;"t92968";11
"550";"Flintstone_Den";2015;"t92978";11
"551";"Flintstone_Den";2015;"t93059";11
"552";"Flintstone_Den";2017;"t101180";11
"553";"Flintstone_Den";2017;"t101198";11
"554";"Flintstone_Den";2017;"t101634";11
"555";"Grits_Den";2011;"s6557";11
"556";"Grits_Den";2013;"s10640";11
"557";"Happy_New_Year_Den";2013;"s9890";11
"558";"Houdini_Den";2016;"s18955";11
"559";"IAT_Den";2016;"s18554";11
"560";"IAT_Den";2016;"s18575";11
"561";"IAT_Den";2016;"s18658";11
"562";"IAT_Den";2016;"s18697";11
"563";"IAT_Den";2016;"s18807";11
"564";"IAT_Den";2016;"s18839";11
"565";"IAT_Den";2016;"s18853";11
"566";"J_Fab_Den";2016;"s18860";11
"567";"J_Fab_Den";2017;"s21365";11
"568";"J_Fab_Den";2017;"s21402";11
"569";"J_Fab_Den";2017;"s21438";11
"570";"Kinda-See-Em_Den";2008;"t63486";11
"571";"Kinda-See-Em_Den";2008;"t63496";11
"572";"Kinda-See-Em_Den";2008;"t63506";11
"573";"Kinda-See-Em_Den";2008;"t63551";11
"574";"Kinda-See-Em_Den";2008;"t64143";11
"575";"Kinda_See_Em_Den_Two";2010;"t69140";11
"576";"Kinda_See_Em_Den_Two";2010;"t69533";11
"577";"Lightning_Den";2011;"t73271";11
"578";"Lugga_Den";2019;"s109325";11
"579";"Lugga_Den_II";2019;"s109317";11
"580";"Lugga_Den_II";2019;"s109324";11
"581";"Lugga_Den_II";2019;"s109342";11
"582";"Lugga_Den_II";2019;"s109824";11
"583";"Lugga_Den_II";2019;"s109930";11
"584";"Malmö_Den";2012;"s8134";11
"585";"Moat_Den";2016;"s20288";11
"586";"Moat_Den";2016;"s20291";11
"587";"Mountaineer_Den";2018;"t104004";11
"588";"Mountaineer_Den";2018;"t104042";11
"589";"National_Cornchip_Day_Den";2013;"s9931";11
"590";"No_See_Em_Den";2005;"t51331";11
"591";"Nogales_Den";2019;"s110408";11
"592";"Nogales_Den";2019;"s110436";11
"593";"Nyumba_Ndege_Den";2011;"s6323";11
"594";"Nyumba_Ndege_Den";2011;"s6414";11
"595";"Ollivander's_Den";2023;"s117213";11
"596";"Paradise_Den";2009;"t65884";11
"597";"Plantation_Den";2003;"t39017";11
"598";"Plantation_Den";2003;"t39287";11
"599";"Plantation_Den";2003;"t39303";11
"600";"Plantation_Den";2003;"t39433";11
"601";"Plantation_Den";2003;"t39460";11
"602";"Plantation_Den";2013;"t81167";11
"603";"Plantation_Den";2013;"t81221";11
"604";"Portcullis_Den";2016;"s20664";11
"605";"Portcullis_Den";2016;"s20697";11
"606";"Portcullis_Den";2016;"s20708";11
"607";"Portcullis_Den";2016;"s20792";11
"608";"Portcullis_Den";2017;"s21061";11
"609";"Portcullis_Den";2017;"s21094";11
"610";"Portcullis_Den";2017;"s21106";11
"611";"Resurrection_Communal_Den";2013;"t83221";11
"612";"Resurrection_Communal_Den";2013;"t83272";11
"613";"Resurrection_Communal_Den";2016;"t93518";11
"614";"Resurrection_Main_Den";2016;"t93464";11
"615";"Resurrection_Main_Den";2016;"t93484.1";11
"616";"Resurrection_Main_Den";2016;"t93543";11
"617";"Resurrection_Main_Den";2016;"t93607";11
"618";"Resurrection_Main_Den";2016;"t93702";11
"619";"Resurrection_Main_Den";2016;"t93771";11
"620";"Resurrection_Main_Den";2016;"t94298";11
"621";"Resurrection_Main_Den";2016;"t94324";11
"622";"Resurrection_Main_Den";2017;"t100183";11
"623";"Resurrection_Main_Den";2017;"t100191";11
"624";"Resurrection_Main_Den";2017;"t99592";11
"625";"Riverbend_Den";2011;"t72702";11
"626";"Riverbend_Den";2011;"t72844";11
"627";"Riverbend_Den";2011;"t72850";11
"628";"Riverbend_Den";2011;"t72877";11
"629";"Riverbend_Den";2012;"t75549";11
"630";"Riverbend_Den";2012;"t75876";11
"631";"Riverbend_Den";2012;"t76837";11
"632";"Riverbend_Den";2012;"t77192";11
"633";"Riverbend_Den";2012;"t77462";11
"634";"Riverbend_Den";2012;"t77594";11
"635";"Riverbend_Den";2012;"t77711";11
"636";"Riverbend_Den";2012;"t77791";11
"637";"Riverbend_Den";2013;"t80911";11
"638";"Riverbend_Den";2013;"t81982";11
"639";"Riverbend_Den";2013;"t82014";11
"640";"Riverbend_Den";2013;"t82397";11
"641";"Riverbend_Den";2013;"t82516";11
"642";"Riverbend_Den";2013;"t82530";11
"643";"Riverbend_Den";2013;"t82611";11
"644";"Riverbend_Den";2014;"t85872";11
"645";"Riverbend_Den";2014;"t86003";11
"646";"Riverbend_Den";2015;"t93259";11
"647";"Riverbend_Den";2016;"t97790";11
"648";"Riverbend_Den";2022;"t131054";11
"649";"Riverbend_Den";2022;"t131070";11
"650";"Riverbend_Den";2022;"t131092";11
"651";"Riverbend_Den";2022;"t131107";11
"652";"Riverbend_Den";2022;"t131152";11
"653";"Riverbend_Den";2022;"t131165";11
"654";"Riverbend_Den";2022;"t131168";11
"655";"Riverbend_Den";2022;"t131215";11
"656";"Riverbend_Den";2022;"t131226";11
"657";"Riverbend_Den";2022;"t131234";11
"658";"Riverbend_Den";2022;"t131254";11
"659";"Riverbend_Den";2022;"t131273";11
"660";"Riverbend_Den";2022;"t131301";11
"661";"Roosevelt's_Natal_Den_2014";2014;"t86985";11
"662";"Roosevelt's_Natal_Den_2014";2014;"t87044";11
"663";"Roosevelt's_Natal_Den_2014";2014;"t87328";11
"664";"Roosevelt's_Natal_Den_2014";2014;"t87330";11
"665";"Runway_Den";2019;"s109513";11
"666";"Runway_Den";2019;"s109529";11
"667";"Runway_Den";2019;"s109541";11
"668";"Runway_Den";2019;"s109585";11
"669";"Runway_Den";2020;"s110551";11
"670";"Runway_Den";2020;"s110615";11
"671";"Runway_Den";2020;"s110643";11
"672";"Runway_Den";2020;"s110656";11
"673";"Runway_Den";2020;"s110720";11
"674";"Runway_Den";2020;"s110739";11
"675";"Runway_Den_3";2019;"s109469";11
"676";"Runway_Den_3";2019;"s109473";11
"677";"Runway_Den_3";2019;"s109484";11
"678";"Schiphol_Den";2013;"s10477";11
"679";"Schiphol_Den";2013;"s10562";11
"680";"Schiphol_Den";2013;"s10585";11
"681";"Snowbird_Den";2019;"s109635";11
"682";"Snowbird_Den";2019;"s109660";11
"683";"Snowbird_Den";2019;"s109677";11
"684";"Suzi_Den";2011;"s5109";11
"685";"Tigris_Den";2014;"s12925";11
"686";"Tigris_Den";2014;"s12962";11
"687";"Tigris_Den";2014;"s12965";11
"688";"Tigris_Den";2014;"s12969";11
"689";"Tigris_Den";2014;"s12973";11
"690";"Tigris_Den";2014;"s13000";11
"691";"Tijuana_Den";2020;"s110980";11
"692";"Tijuana_Den";2020;"s110995";11
"693";"Tijuana_Den";2020;"s111003";11
"694";"Tijuana_Den";2020;"s111004";11
"695";"Tijuana_Den";2020;"s111005";11
"696";"Tijuana_Den";2020;"s111025";11
"697";"Tijuana_Den";2020;"s111029";11
"698";"Tijuana_Den";2020;"s111038";11
"699";"Uji_Den";2014;"s13802";11
"700";"Uji_Den";2014;"s13831";11
"701";"Uji_Den";2014;"s13850";11
"702";"Wayland_Den";2008;"t64200";11
"703";"Whomping_Willow_Den";2018;"s23084";11
"704";"Whomping_Willow_Den";2018;"s23088";11
"705";"Whomping_Willow_Den";2018;"s23091";11
"706";"Whomping_Willow_Den";2018;"s23102";11
"707";"Whomping_Willow_Den";2018;"s23120";11
"708";"Whomping_Willow_Den";2018;"s23129";11
"709";"Whomping_Willow_Den";2018;"s23139";11
"710";"Windsor_Den";2012;"s9504";11
"711";"Windsor_Den";2017;"s21219";11
"712";"Alamo_Natal_Den";2011;"t73383";10
"713";"Albatross_Den";2018;"s23545";10
"714";"Albatross_Den";2018;"s23566";10
"715";"All_Hallows'_Eve_Den";2019;"s24886";10
"716";"Angry_Ele_Den";2017;"s21751";10
"717";"Angry_Ele_Den_2";2017;"s21781";10
"718";"Beanie_Baby_Den";2023;"s117959";10
"719";"Beanie_Baby_Den";2023;"s118014";10
"720";"Beanie_Baby_Den";2023;"s118024.1";10
"721";"Beanie_Baby_Den";2023;"s118030";10
"722";"Beanie_Baby_Den";2023;"s118050";10
"723";"Big_Bush_Communal_Den";2017;"t99726";10
"724";"Big_Bush_Communal_Den";2022;"t132490";10
"725";"Big_Sky_Den";2019;"s110207";10
"726";"Calexico_Den";2012;"s9534";10
"727";"Calexico_Den";2012;"s9547.2";10
"728";"Cannibal_Cami_Den";2015;"s16589";10
"729";"Central_Park_Communal_Den";2013;"t80028";10
"730";"Central_Park_Communal_Den";2013;"t80612";10
"731";"Central_Park_Communal_Den";2013;"t80729";10
"732";"Central_Park_Communal_Den";2013;"t80784";10
"733";"Central_Park_Communal_Den";2013;"t81609";10
"734";"Central_Park_Communal_Den";2013;"t81751";10
"735";"Central_Park_Communal_Den";2013;"t81891";10
"736";"Central_Park_Communal_Den";2013;"t82184";10
"737";"Central_Park_Communal_Den";2018;"t102132";10
"738";"Coincidence_Den_2";2023;"s117355.1";10
"739";"Coincidence_Den_2";2023;"s117356";10
"740";"Coincidence_Den_2";2023;"s117359";10
"741";"Crocodile_Den";2010;"t70022";10
"742";"Croton_Edge_Communal_Den";2010;"t71055";10
"743";"Crunk_Den";2018;"s23479";10
"744";"Crunk_Den";2018;"s23496";10
"745";"Crunk_Den";2018;"s23510";10
"746";"Crunk_Den";2018;"s23517";10
"747";"Crunk_Den";2018;"s23532";10
"748";"Crunk_Den";2018;"s23712";10
"749";"Dave's_Den";2010;"t70162";10
"750";"Dave's_Den";2011;"t72436";10
"751";"Dave's_Den";2011;"t72470";10
"752";"Dave's_Den";2011;"t73032";10
"753";"Dave's_Den";2014;"t86718";10
"754";"Dave's_Den";2014;"t86762";10
"755";"Dave's_Den";2015;"t91818";10
"756";"Dave's_Den";2015;"t91919";10
"757";"Dave's_Den";2015;"t91958";10
"758";"Dave's_Den";2015;"t91969";10
"759";"Dave's_Den";2015;"t91978";10
"760";"Dave's_Den";2015;"t92078";10
"761";"Dave's_Den";2015;"t92194";10
"762";"Dave's_Den";2015;"t92479";10
"763";"Dave's_Den";2015;"t92627";10
"764";"Dave_Den";2017;"t98258";10
"765";"Dave_Den";2017;"t98261";10
"766";"Dawn_Den";2019;"s109704";10
"767";"Dawn_Den";2019;"s109721";10
"768";"Dawn_Den";2022;"s115703";10
"769";"Dawn_Den_2";2019;"s109749";10
"770";"Dawn_Den_2";2019;"s109763";10
"771";"DeGaulle_Den";2009;"s1781";10
"772";"DeGaulle_Den";2009;"s1785";10
"773";"DeGaulle_Den";2009;"s1795";10
"774";"DeGaulle_Den";2009;"s1797";10
"775";"DeGaulle_Den";2009;"s1865";10
"776";"DeGaulle_Den";2009;"s1872";10
"777";"DeGaulle_Den";2013;"s10494";10
"778";"DeGaulle_Den";2013;"s10495";10
"779";"DeGaulle_Den";2013;"s10532";10
"780";"DeGaulle_Den";2019;"s109413";10
"781";"DeGaulle_Den";2019;"s109428";10
"782";"Dicks_Den";2015;"t92293";10
"783";"Dicks_Den";2015;"t92325";10
"784";"Dicks_Den";2017;"t100318";10
"785";"Dicks_Den";2017;"t100406";10
"786";"Dicks_Den";2017;"t100455";10
"787";"Dicks_Den";2017;"t98316";10
"788";"Dicks_Den";2017;"t98525";10
"789";"Doom's_Day_Den";2003;"t38754";10
"790";"Doom's_Day_Den";2003;"t38767";10
"791";"Doom's_Day_Den";2003;"t38900";10
"792";"Flintstone_Den";2015;"t93154";10
"793";"Flintstone_Den";2015;"t93189";10
"794";"Flintstone_Den";2017;"t101167";10
"795";"Flintstone_Den";2017;"t101602";10
"796";"Flintstone_Den";2017;"t101616";10
"797";"Flintstone_Den";2018;"t101730.10";10
"798";"Flintstone_Den";2018;"t101770.10";10
"799";"Grits_Den";2013;"s10663";10
"800";"Holiday_Communal_Den";2009;"t66050";10
"801";"Holy_Grail_Den";2013;"s12361";10
"802";"Holy_Grail_Den";2013;"s12367.1";10
"803";"Houdini_Den";2016;"s18962";10
"804";"IAT_Den";2010;"s3210";10
"805";"IAT_Den";2016;"s18584";10
"806";"IAT_Den";2016;"s18591";10
"807";"IAT_Den";2016;"s18645";10
"808";"IAT_Den";2016;"s18671";10
"809";"IAT_Den";2016;"s18819";10
"810";"IAT_Den";2016;"s18884";10
"811";"IAT_Den";2017;"s21411";10
"812";"IAT_Den";2017;"s22892";10
"813";"IAT_Den";2018;"s23174";10
"814";"IAT_Den";2018;"s23585";10
"815";"J_Fab_Den";2017;"s21306";10
"816";"J_Fab_Den";2017;"s21335";10
"817";"J_Fab_Den";2017;"s21348";10
"818";"J_Fab_Den";2017;"s21352";10
"819";"J_Fab_Den";2017;"s21379";10
"820";"J_Fab_Den";2017;"s21417";10
"821";"J_Fab_Den";2017;"s21433";10
"822";"J_Fab_Den";2017;"s21468";10
"823";"J_Fab_Den";2017;"s21487";10
"824";"J_Fab_Den";2018;"s23452";10
"825";"J_Fab_Den";2018;"s23613";10
"826";"J_Fab_Den";2022;"S116290";10
"827";"Kinda-See-Em_Den";2008;"t63412";10
"828";"Kinda-See-Em_Den";2008;"t63470";10
"829";"Kinda-See-Em_Den";2010;"t71250";10
"830";"Kinda-See-Em_Den";2013;"t82869";10
"831";"Kinda-See-Em_Den";2013;"t83014";10
"832";"Kinda-See-Em_Den";2013;"t83044";10
"833";"Kinda_See_Em_Den_Two";2010;"t69116";10
"834";"Kinda_See_Em_Den_Two";2010;"t69453";10
"835";"Kinda_See_Em_Den_Two";2010;"t71243";10
"836";"Kinda_See_Em_Den_Two";2010;"t71423";10
"837";"Kit_Kat_Den";2011;"s5029";10
"838";"Lugga_Den";2019;"s109839";10
"839";"Lugga_Den_II";2019;"s109308";10
"840";"Lugga_Den_II";2019;"s109309";10
"841";"Lugga_Den_II";2019;"s109315";10
"842";"Lugga_Den_II";2019;"s109338";10
"843";"Lugga_Den_II";2019;"s109849";10
"844";"Lugga_Den_II";2019;"s109862";10
"845";"Lugga_Den_II";2019;"s109899";10
"846";"Magic_Bush_Den";2018;"t104227";10
"847";"Merry_Christmas_Den";2013;"s9848";10
"848";"Merry_Christmas_Den";2013;"s9853";10
"849";"Merry_Christmas_Den";2013;"s9865";10
"850";"Mid_Rocks_Den";2023;"s132320";10
"851";"Migration_Den";2023;"s117325";10
"852";"Migration_Den";2023;"s117330";10
"853";"Migration_Den_2";2023;"s117306";10
"854";"Mountaineer_Den";2018;"t102033.10";10
"855";"Mountaineer_Den";2018;"t102990";10
"856";"Mountaineer_Den";2018;"t103014";10
"857";"Mountaineer_Den";2018;"t103051";10
"858";"Mountaineer_Den";2018;"t104028";10
"859";"Mountaineer_Den";2018;"t104060";10
"860";"National_Cornchip_Day_Den";2013;"s10292.1";10
"861";"No_See_Em_Den";2005;"t51395";10
"862";"No_See_Em_Den";2005;"t51408";10
"863";"Nogales_Den";2019;"s110415";10
"864";"Nyumba_Ndege_Den";2011;"s6313";10
"865";"Nyumba_Ndege_Den";2011;"s6350";10
"866";"Nyumba_Ndege_Den";2011;"s6417";10
"867";"Oceanic_Den";2019;"s110184";10
"868";"Ollivander's_Den";2023;"s117244";10
"869";"Ollivander's_Den";2023;"s117253.1";10
"870";"Paradise_Den";2009;"t66030";10
"871";"Plantation_Den";2003;"t38387";10
"872";"Plantation_Den";2003;"t38408";10
"873";"Plantation_Den";2003;"t38409";10
"874";"Plantation_Den";2003;"t38417";10
"875";"Plantation_Den";2003;"t38431";10
"876";"Plantation_Den";2003;"t38435";10
"877";"Plantation_Den";2003;"t38443";10
"878";"Plantation_Den";2003;"t38468";10
"879";"Plantation_Den";2003;"t38496";10
"880";"Plantation_Den";2003;"t38525";10
"881";"Plantation_Den";2003;"t38546";10
"882";"Plantation_Den";2003;"t38599";10
"883";"Plantation_Den";2003;"t39063";10
"884";"Plantation_Den";2003;"t39064";10
"885";"Plantation_Den";2003;"t39118";10
"886";"Plantation_Den";2003;"t39322";10
"887";"Plantation_Den";2003;"t39355";10
"888";"Plantation_Den";2003;"t39541";10
"889";"Plantation_Den";2013;"t81310";10
"890";"Plantation_Den";2013;"t81348";10
"891";"Portcullis_Den";2016;"s20672";10
"892";"Portcullis_Den";2016;"s20767";10
"893";"Portcullis_Den";2016;"s20782";10
"894";"Portcullis_Den";2017;"s21099";10
"895";"Resurrection_Communal_Den";2011;"t73562";10
"896";"Resurrection_Communal_Den";2013;"t83206";10
"897";"Resurrection_Communal_Den";2013;"t83209";10
"898";"Resurrection_Communal_Den";2013;"t83247";10
"899";"Resurrection_Communal_Den";2013;"t83405";10
"900";"Resurrection_Communal_Den";2013;"t83438";10
"901";"Resurrection_Communal_Den";2013;"t83460";10
"902";"Resurrection_Main_Den";2013;"t83382";10
"903";"Resurrection_Main_Den";2016;"t93574";10
"904";"Resurrection_Main_Den";2016;"t93753";10
"905";"Resurrection_Main_Den";2016;"t93776";10
"906";"Resurrection_Main_Den";2016;"t93851";10
"907";"Resurrection_Main_Den";2016;"t93870";10
"908";"Resurrection_Main_Den";2016;"t93937";10
"909";"Resurrection_Main_Den";2016;"t94036";10
"910";"Resurrection_Main_Den";2016;"t94405";10
"911";"Resurrection_Main_Den";2016;"t94457";10
"912";"Resurrection_Main_Den";2017;"t98572";10
"913";"Riverbend_Den";2011;"t72614";10
"914";"Riverbend_Den";2012;"t75345";10
"915";"Riverbend_Den";2012;"t75839";10
"916";"Riverbend_Den";2012;"t75894";10
"917";"Riverbend_Den";2012;"t76449";10
"918";"Riverbend_Den";2012;"t76987";10
"919";"Riverbend_Den";2012;"t77007";10
"920";"Riverbend_Den";2012;"t77242";10
"921";"Riverbend_Den";2012;"t77500";10
"922";"Riverbend_Den";2012;"t77556";10
"923";"Riverbend_Den";2012;"t77600";10
"924";"Riverbend_Den";2012;"t77619";10
"925";"Riverbend_Den";2012;"t77691";10
"926";"Riverbend_Den";2013;"t81119";10
"927";"Riverbend_Den";2013;"t81896";10
"928";"Riverbend_Den";2013;"t81920";10
"929";"Riverbend_Den";2013;"t82058";10
"930";"Riverbend_Den";2013;"t82373";10
"931";"Riverbend_Den";2013;"t82565";10
"932";"Riverbend_Den";2014;"t85848";10
"933";"Riverbend_Den";2014;"t85993";10
"934";"Riverbend_Den";2015;"t93241";10
"935";"Riverbend_Den";2015;"t93279";10
"936";"Riverbend_Den";2015;"t93293";10
"937";"Riverbend_Den";2015;"t94660";10
"938";"Riverbend_Den";2022;"t131011";10
"939";"Riverbend_Den";2022;"t131076";10
"940";"Riverbend_Den";2022;"t131083";10
"941";"Riverbend_Den";2022;"t131132";10
"942";"Riverbend_Den";2022;"t131175";10
"943";"Riverbend_Den";2022;"t131213";10
"944";"Riverbend_Den";2022;"t131272";10
"945";"Riverbend_Den";2022;"t132187";10
"946";"Riverbend_Den";2022;"t132530";10
"947";"Roosevelt's_Natal_Den_2014";2014;"t86975";10
"948";"Roosevelt's_Natal_Den_2014";2014;"t87043";10
"949";"Runway_Den";2019;"s109587";10
"950";"Runway_Den";2019;"s109588";10
"951";"Runway_Den";2019;"s110166";10
"952";"Runway_Den";2019;"s110182";10
"953";"Runway_Den";2020;"s110489";10
"954";"Runway_Den";2020;"s110505";10
"955";"Runway_Den";2020;"s110519.1";10
"956";"Runway_Den";2020;"s110557";10
"957";"Runway_Den";2020;"s110577";10
"958";"Runway_Den";2020;"s110684";10
"959";"Runway_Den";2020;"s110729";10
"960";"Runway_Den";2021;"s114473";10
"961";"Runway_Den";2021;"s114487";10
"962";"Runway_Den";2021;"s114527";10
"963";"Schiphol_Den";2013;"s10456";10
"964";"Schiphol_Den";2013;"s10576";10
"965";"Schiphol_Den";2013;"s10587";10
"966";"Some_Freaky_Lions_Den_3";2023;"s117822";10
"967";"Strasbourg_Den";2011;"s7294";10
"968";"Strasbourg_Den";2011;"s7298";10
"969";"Suzi_Den";2011;"s5125";10
"970";"The_Burrow_Den";2023;"S117640";10
"971";"The_Burrow_Den";2023;"S117647";10
"972";"Tigris_Den";2014;"s12825";10
"973";"Tigris_Den";2014;"s12830";10
"974";"Tigris_Den";2014;"s12872";10
"975";"Tigris_Den";2014;"s12873";10
"976";"Tigris_Den";2014;"s12876";10
"977";"Tigris_Den";2014;"s12884";10
"978";"Tigris_Den";2014;"s12904";10
"979";"Tigris_Den";2014;"s12907";10
"980";"Tigris_Den";2014;"s12920";10
"981";"Tigris_Den";2014;"s12985";10
"982";"Tigris_Den";2014;"s12990";10
"983";"Tigris_Den";2014;"s12992";10
"984";"Tigris_Den";2014;"s13006";10
"985";"Tigris_Den";2014;"s13008";10
"986";"Tijuana_Den";2019;"s110466";10
"987";"Twix_Den_2";2020;"s110816";10
"988";"Uji_Den";2014;"s13897";10
"989";"Wayland_Den";2008;"t64214";10
"990";"Whomping_Willow_Den";2017;"s22938";10
"991";"Whomping_Willow_Den";2017;"s22943.1";10
"992";"Whomping_Willow_Den";2018;"s23069";10
"993";"Whomping_Willow_Den";2018;"s23136";10
"994";"Whooping_Cami_Den";2014;"s13102";10
"995";"Windsor_Den";2012;"s9446";10
"996";"Windsor_Den";2012;"s9455";10
"997";"Windsor_Den";2012;"s9456";10
"998";"Windsor_Den";2012;"s9516";10
"999";"Windsor_Den";2016;"s20918";10
"1000";"Windsor_Den";2016;"s20937";10
"1001";"Aarhus_Den";2011;"s6130.2";9
"1002";"Alamo_Den";2011;"s7384";9
"1003";"Albatross_Den";2018;"s23542";9
"1004";"All_Hallows'_Eve_Den";2018;"s23734";9
"1005";"All_Hallows'_Eve_Den";2018;"s23739";9
"1006";"All_Hallows'_Eve_Den";2018;"s23770";9
"1007";"All_Hallows'_Eve_Den";2019;"s24770";9
"1008";"All_Hallows'_Eve_Den";2019;"s24779";9
"1009";"All_Hallows'_Eve_Den";2019;"s24802";9
"1010";"Angry_Ele_Den";2017;"s21739";9
"1011";"Angry_Ele_Den";2017;"s21749";9
"1012";"Angry_Ele_Den_2";2017;"s21775";9
"1013";"Angry_Ele_Den_2";2017;"s21777";9
"1014";"Bastion_Den";2016;"s20325";9
"1015";"Beanie_Baby_Den";2023;"s118006";9
"1016";"Beanie_Baby_Den";2023;"s118057";9
"1017";"Beanie_Baby_Den";2023;"s118064";9
"1018";"Beanie_Baby_Den";2023;"s132052";9
"1019";"Beanie_Baby_Den";2023;"s132089";9
"1020";"Beanie_Baby_Den";2023;"s132108";9
"1021";"Benedict_Den";2011;"s6683.1";9
"1022";"Benedict_Den";2011;"s6722";9
"1023";"Bergen_Den";2011;"s6866";9
"1024";"Big_Bush_Communal_Den";2017;"t99236";9
"1025";"Big_Bush_Communal_Den";2017;"t99314";9
"1026";"Big_Bush_Communal_Den";2017;"t99324";9
"1027";"Big_Bush_Communal_Den";2017;"t99345";9
"1028";"Big_Bush_Communal_Den";2017;"t99347";9
"1029";"Big_Bush_Communal_Den";2017;"t99502";9
"1030";"Big_Sky_Den";2019;"s110243";9
"1031";"Bumps_Den";2023;"S117702";9
"1032";"Burning_Den";2021;"s114957";9
"1033";"Burning_Den";2021;"s114963";9
"1034";"Burning_Den";2021;"s114997";9
"1035";"Burning_Den";2021;"s115036";9
"1036";"Burning_Den";2021;"s115038";9
"1037";"Calexico_Den";2012;"s9526";9
"1038";"Calexico_Den";2012;"s9528";9
"1039";"Calexico_Den";2012;"s9535";9
"1040";"Calexico_Den";2016;"s20907";9
"1041";"Cannibal_Cami_Den";2014;"s13061";9
"1042";"Cannibal_Cami_Den";2015;"s16346";9
"1043";"Cannibal_Cami_Den";2015;"s16354";9
"1044";"Cannibal_Cami_Den";2015;"s16355";9
"1045";"Cannibal_Cami_Den";2015;"s16378";9
"1046";"Cannibal_Cami_Den";2015;"s16551";9
"1047";"Cannibal_Cami_Den";2015;"s16575";9
"1048";"Cannibal_Cami_Den";2015;"s16583";9
"1049";"Central_Park_Communal_Den";2013;"t80067";9
"1050";"Central_Park_Communal_Den";2013;"t80307";9
"1051";"Central_Park_Communal_Den";2013;"t80419";9
"1052";"Central_Park_Communal_Den";2013;"t80579";9
"1053";"Central_Park_Communal_Den";2013;"t80709";9
"1054";"Central_Park_Communal_Den";2013;"t80751";9
"1055";"Central_Park_Communal_Den";2013;"t80759";9
"1056";"Central_Park_Communal_Den";2013;"t80861";9
"1057";"Central_Park_Communal_Den";2013;"t81489";9
"1058";"Central_Park_Communal_Den";2013;"t81506";9
"1059";"Central_Park_Communal_Den";2013;"t81520";9
"1060";"Central_Park_Communal_Den";2013;"t81691";9
"1061";"Central_Park_Communal_Den";2013;"t81818";9
"1062";"Central_Park_Communal_Den";2013;"t81928";9
"1063";"Central_Park_Communal_Den";2013;"t81949";9
"1064";"Changra_Den";2023;"s117112";9
"1065";"Clamor_Den";2016;"s20454";9
"1066";"Cliff_Den";2018;"t104126";9
"1067";"Cliff_Den";2018;"t104153";9
"1068";"Coincidence_D";2023;"s117343";9
"1069";"Coincidence_Den_2";2023;"s117350";9
"1070";"Coincidence_Den_2";2023;"s117360";9
"1071";"Crocodile_Den";2010;"t69918";9
"1072";"Crocodile_Den";2010;"t70024";9
"1073";"Croton_Edge_Communal_Den";2010;"t70369";9
"1074";"Croton_Edge_Communal_Den";2010;"t71718";9
"1075";"Crunk_Den";2018;"s23465";9
"1076";"Crunk_Den";2018;"s23469";9
"1077";"Crunk_Den";2018;"s23472";9
"1078";"Crunk_Den";2018;"s23474";9
"1079";"Crunk_Den";2018;"s23526";9
"1080";"Crunk_Den";2018;"s23574";9
"1081";"DOC_Den_2";2014;"t87369";9
"1082";"DOC_Den_2";2017;"t100688";9
"1083";"Dave's_Den";2010;"t70033";9
"1084";"Dave's_Den";2010;"t70263";9
"1085";"Dave's_Den";2010;"t70649";9
"1086";"Dave's_Den";2011;"t72471";9
"1087";"Dave's_Den";2011;"t72504";9
"1088";"Dave's_Den";2011;"t73035";9
"1089";"Dave's_Den";2011;"t73044";9
"1090";"Dave's_Den";2011;"t73071";9
"1091";"Dave's_Den";2014;"t86135";9
"1092";"Dave's_Den";2014;"t86600";9
"1093";"Dave's_Den";2014;"t86622";9
"1094";"Dave's_Den";2014;"t86629";9
"1095";"Dave's_Den";2014;"t86706";9
"1096";"Dave's_Den";2014;"t86761";9
"1097";"Dave's_Den";2015;"t91850";9
"1098";"Dave's_Den";2015;"t91858";9
"1099";"Dave's_Den";2015;"t91904";9
"1100";"Dave's_Den";2015;"t92094";9
"1101";"Dave's_Den";2015;"t92114";9
"1102";"Dave's_Den";2015;"t92346";9
"1103";"Dave's_Den";2015;"t92435";9
"1104";"Dave's_Den";2015;"t92636";9
"1105";"Dave_Den";2017;"t98228";9
"1106";"Dave_Den";2017;"t98539";9
"1107";"Dawn_Den";2019;"s109691";9
"1108";"Dawn_Den";2022;"s115683";9
"1109";"Dawn_Den";2022;"s115728";9
"1110";"Dawn_Den";2022;"s115756";9
"1111";"Dawn_Den";2022;"s115758";9
"1112";"Dawn_Den";2022;"s115774";9
"1113";"Dawn_Den_2";2019;"s109754";9
"1114";"DeGaulle_Den";2009;"s1792";9
"1115";"DeGaulle_Den";2009;"s1803";9
"1116";"DeGaulle_Den";2009;"s1857";9
"1117";"DeGaulle_Den";2009;"s1887";9
"1118";"DeGaulle_Den";2013;"s10498";9
"1119";"DeGaulle_Den";2013;"s10526";9
"1120";"DeGaulle_Den";2019;"s109109";9
"1121";"DeGaulle_Den";2023;"s132123";9
"1122";"DeGaulle_Den";2023;"s132246";9
"1123";"Diagon_Alley_Den_II";2022;"S116311";9
"1124";"Dicks_Den";2014;"t86365";9
"1125";"Dicks_Den";2014;"t86951";9
"1126";"Dicks_Den";2014;"t88570";9
"1127";"Dicks_Den";2015;"t92250";9
"1128";"Dicks_Den";2017;"t100293";9
"1129";"Dicks_Den";2017;"t98532";9
"1130";"Dicks_Den";2017;"t98544.2";9
"1131";"Doom's_Day_Den";2003;"t38708";9
"1132";"Doom's_Day_Den";2003;"t38794";9
"1133";"Doom's_Day_Den";2003;"t38807";9
"1134";"Doom's_Day_Den";2003;"t38898";9
"1135";"Emma_Natal_Den_2_2012";2012;"s8579";9
"1136";"Flapjack_Den";2013;"s10681";9
"1137";"Flintstone_Den";2015;"t93073";9
"1138";"Flintstone_Den";2017;"t101137";9
"1139";"Flintstone_Den";2017;"t101310";9
"1140";"Flintstone_Den";2017;"t101413";9
"1141";"Grits_Den";2011;"s6537";9
"1142";"Grits_Den";2011;"s6641";9
"1143";"Grits_Den";2013;"s10643";9
"1144";"Grits_Den";2013;"s10659";9
"1145";"Grits_Den";2013;"s10706";9
"1146";"Hanging_Gardens_Den";2019;"s110319";9
"1147";"Holiday_Communal_Den";2009;"t65854";9
"1148";"Holy_Grail_Den";2013;"s12242";9
"1149";"Holy_Grail_Den";2013;"s12245";9
"1150";"Holy_Grail_Den";2013;"s12247";9
"1151";"Holy_Grail_Den";2013;"s12248";9
"1152";"Holy_Grail_Den";2013;"s12249";9
"1153";"Holy_Grail_Den";2013;"s12253";9
"1154";"Holy_Grail_Den";2013;"s12260";9
"1155";"Holy_Grail_Den";2013;"s12262";9
"1156";"Holy_Grail_Den";2013;"s12269.1";9
"1157";"Holy_Grail_Den";2013;"s12271";9
"1158";"Holy_Grail_Den";2013;"s12279";9
"1159";"Holy_Grail_Den";2013;"s12284";9
"1160";"Holy_Grail_Den";2013;"s12291";9
"1161";"Holy_Grail_Den";2013;"s12295";9
"1162";"Holy_Grail_Den";2013;"s12301";9
"1163";"Holy_Grail_Den";2013;"s12303";9
"1164";"Holy_Grail_Den";2013;"s12304";9
"1165";"Holy_Grail_Den";2013;"s12311";9
"1166";"Holy_Grail_Den";2013;"s12317";9
"1167";"Holy_Grail_Den";2013;"s12321";9
"1168";"Holy_Grail_Den";2013;"s12329";9
"1169";"Holy_Grail_Den";2013;"s12330";9
"1170";"Holy_Grail_Den";2013;"s12334";9
"1171";"Holy_Grail_Den";2013;"s12345";9
"1172";"Holy_Grail_Den";2013;"s12353";9
"1173";"Holy_Grail_Den";2013;"s12356";9
"1174";"Holy_Grail_Den";2013;"s12367";9
"1175";"Holy_Grail_Den";2013;"s12373";9
"1176";"Houdini_Den";2016;"s18956";9
"1177";"Houdini_Den";2016;"s18973";9
"1178";"Houdini_Den";2016;"s18981";9
"1179";"Houdini_Den";2016;"s18983";9
"1180";"Houdini_Den";2016;"s18987";9
"1181";"Houdini_Den";2016;"s18988";9
"1182";"IAT_Den";2015;"s16399";9
"1183";"IAT_Den";2016;"s18594";9
"1184";"IAT_Den";2016;"s18635";9
"1185";"IAT_Den";2016;"s18830";9
"1186";"IAT_Den";2016;"s18849";9
"1187";"IAT_Den";2017;"s22908";9
"1188";"J_Fab_Den";2015;"s15843";9
"1189";"J_Fab_Den";2017;"s21037";9
"1190";"J_Fab_Den";2017;"s21327";9
"1191";"J_Fab_Den";2017;"s21358";9
"1192";"J_Fab_Den";2017;"s21383";9
"1193";"J_Fab_Den";2017;"s21421";9
"1194";"J_Fab_Den";2017;"s21444";9
"1195";"J_Fab_Den";2017;"s21465";9
"1196";"J_Fab_Den";2017;"s22299";9
"1197";"J_Fab_Den";2017;"s22360";9
"1198";"J_Fab_Den";2017;"s22417";9
"1199";"J_Fab_Den";2022;"S116294";9
"1200";"Kinda-See-Em_Den";2008;"t63437";9
"1201";"Kinda-See-Em_Den";2008;"t63454";9
"1202";"Kinda-See-Em_Den";2008;"t63478";9
"1203";"Kinda-See-Em_Den";2008;"t63811";9
"1204";"Kinda-See-Em_Den";2008;"t63864";9
"1205";"Kinda-See-Em_Den";2008;"t63896";9
"1206";"Kinda-See-Em_Den";2009;"t64894";9
"1207";"Kinda-See-Em_Den";2010;"t71166";9
"1208";"Kinda-See-Em_Den";2010;"t71401";9
"1209";"Kinda-See-Em_Den";2013;"t82823";9
"1210";"Kinda-See-Em_Den";2013;"t82924";9
"1211";"Kinda-See-Em_Den";2013;"t83062";9
"1212";"Kinda-See-Em_Den";2013;"t84748";9
"1213";"Kinda_See_Em_Den_Two";2010;"t69050";9
"1214";"Lala_Den";2006;"t58436";9
"1215";"Lala_Den";2006;"t58479";9
"1216";"Lugga_Den_II";2019;"s109330";9
"1217";"Lugga_Den_II";2019;"s109940";9
"1218";"Lugga_Den_II";2019;"s109955";9
"1219";"Magic_Bush_Den";2003;"t38934";9
"1220";"Magic_Bush_Den";2018;"t104224";9
"1221";"Magic_Bush_Den";2018;"t104229";9
"1222";"Magic_Bush_Den";2018;"t104240";9
"1223";"Meatloaf_Den";2017;"s23008";9
"1224";"Merry_Christmas_Den";2013;"s9855";9
"1225";"Migration_Den";2023;"s117336";9
"1226";"Migration_Den_2";2023;"s117303";9
"1227";"Migration_Den_2";2023;"s117314";9
"1228";"Moat_Den";2016;"s20303";9
"1229";"Moscow_Den";2011;"s6154";9
"1230";"Mountaineer_Den";2018;"t102967";9
"1231";"Mountaineer_Den";2018;"t103033";9
"1232";"Mountaineer_Den";2018;"t103069";9
"1233";"Mountaineer_Den";2018;"t103094";9
"1234";"Mountaineer_Den";2018;"t103981";9
"1235";"Mountaineer_Den";2018;"t103998";9
"1236";"Mountaineer_Den";2018;"t104499";9
"1237";"National_Cornchip_Day_Den";2013;"s10290";9
"1238";"National_Cornchip_Day_Den";2013;"s10349";9
"1239";"National_Cornchip_Day_Den";2013;"s10382";9
"1240";"National_Cornchip_Day_Den";2013;"s10408";9
"1241";"No_See_Em_Den";2005;"t51142";9
"1242";"No_See_Em_Den";2005;"t51224";9
"1243";"No_See_Em_Den";2005;"t51238";9
"1244";"No_See_Em_Den";2005;"t51273";9
"1245";"No_See_Em_Den";2005;"t51292";9
"1246";"No_See_Em_Den";2005;"t51436";9
"1247";"Nogales_Den";2019;"s110447";9
"1248";"Nogales_Den";2019;"s110450";9
"1249";"Nyumba_Ndege_Den";2011;"s6397";9
"1250";"Nyumba_Ndege_Den";2011;"s6440";9
"1251";"Oceanic_Den";2014;"s15106";9
"1252";"Ollivander's_Den";2016;"s19949";9
"1253";"Ollivander's_Den";2023;"s117241";9
"1254";"Ollivander's_Den";2023;"s117250";9
"1255";"Oodelali_Den";2015;"s16393";9
"1256";"Paradise_Den";2009;"t65888";9
"1257";"Paradise_Den";2009;"t65932";9
"1258";"Paradise_Den";2009;"t65952";9
"1259";"Paradise_Den";2009;"t65962";9
"1260";"Plantation_Den";2003;"t38394";9
"1261";"Plantation_Den";2003;"t38439";9
"1262";"Plantation_Den";2003;"t39037";9
"1263";"Plantation_Den";2004;"t50281";9
"1264";"Plantation_Den";2013;"t81175";9
"1265";"Portcullis_Den";2016;"s20673";9
"1266";"Portcullis_Den";2016;"s20721";9
"1267";"Portcullis_Den";2016;"s20746";9
"1268";"Portcullis_Den";2016;"s20750";9
"1269";"Portcullis_Den";2016;"s20769";9
"1270";"Portcullis_Den";2016;"s20811";9
"1271";"Portcullis_Den";2017;"s21128";9
"1272";"Resurrection_Communal_Den";2011;"t72983";9
"1273";"Resurrection_Communal_Den";2011;"t73017";9
"1274";"Resurrection_Communal_Den";2011;"t73159";9
"1275";"Resurrection_Communal_Den";2011;"t73532";9
"1276";"Resurrection_Communal_Den";2011;"t73583";9
"1277";"Resurrection_Communal_Den";2013;"t83223";9
"1278";"Resurrection_Communal_Den";2013;"t83376";9
"1279";"Resurrection_Communal_Den";2013;"t83380";9
"1280";"Resurrection_Communal_Den";2013;"t83439";9
"1281";"Resurrection_Communal_Den";2013;"t83446";9
"1282";"Resurrection_Communal_Den";2013;"t83473";9
"1283";"Resurrection_Communal_Den";2013;"t83488";9
"1284";"Resurrection_Main_Den";2016;"t93494";9
"1285";"Resurrection_Main_Den";2016;"t93559";9
"1286";"Resurrection_Main_Den";2016;"t93596";9
"1287";"Resurrection_Main_Den";2016;"t93673";9
"1288";"Resurrection_Main_Den";2016;"t93962";9
"1289";"Resurrection_Main_Den";2016;"t93969";9
"1290";"Resurrection_Main_Den";2016;"t94072";9
"1291";"Resurrection_Main_Den";2016;"t94187";9
"1292";"Resurrection_Main_Den";2016;"t94223";9
"1293";"Resurrection_Main_Den";2016;"t94282";9
"1294";"Resurrection_Main_Den";2016;"t94391";9
"1295";"Resurrection_Main_Den";2017;"t100171";9
"1296";"Resurrection_Main_Den";2017;"t100173";9
"1297";"Resurrection_Main_Den";2017;"t99566";9
"1298";"Riverbend_Den";2011;"t72603";9
"1299";"Riverbend_Den";2011;"t72626";9
"1300";"Riverbend_Den";2011;"t72732";9
"1301";"Riverbend_Den";2012;"t75327";9
"1302";"Riverbend_Den";2012;"t75813";9
"1303";"Riverbend_Den";2012;"t75832";9
"1304";"Riverbend_Den";2012;"t76201";9
"1305";"Riverbend_Den";2012;"t76262";9
"1306";"Riverbend_Den";2012;"t76403";9
"1307";"Riverbend_Den";2012;"t76795";9
"1308";"Riverbend_Den";2012;"t76804";9
"1309";"Riverbend_Den";2012;"t77186";9
"1310";"Riverbend_Den";2012;"t77513";9
"1311";"Riverbend_Den";2012;"t77551";9
"1312";"Riverbend_Den";2012;"t77700";9
"1313";"Riverbend_Den";2012;"t77786.2";9
"1314";"Riverbend_Den";2012;"t77907";9
"1315";"Riverbend_Den";2012;"t77983";9
"1316";"Riverbend_Den";2013;"t80982";9
"1317";"Riverbend_Den";2013;"t81152";9
"1318";"Riverbend_Den";2013;"t81929";9
"1319";"Riverbend_Den";2013;"t82036";9
"1320";"Riverbend_Den";2013;"t82124";9
"1321";"Riverbend_Den";2013;"t82238";9
"1322";"Riverbend_Den";2013;"t82354";9
"1323";"Riverbend_Den";2013;"t82412";9
"1324";"Riverbend_Den";2014;"t85775";9
"1325";"Riverbend_Den";2014;"t85790";9
"1326";"Riverbend_Den";2014;"t85825";9
"1327";"Riverbend_Den";2014;"t85965";9
"1328";"Riverbend_Den";2014;"t85972";9
"1329";"Riverbend_Den";2014;"t85994";9
"1330";"Riverbend_Den";2015;"t93283";9
"1331";"Riverbend_Den";2015;"t93323";9
"1332";"Riverbend_Den";2016;"t93397";9
"1333";"Riverbend_Den";2022;"t131026";9
"1334";"Riverbend_Den";2022;"t131110";9
"1335";"Riverbend_Den";2022;"t131118";9
"1336";"Riverbend_Den";2022;"t131135";9
"1337";"Riverbend_Den";2022;"t131142";9
"1338";"Riverbend_Den";2022;"t131209";9
"1339";"Riverbend_Den";2022;"t131235";9
"1340";"Riverbend_Den";2022;"t131284";9
"1341";"Riverbend_Den";2022;"t131287";9
"1342";"Riverbend_Den";2022;"t131289";9
"1343";"Riverbend_Den";2022;"t131293";9
"1344";"Riverbend_Den";2022;"t132302";9
"1345";"Riverbend_Den";2022;"t132324";9
"1346";"Riverbend_Den";2022;"t132513";9
"1347";"Riverbend_Den";2022;"t132522";9
"1348";"Riverbend_Den";2022;"t132561";9
"1349";"Roosevelt's_Natal_Den_2014";2014;"t86917";9
"1350";"Roosevelt's_Natal_Den_2014";2014;"t86941";9
"1351";"Roosevelt's_Natal_Den_2014";2014;"t87187";9
"1352";"Roosevelt's_Natal_Den_2014";2014;"t87197";9
"1353";"Roosevelt's_Natal_Den_2014";2014;"t87248";9
"1354";"Roosevelt's_Natal_Den_2014";2014;"t87312";9
"1355";"Roosevelt's_Natal_Den_2014";2014;"t87389";9
"1356";"Roosevelt's_Natal_Den_2014";2014;"t87407";9
"1357";"Rousseau_Den";2014;"s14769";9
"1358";"Runway_Den";2009;"s1943";9
"1359";"Runway_Den";2009;"s1963";9
"1360";"Runway_Den";2009;"s1967";9
"1361";"Runway_Den";2009;"s1995";9
"1362";"Runway_Den";2009;"s1999";9
"1363";"Runway_Den";2009;"s2016";9
"1364";"Runway_Den";2009;"s2024";9
"1365";"Runway_Den";2009;"s2035";9
"1366";"Runway_Den";2009;"s2041";9
"1367";"Runway_Den";2009;"s2044";9
"1368";"Runway_Den";2009;"s2052";9
"1369";"Runway_Den";2009;"s2057";9
"1370";"Runway_Den";2009;"s2069";9
"1371";"Runway_Den";2009;"s2072";9
"1372";"Runway_Den";2009;"s2075";9
"1373";"Runway_Den";2019;"s109511";9
"1374";"Runway_Den";2019;"s109522";9
"1375";"Runway_Den";2019;"s109555";9
"1376";"Runway_Den";2019;"s109594";9
"1377";"Runway_Den";2020;"s110519";9
"1378";"Runway_Den";2020;"s110535";9
"1379";"Runway_Den";2020;"s110663";9
"1380";"Runway_Den";2020;"s110668";9
"1381";"Sault_St._Marie_Den";2011;"s7282";9
"1382";"Schiphol_Den";2013;"s10473";9
"1383";"Schiphol_Den";2013;"s10474";9
"1384";"Schiphol_Den";2013;"s10598";9
"1385";"Schiphol_Den";2013;"s10606";9
"1386";"Schmuzty_Den";2013;"s12403";9
"1387";"Snowbird_Den";2019;"s109649";9
"1388";"Snowbird_Den";2019;"s109671";9
"1389";"Some_Freaky_Lions_Den";2018;"s23781";9
"1390";"Some_Freaky_Lions_Den";2018;"s23784";9
"1391";"Some_Freaky_Lions_Den";2018;"s23829";9
"1392";"Some_Freaky_Lions_Den";2023;"s117795";9
"1393";"Some_Freaky_Lions_Den_3";2023;"s117803";9
"1394";"Summit_Den";2015;"s16031";9
"1395";"Suzi_Den";2011;"s4933.2";9
"1396";"Suzi_Den";2011;"s5072";9
"1397";"Suzi_Den";2011;"s5115.1";9
"1398";"Suzi_Den";2011;"s5126.2";9
"1399";"Sweetgrass_Den";2011;"s7299";9
"1400";"Sweetgrass_Den";2011;"s7321";9
"1401";"TSA_Den";2017;"s21133";9
"1402";"The_Burrow_Den";2023;"S117629";9
"1403";"The_Burrow_Den";2023;"S117633";9
"1404";"The_Burrow_Den";2023;"S117637";9
"1405";"Tigris_Den";2014;"s12821";9
"1406";"Tigris_Den";2014;"s12833";9
"1407";"Tigris_Den";2014;"s12841";9
"1408";"Tigris_Den";2014;"s12847";9
"1409";"Tigris_Den";2014;"s12885";9
"1410";"Tigris_Den";2014;"s12910";9
"1411";"Tigris_Den";2014;"s12999";9
"1412";"Tigris_Den";2014;"s13012";9
"1413";"Tigris_Den";2015;"s16331";9
"1414";"Tijuana_Den";2020;"s110973";9
"1415";"Tijuana_Den";2020;"s110988";9
"1416";"Tijuana_Den";2020;"s111019";9
"1417";"Tijuana_Den";2020;"s111024";9
"1418";"Tijuana_Den";2020;"s111043";9
"1419";"Tijuana_Den";2020;"s111049";9
"1420";"Tijuana_Den";2020;"s111056";9
"1421";"Tijuana_Den";2020;"s111059";9
"1422";"Tijuana_Den";2020;"s111071";9
"1423";"Tijuana_Den";2020;"s111077";9
"1424";"Tijuana_Den";2020;"s111096";9
"1425";"Tijuana_Den";2020;"s111106";9
"1426";"Tijuana_Den";2020;"s111112";9
"1427";"Tijuana_Den";2020;"s111117";9
"1428";"Twix_Den_2";2020;"s110742";9
"1429";"Twix_Den_2";2020;"s110745";9
"1430";"Twix_Den_2";2020;"s110761";9
"1431";"Uji_Den";2014;"s13837";9
"1432";"Whomping_Willow_Den";2017;"s22953";9
"1433";"Whomping_Willow_Den";2018;"s23097";9
"1434";"Whomping_Willow_Den";2018;"s23132";9
"1435";"Whomping_Willow_Den";2018;"s23156";9
"1436";"Whooping_Cami_Den";2014;"s13153";9
"1437";"Whooping_Cami_Den";2015;"s16025";9
"1438";"Whooping_Cami_Den";2015;"s16034";9
"1439";"Whooping_Cami_Den";2015;"s16044";9
"1440";"Whooping_Cami_Den";2015;"s16048";9
"1441";"Whooping_Cami_Den";2015;"s16050";9
"1442";"Whooping_Cami_Den";2015;"s16056";9
"1443";"Whooping_Cami_Den";2015;"s16078";9
"1444";"Whooping_Cami_Den";2015;"s16082";9
"1445";"Whooping_Cami_Den";2015;"s16112";9
"1446";"Whooping_Cami_Den";2015;"s16121";9
"1447";"Whooping_Cami_Den";2015;"s16130";9
"1448";"Whooping_Cami_Den";2015;"s16150";9
"1449";"Whooping_Cami_Den";2015;"s16154";9
"1450";"Whooping_Cami_Den";2015;"s16370";9
"1451";"Whooping_Cami_Den";2015;"s16545";9
"1452";"Windsor_Den";2012;"s9511";9
"1453";"Windsor_Den";2016;"s20913";9
"1454";"Windsor_Den";2016;"s20915";9
"1455";"Windsor_Den";2016;"s20926";9
"1456";"Windsor_Den";2017;"s21197";9
"1457";"Windsor_Den";2017;"s21198";9
"1458";"Aarhus_Den";2011;"s6130.3";8
"1459";"Alamo_Natal_Den";2010;"t70896";8
"1460";"Alamo_Natal_Den";2010;"t70903";8
"1461";"Alamo_Natal_Den";2010;"t70918";8
"1462";"Alamo_Natal_Den";2011;"t73352";8
"1463";"All_Hallows'_Eve_Den";2019;"s24795";8
"1464";"All_Hallows'_Eve_Den";2019;"s24817";8
"1465";"All_Hallows'_Eve_Den";2019;"s24840";8
"1466";"All_Hallows'_Eve_Den";2019;"s24844";8
"1467";"All_Hallows'_Eve_Den";2019;"s24852";8
"1468";"All_Hallows'_Eve_Den";2019;"s24874";8
"1469";"All_Hallows'_Eve_Den";2019;"s24878";8
"1470";"All_Hallows'_Eve_Den";2019;"s24892";8
"1471";"Angry_Ele_Den_2";2017;"s21754";8
"1472";"Angry_Ele_Den_2";2017;"s21756";8
"1473";"Angry_Ele_Den_2";2017;"s21761";8
"1474";"Angry_Ele_Den_2";2017;"s21762";8
"1475";"Angry_Ele_Den_2";2017;"s21771";8
"1476";"Angry_Ele_Den_2";2017;"s21782";8
"1477";"Angry_Ele_Den_2";2017;"s21784.1";8
"1478";"Angry_Ele_Den_2";2017;"s21792";8
"1479";"Beanie_Baby_Den";2023;"s118041";8
"1480";"Beanie_Baby_Den";2023;"s118043";8
"1481";"Beanie_Baby_Den";2023;"s118054";8
"1482";"Beanie_Baby_Den";2023;"s132047";8
"1483";"Beanie_Baby_Den";2023;"s132081";8
"1484";"Beanie_Baby_Den";2023;"s132120";8
"1485";"Benedict_Den";2011;"s6749";8
"1486";"Big_Bush_Communal_Den";2017;"t99229";8
"1487";"Big_Sky_Den";2019;"s110197";8
"1488";"Big_Sky_Den";2019;"s110213";8
"1489";"Boone_Den";2014;"s14648";8
"1490";"Boone_Den";2014;"s14671";8
"1491";"Boone_Den";2014;"s14681";8
"1492";"Bumps_Den";2023;"S117683";8
"1493";"Bumps_Den";2023;"S117695";8
"1494";"Bumps_Den";2023;"S117707";8
"1495";"Burning_Den";2021;"s114980";8
"1496";"Burning_Den";2021;"s114988";8
"1497";"Burning_Den";2021;"s115018";8
"1498";"Calexico_Den";2012;"s9541";8
"1499";"Cannibal_Cami_Den";2015;"s16362";8
"1500";"Cannibal_Cami_Den";2015;"s16366";8
"1501";"Cannibal_Cami_Den";2015;"s16534";8
"1502";"Cannibal_Cami_Den";2015;"s16556";8
"1503";"Cannibal_Cami_Den";2015;"s16559";8
"1504";"Cannibal_Cami_Den";2015;"s16563";8
"1505";"Cannibal_Cami_Den";2015;"s16591";8
"1506";"Cannibal_Cami_Den";2015;"s16617";8
"1507";"Cannibal_Cami_Den";2015;"s16623";8
"1508";"Cannibal_Cami_Den";2015;"s16624";8
"1509";"Cannibal_Cami_Den";2015;"s16635";8
"1510";"Cannibal_Cami_Den";2015;"s16639";8
"1511";"Cannibal_Cami_Den";2015;"s16642";8
"1512";"Cannibal_Cami_Den";2015;"s16659";8
"1513";"Cannibal_Cami_Den";2015;"s16815";8
"1514";"Central_Park_Communal_Den";2013;"t80633";8
"1515";"Central_Park_Communal_Den";2013;"t80674";8
"1516";"Central_Park_Communal_Den";2013;"t80694";8
"1517";"Central_Park_Communal_Den";2013;"t80788";8
"1518";"Central_Park_Communal_Den";2013;"t80842";8
"1519";"Central_Park_Communal_Den";2013;"t80869";8
"1520";"Central_Park_Communal_Den";2013;"t81631";8
"1521";"Central_Park_Communal_Den";2013;"t81921";8
"1522";"Central_Park_Communal_Den";2018;"t102729";8
"1523";"Chamber_of_Secrets_Den";2010;"s3175";8
"1524";"Clamor_Den";2016;"s20443";8
"1525";"Clamor_Den";2016;"s20459";8
"1526";"Clamor_Den";2016;"s20460";8
"1527";"Cliff_Den";2018;"t104193";8
"1528";"Cliff_Den";2018;"t104691";8
"1529";"Cliff_Den";2018;"t104710";8
"1530";"Coincidence_D";2023;"s117368";8
"1531";"Coincidence_Den_2";2023;"s117370";8
"1532";"Coincidence_Den_2";2023;"s117375";8
"1533";"Colossus_of_Rhodes_Den";2015;"s15438";8
"1534";"Colossus_of_Rhodes_Den";2016;"s20188";8
"1535";"Copenhagen_Den";2011;"s6133";8
"1536";"Copenhagen_Den";2011;"s6137.1";8
"1537";"Croton_Edge_Communal_Den";2010;"t70391";8
"1538";"Croton_Edge_Communal_Den";2010;"t70393";8
"1539";"Croton_Edge_Communal_Den";2010;"t70991";8
"1540";"Croton_Edge_Communal_Den";2010;"t71002";8
"1541";"Croton_Edge_Communal_Den";2010;"t71731";8
"1542";"Croton_Edge_Communal_Den";2010;"t71747";8
"1543";"Croton_Edge_Communal_Den";2010;"t71752";8
"1544";"Croton_Edge_Communal_Den";2012;"t78137";8
"1545";"Croton_Edge_Communal_Den";2019;"t111640";8
"1546";"Crunk_Den";2018;"s23513";8
"1547";"DOC_Communal_Den";2015;"t93143";8
"1548";"DOC_Den_2";2014;"t87834";8
"1549";"DOC_Den_2";2017;"t100326";8
"1550";"Dave's_Den";2010;"t70076";8
"1551";"Dave's_Den";2010;"t70729";8
"1552";"Dave's_Den";2011;"t72458";8
"1553";"Dave's_Den";2011;"t72465";8
"1554";"Dave's_Den";2014;"t86737";8
"1555";"Dave's_Den";2014;"t86792";8
"1556";"Dave's_Den";2015;"t91112";8
"1557";"Dave's_Den";2015;"t91291";8
"1558";"Dave's_Den";2015;"t91835";8
"1559";"Dave's_Den";2015;"t91992";8
"1560";"Dave's_Den";2015;"t92085";8
"1561";"Dave's_Den";2015;"t92474";8
"1562";"Dave's_Den";2015;"t92538";8
"1563";"Dave's_Den";2015;"t92630";8
"1564";"Dave's_Den";2015;"t92689";8
"1565";"Dawn_Den";2019;"s109695";8
"1566";"Dawn_Den";2019;"s109698";8
"1567";"Dawn_Den";2019;"s109744";8
"1568";"Dawn_Den";2022;"s115747";8
"1569";"Dawn_Den_2";2019;"s109746.1";8
"1570";"DeGaulle_Den";2009;"s1784";8
"1571";"DeGaulle_Den";2009;"s1819";8
"1572";"DeGaulle_Den";2009;"s1841";8
"1573";"DeGaulle_Den";2009;"s1850";8
"1574";"DeGaulle_Den";2009;"s1862";8
"1575";"DeGaulle_Den";2009;"s1863";8
"1576";"DeGaulle_Den";2019;"s109112";8
"1577";"DeGaulle_Den";2019;"s109135";8
"1578";"DeGaulle_Den";2019;"s109434";8
"1579";"DeGaulle_Den";2023;"s132224";8
"1580";"DeGaulle_Den";2023;"s132256";8
"1581";"DeGaulle_Den";2023;"s132261";8
"1582";"DeGaulle_Den";2023;"s132266";8
"1583";"Defenestrate_Den";2015;"s15542";8
"1584";"Diagon_Alley_Den";2017;"s22445";8
"1585";"Diagon_Alley_Den_II";2022;"S116301";8
"1586";"Diagon_Alley_Den_II";2022;"S116309";8
"1587";"Dicks_Den";2014;"t86292";8
"1588";"Dicks_Den";2014;"t86820";8
"1589";"Dicks_Den";2014;"t86971";8
"1590";"Dicks_Den";2014;"t88498";8
"1591";"Dicks_Den";2014;"t88616";8
"1592";"Dicks_Den";2015;"t92262";8
"1593";"Dicks_Den";2017;"t100284";8
"1594";"Dicks_Den";2017;"t101452";8
"1595";"Dicks_Den";2017;"t101563";8
"1596";"Dicks_Den";2017;"t98503";8
"1597";"Dicks_Den";2017;"t98607";8
"1598";"Doom's_Day_Den";2003;"t38702";8
"1599";"Doom's_Day_Den";2003;"t38728";8
"1600";"Doom's_Day_Den";2003;"t38779";8
"1601";"Dudu_Den";2015;"s15327";8
"1602";"FML_Den";2014;"s14866";8
"1603";"FML_Den";2014;"s14868";8
"1604";"FML_Den";2014;"s14883";8
"1605";"Farmer's_Den";2017;"t101366";8
"1606";"Fever_Tree_Natal_Den/Communal_Den_Complex";2002;"t36790";8
"1607";"Flintstone_Den";2015;"t93156";8
"1608";"Flintstone_Den";2017;"t101118";8
"1609";"Flintstone_Den";2017;"t101126";8
"1610";"Flintstone_Den";2017;"t101240";8
"1611";"Flintstone_Den";2017;"t101321";8
"1612";"Flintstone_Den";2018;"t101684.10";8
"1613";"Flintstone_Den";2018;"t101691.10";8
"1614";"Flintstone_Den";2018;"t101706.10";8
"1615";"Flintstone_Den";2018;"t101719.10";8
"1616";"Flintstone_Den";2018;"t101800.10";8
"1617";"Gardenia_Den";2014;"t86464";8
"1618";"Gettysburg_Den";2013;"s12381";8
"1619";"Gettysburg_Den";2013;"s12387";8
"1620";"Gila_River_Den_II";2011;"s7250";8
"1621";"Grits_Den";2011;"s6561";8
"1622";"Grits_Den";2011;"s6574";8
"1623";"Grits_Den";2011;"s6648";8
"1624";"Grits_Den";2013;"s10656";8
"1625";"Hanging_Gardens_Den";2019;"s110327";8
"1626";"Happy_New_Year_Den";2013;"s9885";8
"1627";"Holy_Grail_Den";2013;"s12239";8
"1628";"Holy_Grail_Den";2013;"s12259";8
"1629";"Holy_Grail_Den";2013;"s12314";8
"1630";"Holy_Grail_Den";2013;"s12340";8
"1631";"Holy_Grail_Den";2013;"s12346";8
"1632";"Holy_Grail_Den";2013;"s12371";8
"1633";"Holy_Grail_Den";2013;"s12375";8
"1634";"Houdini_Den";2016;"s18943";8
"1635";"Houdini_Den";2016;"s18959";8
"1636";"Houdini_Den";2016;"s18967.1";8
"1637";"Houdini_Den";2016;"s18995";8
"1638";"Houdini_Den";2016;"s18996";8
"1639";"Hufflepuff_Den";2010;"s3084";8
"1640";"IAT_Den";2015;"s15973";8
"1641";"IAT_Den";2015;"s15976";8
"1642";"IAT_Den";2015;"s15982";8
"1643";"IAT_Den";2015;"s15989";8
"1644";"IAT_Den";2015;"s15991";8
"1645";"IAT_Den";2015;"s16001";8
"1646";"IAT_Den";2015;"s16006";8
"1647";"IAT_Den";2016;"s18630";8
"1648";"IAT_Den";2016;"s18674";8
"1649";"IAT_Den";2016;"s18683";8
"1650";"IAT_Den";2016;"s18766";8
"1651";"IAT_Den";2016;"s18779";8
"1652";"IAT_Den";2016;"s18876";8
"1653";"IAT_Den";2016;"s19234";8
"1654";"IAT_Den";2017;"s22412";8
"1655";"IAT_Den";2017;"s22910.1";8
"1656";"IAT_Den";2017;"s22913";8
"1657";"IAT_Den";2018;"s23173";8
"1658";"J_Fab_Den";2015;"s15744";8
"1659";"J_Fab_Den";2015;"s15754";8
"1660";"J_Fab_Den";2015;"s15768";8
"1661";"J_Fab_Den";2015;"s15783";8
"1662";"J_Fab_Den";2015;"s15862";8
"1663";"J_Fab_Den";2015;"s15876";8
"1664";"J_Fab_Den";2015;"s15889";8
"1665";"J_Fab_Den";2017;"s21325";8
"1666";"J_Fab_Den";2017;"s21370";8
"1667";"J_Fab_Den";2017;"s21405";8
"1668";"J_Fab_Den";2017;"s21448";8
"1669";"J_Fab_Den";2017;"s22340";8
"1670";"J_Fab_Den";2017;"s22355";8
"1671";"J_Fab_Den";2017;"s22371";8
"1672";"J_Fab_Den";2017;"s22402";8
"1673";"J_Fab_Den";2017;"s22937";8
"1674";"J_Fab_Den";2018;"s23170";8
"1675";"J_Fab_Den";2018;"s23596";8
"1676";"J_Fab_Den";2022;"S116287";8
"1677";"Jackson's_Hole_Den";2010;"s3980";8
"1678";"Judith_Den";2017;"s20984";8
"1679";"Judith_Den";2023;"s117133";8
"1680";"Kinda-See-Em_Den";2008;"t62761";8
"1681";"Kinda-See-Em_Den";2008;"t63493";8
"1682";"Kinda-See-Em_Den";2008;"t63884";8
"1683";"Kinda-See-Em_Den";2009;"t64947";8
"1684";"Kinda-See-Em_Den";2013;"t82783";8
"1685";"Kinda-See-Em_Den";2013;"t84669";8
"1686";"Kinda-See-Em_Den";2013;"t84699";8
"1687";"Kinda_See_Em_Den_Two";2010;"t68938";8
"1688";"Kinda_See_Em_Den_Two";2010;"t71354";8
"1689";"Kit_Kat_Den";2011;"s5044";8
"1690";"Kit_Kat_Den";2016;"s18477";8
"1691";"Kit_Kat_Den";2016;"s19491";8
"1692";"Kit_Kat_Den";2016;"s19501";8
"1693";"Kit_Kat_Den";2016;"s19509";8
"1694";"Kit_Kat_Den";2016;"s19510";8
"1695";"Kit_Kat_Den";2016;"s19520";8
"1696";"Kit_Kat_Den";2016;"s19536.1";8
"1697";"Kit_Kat_Den";2016;"s19543";8
"1698";"Kit_Kat_Den";2016;"s19548";8
"1699";"Kit_Kat_Den";2016;"s19592";8
"1700";"Kit_Kat_Den";2016;"s19603";8
"1701";"Kit_Kat_Den";2016;"s19605";8
"1702";"Kit_Kat_Den";2016;"s19822";8
"1703";"Kolding_Den";2011;"s6940";8
"1704";"Kolding_Den";2011;"s7026";8
"1705";"Lala_Den";2006;"t58112";8
"1706";"Lala_Den";2006;"t58181";8
"1707";"Lala_Den";2006;"t58359";8
"1708";"Lala_Den";2006;"t58369";8
"1709";"Lala_Den";2006;"t58410";8
"1710";"Lala_Den";2006;"t58515";8
"1711";"Landscape_Den";2019;"t106262";8
"1712";"Landscape_Den";2019;"t106270";8
"1713";"Landscape_Den";2019;"t106296";8
"1714";"Landscape_Den";2019;"t106842";8
"1715";"Landscape_Den";2019;"t106848";8
"1716";"Landscape_Den";2019;"t106858";8
"1717";"Landscape_Den";2019;"t106905";8
"1718";"Landscape_Den_2";2019;"t106917";8
"1719";"Landscape_Den_2";2019;"t106990";8
"1720";"Landscape_Den_2";2019;"t107014";8
"1721";"Lone_Elephant_Den_4";2022;"s115672";8
"1722";"Lucky_Leopard_Den";2014;"t88317";8
"1723";"Lucky_Leopard_Den";2014;"t88339";8
"1724";"Lucky_Leopard_Den";2014;"t88357";8
"1725";"Lugga_Den";2017;"s21843";8
"1726";"Lugga_Den";2017;"s21885";8
"1727";"Lugga_Den";2017;"s21889";8
"1728";"Lugga_Den";2017;"s21905";8
"1729";"Lugga_Den2";2017;"s21832";8
"1730";"Lugga_Den_II";2019;"s109285";8
"1731";"Lugga_Den_II";2019;"s109290";8
"1732";"Lugga_Den_II";2019;"s109299";8
"1733";"Lugga_Den_II";2019;"s109956";8
"1734";"Lugga_Den_II";2022;"S116334";8
"1735";"Lugga_Den_II";2022;"S116349";8
"1736";"Lugga_Den_II";2022;"S116357";8
"1737";"Lugga_Den_II";2022;"S116362";8
"1738";"Maggie_Den";2014;"t87619";8
"1739";"Magic_Bush_Den";2018;"t104223";8
"1740";"Magic_Bush_Den";2018;"t104252";8
"1741";"Merry_Christmas_Den";2013;"s9869";8
"1742";"Mid_Rocks_Den";2023;"s132312";8
"1743";"Mid_Rocks_Den";2023;"s132318";8
"1744";"Mid_Rocks_Den";2023;"s132325";8
"1745";"Mid_Rocks_Den";2023;"s132326";8
"1746";"Mid_Rocks_Den";2023;"s132330";8
"1747";"Mid_Rocks_Den";2023;"s132341";8
"1748";"Moat_Den";2016;"s20277";8
"1749";"Moat_Den";2016;"s20293";8
"1750";"Moat_Den";2016;"s20299.2";8
"1751";"Moonset_Den";2015;"s16876";8
"1752";"Moonset_Den";2015;"s16923";8
"1753";"Moscow_Den";2011;"s6156.1";8
"1754";"Moscow_Den";2011;"s6164";8
"1755";"Mountaineer_Den";2018;"t102953";8
"1756";"Mountaineer_Den";2018;"t103108";8
"1757";"Mountaineer_Den";2018;"t103129";8
"1758";"Mountaineer_Den";2018;"t103969";8
"1759";"Mountaineer_Den";2018;"t103977";8
"1760";"Mountaineer_Den";2018;"t104397";8
"1761";"Mr._Eko_Den";2014;"s14828.1";8
"1762";"National_Cornchip_Day_Den";2013;"s10287";8
"1763";"National_Cornchip_Day_Den";2013;"s10291";8
"1764";"National_Cornchip_Day_Den";2013;"s10310";8
"1765";"National_Cornchip_Day_Den";2013;"s10332";8
"1766";"National_Cornchip_Day_Den";2013;"s10335";8
"1767";"National_Cornchip_Day_Den";2013;"s10358";8
"1768";"National_Cornchip_Day_Den";2013;"s10366";8
"1769";"National_Cornchip_Day_Den";2013;"s10400";8
"1770";"National_Cornchip_Day_Den";2013;"s9968";8
"1771";"National_Cornchip_Day_Den";2013;"s9996";8
"1772";"No_See_Em_Den";2005;"t51066";8
"1773";"No_See_Em_Den";2005;"t51302";8
"1774";"No_See_Em_Den";2005;"t51808";8
"1775";"Nogales_Den";2015;"s16990";8
"1776";"Nyumba_Ndege_Den";2011;"s6312";8
"1777";"Nyumba_Ndege_Den";2011;"s6371";8
"1778";"Nyumba_Ndege_Den";2011;"s6374";8
"1779";"Nyumba_Ndege_Den";2011;"s6403";8
"1780";"Nyumba_Ndege_Den";2011;"s6423";8
"1781";"Oceanic_Den";2014;"s15059";8
"1782";"Oceanic_Den";2014;"s15097";8
"1783";"Ollivander's_Den";2016;"s19922";8
"1784";"Ollivander's_Den";2016;"s19961";8
"1785";"Ollivander's_Den";2023;"s117185";8
"1786";"Ollivander's_Den";2023;"s117197";8
"1787";"Ollivander's_Den";2023;"s117203";8
"1788";"Ollivander's_Den";2023;"s117205";8
"1789";"Ollivander's_Den";2023;"s117209";8
"1790";"Ollivander's_Den";2023;"s117234";8
"1791";"Ollivander's_Den";2023;"s117248";8
"1792";"Ollivander's_Den";2023;"s117271";8
"1793";"Orchid_Den";2010;"s4165";8
"1794";"Paradise_Den";2009;"t66010";8
"1795";"Paradise_Den";2009;"t66064";8
"1796";"Plantation_Den";2002;"t34117";8
"1797";"Plantation_Den";2003;"t38398";8
"1798";"Plantation_Den";2003;"t38484";8
"1799";"Plantation_Den";2003;"t38993";8
"1800";"Plantation_Den";2003;"t39002";8
"1801";"Plantation_Den";2003;"t39178";8
"1802";"Plantation_Den";2003;"t39211";8
"1803";"Plantation_Den";2003;"t39228";8
"1804";"Plantation_Den";2003;"t39313";8
"1805";"Plantation_Den";2003;"t39384";8
"1806";"Plantation_Den";2003;"t39447";8
"1807";"Plantation_Den";2004;"t49372";8
"1808";"Plantation_Den";2004;"t49539";8
"1809";"Plantation_Den";2013;"t81345";8
"1810";"Portcullis_Den";2016;"s20656";8
"1811";"Portcullis_Den";2016;"s20684";8
"1812";"Portcullis_Den";2016;"s20742";8
"1813";"Portcullis_Den";2016;"s20783";8
"1814";"Portcullis_Den";2017;"s21062";8
"1815";"Portcullis_Den";2017;"s21113";8
"1816";"Reese's_Den";2011;"s5099";8
"1817";"Resurrection_Communal_Den";2011;"t73209";8
"1818";"Resurrection_Communal_Den";2013;"t83217";8
"1819";"Resurrection_Communal_Den";2013;"t83252";8
"1820";"Resurrection_Communal_Den";2013;"t83514";8
"1821";"Resurrection_Communal_Den";2013;"t83547";8
"1822";"Resurrection_Main_Den";2016;"t93471";8
"1823";"Resurrection_Main_Den";2016;"t93585";8
"1824";"Resurrection_Main_Den";2016;"t93636";8
"1825";"Resurrection_Main_Den";2016;"t94049";8
"1826";"Resurrection_Main_Den";2016;"t94245";8
"1827";"Resurrection_Main_Den";2016;"t94263";8
"1828";"Resurrection_Main_Den";2016;"t94343.2";8
"1829";"Resurrection_Main_Den";2016;"t94368";8
"1830";"Resurrection_Main_Den";2016;"t94371";8
"1831";"Resurrection_Main_Den";2016;"t94479";8
"1832";"Resurrection_Main_Den";2016;"t94516";8
"1833";"Resurrection_Main_Den";2016;"t94610";8
"1834";"Resurrection_Main_Den";2017;"t98470";8
"1835";"Resurrection_Main_Den";2017;"t98643";8
"1836";"Resurrection_Main_Den";2017;"t99652";8
"1837";"Riverbend_Den";2011;"t72714";8
"1838";"Riverbend_Den";2011;"t72814";8
"1839";"Riverbend_Den";2012;"t75383";8
"1840";"Riverbend_Den";2012;"t75514";8
"1841";"Riverbend_Den";2012;"t75636";8
"1842";"Riverbend_Den";2012;"t75708";8
"1843";"Riverbend_Den";2012;"t75732";8
"1844";"Riverbend_Den";2012;"t75793";8
"1845";"Riverbend_Den";2012;"t75938";8
"1846";"Riverbend_Den";2012;"t75972";8
"1847";"Riverbend_Den";2012;"t76167";8
"1848";"Riverbend_Den";2012;"t76174";8
"1849";"Riverbend_Den";2012;"t76294";8
"1850";"Riverbend_Den";2012;"t76767";8
"1851";"Riverbend_Den";2012;"t77679";8
"1852";"Riverbend_Den";2012;"t77739";8
"1853";"Riverbend_Den";2012;"t77776";8
"1854";"Riverbend_Den";2012;"t77839";8
"1855";"Riverbend_Den";2012;"t77925";8
"1856";"Riverbend_Den";2012;"t78060";8
"1857";"Riverbend_Den";2013;"t80758";8
"1858";"Riverbend_Den";2013;"t80934";8
"1859";"Riverbend_Den";2013;"t81077";8
"1860";"Riverbend_Den";2013;"t81200";8
"1861";"Riverbend_Den";2013;"t81537";8
"1862";"Riverbend_Den";2013;"t81966";8
"1863";"Riverbend_Den";2013;"t82067";8
"1864";"Riverbend_Den";2013;"t82173";8
"1865";"Riverbend_Den";2013;"t82380";8
"1866";"Riverbend_Den";2014;"t85676";8
"1867";"Riverbend_Den";2014;"t85746";8
"1868";"Riverbend_Den";2014;"t85776";8
"1869";"Riverbend_Den";2014;"t85949";8
"1870";"Riverbend_Den";2014;"t86030";8
"1871";"Riverbend_Den";2015;"t91597";8
"1872";"Riverbend_Den";2015;"t93332";8
"1873";"Riverbend_Den";2015;"t94649";8
"1874";"Riverbend_Den";2016;"t93375";8
"1875";"Riverbend_Den";2017;"t98217";8
"1876";"Riverbend_Den";2022;"t131003";8
"1877";"Riverbend_Den";2022;"t131258";8
"1878";"Riverbend_Den";2022;"t131300";8
"1879";"Riverbend_Den";2022;"t132226";8
"1880";"Riverbend_Den";2022;"t132331";8
"1881";"Riverbend_Den";2022;"t132537";8
"1882";"Riverbend_Den";2022;"t132552";8
"1883";"Riverbend_Den";2022;"t132579";8
"1884";"Roosevelt's_Natal_Den_2014";2014;"t86864";8
"1885";"Roosevelt's_Natal_Den_2014";2014;"t86905";8
"1886";"Roosevelt's_Natal_Den_2014";2014;"t86957";8
"1887";"Roosevelt's_Natal_Den_2014";2014;"t87063";8
"1888";"Roosevelt's_Natal_Den_2014";2014;"t87143";8
"1889";"Roosevelt's_Natal_Den_2014";2014;"t87168";8
"1890";"Rousseau_Den";2014;"s14565";8
"1891";"Rousseau_Den";2014;"s14566";8
"1892";"Rousseau_Den";2014;"s14569";8
"1893";"Rousseau_Den";2014;"s14577";8
"1894";"Rousseau_Den";2014;"s14588";8
"1895";"Rousseau_Den";2014;"s14590";8
"1896";"Rousseau_Den";2014;"s14603";8
"1897";"Rousseau_Den";2014;"s14612";8
"1898";"Rousseau_Den";2014;"s14615";8
"1899";"Rousseau_Den";2014;"s14662";8
"1900";"Rousseau_Den";2014;"s14736";8
"1901";"Rousseau_Den";2014;"s14760";8
"1902";"Rousseau_Den";2014;"s14778";8
"1903";"Rousseau_Den";2014;"s14794";8
"1904";"Runway_Den";2009;"s1936";8
"1905";"Runway_Den";2009;"s1939";8
"1906";"Runway_Den";2009;"s1942";8
"1907";"Runway_Den";2009;"s1953";8
"1908";"Runway_Den";2009;"s2008";8
"1909";"Runway_Den";2009;"s2070";8
"1910";"Runway_Den";2009;"s2079";8
"1911";"Runway_Den";2009;"s2091";8
"1912";"Runway_Den";2019;"s109498";8
"1913";"Runway_Den";2019;"s109508";8
"1914";"Runway_Den";2019;"s109536";8
"1915";"Runway_Den";2019;"s109566";8
"1916";"Runway_Den";2019;"s109571";8
"1917";"Runway_Den";2019;"s110159";8
"1918";"Runway_Den";2020;"s110587";8
"1919";"Runway_Den";2020;"s110633";8
"1920";"Runway_Den";2020;"s110688";8
"1921";"Runway_Den";2021;"s114482";8
"1922";"Runway_Den";2021;"s114496";8
"1923";"Runway_Den";2021;"s114502";8
"1924";"Runway_Den";2021;"s114589";8
"1925";"Schiphol_Den";2013;"s10446";8
"1926";"Schiphol_Den";2013;"s10478";8
"1927";"Schiphol_Den";2013;"s10486";8
"1928";"Schiphol_Den";2013;"s10559";8
"1929";"Schiphol_Den";2013;"s10575";8
"1930";"Schiphol_Den";2013;"s10577";8
"1931";"Schiphol_Den";2014;"s13462";8
"1932";"Schiphol_Den";2014;"s13595";8
"1933";"Schiphol_Den";2014;"s13741";8
"1934";"Schiphol_Den";2014;"s13753";8
"1935";"Schiphol_Den";2014;"s13763";8
"1936";"Schmuzty_Den";2013;"s12405";8
"1937";"Schmuzty_Den";2013;"s12415";8
"1938";"Sleepy_Den";2019;"s110368";8
"1939";"Some_Freaky_Lions_Den";2018;"s23805";8
"1940";"Some_Freaky_Lions_Den";2018;"s23830";8
"1941";"Some_Freaky_Lions_Den_3";2023;"s117806";8
"1942";"Summit_Den";2014;"s15146";8
"1943";"Superstar_Den_2";2021;"s115219";8
"1944";"Superstar_Den_2";2021;"s115236";8
"1945";"Superstar_Den_2";2021;"s115436";8
"1946";"Suzi_Den";2011;"s5070";8
"1947";"Suzi_Den";2011;"s5081";8
"1948";"Suzi_Den";2011;"s5090";8
"1949";"Sweetgrass_Den";2011;"s7280";8
"1950";"Temple_of_Artemis_Den";2014;"s14923.1";8
"1951";"The_Burrow_Den";2023;"s117284";8
"1952";"Tigris_Den";2014;"s12853";8
"1953";"Tigris_Den";2014;"s12943";8
"1954";"Tigris_Den";2014;"s13013";8
"1955";"Tijuana_Den";2019;"s110468";8
"1956";"Tijuana_Den";2020;"s111009";8
"1957";"Tijuana_Den";2020;"s111030";8
"1958";"Tijuana_Den";2020;"s111114";8
"1959";"Twix_Den";2011;"s5058.1";8
"1960";"Twix_Den_2";2020;"s110783";8
"1961";"Ugli_Den";2017;"s21743";8
"1962";"Uji_Den";2014;"s13822";8
"1963";"Uji_Den";2014;"s13877";8
"1964";"Uproar_Den";2016;"s20432";8
"1965";"Villa_Den";2019;"t107048";8
"1966";"Villa_Den";2019;"t107118";8
"1967";"Villa_Den";2019;"t107148";8
"1968";"Villa_Den";2019;"t107205";8
"1969";"Villa_Den";2019;"t107234";8
"1970";"Villa_Den";2019;"t107258";8
"1971";"Villa_Den";2019;"t107298";8
"1972";"Villa_Den";2019;"t107316";8
"1973";"Villa_Den";2019;"t107339";8
"1974";"Villa_Den";2019;"t107478";8
"1975";"Whomping_Willow_Den";2018;"s23074";8
"1976";"Whooping_Cami_Den";2014;"s13076";8
"1977";"Whooping_Cami_Den";2014;"s13081";8
"1978";"Whooping_Cami_Den";2014;"s13155";8
"1979";"Whooping_Cami_Den";2014;"s13156.2";8
"1980";"Whooping_Cami_Den";2015;"s16061";8
"1981";"Whooping_Cami_Den";2015;"s16074";8
"1982";"Whooping_Cami_Den";2015;"s16087.3";8
"1983";"Whooping_Cami_Den";2015;"s16139";8
"1984";"Whooping_Cami_Den";2015;"s16622";8
"1985";"Whooping_Cami_Den";2015;"s16626";8
"1986";"Wild_Berry_Den";2023;"s117116";8
"1987";"Windsor_Den";2011;"s7672";8
"1988";"Windsor_Den";2011;"s7679";8
"1989";"Windsor_Den";2012;"s9432.1";8
"1990";"Windsor_Den";2012;"s9436";8
"1991";"Windsor_Den";2012;"s9439";8
"1992";"Windsor_Den";2012;"s9475";8
"1993";"Windsor_Den";2012;"s9484";8
"1994";"Windsor_Den";2012;"s9507";8
"1995";"Windsor_Den";2012;"s9519";8
"1996";"Windsor_Den";2012;"s9522";8
"1997";"Windsor_Den";2012;"s9523";8
"1998";"Windsor_Den";2017;"s21202";8
"1999";"Windsor_Den";2017;"s21204";8
"2000";"Windsor_Den";2017;"s21213";8
"2001";"Zeus_Den";2014;"s14928";8
"2002";"Alamo_Den";2011;"s7400";7
"2003";"Alamo_Den";2011;"s7404";7
"2004";"Alamo_Den";2011;"s7440";7
"2005";"Alamo_Natal_Den";2010;"t70836";7
"2006";"Alamo_Natal_Den";2010;"t70858";7
"2007";"Alamo_Natal_Den";2010;"t70861";7
"2008";"Alamo_Natal_Den";2010;"t70867";7
"2009";"Alamo_Natal_Den";2010;"t70876";7
"2010";"Alamo_Natal_Den";2010;"t70886";7
"2011";"Alamo_Natal_Den";2010;"t70954";7
"2012";"Alamo_Natal_Den";2010;"t70959";7
"2013";"All_Hallows'_Eve_Den";2018;"s23764";7
"2014";"All_Hallows'_Eve_Den";2019;"s24766";7
"2015";"All_Hallows'_Eve_Den";2019;"s24781";7
"2016";"All_Hallows'_Eve_Den";2019;"s24854";7
"2017";"All_Hallows'_Eve_Den";2019;"s24873";7
"2018";"Angry_Ele_Den";2017;"s21736";7
"2019";"Angry_Ele_Den";2017;"s21760";7
"2020";"Angry_Ele_Den_2";2017;"s21753";7
"2021";"Angry_Ele_Den_2";2017;"s21786";7
"2022";"Angry_Ele_Den_2";2017;"s21810";7
"2023";"Aqua's_Natal_Den_2014";2014;"t87659";7
"2024";"Aqua's_Natal_Den_2014";2014;"t87661";7
"2025";"Argon's_Natal_Den_2014";2014;"t87482";7
"2026";"Argon's_Natal_Den_2014";2014;"t87514";7
"2027";"Bastion_Den";2016;"s20306";7
"2028";"Bastion_Den";2017;"s21144";7
"2029";"Beanie_Baby_Den";2023;"s118046";7
"2030";"Beanie_Baby_Den";2023;"s132044";7
"2031";"Beanie_Baby_Den";2023;"s132051";7
"2032";"Beanie_Baby_Den";2023;"s132065";7
"2033";"Beanie_Baby_Den";2023;"s132077";7
"2034";"Beanie_Baby_Den";2023;"s132084";7
"2035";"Beanie_Baby_Den";2023;"s132111";7
"2036";"Beanie_Baby_Den";2023;"s132116";7
"2037";"Benedict_Den";2011;"s6731";7
"2038";"Benedict_Den";2011;"s6733";7
"2039";"Benedict_Den";2011;"s6829";7
"2040";"Big_Bush_Communal_Den";2017;"t99500";7
"2041";"Big_Bush_Communal_Den";2017;"t99524";7
"2042";"Big_Bush_Communal_Den";2019;"t111709";7
"2043";"Big_Bush_Den";2012;"t75198";7
"2044";"Big_Bush_Den";2012;"t75231";7
"2045";"Big_Bush_Den";2012;"t75249";7
"2046";"Big_Bush_Den";2017;"t99466";7
"2047";"Big_Sky_Den";2019;"s110216";7
"2048";"Boone_Den";2014;"s14658";7
"2049";"Boone_Den";2014;"s14665";7
"2050";"Boone_Den";2014;"s14691";7
"2051";"Boone_Den";2014;"s14711";7
"2052";"Boulevard_Den";2008;"t63150";7
"2053";"Boulevard_Den";2008;"t63257";7
"2054";"Bumps_Den";2023;"S117685";7
"2055";"Bumps_Den";2023;"S117691";7
"2056";"Burning_Den";2021;"s114948";7
"2057";"Burning_Den";2021;"s114965";7
"2058";"Burning_Den";2021;"s115006";7
"2059";"Burning_Den";2021;"s115046";7
"2060";"Burning_Den";2021;"s115057";7
"2061";"Cannibal_Cami_Den";2015;"s16347";7
"2062";"Cannibal_Cami_Den";2015;"s16522";7
"2063";"Cannibal_Cami_Den";2015;"s16586";7
"2064";"Cannibal_Cami_Den";2015;"s16600";7
"2065";"Cannibal_Cami_Den";2015;"s16817";7
"2066";"Central_Park_Communal_Den";2012;"t79669";7
"2067";"Central_Park_Communal_Den";2012;"t79734";7
"2068";"Central_Park_Communal_Den";2012;"t79854";7
"2069";"Central_Park_Communal_Den";2012;"t79997";7
"2070";"Central_Park_Communal_Den";2013;"t80278";7
"2071";"Central_Park_Communal_Den";2013;"t80392";7
"2072";"Central_Park_Communal_Den";2013;"t80501";7
"2073";"Central_Park_Communal_Den";2013;"t80510";7
"2074";"Central_Park_Communal_Den";2013;"t80531";7
"2075";"Central_Park_Communal_Den";2013;"t80539";7
"2076";"Central_Park_Communal_Den";2013;"t80642";7
"2077";"Central_Park_Communal_Den";2013;"t80658";7
"2078";"Central_Park_Communal_Den";2013;"t80764";7
"2079";"Central_Park_Communal_Den";2013;"t80826";7
"2080";"Central_Park_Communal_Den";2013;"t80885";7
"2081";"Central_Park_Communal_Den";2013;"t81580";7
"2082";"Central_Park_Communal_Den";2013;"t81588";7
"2083";"Central_Park_Communal_Den";2013;"t81596";7
"2084";"Central_Park_Communal_Den";2013;"t81659";7
"2085";"Central_Park_Communal_Den";2013;"t81867";7
"2086";"Central_Park_Communal_Den";2013;"t81919";7
"2087";"Central_Park_Communal_Den";2013;"t82554";7
"2088";"Central_Park_Communal_Den";2018;"t102127";7
"2089";"Central_Park_Communal_Den";2018;"t102749";7
"2090";"Changra_Den";2023;"s117081";7
"2091";"Changra_Den";2023;"s117106";7
"2092";"Chex_Den";2011;"s6846";7
"2093";"Chex_Den";2011;"s6851";7
"2094";"Clamor_Den";2016;"s20447";7
"2095";"Clamor_Den";2016;"s20449";7
"2096";"Cliff_Den";2018;"t104138";7
"2097";"Cliff_Den";2018;"t104155";7
"2098";"Cliff_Den";2018;"t104199";7
"2099";"Cliff_Den";2018;"t104660";7
"2100";"Cliff_Den";2018;"t104672";7
"2101";"Cliff_Den";2018;"t104723";7
"2102";"Coincidence_Den_2";2023;"s117432";7
"2103";"Coincidence_Den_2";2023;"s117443";7
"2104";"Coincidence_Den_2";2023;"s117447";7
"2105";"Coincidence_Den_2";2023;"s117452";7
"2106";"Colossus_of_Rhodes_Den";2015;"s15431";7
"2107";"Colossus_of_Rhodes_Den";2015;"s15444";7
"2108";"Colossus_of_Rhodes_Den";2016;"s19892";7
"2109";"Confusing_Den";2019;"t108135";7
"2110";"Copenhagen_Den";2011;"s6068";7
"2111";"Copenhagen_Den";2011;"s6146.1";7
"2112";"Crepes_Den";2011;"s6616";7
"2113";"Crepes_Den";2011;"s6662";7
"2114";"Crepes_Den";2011;"s6675";7
"2115";"Crocodile_Camp_Den";2010;"t69937";7
"2116";"Crocodile_Den";2008;"t62621";7
"2117";"Crocodile_Den";2008;"t62631";7
"2118";"Crocodile_Den";2008;"t62671";7
"2119";"Croton_Edge_Communal_Den";2010;"t71022";7
"2120";"Croton_Edge_Communal_Den";2010;"t71036";7
"2121";"Croton_Edge_Communal_Den";2010;"t71767";7
"2122";"Croton_Edge_Communal_Den";2012;"t78156";7
"2123";"Croton_Edge_Communal_Den";2012;"t78194";7
"2124";"Croton_Edge_Communal_Den";2019;"t111469";7
"2125";"DOC_Communal_Den";2014;"t87213";7
"2126";"DOC_Communal_Den";2014;"t87249";7
"2127";"DOC_Den_2";2014;"t87540";7
"2128";"DOC_Den_2";2014;"t87584";7
"2129";"DOC_Den_2";2014;"t87746";7
"2130";"DOC_Den_2";2014;"t88835";7
"2131";"DOC_Den_2";2017;"t100337";7
"2132";"DOC_Den_2";2017;"t100539";7
"2133";"DOC_Den_2";2017;"t100579";7
"2134";"DOC_Den_2";2017;"t100720";7
"2135";"Dave's_Den";2010;"t70210";7
"2136";"Dave's_Den";2010;"t70273";7
"2137";"Dave's_Den";2010;"t70664";7
"2138";"Dave's_Den";2011;"t73023";7
"2139";"Dave's_Den";2011;"t73725";7
"2140";"Dave's_Den";2011;"t73774";7
"2141";"Dave's_Den";2012;"t78402";7
"2142";"Dave's_Den";2012;"t78498";7
"2143";"Dave's_Den";2014;"t86072";7
"2144";"Dave's_Den";2014;"t86180";7
"2145";"Dave's_Den";2014;"t86232";7
"2146";"Dave's_Den";2014;"t86320";7
"2147";"Dave's_Den";2014;"t86490";7
"2148";"Dave's_Den";2014;"t86529";7
"2149";"Dave's_Den";2014;"t86749";7
"2150";"Dave's_Den";2014;"t86774";7
"2151";"Dave's_Den";2015;"t91001";7
"2152";"Dave's_Den";2015;"t91138";7
"2153";"Dave's_Den";2015;"t91270";7
"2154";"Dave's_Den";2015;"t91271";7
"2155";"Dave's_Den";2015;"t91827";7
"2156";"Dave's_Den";2015;"t91860";7
"2157";"Dave's_Den";2015;"t91894";7
"2158";"Dave's_Den";2015;"t91896";7
"2159";"Dave's_Den";2015;"t92223";7
"2160";"Dave's_Den";2015;"t92409";7
"2161";"Dave's_Den";2015;"t92496";7
"2162";"Dave's_Den";2015;"t92609";7
"2163";"Dave's_Den";2015;"t92696";7
"2164";"Dave's_Den";2015;"t92710";7
"2165";"Dave_Den";2017;"t98233";7
"2166";"Dave_Den";2017;"t98281";7
"2167";"Dave_Den";2017;"t98283";7
"2168";"Dave_Den";2017;"t98456";7
"2169";"Dawn_Den";2022;"s115680.1";7
"2170";"Dawn_Den";2022;"s115685";7
"2171";"Dawn_Den";2022;"s115688";7
"2172";"Dawn_Den";2022;"s115689";7
"2173";"Dawn_Den";2022;"s115690";7
"2174";"Dawn_Den";2022;"s115690.1";7
"2175";"Dawn_Den";2022;"s115698";7
"2176";"Dawn_Den";2022;"s115708";7
"2177";"Dawn_Den";2022;"s115713";7
"2178";"Dawn_Den";2022;"s115733";7
"2179";"Dawn_Den";2022;"s115741";7
"2180";"Dawn_Den";2022;"s115742";7
"2181";"Dawn_Den";2022;"s115750";7
"2182";"Dawn_Den";2022;"s115763";7
"2183";"Dawn_Den_2";2022;"s115771";7
"2184";"DeGaulle_Den";2009;"s1796";7
"2185";"DeGaulle_Den";2009;"s1827";7
"2186";"DeGaulle_Den";2009;"s1836";7
"2187";"DeGaulle_Den";2019;"s109118";7
"2188";"DeGaulle_Den";2019;"s109121";7
"2189";"DeGaulle_Den";2023;"s132196";7
"2190";"DeGaulle_Den";2023;"s132247";7
"2191";"DeGaulle_Den";2023;"s132255";7
"2192";"DeGaulle_Den";2023;"s132259";7
"2193";"DeGaulle_Den_II";2009;"s1778";7
"2194";"Defenestrate_Den";2015;"s15537";7
"2195";"Den_One_Creek_Den_Complex";2011;"t73644";7
"2196";"Diagon_Alley_Den";2010;"s3120";7
"2197";"Diagon_Alley_Den";2010;"s3130";7
"2198";"Diagon_Alley_Den";2017;"s22477";7
"2199";"Diagon_Alley_Den_II";2022;"S116307";7
"2200";"Dicks_Den";2014;"t86083";7
"2201";"Dicks_Den";2014;"t86100";7
"2202";"Dicks_Den";2014;"t86372";7
"2203";"Dicks_Den";2014;"t86876";7
"2204";"Dicks_Den";2014;"t86879";7
"2205";"Dicks_Den";2014;"t86896";7
"2206";"Dicks_Den";2014;"t87662";7
"2207";"Dicks_Den";2014;"t88589";7
"2208";"Dicks_Den";2014;"t88668";7
"2209";"Dicks_Den";2015;"t92278";7
"2210";"Dicks_Den";2015;"t92305";7
"2211";"Dicks_Den";2015;"t92336";7
"2212";"Dicks_Den";2015;"t92495";7
"2213";"Dicks_Den";2017;"t100377";7
"2214";"Doom's_Day_Den";2003;"t38812";7
"2215";"Doom's_Day_Den";2003;"t38927";7
"2216";"Emma_Natal_Den_2012";2012;"s8557.1";7
"2217";"Emma_Natal_Den_2012";2012;"s8583";7
"2218";"Euphrates_Den";2015;"s16259";7
"2219";"Euphrates_Den";2015;"s16285";7
"2220";"Euphrates_Den";2015;"s16290";7
"2221";"Euphrates_Den";2015;"s16294";7
"2222";"Euphrates_Den";2015;"s16297";7
"2223";"Euphrates_Den";2015;"s16299";7
"2224";"Euphrates_Den";2015;"s16303";7
"2225";"Euphrates_Den";2015;"s16311";7
"2226";"Extortion_Den";2016;"s20480";7
"2227";"Eyrie_Den";2021;"s115419";7
"2228";"Eyrie_Den_2";2021;"s115421";7
"2229";"Eyrie_Den_2";2021;"s115426";7
"2230";"FML_Den";2014;"s14860";7
"2231";"Fever_Tree_Natal_Den/Communal_Den_Complex";2002;"t36663";7
"2232";"Fever_Tree_Natal_Den/Communal_Den_Complex";2003;"t37079";7
"2233";"Fever_Tree_Natal_Den/Communal_Den_Complex";2003;"t40302";7
"2234";"Flapjack_Den";2013;"s10687";7
"2235";"Flapjack_Den";2013;"s10803";7
"2236";"Flapjack_Den";2013;"s10858";7
"2237";"Flintstone_Den";2017;"t101132";7
"2238";"Flintstone_Den";2017;"t101346";7
"2239";"Flintstone_Den";2017;"t101533";7
"2240";"Flintstone_Den";2017;"t101558";7
"2241";"Flintstone_Den";2017;"t101648";7
"2242";"Gardenia_Den";2014;"t86499";7
"2243";"Gila_River_Den_II";2011;"s7244";7
"2244";"Grits_Den";2011;"s6534";7
"2245";"Grits_Den";2011;"s6548";7
"2246";"Grits_Den";2011;"s6680.1";7
"2247";"Grits_Den";2013;"s10813";7
"2248";"Guca_Den";2012;"s8177.1";7
"2249";"Hanging_Gardens_Den";2019;"s110280";7
"2250";"Hanging_Gardens_Den";2019;"s110306";7
"2251";"Hanging_Gardens_Den";2019;"s110331";7
"2252";"Hit_and_Run_Den";2011;"s7337";7
"2253";"Holiday_Communal_Den";2006;"t59682";7
"2254";"Holiday_Communal_Den";2009;"t65876";7
"2255";"Holiday_Communal_Den";2009;"t66077";7
"2256";"Holy_Grail_Den";2013;"s12219";7
"2257";"Holy_Grail_Den";2013;"s12267";7
"2258";"Holy_Grail_Den";2013;"s12281";7
"2259";"Holy_Grail_Den";2013;"s12364";7
"2260";"Houdini_Den";2016;"s18948";7
"2261";"Hubbub_Den";2016;"s20468";7
"2262";"IAT_Den";2010;"s3218";7
"2263";"IAT_Den";2010;"s3232";7
"2264";"IAT_Den";2015;"s15697";7
"2265";"IAT_Den";2015;"s15718";7
"2266";"IAT_Den";2015;"s15960";7
"2267";"IAT_Den";2015;"s17920";7
"2268";"IAT_Den";2015;"s17923";7
"2269";"IAT_Den";2015;"s18125";7
"2270";"IAT_Den";2015;"s18133";7
"2271";"IAT_Den";2016;"s18545";7
"2272";"IAT_Den";2016;"s18568";7
"2273";"IAT_Den";2016;"s18588";7
"2274";"IAT_Den";2016;"s19223.1";7
"2275";"IAT_Den";2017;"s21043";7
"2276";"IAT_Den";2017;"s21344";7
"2277";"IAT_Den";2017;"s22863";7
"2278";"IAT_Den";2017;"s22928";7
"2279";"J_Fab_Den";2015;"s15759";7
"2280";"J_Fab_Den";2015;"s15773";7
"2281";"J_Fab_Den";2015;"s15780";7
"2282";"J_Fab_Den";2015;"s15791";7
"2283";"J_Fab_Den";2015;"s15796";7
"2284";"J_Fab_Den";2015;"s15800";7
"2285";"J_Fab_Den";2015;"s15810";7
"2286";"J_Fab_Den";2015;"s15812";7
"2287";"J_Fab_Den";2015;"s15825";7
"2288";"J_Fab_Den";2015;"s15846";7
"2289";"J_Fab_Den";2015;"s15867";7
"2290";"J_Fab_Den";2015;"s15892";7
"2291";"J_Fab_Den";2015;"s15893";7
"2292";"J_Fab_Den";2015;"s15925";7
"2293";"J_Fab_Den";2015;"s15931";7
"2294";"J_Fab_Den";2017;"s21440";7
"2295";"J_Fab_Den";2017;"s21475";7
"2296";"J_Fab_Den";2017;"s22231";7
"2297";"J_Fab_Den";2017;"s22258";7
"2298";"J_Fab_Den";2017;"s22262";7
"2299";"J_Fab_Den";2017;"s22367";7
"2300";"J_Fab_Den";2017;"s22399";7
"2301";"J_Fab_Den";2022;"S116295";7
"2302";"Jackson's_Hole_Den";2009;"s3830";7
"2303";"Jalapeno_Den";2019;"s110348";7
"2304";"Jalapeno_Den";2019;"s110350";7
"2305";"Judith_Den";2017;"s20964";7
"2306";"Judith_Den";2023;"s117129";7
"2307";"Judith_Den";2023;"s117136";7
"2308";"Judith_Den";2023;"s117140";7
"2309";"Kinda-See-Em_Den";2006;"t56626";7
"2310";"Kinda-See-Em_Den";2006;"t58995";7
"2311";"Kinda-See-Em_Den";2008;"t63522";7
"2312";"Kinda-See-Em_Den";2008;"t63822";7
"2313";"Kinda-See-Em_Den";2008;"t63860";7
"2314";"Kinda-See-Em_Den";2008;"t63998";7
"2315";"Kinda-See-Em_Den";2010;"t71122";7
"2316";"Kinda-See-Em_Den";2013;"t82801";7
"2317";"Kinda-See-Em_Den";2013;"t82953";7
"2318";"Kinda-See-Em_Den";2013;"t83111";7
"2319";"Kinda-See-Em_Den";2013;"t84918";7
"2320";"Kinda_See_Em_Den_Two";2010;"t69010";7
"2321";"Kinda_See_Em_Den_Two";2010;"t69077";7
"2322";"Kinda_See_Em_Den_Two";2010;"t69193";7
"2323";"Kinda_See_Em_Den_Two";2010;"t69426";7
"2324";"Kinda_See_Em_Den_Two";2010;"t71278";7
"2325";"Kinda_See_Em_Den_Two";2010;"t71295";7
"2326";"Kinda_See_Em_Den_Two";2010;"t71310";7
"2327";"Kinda_See_Em_Den_Two";2010;"t71343";7
"2328";"Kinda_See_Em_Den_Two";2010;"t71371";7
"2329";"Kinshasa_Den";2011;"s7291";7
"2330";"Kit_Kat_Den";2011;"s5020";7
"2331";"Kit_Kat_Den";2011;"s5028";7
"2332";"Kit_Kat_Den";2011;"s5045";7
"2333";"Kit_Kat_Den";2011;"s5133";7
"2334";"Kit_Kat_Den";2016;"s18507";7
"2335";"Kit_Kat_Den";2016;"s19497";7
"2336";"Kit_Kat_Den";2016;"s19527";7
"2337";"Kit_Kat_Den";2016;"s19580";7
"2338";"Kit_Kat_Den";2016;"s19597";7
"2339";"Kit_Kat_Den";2016;"s19626";7
"2340";"Kit_Kat_Den";2016;"s19634";7
"2341";"Kit_Kat_Den";2016;"s19664";7
"2342";"Kit_Kat_Den";2016;"s19673";7
"2343";"Kit_Kat_Den";2016;"s19678";7
"2344";"Kit_Kat_Den";2016;"s19683";7
"2345";"Kit_Kat_Den";2016;"s19694";7
"2346";"Kit_Kat_Den";2016;"s19695";7
"2347";"Kit_Kat_Den";2016;"s19707";7
"2348";"Kit_Kat_Den";2016;"s19722";7
"2349";"Kit_Kat_Den";2016;"s19729";7
"2350";"Kit_Kat_Den";2016;"s19821";7
"2351";"Kitchen_Natal_Den";2009;"t65822";7
"2352";"Lala_Den";2006;"t58228";7
"2353";"Lala_Den";2006;"t58303";7
"2354";"Lala_Den";2006;"t58386";7
"2355";"Lala_Den";2006;"t58471";7
"2356";"Lala_Den";2006;"t58500";7
"2357";"Landscape_Den";2019;"t106973";7
"2358";"Landscape_Den_2";2019;"t106940";7
"2359";"Larceny_Den";2010;"s1240";7
"2360";"Larceny_Den";2010;"s1241";7
"2361";"Lightning_Den";2011;"t73210";7
"2362";"Log_Cabin's_Culvert_Den";2023;"s117849.1";7
"2363";"Log_Cabin's_Culvert_Den";2023;"s117867";7
"2364";"Log_Cabin's_Culvert_Den";2023;"s117914";7
"2365";"Lucky_Leopard_Den";2014;"t88371";7
"2366";"Lugga_Den";2017;"s21912";7
"2367";"Lugga_Den2";2017;"s21845";7
"2368";"Lugga_Den2";2017;"s21849";7
"2369";"Lugga_Den2";2017;"s21878";7
"2370";"Lugga_Den_II";2019;"s109277";7
"2371";"Lugga_Den_II";2019;"s109283";7
"2372";"Lugga_Den_II";2019;"s109292";7
"2373";"Lugga_Den_II";2019;"s109922";7
"2374";"Lugga_Den_II";2019;"s109951";7
"2375";"Lugga_Den_II";2019;"s25127";7
"2376";"Lugga_Den_II";2022;"S116338";7
"2377";"Lugga_Den_II";2022;"S116359";7
"2378";"Lugga_Den_III";2022;"s115893";7
"2379";"Lugga_Den_lll";2017;"s21856.1";7
"2380";"Magic_Bush_Den";2018;"t104624";7
"2381";"Main_Den_One_Creek_Crossing";2010;"t70922";7
"2382";"Malmö_Den";2012;"s8093";7
"2383";"Malmö_Den";2012;"s8107";7
"2384";"Malmö_Den";2012;"s8151";7
"2385";"Meatloaf_Den";2015;"s17797.1";7
"2386";"Merry_Christmas_Den";2013;"s9876";7
"2387";"Migration_Den";2023;"s117317";7
"2388";"Migration_Den";2023;"s117340";7
"2389";"Migration_Den_2";2023;"s117308";7
"2390";"Migration_Den_3";2023;"s117299";7
"2391";"Migration_Den_4";2023;"s117374";7
"2392";"Migration_Den_4";2023;"s117420";7
"2393";"Migration_Den_4";2023;"s117422";7
"2394";"Moat_Den";2016;"s20247";7
"2395";"Moat_Den";2016;"s20305.1";7
"2396";"Moonset_Den";2015;"s16870";7
"2397";"Moonset_Den";2015;"s16872";7
"2398";"Moonset_Den";2015;"s16886";7
"2399";"Moonset_Den";2015;"s16888";7
"2400";"Moonset_Den";2015;"s16893";7
"2401";"Moonset_Den";2015;"s16898";7
"2402";"Moonset_Den";2015;"s16899";7
"2403";"Moonset_Den";2015;"s16900";7
"2404";"Moonset_Den";2015;"s16901";7
"2405";"Moonset_Den";2015;"s16902";7
"2406";"Moonset_Den";2015;"s16905";7
"2407";"Moonset_Den";2015;"s16906";7
"2408";"Moonset_Den";2015;"s16907";7
"2409";"Moonset_Den";2015;"s16909";7
"2410";"Moonset_Den";2015;"s16912";7
"2411";"Moonset_Den";2015;"s16913";7
"2412";"Moonset_Den";2015;"s16915";7
"2413";"Moonset_Den";2015;"s16924";7
"2414";"Moscow_Den";2011;"s6162";7
"2415";"Mountaineer_Den";2018;"t102016.10";7
"2416";"Mountaineer_Den";2018;"t102025.10";7
"2417";"Mountaineer_Den";2018;"t102921";7
"2418";"Mountaineer_Den";2018;"t102951.1";7
"2419";"Mountaineer_Den";2018;"t103057";7
"2420";"Mountaineer_Den";2018;"t103139";7
"2421";"Mountaineer_Den";2018;"t104309";7
"2422";"Mountaineer_Den";2018;"t104350";7
"2423";"Mountaineer_Den";2018;"t104376";7
"2424";"Mountaineer_Den";2018;"t104544";7
"2425";"Mr._Eko_Den";2014;"s14828";7
"2426";"NUDI's_Den";2019;"t111441";7
"2427";"NUDI's_Den";2019;"t111527";7
"2428";"NUDI's_Den";2019;"t111541";7
"2429";"National_Cornchip_Day_Den";2013;"s10294";7
"2430";"National_Cornchip_Day_Den";2013;"s10307";7
"2431";"National_Cornchip_Day_Den";2013;"s9943";7
"2432";"National_Cornchip_Day_Den";2013;"s9987";7
"2433";"National_Cornchip_Day_Den";2013;"s9993";7
"2434";"No_See_Em_Den";2005;"t51311";7
"2435";"No_See_Em_Den";2005;"t51444";7
"2436";"No_See_Em_Den";2005;"t51502";7
"2437";"No_See_Em_Den";2005;"t51508";7
"2438";"No_See_Em_Den";2005;"t51594";7
"2439";"No_See_Em_Den";2005;"t51725";7
"2440";"No_See_Em_Den";2005;"t52195";7
"2441";"No_See_Em_Den";2005;"t52370";7
"2442";"No_See_Em_Den";2005;"t52400";7
"2443";"Nogales_Den";2019;"s110411";7
"2444";"Nogales_Den";2019;"s110463";7
"2445";"Nyumba_Ndege_Den";2011;"s6274.1";7
"2446";"Nyumba_Ndege_Den";2011;"s6290";7
"2447";"Nyumba_Ndege_Den";2011;"s6292.1";7
"2448";"Nyumba_Ndege_Den";2011;"s6337";7
"2449";"Oceanic_Den";2009;"s3811";7
"2450";"Oceanic_Den";2009;"s3812";7
"2451";"Oceanic_Den";2009;"s3818";7
"2452";"Oceanic_Den";2014;"s15056.1";7
"2453";"Oceanic_Den";2014;"s15083";7
"2454";"Oceanic_Den";2014;"s15084";7
"2455";"Oceanic_Den";2014;"s15121";7
"2456";"Oceanic_Den";2015;"s15361";7
"2457";"Oceanic_Den";2015;"s15364";7
"2458";"Ollivander's_Den";2010;"s3286";7
"2459";"Ollivander's_Den";2016;"s19953";7
"2460";"Ollivander's_Den";2016;"s19979";7
"2461";"Ollivander's_Den";2023;"s117191";7
"2462";"Ollivander's_Den";2023;"s117260";7
"2463";"Orchid_Den";2010;"s4122";7
"2464";"Paradise_Den";2009;"t65934";7
"2465";"Paradise_Den";2009;"t65975";7
"2466";"Paradise_Den";2009;"t65993";7
"2467";"Paradise_Den";2009;"t66032";7
"2468";"Paradise_Den";2009;"t66060";7
"2469";"Plantation_Den";2002;"t34354";7
"2470";"Plantation_Den";2002;"t34824";7
"2471";"Plantation_Den";2002;"t34910";7
"2472";"Plantation_Den";2002;"t35159";7
"2473";"Plantation_Den";2002;"t35203";7
"2474";"Plantation_Den";2003;"t38453";7
"2475";"Plantation_Den";2003;"t38528";7
"2476";"Plantation_Den";2003;"t38651";7
"2477";"Plantation_Den";2003;"t39161";7
"2478";"Plantation_Den";2003;"t39292";7
"2479";"Plantation_Den";2003;"t39396";7
"2480";"Plantation_Den";2003;"t39599";7
"2481";"Plantation_Den";2004;"t49474";7
"2482";"Plantation_Den";2004;"t49664";7
"2483";"Plantation_Den";2004;"t49853";7
"2484";"Plantation_Den";2004;"t49877";7
"2485";"Plantation_Den";2004;"t50084";7
"2486";"Plantation_Den";2004;"t50122";7
"2487";"Plantation_Den";2004;"t50212";7
"2488";"Plantation_Den";2004;"t50326";7
"2489";"Plantation_Den";2013;"t81138";7
"2490";"Plantation_Den";2013;"t82706";7
"2491";"Polar_Bear_Den";2010;"s4164";7
"2492";"Polar_Bear_Den";2014;"s15010";7
"2493";"Portcullis_Den";2016;"s20324";7
"2494";"Portcullis_Den";2016;"s20736";7
"2495";"Portcullis_Den";2017;"s21101";7
"2496";"Portcullis_Den";2017;"s21111";7
"2497";"Precipice_Den_ll";2017;"s22047";7
"2498";"Resurrection_Communal_Den";2003;"t37960";7
"2499";"Resurrection_Communal_Den";2003;"t37971";7
"2500";"Resurrection_Communal_Den";2011;"t73272";7
"2501";"Resurrection_Communal_Den";2011;"t73475";7
"2502";"Resurrection_Communal_Den";2013;"t83246";7
"2503";"Resurrection_Communal_Den";2013;"t83280";7
"2504";"Resurrection_Communal_Den";2013;"t83294";7
"2505";"Resurrection_Communal_Den";2013;"t83383";7
"2506";"Resurrection_Communal_Den";2013;"t83525";7
"2507";"Resurrection_Communal_Den";2016;"t94582";7
"2508";"Resurrection_Communal_Den";2017;"t99662.1";7
"2509";"Resurrection_Main_Den";2015;"t93314";7
"2510";"Resurrection_Main_Den";2016;"t93395";7
"2511";"Resurrection_Main_Den";2016;"t93419";7
"2512";"Resurrection_Main_Den";2016;"t93443";7
"2513";"Resurrection_Main_Den";2016;"t93692";7
"2514";"Resurrection_Main_Den";2016;"t94126";7
"2515";"Resurrection_Main_Den";2016;"t94227";7
"2516";"Resurrection_Main_Den";2016;"t94300";7
"2517";"Resurrection_Main_Den";2016;"t94326";7
"2518";"Resurrection_Main_Den";2016;"t94550";7
"2519";"Resurrection_Main_Den";2016;"t94573";7
"2520";"Resurrection_Main_Den";2016;"t94614";7
"2521";"Resurrection_Main_Den";2016;"t94716";7
"2522";"Resurrection_Main_Den";2017;"t98340";7
"2523";"Resurrection_Main_Den";2017;"t98432";7
"2524";"Resurrection_Main_Den";2017;"t99183";7
"2525";"Resurrection_Main_Den";2017;"t99664";7
"2526";"Riverbend_Den";2011;"t72605";7
"2527";"Riverbend_Den";2011;"t72926";7
"2528";"Riverbend_Den";2011;"t72947";7
"2529";"Riverbend_Den";2012;"t75404";7
"2530";"Riverbend_Den";2012;"t75513";7
"2531";"Riverbend_Den";2012;"t75620";7
"2532";"Riverbend_Den";2012;"t75759";7
"2533";"Riverbend_Den";2012;"t75772";7
"2534";"Riverbend_Den";2012;"t75811";7
"2535";"Riverbend_Den";2012;"t76094";7
"2536";"Riverbend_Den";2012;"t76133";7
"2537";"Riverbend_Den";2012;"t76147";7
"2538";"Riverbend_Den";2012;"t76245";7
"2539";"Riverbend_Den";2012;"t76345";7
"2540";"Riverbend_Den";2012;"t77635";7
"2541";"Riverbend_Den";2012;"t77637";7
"2542";"Riverbend_Den";2012;"t77813";7
"2543";"Riverbend_Den";2012;"t77922";7
"2544";"Riverbend_Den";2012;"t78017";7
"2545";"Riverbend_Den";2013;"t81094";7
"2546";"Riverbend_Den";2013;"t81612";7
"2547";"Riverbend_Den";2013;"t81725";7
"2548";"Riverbend_Den";2013;"t81800";7
"2549";"Riverbend_Den";2013;"t82085";7
"2550";"Riverbend_Den";2013;"t82275";7
"2551";"Riverbend_Den";2013;"t82287";7
"2552";"Riverbend_Den";2013;"t82322";7
"2553";"Riverbend_Den";2013;"t82496";7
"2554";"Riverbend_Den";2013;"t82592";7
"2555";"Riverbend_Den";2014;"t85404";7
"2556";"Riverbend_Den";2014;"t85486";7
"2557";"Riverbend_Den";2014;"t85511";7
"2558";"Riverbend_Den";2014;"t85564";7
"2559";"Riverbend_Den";2014;"t85620";7
"2560";"Riverbend_Den";2014;"t85711";7
"2561";"Riverbend_Den";2014;"t85802";7
"2562";"Riverbend_Den";2014;"t85876";7
"2563";"Riverbend_Den";2014;"t85923";7
"2564";"Riverbend_Den";2014;"t85951";7
"2565";"Riverbend_Den";2014;"t86006";7
"2566";"Riverbend_Den";2014;"t86038";7
"2567";"Riverbend_Den";2015;"t90409";7
"2568";"Riverbend_Den";2015;"t90481";7
"2569";"Riverbend_Den";2015;"t90666";7
"2570";"Riverbend_Den";2015;"t90683";7
"2571";"Riverbend_Den";2015;"t91554";7
"2572";"Riverbend_Den";2016;"t93394";7
"2573";"Riverbend_Den";2016;"t97852";7
"2574";"Riverbend_Den";2016;"t97873";7
"2575";"Riverbend_Den";2017;"t98201";7
"2576";"Riverbend_Den";2017;"t98222";7
"2577";"Riverbend_Den";2022;"t131001";7
"2578";"Riverbend_Den";2022;"t131223";7
"2579";"Riverbend_Den";2022;"t131311";7
"2580";"Riverbend_Den";2022;"t131326";7
"2581";"Riverbend_Den";2022;"t132200";7
"2582";"Riverbend_Den";2022;"t132244";7
"2583";"Riverbend_Den";2022;"t132266";7
"2584";"Riverbend_Den";2022;"t132282";7
"2585";"Riverbend_Den";2022;"t132512";7
"2586";"Riverbend_Den";2022;"t132525";7
"2587";"Roosevelt's_Natal_Den_2014";2014;"t86885";7
"2588";"Roosevelt's_Natal_Den_2014";2014;"t87070";7
"2589";"Roosevelt's_Natal_Den_2014";2014;"t87114";7
"2590";"Roosevelt's_Natal_Den_2014";2014;"t87149";7
"2591";"Roosevelt's_Natal_Den_2014";2014;"t87163";7
"2592";"Roosevelt's_Natal_Den_2014";2014;"t87210";7
"2593";"Roosevelt's_Natal_Den_2014";2014;"t87221";7
"2594";"Roosevelt's_Natal_Den_2014";2014;"t87233";7
"2595";"Roosevelt's_Natal_Den_2014";2014;"t87284";7
"2596";"Roosevelt's_Natal_Den_2014";2014;"t87340";7
"2597";"Roosevelt's_Natal_Den_2014";2014;"t87349";7
"2598";"Roosevelt's_Natal_Den_2014";2014;"t87397";7
"2599";"Rousseau_Den";2014;"s14544";7
"2600";"Rousseau_Den";2014;"s14564";7
"2601";"Rousseau_Den";2014;"s14572";7
"2602";"Rousseau_Den";2014;"s14586";7
"2603";"Rousseau_Den";2014;"s14749";7
"2604";"Rousseau_Den";2014;"s14784";7
"2605";"Rousseau_Den";2014;"s14796";7
"2606";"Runway_Den";2009;"s1924";7
"2607";"Runway_Den";2009;"s1932";7
"2608";"Runway_Den";2009;"s1941";7
"2609";"Runway_Den";2009;"s1950";7
"2610";"Runway_Den";2009;"s1956";7
"2611";"Runway_Den";2009;"s1982";7
"2612";"Runway_Den";2009;"s1986";7
"2613";"Runway_Den";2009;"s2048";7
"2614";"Runway_Den";2019;"s109493";7
"2615";"Runway_Den";2019;"s109503";7
"2616";"Runway_Den";2019;"s109534";7
"2617";"Runway_Den";2019;"s109559";7
"2618";"Runway_Den";2019;"s109580";7
"2619";"Runway_Den";2019;"s109582";7
"2620";"Runway_Den";2019;"s110092";7
"2621";"Runway_Den";2019;"s110131";7
"2622";"Runway_Den";2019;"s110172";7
"2623";"Runway_Den";2020;"s110474";7
"2624";"Runway_Den";2020;"s110512";7
"2625";"Runway_Den";2020;"s110567";7
"2626";"Runway_Den";2020;"s110590";7
"2627";"Runway_Den";2020;"s110670";7
"2628";"Runway_Den";2021;"s114448";7
"2629";"Runway_Den";2021;"s114458";7
"2630";"Runway_Den";2021;"s114508";7
"2631";"Runway_Den";2021;"s114541";7
"2632";"Runway_Den_3";2019;"s109447";7
"2633";"Schiphol_Den";2013;"s10480";7
"2634";"Schiphol_Den";2013;"s10567";7
"2635";"Schiphol_Den";2013;"s10588";7
"2636";"Schiphol_Den";2013;"s10596";7
"2637";"Schiphol_Den";2013;"s12413";7
"2638";"Schiphol_Den";2014;"s13241";7
"2639";"Schiphol_Den";2014;"s13250";7
"2640";"Schiphol_Den";2014;"s13257";7
"2641";"Schiphol_Den";2014;"s13472";7
"2642";"Schiphol_Den";2014;"s13479";7
"2643";"Schiphol_Den";2014;"s13480";7
"2644";"Schiphol_Den";2014;"s13480.1";7
"2645";"Schiphol_Den";2014;"s13489";7
"2646";"Schiphol_Den";2014;"s13620";7
"2647";"Slytherin_Den";2010;"s3075";7
"2648";"Snowbird_Den";2019;"s109680";7
"2649";"Some_Freaky_Lions_Den";2018;"s23817";7
"2650";"Some_Freaky_Lions_Den";2018;"s23835";7
"2651";"Summit_Den";2014;"s15142";7
"2652";"Summit_Den";2014;"s15144";7
"2653";"Summit_Den";2014;"s15179";7
"2654";"Sunrise_Valley_Communal_Den/Natal_Den";2002;"t36314";7
"2655";"Sunrise_Valley_Communal_Den/Natal_Den";2002;"t36371";7
"2656";"Superstar_Den";2021;"s115145";7
"2657";"Superstar_Den";2021;"s115146";7
"2658";"Superstar_Den";2021;"s115148";7
"2659";"Superstar_Den";2021;"s115155";7
"2660";"Superstar_Den_2";2021;"s115185";7
"2661";"Superstar_Den_2";2021;"s115190";7
"2662";"Superstar_Den_2";2021;"s115199";7
"2663";"Superstar_Den_2";2021;"s115446";7
"2664";"Superstar_Den_2";2021;"s115449";7
"2665";"Superstar_Den_2";2021;"s115465";7
"2666";"Superstar_Den_2";2021;"s115471";7
"2667";"Superstar_Den_2";2021;"s115473";7
"2668";"Suzi_Den";2011;"s4952";7
"2669";"Suzi_Den";2011;"s5071";7
"2670";"Suzi_Den";2011;"s5086";7
"2671";"Suzi_Den";2011;"s5114";7
"2672";"Suzi_Den";2011;"s5138";7
"2673";"Suzi_Den";2011;"s5164";7
"2674";"Suzi_Den_3";2017;"s21703";7
"2675";"Suzi_Den_3";2017;"s21938.1";7
"2676";"Suzi_Den_3";2017;"s21981";7
"2677";"Suzi_Den_3";2017;"s21994";7
"2678";"Suzi_Den_3";2017;"s22009";7
"2679";"Temple_of_Artemis_Den";2014;"s15042";7
"2680";"Texarkana_Den";2017;"s21194";7
"2681";"Tigris_Den";2014;"s12835";7
"2682";"Tigris_Den";2014;"s12921";7
"2683";"Tijuana_Den";2020;"s111015";7
"2684";"Tijuana_Den";2020;"s111065";7
"2685";"Tijuana_Den";2020;"s111073";7
"2686";"Tijuana_Den";2020;"s111080";7
"2687";"Tijuana_Den";2020;"s111087";7
"2688";"Tijuana_Den";2020;"s111120";7
"2689";"Tijuana_Den";2020;"s111131";7
"2690";"Tijuana_Den";2020;"s111139";7
"2691";"Twix_Den";2011;"s5069";7
"2692";"Twix_Den_2";2020;"s110818";7
"2693";"Twix_Den_2";2020;"s110906";7
"2694";"Twix_Den_2";2020;"s110920";7
"2695";"Ugli_Den";2017;"s21530";7
"2696";"Ugli_Den";2017;"s21532";7
"2697";"Ugli_Den";2017;"s21544";7
"2698";"Ugli_Den";2017;"s21556";7
"2699";"Ugli_Den";2017;"s21669";7
"2700";"Uproar_Den";2016;"s20448";7
"2701";"Vaasa_Den";2012;"s7307";7
"2702";"Vaasa_Den";2012;"s7314";7
"2703";"Vaasa_Den";2012;"s7316";7
"2704";"Vaasa_Den";2012;"s8079";7
"2705";"Villa_Den";2019;"t107132";7
"2706";"Villa_Den";2019;"t107174";7
"2707";"Villa_Den";2019;"t107239";7
"2708";"Villa_Den";2019;"t107266";7
"2709";"Villa_Den";2019;"t107531";7
"2710";"Villa_Den_2";2019;"t107551";7
"2711";"Villa_Den_2";2019;"t108068";7
"2712";"Villa_Den_2";2019;"t108072";7
"2713";"Whomping_Willow_Den";2017;"s22946";7
"2714";"Whomping_Willow_Den";2018;"s23078";7
"2715";"Whomping_Willow_Den";2018;"s23112";7
"2716";"Whomping_Willow_Den";2018;"s23146";7
"2717";"Whooping_Cami_Den";2014;"s13134";7
"2718";"Whooping_Cami_Den";2014;"s13145";7
"2719";"Whooping_Cami_Den";2014;"s13173";7
"2720";"Whooping_Cami_Den";2015;"s16014";7
"2721";"Whooping_Cami_Den";2015;"s16015";7
"2722";"Whooping_Cami_Den";2015;"s16018";7
"2723";"Whooping_Cami_Den";2015;"s16046";7
"2724";"Whooping_Cami_Den";2015;"s16062";7
"2725";"Whooping_Cami_Den";2015;"s16087.10";7
"2726";"Whooping_Cami_Den";2015;"s16096";7
"2727";"Whooping_Cami_Den";2015;"s16100";7
"2728";"Whooping_Cami_Den";2015;"s16102";7
"2729";"Whooping_Cami_Den";2015;"s16104";7
"2730";"Whooping_Cami_Den";2015;"s16124";7
"2731";"Whooping_Cami_Den";2015;"s16145";7
"2732";"Whooping_Cami_Den";2015;"s16155";7
"2733";"Whooping_Cami_Den";2015;"s16158";7
"2734";"Whooping_Cami_Den";2015;"s16166";7
"2735";"Whooping_Cami_Den";2015;"s16176";7
"2736";"Whooping_Cami_Den";2015;"s16208";7
"2737";"Whooping_Cami_Den";2015;"s16213";7
"2738";"Whooping_Cami_Den";2015;"s16614";7
"2739";"Wicked_Den";2007;"t60932";7
"2740";"Wild_Berry_Den";2023;"s117119";7
"2741";"Windsor_Den";2012;"s9491";7
"2742";"Windsor_Den";2012;"s9493";7
"2743";"Windsor_Den";2012;"s9497";7
"2744";"Windsor_Den";2012;"s9508";7
"2745";"Windsor_Den";2012;"s9509.2";7
"2746";"Windsor_Den";2015;"s17852";7
"2747";"Windsor_Den";2017;"s21185";7
"2748";"Windsor_Den";2017;"s21220";7
"2749";"Windsor_Den";2017;"s21228";7
"2750";"Windsor_Den";2017;"s21235";7
"2751";"Zeus_Den";2014;"s14972";7
"2752";"Aarhus_Den";2011;"s6129.7";6
"2753";"Airstrip_Den";2009;"s2176";6
"2754";"Airstrip_Den";2009;"s2187";6
"2755";"Airstrip_Den";2009;"s2188";6
"2756";"Alamo_Den";2011;"s7390";6
"2757";"Alamo_Den";2011;"s7509.1";6
"2758";"Alamo_Natal_Den";2010;"t70814";6
"2759";"Alamo_Natal_Den";2010;"t70821";6
"2760";"Alamo_Natal_Den";2010;"t70829";6
"2761";"Alamo_Natal_Den";2010;"t70856";6
"2762";"Alamo_Natal_Den";2010;"t70984";6
"2763";"Albatross_Den";2018;"s23546";6
"2764";"All_Hallows'_Eve_Den";2018;"s23752";6
"2765";"All_Hallows'_Eve_Den";2018;"s23760";6
"2766";"All_Hallows'_Eve_Den";2019;"s24788";6
"2767";"All_Hallows'_Eve_Den";2019;"s24793";6
"2768";"All_Hallows'_Eve_Den";2019;"s24806";6
"2769";"All_Hallows'_Eve_Den";2019;"s24819";6
"2770";"All_Hallows'_Eve_Den";2019;"s24822";6
"2771";"All_Hallows'_Eve_Den";2019;"s24835";6
"2772";"All_Hallows'_Eve_Den";2019;"s24842";6
"2773";"All_Hallows'_Eve_Den";2019;"s24857";6
"2774";"All_Hallows'_Eve_Den";2019;"s24863";6
"2775";"All_Hallows'_Eve_Den";2019;"s24865";6
"2776";"All_Hallows'_Eve_Den";2019;"s24881";6
"2777";"All_Hallows'_Eve_Den";2019;"s24898";6
"2778";"Angry_Ele_Den";2017;"s21738";6
"2779";"Angry_Ele_Den";2017;"s21740";6
"2780";"Angry_Ele_Den";2017;"s21742";6
"2781";"Angry_Ele_Den";2017;"s21763";6
"2782";"Angry_Ele_Den";2017;"s21815";6
"2783";"Angry_Ele_Den";2017;"s21817";6
"2784";"Argon's_Natal_Den_2014";2014;"t87532";6
"2785";"Argon's_Natal_Den_2014";2014;"t87552";6
"2786";"Argon's_Natal_Den_2014";2014;"t87631";6
"2787";"Argon's_Natal_Den_2014";2014;"t87633";6
"2788";"Armani_Den";2019;"s109934";6
"2789";"Banana_Tree_Communal_Den";2007;"t60396";6
"2790";"Bastion_Den";2016;"s20319";6
"2791";"Beanie_Baby_Den";2023;"s117966";6
"2792";"Beanie_Baby_Den";2023;"s118036";6
"2793";"Beanie_Baby_Den";2023;"s118071";6
"2794";"Beanie_Baby_Den";2023;"s132058";6
"2795";"Beanie_Baby_Den";2023;"s132093";6
"2796";"Beanie_Baby_Den";2023;"s132095";6
"2797";"Benedict_Den";2011;"s6708";6
"2798";"Benedict_Den";2011;"s6721";6
"2799";"Benedict_Den";2011;"s6748";6
"2800";"Benedict_Den";2011;"s6771";6
"2801";"Bergen_Den";2011;"s6871";6
"2802";"Bergen_Den";2011;"s6900";6
"2803";"Big_Bush_Communal_Den";2017;"t99451";6
"2804";"Big_Bush_Communal_Den";2017;"t99470";6
"2805";"Big_Bush_Communal_Den";2017;"t99544";6
"2806";"Big_Bush_Den";2011;"t75135";6
"2807";"Big_Bush_Den";2012;"t75235";6
"2808";"Big_Sky_Den";2009;"s3850";6
"2809";"Big_Sky_Den";2009;"s3851";6
"2810";"Big_Sky_Den";2023;"s116937";6
"2811";"Big_Sky_Den_2";2023;"s116649";6
"2812";"Boone_Den";2014;"s14640";6
"2813";"Boone_Den";2014;"s14647";6
"2814";"Boulevard_Den";2008;"t63206";6
"2815";"Boulevard_Den";2008;"t63211";6
"2816";"Boulevard_Den";2008;"t63252";6
"2817";"Boulevard_Den";2008;"t63279";6
"2818";"Boulevard_Den";2008;"t63294";6
"2819";"Boulevard_Den";2008;"t63777";6
"2820";"Bumps_Den";2023;"S117688";6
"2821";"Burning_Den";2021;"s114913";6
"2822";"Burning_Den";2021;"s114918";6
"2823";"Burning_Den";2021;"s114930";6
"2824";"Burning_Den";2021;"s114942";6
"2825";"Burning_Den";2021;"s115024";6
"2826";"Burning_Den";2021;"s115048";6
"2827";"Burning_Den";2021;"s115052";6
"2828";"Cannibal_Cami_Den";2014;"s13059.1";6
"2829";"Cannibal_Cami_Den";2014;"s13066";6
"2830";"Cannibal_Cami_Den";2015;"s16340";6
"2831";"Cannibal_Cami_Den";2015;"s16382";6
"2832";"Cannibal_Cami_Den";2015;"s16641";6
"2833";"Cannibal_Cami_Den";2015;"s16820";6
"2834";"Cannibal_Cami_Den";2015;"s16822";6
"2835";"Cannibal_Cami_Den";2015;"s16832";6
"2836";"Cannibal_Cami_Den";2015;"s16962";6
"2837";"Central_Park_Communal_Den";2013;"t80489";6
"2838";"Central_Park_Communal_Den";2013;"t80565";6
"2839";"Central_Park_Communal_Den";2013;"t80585";6
"2840";"Central_Park_Communal_Den";2013;"t80615";6
"2841";"Central_Park_Communal_Den";2013;"t80700";6
"2842";"Central_Park_Communal_Den";2013;"t80809";6
"2843";"Central_Park_Communal_Den";2013;"t81567";6
"2844";"Central_Park_Communal_Den";2013;"t81913";6
"2845";"Central_Park_Communal_Den";2013;"t82250";6
"2846";"Central_Park_Communal_Den";2018;"t102125";6
"2847";"Changra_Den";2023;"s117091";6
"2848";"Chex_Den";2011;"s6796";6
"2849";"Cinnabon_Den";2013;"s11024";6
"2850";"Clamor_Den";2016;"s20456";6
"2851";"Cliff_Den";2018;"t104145";6
"2852";"Cliff_Den";2018;"t104178";6
"2853";"Cliff_Den";2018;"t104186";6
"2854";"Cliff_Den";2018;"t104742";6
"2855";"Cliff_Den";2018;"t104772";6
"2856";"Cliff_Den_2";2019;"t106046";6
"2857";"Cocobeach_Den";2011;"s7287";6
"2858";"Coincidence_Den_2";2023;"s117408";6
"2859";"Coincidence_Den_2";2023;"s117410";6
"2860";"Colossus_of_Rhodes_Den";2015;"s15413";6
"2861";"Colossus_of_Rhodes_Den";2015;"s15432";6
"2862";"Colossus_of_Rhodes_Den";2016;"s19905.1";6
"2863";"Confusing_Den_2";2019;"t108125.1";6
"2864";"Copenhagen_Den";2011;"s6073";6
"2865";"Copenhagen_Den";2011;"s6127";6
"2866";"Crepes_Den";2011;"s6645";6
"2867";"Crocodile_Den";2010;"t69959";6
"2868";"Croton_Edge_Communal_Den";2010;"t70409";6
"2869";"Croton_Edge_Communal_Den";2010;"t70461";6
"2870";"Croton_Edge_Communal_Den";2010;"t71754";6
"2871";"Croton_Edge_Communal_Den";2010;"t71760";6
"2872";"Croton_Edge_Communal_Den";2012;"t78122";6
"2873";"Croton_Edge_Communal_Den";2012;"t78145";6
"2874";"Croton_Edge_Communal_Den";2019;"t111449";6
"2875";"Croton_Edge_Communal_Den";2019;"t111489";6
"2876";"Crunk_Den";2018;"s23484";6
"2877";"Crunk_Den";2018;"s23502";6
"2878";"Crunk_Den";2018;"s23709";6
"2879";"Crunk_Den_2";2018;"s23516.1";6
"2880";"Culvert_City_Den";2018;"s24069";6
"2881";"Culvert_City_Den";2018;"s24075";6
"2882";"Culvert_City_Den";2018;"s24078";6
"2883";"Culvert_City_Den";2018;"s24081";6
"2884";"Culvert_City_Den";2018;"s24082";6
"2885";"Culvert_City_Den";2018;"s24083";6
"2886";"DOC_Communal_Den";2014;"t87112";6
"2887";"DOC_Communal_Den";2014;"t87172";6
"2888";"DOC_Communal_Den";2014;"t87556";6
"2889";"DOC_Communal_Den";2014;"t87607";6
"2890";"DOC_Communal_Den";2014;"t87875";6
"2891";"DOC_Communal_Den";2014;"t88758";6
"2892";"DOC_Communal_Den";2014;"t88774";6
"2893";"DOC_Communal_Den";2014;"t88856";6
"2894";"DOC_Communal_Den";2015;"t89940";6
"2895";"DOC_Communal_Den";2015;"t89961";6
"2896";"DOC_Communal_Den";2015;"t89993";6
"2897";"DOC_Communal_Den";2015;"t90041";6
"2898";"DOC_Communal_Den";2015;"t90101";6
"2899";"DOC_Communal_Den";2015;"t90116";6
"2900";"DOC_Communal_Den";2016;"t97716";6
"2901";"DOC_Den_2";2014;"t87392";6
"2902";"DOC_Den_2";2014;"t87409";6
"2903";"DOC_Den_2";2014;"t87733";6
"2904";"DOC_Den_2";2014;"t89051";6
"2905";"DOC_Den_2";2017;"t100351";6
"2906";"DOC_Den_2";2017;"t100384";6
"2907";"DOC_Den_2";2017;"t100641";6
"2908";"DOC_Den_2";2017;"t100651";6
"2909";"DOC_Den_2";2017;"t100676";6
"2910";"Dave's_Den";2010;"t70059";6
"2911";"Dave's_Den";2010;"t70093";6
"2912";"Dave's_Den";2010;"t70228";6
"2913";"Dave's_Den";2010;"t70655";6
"2914";"Dave's_Den";2010;"t70716";6
"2915";"Dave's_Den";2011;"t72481";6
"2916";"Dave's_Den";2011;"t72484";6
"2917";"Dave's_Den";2011;"t72544";6
"2918";"Dave's_Den";2011;"t73067";6
"2919";"Dave's_Den";2011;"t73092";6
"2920";"Dave's_Den";2011;"t73742";6
"2921";"Dave's_Den";2011;"t73763";6
"2922";"Dave's_Den";2011;"t73800";6
"2923";"Dave's_Den";2011;"t73811";6
"2924";"Dave's_Den";2011;"t73830";6
"2925";"Dave's_Den";2011;"t73855";6
"2926";"Dave's_Den";2012;"t78310";6
"2927";"Dave's_Den";2013;"t82912";6
"2928";"Dave's_Den";2013;"t82929";6
"2929";"Dave's_Den";2013;"t82931";6
"2930";"Dave's_Den";2014;"t86187";6
"2931";"Dave's_Den";2014;"t86201";6
"2932";"Dave's_Den";2014;"t86216";6
"2933";"Dave's_Den";2014;"t86634";6
"2934";"Dave's_Den";2014;"t88145";6
"2935";"Dave's_Den";2014;"t88215";6
"2936";"Dave's_Den";2014;"t88319";6
"2937";"Dave's_Den";2015;"t90945";6
"2938";"Dave's_Den";2015;"t90998";6
"2939";"Dave's_Den";2015;"t91002";6
"2940";"Dave's_Den";2015;"t91019";6
"2941";"Dave's_Den";2015;"t91039";6
"2942";"Dave's_Den";2015;"t91231";6
"2943";"Dave's_Den";2015;"t91387";6
"2944";"Dave's_Den";2015;"t91774";6
"2945";"Dave's_Den";2015;"t91796";6
"2946";"Dave's_Den";2015;"t91809";6
"2947";"Dave's_Den";2015;"t92012";6
"2948";"Dave's_Den";2015;"t92263";6
"2949";"Dave's_Den";2016;"t94888";6
"2950";"Dave's_Den";2016;"t94910";6
"2951";"Dave's_Den";2016;"t95116";6
"2952";"Dave's_Den";2019;"t111355";6
"2953";"Dave_Den";2017;"t98549.1";6
"2954";"Dave_Den";2017;"t98845.1";6
"2955";"Dave_Den";2022;"t132465";6
"2956";"Dawn_Den_2";2022;"S116076";6
"2957";"DeGaulle_Den";2009;"s1769";6
"2958";"DeGaulle_Den";2009;"s1775";6
"2959";"DeGaulle_Den";2009;"s1802";6
"2960";"DeGaulle_Den";2009;"s1839";6
"2961";"DeGaulle_Den";2009;"s1877";6
"2962";"DeGaulle_Den";2013;"s10950";6
"2963";"DeGaulle_Den";2019;"s109140";6
"2964";"DeGaulle_Den";2023;"s132164";6
"2965";"DeGaulle_Den";2023;"s132206";6
"2966";"DeGaulle_Den";2023;"s132215";6
"2967";"DeGaulle_Den";2023;"s132230";6
"2968";"DeGaulle_Den_II";2009;"s1908";6
"2969";"Defenestrate_Den";2015;"s15539";6
"2970";"Defenestrate_Den";2015;"s15544";6
"2971";"Defenestrate_Den";2015;"s15559";6
"2972";"Defenestrate_Den";2015;"s15561";6
"2973";"Defenestrate_Den";2015;"s15572";6
"2974";"Defenestrate_Den";2015;"s15573";6
"2975";"Defenestrate_Den";2015;"s17641";6
"2976";"Dharma_Den";2010;"s4247";6
"2977";"Dharma_Den";2010;"s4249";6
"2978";"Dharma_Den";2010;"s4251";6
"2979";"Dharma_Den";2010;"s4253";6
"2980";"Dharma_Den";2010;"s4254";6
"2981";"Diagon_Alley_Den";2010;"s3124";6
"2982";"Diagon_Alley_Den";2017;"s22462";6
"2983";"Diagon_Alley_Den";2017;"s22472";6
"2984";"Dicks_Den";2014;"t86037";6
"2985";"Dicks_Den";2014;"t86068";6
"2986";"Dicks_Den";2014;"t86435";6
"2987";"Dicks_Den";2014;"t86806";6
"2988";"Dicks_Den";2014;"t86843";6
"2989";"Dicks_Den";2014;"t86987";6
"2990";"Dicks_Den";2014;"t87002";6
"2991";"Dicks_Den";2014;"t88561";6
"2992";"Dicks_Den";2014;"t88687";6
"2993";"Dicks_Den";2015;"t92331";6
"2994";"Dicks_Den";2017;"t100311";6
"2995";"Dicks_Den";2017;"t100671";6
"2996";"Dicks_Den";2017;"t100706";6
"2997";"Dicks_Den";2017;"t100728";6
"2998";"Dicks_Den";2017;"t98286";6
"2999";"Dicks_Den";2017;"t98584";6
"3000";"Doom's_Day_Den";2003;"t39816";6
"3001";"Doom's_Day_Den_2";2019;"t105636";6
"3002";"Doom's_Day_Den_2";2019;"t105775";6
"3003";"Doom's_Day_Den_2";2019;"t105806";6
"3004";"Dudu_Den";2009;"s3925";6
"3005";"Dudu_Den";2009;"s3938";6
"3006";"Dudu_Den";2015;"s15330";6
"3007";"Dudu_Den";2015;"s15338";6
"3008";"Dudu_Den";2015;"s15354";6
"3009";"Emma_Natal_Den_2_2012";2012;"s8519";6
"3010";"Emma_Natal_Den_2_2012";2012;"s8536";6
"3011";"Emma_Natal_Den_2_2012";2012;"s8547";6
"3012";"Euphrates_Den";2015;"s16262";6
"3013";"Extortion_Den";2016;"s20478";6
"3014";"Fever_Tree_Natal_Den/Communal_Den_Complex";2002;"t36484";6
"3015";"Fever_Tree_Natal_Den/Communal_Den_Complex";2002;"t36542";6
"3016";"Fever_Tree_Natal_Den/Communal_Den_Complex";2002;"t36554";6
"3017";"Fever_Tree_Natal_Den/Communal_Den_Complex";2002;"t36576";6
"3018";"Fever_Tree_Natal_Den/Communal_Den_Complex";2002;"t36613";6
"3019";"Fever_Tree_Natal_Den/Communal_Den_Complex";2002;"t36633";6
"3020";"Fever_Tree_Natal_Den/Communal_Den_Complex";2002;"t36718";6
"3021";"Fever_Tree_Natal_Den/Communal_Den_Complex";2002;"t36728";6
"3022";"Fever_Tree_Natal_Den/Communal_Den_Complex";2002;"t36748";6
"3023";"Fever_Tree_Natal_Den/Communal_Den_Complex";2002;"t36766";6
"3024";"Fever_Tree_Natal_Den/Communal_Den_Complex";2002;"t36773";6
"3025";"Fever_Tree_Natal_Den/Communal_Den_Complex";2002;"t36774";6
"3026";"Fever_Tree_Natal_Den/Communal_Den_Complex";2003;"t36802";6
"3027";"Fever_Tree_Natal_Den/Communal_Den_Complex";2003;"t36850";6
"3028";"Fever_Tree_Natal_Den/Communal_Den_Complex";2003;"t36918";6
"3029";"Fever_Tree_Natal_Den/Communal_Den_Complex";2003;"t37002";6
"3030";"Fever_Tree_Natal_Den/Communal_Den_Complex";2003;"t37248";6
"3031";"Fever_Tree_Natal_Den/Communal_Den_Complex";2003;"t37760";6
"3032";"Fever_Tree_Natal_Den/Communal_Den_Complex";2003;"t39445";6
"3033";"Fever_Tree_Natal_Den/Communal_Den_Complex";2003;"t39572";6
"3034";"Fever_Tree_Natal_Den/Communal_Den_Complex";2003;"t40019";6
"3035";"Fever_Tree_Natal_Den/Communal_Den_Complex";2003;"t40064";6
"3036";"Fever_Tree_Natal_Den/Communal_Den_Complex";2003;"t40105";6
"3037";"Fever_Tree_Natal_Den/Communal_Den_Complex";2003;"t40256";6
"3038";"Fever_Tree_Natal_Den/Communal_Den_Complex";2004;"t43848";6
"3039";"Fever_Tree_Natal_Den/Communal_Den_Complex";2004;"t43948";6
"3040";"Flapjack_Den";2013;"s10723";6
"3041";"Flapjack_Den";2013;"s10738";6
"3042";"Flintstone_Den";2015;"t93219";6
"3043";"Flintstone_Den";2017;"t101146";6
"3044";"Flintstone_Den";2017;"t101179";6
"3045";"Flintstone_Den";2017;"t101205";6
"3046";"Flintstone_Den";2017;"t101332";6
"3047";"Flintstone_Den";2017;"t101574";6
"3048";"Gettysburg_Den";2013;"s12393";6
"3049";"Gila_River_Den_II";2010;"s1251";6
"3050";"Gila_River_Den_II";2010;"s1274";6
"3051";"Gila_River_Den_III";2010;"s1308";6
"3052";"Grits_Den";2011;"s6482";6
"3053";"Guava_Den";2015;"s16762";6
"3054";"Guava_Den";2020;"s110966";6
"3055";"Guca_Den";2012;"s8212";6
"3056";"Hanging_Gardens_Den";2009;"s3541";6
"3057";"Hanging_Gardens_Den";2019;"s110295";6
"3058";"Holy_Grail_Den";2011;"s7522";6
"3059";"Holy_Grail_Den";2011;"s7531";6
"3060";"Holy_Grail_Den";2013;"s12212";6
"3061";"Holy_Grail_Den";2013;"s12238";6
"3062";"Holy_Grail_Den";2013;"s12269";6
"3063";"Holy_Grail_Den";2013;"s12379";6
"3064";"Houdini_Den";2016;"s18949";6
"3065";"Houdini_Den";2016;"s18990";6
"3066";"Houdini_Den";2016;"s18991";6
"3067";"IAT_Den";2010;"s3223";6
"3068";"IAT_Den";2014;"s14325";6
"3069";"IAT_Den";2014;"s14326";6
"3070";"IAT_Den";2014;"s14466";6
"3071";"IAT_Den";2015;"s15679";6
"3072";"IAT_Den";2015;"s15688";6
"3073";"IAT_Den";2015;"s15703";6
"3074";"IAT_Den";2015;"s15712";6
"3075";"IAT_Den";2015;"s17202";6
"3076";"IAT_Den";2015;"s17236";6
"3077";"IAT_Den";2015;"s18057";6
"3078";"IAT_Den";2016;"s18581";6
"3079";"IAT_Den";2016;"s18797";6
"3080";"IAT_Den";2017;"s21303";6
"3081";"IAT_Den";2017;"s21316";6
"3082";"IAT_Den";2017;"s22237";6
"3083";"IAT_Den";2017;"s22408";6
"3084";"IAT_Den";2017;"s22413";6
"3085";"IAT_Den";2017;"s22427";6
"3086";"IAT_Den";2017;"s22828";6
"3087";"IAT_Den";2017;"s22842";6
"3088";"IAT_Den";2017;"s22855";6
"3089";"IAT_Den";2017;"s22858";6
"3090";"IAT_Den";2017;"s22870";6
"3091";"IAT_Den";2017;"s22881";6
"3092";"IAT_Den";2017;"s22889";6
"3093";"IAT_Den";2017;"s22911";6
"3094";"IAT_Den";2017;"s22926";6
"3095";"IAT_Den";2017;"s22930";6
"3096";"IAT_Den";2018;"s23456";6
"3097";"IAT_Den";2018;"s24238";6
"3098";"Ice_Age_Den";2011;"s5144";6
"3099";"J_Fab_Den";2015;"s15723";6
"3100";"J_Fab_Den";2015;"s15740";6
"3101";"J_Fab_Den";2015;"s15749.1";6
"3102";"J_Fab_Den";2015;"s15835";6
"3103";"J_Fab_Den";2015;"s15938";6
"3104";"J_Fab_Den";2017;"s21045";6
"3105";"J_Fab_Den";2017;"s21049";6
"3106";"J_Fab_Den";2017;"s21055";6
"3107";"J_Fab_Den";2017;"s21295";6
"3108";"J_Fab_Den";2017;"s22269";6
"3109";"Jackson's_Hole_Den";2009;"s3821";6
"3110";"Jackson's_Hole_Den";2014;"s15101.4";6
"3111";"Jalapeno_Den";2019;"s110342";6
"3112";"Judith_Den";2017;"s20946";6
"3113";"Judith_Den";2017;"s20973";6
"3114";"Judith_Den";2017;"s20976";6
"3115";"Judith_Den";2023;"s117150";6
"3116";"K6_Den";2011;"t72593";6
"3117";"Kinda-See-Em_Den";2006;"t56634";6
"3118";"Kinda-See-Em_Den";2006;"t58926";6
"3119";"Kinda-See-Em_Den";2006;"t58981";6
"3120";"Kinda-See-Em_Den";2008;"t62766";6
"3121";"Kinda-See-Em_Den";2008;"t62773";6
"3122";"Kinda-See-Em_Den";2008;"t63109";6
"3123";"Kinda-See-Em_Den";2008;"t63325";6
"3124";"Kinda-See-Em_Den";2008;"t63965";6
"3125";"Kinda-See-Em_Den";2013;"t82987";6
"3126";"Kinda-See-Em_Den";2013;"t84653";6
"3127";"Kinda-See-Em_Den";2013;"t84736";6
"3128";"Kinda-See-Em_Den";2013;"t84811";6
"3129";"Kinda_See_Em_Den_Two";2010;"t68981";6
"3130";"Kinda_See_Em_Den_Two";2011;"t71973";6
"3131";"Kinda_See_Em_Den_Two";2011;"t72019";6
"3132";"Kinda_See_Em_Den_Two";2011;"t72039";6
"3133";"Kinda_See_Em_Den_Two";2012;"t76066";6
"3134";"Kinda_See_Em_Den_Two";2012;"t76091";6
"3135";"Kinda_See_Em_Den_Two";2012;"t76112";6
"3136";"Kinda_See_Em_Den_Two";2012;"t76114";6
"3137";"Kit_Kat_Den";2016;"s18471";6
"3138";"Kit_Kat_Den";2016;"s18475";6
"3139";"Kit_Kat_Den";2016;"s18486";6
"3140";"Kit_Kat_Den";2016;"s18499";6
"3141";"Kit_Kat_Den";2016;"s18501";6
"3142";"Kit_Kat_Den";2016;"s19549";6
"3143";"Kit_Kat_Den";2016;"s19578";6
"3144";"Kit_Kat_Den";2016;"s19617";6
"3145";"Kit_Kat_Den";2016;"s19624";6
"3146";"Kit_Kat_Den";2016;"s19641";6
"3147";"Kit_Kat_Den";2016;"s19658";6
"3148";"Kit_Kat_Den";2016;"s19685";6
"3149";"Kit_Kat_Den";2016;"s19708";6
"3150";"Kit_Kat_Den";2016;"s19720";6
"3151";"Kit_Kat_Den";2016;"s19721";6
"3152";"Kit_Kat_Den";2016;"s19744";6
"3153";"Kit_Kat_Den";2016;"s19755";6
"3154";"Kit_Kat_Den";2016;"s19764";6
"3155";"Kit_Kat_Den";2016;"s19769";6
"3156";"Kit_Kat_Den";2016;"s19770";6
"3157";"Kit_Kat_Den";2016;"s19773";6
"3158";"Kit_Kat_Den";2016;"s19775";6
"3159";"Kit_Kat_Den";2016;"s19789";6
"3160";"Kit_Kat_Den";2016;"s19790.1";6
"3161";"Kit_Kat_Den";2016;"s19798";6
"3162";"Kit_Kat_Den";2016;"s19815";6
"3163";"Kit_Kat_Den";2016;"s19816";6
"3164";"Kit_Kat_Den";2016;"s19838";6
"3165";"Kolding_Den";2011;"s6923";6
"3166";"Kolding_Den";2011;"s6983";6
"3167";"Kolding_Den";2011;"s7006";6
"3168";"Lala_Den";2006;"t58164";6
"3169";"Lala_Den";2006;"t58210";6
"3170";"Lala_Den";2006;"t58264";6
"3171";"Lala_Den";2006;"t58281";6
"3172";"Lala_Den";2006;"t58421";6
"3173";"Lala_Den";2006;"t58454";6
"3174";"Lala_Den";2006;"t58541";6
"3175";"Landscape_Den";2019;"t106158";6
"3176";"Larceny_Den";2010;"s1237";6
"3177";"Library_of_Alexandria_Den";2015;"s15474";6
"3178";"Lilac_Breasted_Roller_Den";2019;"s109976";6
"3179";"Lilac_Breasted_Roller_Den";2019;"s109981";6
"3180";"Lilac_Breasted_Roller_Den";2019;"s110339";6
"3181";"Log_Cabin's_Culvert_Den";2023;"s117836";6
"3182";"Log_Cabin's_Culvert_Den";2023;"s117839";6
"3183";"Log_Cabin's_Culvert_Den";2023;"s117861";6
"3184";"Lone_Elephant_Den_4";2022;"s115648";6
"3185";"Lucky_Leopard_Den";2014;"t87966";6
"3186";"Lucky_Leopard_Den";2014;"t88302";6
"3187";"Lucky_Leopard_Den";2014;"t88329";6
"3188";"Lucky_Leopard_Den";2016;"t94673";6
"3189";"Lugga_Den";2017;"s21847";6
"3190";"Lugga_Den";2017;"s21851";6
"3191";"Lugga_Den";2017;"s21854";6
"3192";"Lugga_Den";2017;"s21856";6
"3193";"Lugga_Den";2017;"s21888";6
"3194";"Lugga_Den";2017;"s21893";6
"3195";"Lugga_Den";2017;"s21899";6
"3196";"Lugga_Den";2017;"s21913";6
"3197";"Lugga_Den2";2017;"s21859";6
"3198";"Lugga_Den2";2017;"s21881";6
"3199";"Lugga_Den_II";2019;"s109904";6
"3200";"Lugga_Den_II";2019;"s109913";6
"3201";"Lugga_Den_II";2019;"s109929";6
"3202";"Lugga_Den_II";2022;"S116343";6
"3203";"Lugga_Den_II";2022;"S116370";6
"3204";"Lugga_Den_II";2022;"S116384";6
"3205";"Lugga_Den_II";2022;"S116387";6
"3206";"Lugga_Den_lll";2017;"s21866";6
"3207";"Lugga_Den_lll";2017;"s21869";6
"3208";"Maggie_Den";2014;"t87596";6
"3209";"Magic_Bush_Den";2014;"t85274";6
"3210";"Magic_Bush_Den";2018;"t104246";6
"3211";"Magic_Bush_Den";2018;"t104616";6
"3212";"Magic_Bush_Den";2018;"t104631";6
"3213";"Malmö_Den";2012;"s8099";6
"3214";"Meatloaf_Den";2015;"s17795.1";6
"3215";"Meatloaf_Den";2015;"s17799.1";6
"3216";"Meatloaf_Den";2015;"s17821";6
"3217";"Meatloaf_Den";2017;"s23010";6
"3218";"Merry_Christmas_Den";2012;"s8591";6
"3219";"Merry_Christmas_Den";2013;"s9838";6
"3220";"Migration_Den";2023;"S117714";6
"3221";"Migration_Den";2023;"s117320";6
"3222";"Migration_Den";2023;"s117333";6
"3223";"Migration_Den";2023;"s117339.1";6
"3224";"Mindy's_Den";2013;"s10137";6
"3225";"Moat_Den";2016;"s20249";6
"3226";"Moonset_Den";2015;"s16934";6
"3227";"Mountaineer_Den";2018;"t102039.10";6
"3228";"Mountaineer_Den";2018;"t102869";6
"3229";"Mountaineer_Den";2018;"t102909";6
"3230";"Mountaineer_Den";2018;"t102940.1";6
"3231";"Mountaineer_Den";2018;"t103028";6
"3232";"Mountaineer_Den";2018;"t103100";6
"3233";"Mountaineer_Den";2018;"t104018";6
"3234";"Mountaineer_Den";2018;"t104294";6
"3235";"Mountaineer_Den";2018;"t104323";6
"3236";"Mountaineer_Den";2018;"t104339";6
"3237";"Mountaineer_Den";2018;"t104345";6
"3238";"Mountaineer_Den";2018;"t104361";6
"3239";"Mountaineer_Den";2018;"t104464";6
"3240";"Mountaineer_Den";2018;"t104525";6
"3241";"Mountaineer_Den";2018;"t104571";6
"3242";"Mountaineer_Den";2018;"t104597";6
"3243";"Mtafiti_Fisi_Good_Day_Den";2018;"s23652";6
"3244";"Mtafiti_Fisi_Good_Day_Den";2018;"s23653";6
"3245";"Mtafiti_Fisi_Good_Day_Den";2018;"s23656";6
"3246";"Mtafiti_Fisi_Good_Day_Den";2018;"s23669";6
"3247";"Mtafiti_Fisi_Good_Day_Den";2018;"s23674";6
"3248";"Mtafiti_Fisi_Good_Day_Den";2018;"s23681";6
"3249";"Mtafiti_Fisi_Good_Day_Den";2018;"s23685";6
"3250";"Mtafiti_Fisi_Good_Day_Den";2018;"s23691";6
"3251";"Mtafiti_Fisi_Good_Day_Den";2018;"s23694";6
"3252";"Mtafiti_Fisi_Good_Day_Den";2018;"s23699";6
"3253";"Mtafiti_Fisi_Good_Day_Den";2018;"s23700";6
"3254";"Mtafiti_Fisi_Good_Day_Den";2018;"s24064";6
"3255";"NUDI's_Den";2019;"t111346";6
"3256";"National_Cornchip_Day_Den";2013;"s10299";6
"3257";"National_Cornchip_Day_Den";2013;"s10303";6
"3258";"National_Cornchip_Day_Den";2013;"s9923";6
"3259";"National_Cornchip_Day_Den";2013;"s9973";6
"3260";"No_See_Em_Den";2005;"t51035";6
"3261";"No_See_Em_Den";2005;"t51266";6
"3262";"No_See_Em_Den";2005;"t51493";6
"3263";"No_See_Em_Den";2005;"t51705";6
"3264";"No_See_Em_Den";2005;"t51763";6
"3265";"No_See_Em_Den";2005;"t52128";6
"3266";"No_See_Em_Den";2005;"t52267";6
"3267";"No_See_Em_Den";2005;"t52322";6
"3268";"Nogales_Den";2016;"s20851";6
"3269";"Nogales_Den";2016;"s20856";6
"3270";"Nogales_Den";2019;"s110455";6
"3271";"Nomadic_Den";2015;"t92341";6
"3272";"Nomadic_Den";2015;"t92420";6
"3273";"Nyumba_Ndege_Den";2011;"s6300";6
"3274";"Nyumba_Ndege_Den";2011;"s6303";6
"3275";"Nyumba_Ndege_Den";2011;"s6349";6
"3276";"Nyumba_Ndege_Den";2011;"s6362";6
"3277";"Oceanic_Den";2009;"s3814";6
"3278";"Oceanic_Den";2014;"s15061";6
"3279";"Oceanic_Den";2014;"s15085";6
"3280";"Oceanic_Den";2014;"s15088";6
"3281";"Oceanic_Den";2014;"s15096";6
"3282";"Oceanic_Den";2015;"s15304";6
"3283";"Oceanic_Den";2015;"s15368";6
"3284";"Ollivander's_Den";2016;"s19967";6
"3285";"Ollivander's_Den";2023;"s117173";6
"3286";"Ollivander's_Den";2023;"s117189";6
"3287";"Orchid_Den";2009;"s3759";6
"3288";"Orchid_Den";2010;"s4089";6
"3289";"Orchid_Den";2010;"s4118";6
"3290";"Orchid_Den";2010;"s4120";6
"3291";"Orchid_Den";2010;"s4143";6
"3292";"Orchid_Den";2010;"s4146";6
"3293";"Orchid_Den";2010;"s4151";6
"3294";"Orchid_Den";2010;"s4169";6
"3295";"Orchid_Den";2010;"s4177";6
"3296";"Orchid_Den";2010;"s4221";6
"3297";"Orchid_Den";2010;"s4276";6
"3298";"Oslo_Den";2011;"s5982";6
"3299";"Paradise_Den";2003;"t40063";6
"3300";"Paradise_Den";2009;"t65900";6
"3301";"Paradise_Den";2009;"t65945";6
"3302";"Paradise_Den";2009;"t66001";6
"3303";"Paradise_Den";2009;"t66081";6
"3304";"Pearl_Den";2009;"s3782";6
"3305";"Pearl_Den";2009;"s3793";6
"3306";"Plantation_Den";2002;"t32498";6
"3307";"Plantation_Den";2002;"t34085";6
"3308";"Plantation_Den";2002;"t34445";6
"3309";"Plantation_Den";2002;"t34458";6
"3310";"Plantation_Den";2002;"t34468";6
"3311";"Plantation_Den";2002;"t34561";6
"3312";"Plantation_Den";2002;"t34584";6
"3313";"Plantation_Den";2002;"t34762";6
"3314";"Plantation_Den";2002;"t34846";6
"3315";"Plantation_Den";2002;"t34952";6
"3316";"Plantation_Den";2002;"t35589.1";6
"3317";"Plantation_Den";2002;"t35635";6
"3318";"Plantation_Den";2002;"t35751";6
"3319";"Plantation_Den";2003;"t38471";6
"3320";"Plantation_Den";2003;"t39100";6
"3321";"Plantation_Den";2003;"t39240";6
"3322";"Plantation_Den";2003;"t39324";6
"3323";"Plantation_Den";2003;"t39479";6
"3324";"Plantation_Den";2003;"t39496";6
"3325";"Plantation_Den";2003;"t39552";6
"3326";"Plantation_Den";2004;"t48399";6
"3327";"Plantation_Den";2004;"t48566";6
"3328";"Plantation_Den";2004;"t48701";6
"3329";"Plantation_Den";2004;"t49377";6
"3330";"Plantation_Den";2004;"t49397";6
"3331";"Plantation_Den";2004;"t49646";6
"3332";"Plantation_Den";2004;"t50148";6
"3333";"Plantation_Den";2004;"t50244";6
"3334";"Plantation_Den";2013;"t82642";6
"3335";"Plantation_Den";2013;"t82657";6
"3336";"Plantation_Den";2013;"t82721";6
"3337";"Portcullis_Den";2016;"s20780";6
"3338";"Precipice_Den_ll";2018;"s23217";6
"3339";"Precipice_Den_ll";2018;"s23233";6
"3340";"Precipice_Den_ll";2018;"s23256";6
"3341";"Precipice_Den_ll";2018;"s23257";6
"3342";"Precipice_Den_ll";2018;"s23267";6
"3343";"Precipice_Den_ll";2018;"s23297";6
"3344";"Precipice_Den_ll";2018;"s23314";6
"3345";"Precipice_Den_ll";2018;"s23320";6
"3346";"Railroad_Den";2008;"s3409";6
"3347";"Redemption_Den";2008;"s1387";6
"3348";"Redemption_Den";2008;"s1399";6
"3349";"Redemption_Den";2010;"s4155";6
"3350";"Resurrection_Communal_Den";2003;"t37879";6
"3351";"Resurrection_Communal_Den";2003;"t37906";6
"3352";"Resurrection_Communal_Den";2003;"t37917";6
"3353";"Resurrection_Communal_Den";2003;"t37963";6
"3354";"Resurrection_Communal_Den";2011;"t72964";6
"3355";"Resurrection_Communal_Den";2011;"t73018";6
"3356";"Resurrection_Communal_Den";2011;"t73178";6
"3357";"Resurrection_Communal_Den";2011;"t73189";6
"3358";"Resurrection_Communal_Den";2013;"t83266";6
"3359";"Resurrection_Communal_Den";2013;"t83267";6
"3360";"Resurrection_Main_Den";2016;"t93522";6
"3361";"Resurrection_Main_Den";2016;"t93624";6
"3362";"Resurrection_Main_Den";2016;"t93733";6
"3363";"Resurrection_Main_Den";2016;"t93994";6
"3364";"Resurrection_Main_Den";2016;"t94015";6
"3365";"Resurrection_Main_Den";2016;"t94082";6
"3366";"Resurrection_Main_Den";2016;"t94137";6
"3367";"Resurrection_Main_Den";2016;"t94163";6
"3368";"Resurrection_Main_Den";2016;"t94387";6
"3369";"Resurrection_Main_Den";2016;"t94714";6
"3370";"Resurrection_Main_Den";2017;"t100156";6
"3371";"Resurrection_Main_Den";2017;"t100193";6
"3372";"Resurrection_Main_Den";2017;"t100199";6
"3373";"Resurrection_Main_Den";2017;"t100226";6
"3374";"Resurrection_Main_Den";2017;"t100234";6
"3375";"Resurrection_Main_Den";2017;"t98445";6
"3376";"Resurrection_Main_Den";2017;"t99547";6
"3377";"Resurrection_Main_Den";2017;"t99655";6
"3378";"Resurrection_Main_Den";2018;"t101831.10";6
"3379";"Reykjavik_Den";2011;"s6084";6
"3380";"Reykjavik_Den";2011;"s6123";6
"3381";"Reykjavik_Den";2011;"s6144";6
"3382";"Riga_Den";2011;"s7138";6
"3383";"Riga_Den";2011;"s7157";6
"3384";"Riga_Den";2011;"s7172";6
"3385";"Riga_Den";2011;"s7173";6
"3386";"Riverbend_Den";2011;"t72607";6
"3387";"Riverbend_Den";2011;"t72689";6
"3388";"Riverbend_Den";2011;"t72863";6
"3389";"Riverbend_Den";2011;"t72907";6
"3390";"Riverbend_Den";2012;"t75408";6
"3391";"Riverbend_Den";2012;"t75424";6
"3392";"Riverbend_Den";2012;"t75467";6
"3393";"Riverbend_Den";2012;"t75479";6
"3394";"Riverbend_Den";2012;"t75487";6
"3395";"Riverbend_Den";2012;"t75517";6
"3396";"Riverbend_Den";2012;"t75565";6
"3397";"Riverbend_Den";2012;"t75606";6
"3398";"Riverbend_Den";2012;"t75640";6
"3399";"Riverbend_Den";2012;"t75675";6
"3400";"Riverbend_Den";2012;"t75709";6
"3401";"Riverbend_Den";2012;"t75755";6
"3402";"Riverbend_Den";2012;"t75850";6
"3403";"Riverbend_Den";2012;"t75861";6
"3404";"Riverbend_Den";2012;"t75877";6
"3405";"Riverbend_Den";2012;"t75930";6
"3406";"Riverbend_Den";2012;"t76120";6
"3407";"Riverbend_Den";2012;"t76209";6
"3408";"Riverbend_Den";2012;"t76213";6
"3409";"Riverbend_Den";2012;"t76233";6
"3410";"Riverbend_Den";2012;"t76296";6
"3411";"Riverbend_Den";2012;"t76498";6
"3412";"Riverbend_Den";2012;"t77344";6
"3413";"Riverbend_Den";2012;"t77953";6
"3414";"Riverbend_Den";2012;"t78063";6
"3415";"Riverbend_Den";2013;"t80985";6
"3416";"Riverbend_Den";2013;"t81121";6
"3417";"Riverbend_Den";2013;"t81536";6
"3418";"Riverbend_Den";2013;"t81762";6
"3419";"Riverbend_Den";2013;"t81807";6
"3420";"Riverbend_Den";2014;"t85392";6
"3421";"Riverbend_Den";2014;"t85410";6
"3422";"Riverbend_Den";2014;"t85442";6
"3423";"Riverbend_Den";2014;"t85458";6
"3424";"Riverbend_Den";2014;"t85466";6
"3425";"Riverbend_Den";2014;"t85470";6
"3426";"Riverbend_Den";2014;"t85489";6
"3427";"Riverbend_Den";2014;"t85510";6
"3428";"Riverbend_Den";2014;"t85545";6
"3429";"Riverbend_Den";2014;"t85566";6
"3430";"Riverbend_Den";2014;"t85585";6
"3431";"Riverbend_Den";2014;"t85642";6
"3432";"Riverbend_Den";2014;"t85659";6
"3433";"Riverbend_Den";2014;"t85679";6
"3434";"Riverbend_Den";2014;"t85763";6
"3435";"Riverbend_Den";2014;"t85889";6
"3436";"Riverbend_Den";2014;"t85900";6
"3437";"Riverbend_Den";2014;"t85981";6
"3438";"Riverbend_Den";2015;"t90311";6
"3439";"Riverbend_Den";2015;"t90313";6
"3440";"Riverbend_Den";2015;"t90329";6
"3441";"Riverbend_Den";2015;"t90352";6
"3442";"Riverbend_Den";2015;"t90368";6
"3443";"Riverbend_Den";2015;"t90391";6
"3444";"Riverbend_Den";2015;"t90447";6
"3445";"Riverbend_Den";2015;"t90538";6
"3446";"Riverbend_Den";2015;"t90541";6
"3447";"Riverbend_Den";2015;"t90577";6
"3448";"Riverbend_Den";2015;"t90590";6
"3449";"Riverbend_Den";2015;"t90636";6
"3450";"Riverbend_Den";2015;"t90647";6
"3451";"Riverbend_Den";2015;"t90658";6
"3452";"Riverbend_Den";2015;"t90710";6
"3453";"Riverbend_Den";2015;"t90712";6
"3454";"Riverbend_Den";2015;"t91445";6
"3455";"Riverbend_Den";2015;"t91472";6
"3456";"Riverbend_Den";2015;"t91519";6
"3457";"Riverbend_Den";2015;"t91570";6
"3458";"Riverbend_Den";2015;"t91580";6
"3459";"Riverbend_Den";2015;"t93344";6
"3460";"Riverbend_Den";2015;"t94632";6
"3461";"Riverbend_Den";2016;"t93355";6
"3462";"Riverbend_Den";2016;"t93366";6
"3463";"Riverbend_Den";2016;"t93378";6
"3464";"Riverbend_Den";2016;"t93391";6
"3465";"Riverbend_Den";2016;"t93406";6
"3466";"Riverbend_Den";2016;"t97755";6
"3467";"Riverbend_Den";2016;"t98098";6
"3468";"Riverbend_Den";2017;"t98142";6
"3469";"Riverbend_Den";2017;"t98213";6
"3470";"Riverbend_Den";2022;"t131022";6
"3471";"Riverbend_Den";2022;"t131319";6
"3472";"Riverbend_Den";2022;"t132211";6
"3473";"Riverbend_Den";2022;"t132228";6
"3474";"Riverbend_Den";2022;"t132251";6
"3475";"Riverbend_Den";2022;"t132254";6
"3476";"Riverbend_Den";2022;"t132291";6
"3477";"Riverbend_Den";2022;"t132501";6
"3478";"Riverbend_Den";2022;"t132550";6
"3479";"Roosevelt's_Natal_Den_2014";2014;"t86866";6
"3480";"Roosevelt's_Natal_Den_2014";2014;"t87105";6
"3481";"Roosevelt's_Natal_Den_2014";2014;"t87428";6
"3482";"Roosevelt's_Natal_Den_2014";2015;"t91873";6
"3483";"Roosevelt's_Natal_Den_2014";2015;"t91916";6
"3484";"Roosevelt's_Natal_Den_2014";2015;"t91935";6
"3485";"Roosevelt's_Natal_Den_2014";2015;"t92367";6
"3486";"Roosevelt's_Natal_Den_2014";2015;"t92517";6
"3487";"Roosevelt's_Natal_Den_2014";2015;"t92533";6
"3488";"Rousseau_Den";2014;"s14621";6
"3489";"Rousseau_Den";2014;"s14720";6
"3490";"Rousseau_Den";2014;"s14721";6
"3491";"Rousseau_Den";2014;"s14788";6
"3492";"Runway_Den";2009;"s1920";6
"3493";"Runway_Den";2009;"s1923";6
"3494";"Runway_Den";2009;"s1933";6
"3495";"Runway_Den";2009;"s1940";6
"3496";"Runway_Den";2009;"s2001";6
"3497";"Runway_Den";2009;"s2003";6
"3498";"Runway_Den";2009;"s2011";6
"3499";"Runway_Den";2009;"s2032";6
"3500";"Runway_Den";2009;"s2062";6
"3501";"Runway_Den";2009;"s2074";6
"3502";"Runway_Den";2009;"s2076";6
"3503";"Runway_Den";2009;"s2110";6
"3504";"Runway_Den";2009;"s2119";6
"3505";"Runway_Den";2009;"s2130";6
"3506";"Runway_Den";2009;"s2158";6
"3507";"Runway_Den";2009;"s2177";6
"3508";"Runway_Den";2019;"s109525";6
"3509";"Runway_Den";2019;"s110036";6
"3510";"Runway_Den";2019;"s110068";6
"3511";"Runway_Den";2019;"s110098";6
"3512";"Runway_Den";2019;"s110114";6
"3513";"Runway_Den";2019;"s110123";6
"3514";"Runway_Den";2019;"s110143";6
"3515";"Runway_Den";2020;"s110619";6
"3516";"Runway_Den";2020;"s110706";6
"3517";"Runway_Den";2020;"s114450.1";6
"3518";"Runway_Den";2020;"s114453.1";6
"3519";"Runway_Den";2021;"s114452";6
"3520";"Runway_Den";2021;"s114474";6
"3521";"Runway_Den";2021;"s114493";6
"3522";"Runway_Den";2021;"s114513";6
"3523";"Runway_Den";2021;"s114547";6
"3524";"Runway_Den";2021;"s114551";6
"3525";"Runway_Den";2021;"s114555";6
"3526";"Runway_Den";2021;"s114556";6
"3527";"Runway_Den";2021;"s114591";6
"3528";"Runway_Den";2021;"s114618";6
"3529";"Runway_Den";2021;"s114824";6
"3530";"Runway_Den";2021;"s114832";6
"3531";"Runway_Den";2021;"s114843";6
"3532";"Runway_Den";2021;"s114855";6
"3533";"Runway_Den";2021;"s114866";6
"3534";"Runway_Den";2021;"s114879";6
"3535";"Runway_Den";2021;"s114887";6
"3536";"Runway_Den_3";2019;"s109458";6
"3537";"Saito's_Den_2";2022;"S115955";6
"3538";"Saito's_Den_2";2022;"S115967";6
"3539";"Schiphol_Den";2011;"s6228";6
"3540";"Schiphol_Den";2013;"s10433";6
"3541";"Schiphol_Den";2013;"s10453";6
"3542";"Schiphol_Den";2013;"s10536";6
"3543";"Schiphol_Den";2013;"s10551";6
"3544";"Schiphol_Den";2013;"s10607";6
"3545";"Schiphol_Den";2013;"s12426";6
"3546";"Schiphol_Den";2014;"s13232";6
"3547";"Schiphol_Den";2014;"s13461";6
"3548";"Schiphol_Den";2014;"s13503";6
"3549";"Schiphol_Den";2014;"s13509";6
"3550";"Schiphol_Den";2014;"s13568";6
"3551";"Schiphol_Den";2014;"s13574";6
"3552";"Schiphol_Den";2014;"s13583";6
"3553";"Schiphol_Den";2014;"s13596";6
"3554";"Schiphol_Den";2014;"s13602";6
"3555";"Schiphol_Den";2014;"s13613";6
"3556";"Schiphol_Den";2014;"s13644";6
"3557";"Schiphol_Den";2014;"s13704";6
"3558";"Schiphol_Den";2014;"s13751";6
"3559";"Schiphol_Den";2014;"s13759";6
"3560";"Schiphol_Den";2014;"s13780";6
"3561";"Schmuck_Den";2013;"s12434";6
"3562";"Schmuck_Den";2013;"s12435";6
"3563";"Schmuzty_Den";2013;"s12408";6
"3564";"Schmuzty_Den";2013;"s12410";6
"3565";"Scrapple_Den";2011;"s6275";6
"3566";"Snowbird_Den";2009;"s3900";6
"3567";"Snowbird_Den";2019;"s109685";6
"3568";"Some_Freaky_Lions_Den";2018;"s23822";6
"3569";"Some_Freaky_Lions_Den";2018;"s23870";6
"3570";"Some_Freaky_Lions_Den_3";2023;"s117833";6
"3571";"Some_Freaky_Lions_Den_3";2023;"s117890";6
"3572";"South_Den";2008;"s3369";6
"3573";"Stockholm_Den";2011;"s6010";6
"3574";"Summit_Den";2014;"s15117";6
"3575";"Summit_Den";2014;"s15124.1";6
"3576";"Summit_Den";2014;"s15127";6
"3577";"Summit_Den";2014;"s15134";6
"3578";"Summit_Den";2014;"s15136";6
"3579";"Summit_Den";2014;"s15156";6
"3580";"Summit_Den";2014;"s15158";6
"3581";"Summit_Den";2014;"s15183";6
"3582";"Summit_Den";2014;"s15185";6
"3583";"Sunrise_Valley_Communal_Den/Natal_Den";2002;"t36328";6
"3584";"Superstar_Den";2021;"s115511";6
"3585";"Superstar_Den_2";2021;"s115169";6
"3586";"Superstar_Den_2";2021;"s115173";6
"3587";"Superstar_Den_2";2021;"s115177";6
"3588";"Superstar_Den_2";2021;"s115180";6
"3589";"Superstar_Den_2";2021;"s115197";6
"3590";"Superstar_Den_2";2021;"s115200";6
"3591";"Superstar_Den_2";2021;"s115202";6
"3592";"Superstar_Den_2";2021;"s115209";6
"3593";"Superstar_Den_2";2021;"s115478";6
"3594";"Superstar_Den_2";2021;"s115482";6
"3595";"Superstar_Den_2";2021;"s115486";6
"3596";"Superstar_Den_2";2022;"s115842";6
"3597";"Superstar_Den_3";2021;"s115490";6
"3598";"Superstar_Den_3";2021;"s115496";6
"3599";"Suzi_Den";2011;"s5013";6
"3600";"Suzi_Den";2011;"s5129";6
"3601";"Suzi_Den";2011;"s5134.3";6
"3602";"Suzi_Den_3";2017;"s21659";6
"3603";"Suzi_Den_3";2017;"s21671";6
"3604";"Suzi_Den_3";2017;"s21675";6
"3605";"Suzi_Den_3";2017;"s21687";6
"3606";"Suzi_Den_3";2017;"s21718";6
"3607";"Suzi_Den_3";2017;"s21727";6
"3608";"Suzi_Den_3";2017;"s21943";6
"3609";"Suzi_Den_3";2017;"s21957";6
"3610";"Suzi_Den_3";2017;"s21966";6
"3611";"Suzi_Den_3";2017;"s21978";6
"3612";"Suzi_Den_3";2017;"s21990";6
"3613";"Suzi_Den_3";2017;"s21993";6
"3614";"Suzi_Den_3";2017;"s21996";6
"3615";"Suzi_Den_3";2017;"s21999";6
"3616";"Suzi_Den_3";2017;"s22007";6
"3617";"Suzi_Den_3";2017;"s22020";6
"3618";"Tangawizi_Den";2015;"t91254";6
"3619";"Tangawizi_Den";2015;"t91478";6
"3620";"Tangawizi_Den";2015;"t91567";6
"3621";"Tangawizi_Den";2015;"t91593";6
"3622";"Tangawizi_Den";2015;"t91609";6
"3623";"The_Burrow_Den";2023;"S117625";6
"3624";"The_Hatch_Den";2011;"s7685";6
"3625";"The_Hatch_Den";2013;"s11453";6
"3626";"The_Hatch_Den";2013;"s11454";6
"3627";"The_Hatch_Den";2013;"s11455";6
"3628";"The_Hatch_Den";2013;"s11456";6
"3629";"The_Hatch_Den";2013;"s11463";6
"3630";"Tigris_Den";2014;"s12832";6
"3631";"Tigris_Den";2014;"s12964";6
"3632";"Tijuana_Den";2020;"s111089";6
"3633";"Tijuana_Den";2020;"s111093";6
"3634";"Tiny_Violet_Princess_Den";2016;"s20821";6
"3635";"Tiny_Violet_Princess_Den";2016;"s20827";6
"3636";"Twix_Den";2011;"s5061.1";6
"3637";"Twix_Den";2016;"s18231";6
"3638";"Twix_Den";2016;"s18261";6
"3639";"Twix_Den_2";2020;"s110765";6
"3640";"Twix_Den_2";2020;"s110797";6
"3641";"Twix_Den_2";2020;"s110798.1";6
"3642";"Twix_Den_2";2020;"s110899";6
"3643";"Ugli_Den";2017;"s21545";6
"3644";"Ugli_Den";2017;"s21588";6
"3645";"Ugli_Den";2017;"s21592";6
"3646";"Ugli_Den";2017;"s21596";6
"3647";"Ugli_Den";2017;"s21604";6
"3648";"Ugli_Den";2017;"s21620";6
"3649";"Ugli_Den";2017;"s21625";6
"3650";"Ugli_Den";2017;"s21635";6
"3651";"Ugli_Den";2017;"s21673";6
"3652";"Ugli_Den";2017;"s21685";6
"3653";"Ugli_Den";2017;"s21720";6
"3654";"Ugli_Den";2017;"s21744";6
"3655";"Uji_Den";2014;"s13830";6
"3656";"Uji_Den";2014;"s13921";6
"3657";"Unremarkable_Den";2010;"s2983";6
"3658";"Villa_Den";2019;"t107079";6
"3659";"Villa_Den";2019;"t107196";6
"3660";"Villa_Den";2019;"t107306";6
"3661";"Villa_Den";2019;"t107323";6
"3662";"Villa_Den";2019;"t107361";6
"3663";"Villa_Den";2019;"t107406";6
"3664";"Villa_Den";2019;"t107425";6
"3665";"Villa_Den";2019;"t107452";6
"3666";"Villa_Den";2019;"t107508";6
"3667";"Wapi_Dave_Den";2019;"s109910";6
"3668";"Wapi_Dave_Den";2019;"s25077";6
"3669";"Wapi_Dave_Den";2019;"s25105";6
"3670";"Whomping_Willow_Den";2018;"s23065";6
"3671";"Whooping_Cami_Den";2014;"s13069";6
"3672";"Whooping_Cami_Den";2014;"s13073.1";6
"3673";"Whooping_Cami_Den";2014;"s13078";6
"3674";"Whooping_Cami_Den";2014;"s13089";6
"3675";"Whooping_Cami_Den";2014;"s13135";6
"3676";"Whooping_Cami_Den";2014;"s13139";6
"3677";"Whooping_Cami_Den";2014;"s13156";6
"3678";"Whooping_Cami_Den";2014;"s13177";6
"3679";"Whooping_Cami_Den";2015;"s16081";6
"3680";"Whooping_Cami_Den";2015;"s16135";6
"3681";"Whooping_Cami_Den";2015;"s16144";6
"3682";"Whooping_Cami_Den";2015;"s16147";6
"3683";"Whooping_Cami_Den";2015;"s16161";6
"3684";"Whooping_Cami_Den";2015;"s16170";6
"3685";"Whooping_Cami_Den";2015;"s16187";6
"3686";"Whooping_Cami_Den";2015;"s16206";6
"3687";"Whooping_Cami_Den";2015;"s16611";6
"3688";"Wicked_Den";2007;"t60895";6
"3689";"Windsor_Den";2011;"s7692";6
"3690";"Windsor_Den";2012;"s9433";6
"3691";"Windsor_Den";2012;"s9457";6
"3692";"Windsor_Den";2012;"s9485.1";6
"3693";"Windsor_Den";2012;"s9494";6
"3694";"Windsor_Den";2012;"s9513";6
"3695";"Windsor_Den";2012;"s9563";6
"3696";"Windsor_Den";2012;"s9615";6
"3697";"Windsor_Den";2015;"s17825";6
"3698";"Windsor_Den";2015;"s17842";6
"3699";"Windsor_Den";2016;"s20863";6
"3700";"Windsor_Den";2016;"s20869";6
"3701";"Windsor_Den";2016;"s20871";6
"3702";"Windsor_Den";2016;"s20874";6
"3703";"Windsor_Den";2016;"s20882";6
"3704";"Windsor_Den";2016;"s20933";6
"3705";"Windsor_Den";2017;"s21189";6
"3706";"Zeus_Den";2014;"s14997";6
"3707";"Acacia_Den";2021;"t119991";5
"3708";"Alamo_Den";2011;"s7437";5
"3709";"Alamo_Den";2011;"s7459";5
"3710";"Alamo_Den";2011;"s7500";5
"3711";"Alamo_Natal_Den";2009;"t65798";5
"3712";"Alamo_Natal_Den";2010;"t70794";5
"3713";"Alamo_Natal_Den";2010;"t70809";5
"3714";"Alamo_Natal_Den";2010;"t70874";5
"3715";"Alamo_Natal_Den";2010;"t70890";5
"3716";"Alamo_Natal_Den";2010;"t70972";5
"3717";"Alamo_Natal_Den";2011;"t73355";5
"3718";"Alamo_Natal_Den";2011;"t73415";5
"3719";"All_Hallows'_Eve_Den";2019;"s24829";5
"3720";"Amazon_Den";2009;"s372";5
"3721";"Amazon_Den";2009;"s390";5
"3722";"Amazon_Den";2009;"s395";5
"3723";"Amazon_Den";2009;"s397";5
"3724";"Angry_Ele_Den_2";2017;"s21773";5
"3725";"Angry_Ele_Den_2";2017;"s21804";5
"3726";"Angry_Ele_Den_2";2017;"s21830";5
"3727";"Aqua's_Natal_Den_2014";2014;"t87703";5
"3728";"Aqua's_Natal_Den_2014";2014;"t87705";5
"3729";"Argon's_Natal_Den_2014";2014;"t87476";5
"3730";"Argon's_Natal_Den_2014";2014;"t87592";5
"3731";"Bastion_Den";2016;"s20280";5
"3732";"Bastion_Den";2016;"s20320";5
"3733";"Beanie_Baby_Den";2023;"s117941";5
"3734";"Beanie_Baby_Den";2023;"s118002";5
"3735";"Beanie_Baby_Den";2023;"s132130";5
"3736";"Beauxbatons_Den";2010;"s3100";5
"3737";"Benedict_Den";2011;"s6677.1";5
"3738";"Benedict_Den";2011;"s6704";5
"3739";"Benedict_Den";2011;"s6735";5
"3740";"Benedict_Den";2011;"s6740";5
"3741";"Benedict_Den";2011;"s6767";5
"3742";"Benedict_Den";2011;"s6789";5
"3743";"Benedict_Den";2011;"s6791";5
"3744";"Big_Bush_Communal_Den";2017;"t99315";5
"3745";"Big_Bush_Communal_Den";2017;"t99374";5
"3746";"Big_Bush_Communal_Den";2017;"t99593";5
"3747";"Big_Bush_Communal_Den";2017;"t99609";5
"3748";"Big_Bush_Communal_Den";2022;"t132457";5
"3749";"Big_Bush_Den";2011;"t75038";5
"3750";"Big_Bush_Den";2011;"t75077";5
"3751";"Big_Bush_Den";2011;"t75089";5
"3752";"Big_Bush_Den";2011;"t75109";5
"3753";"Big_Bush_Den";2011;"t75122";5
"3754";"Big_Sky_Den";2009;"s3836";5
"3755";"Big_Sky_Den";2009;"s3844";5
"3756";"Big_Sky_Den";2009;"s3847";5
"3757";"Big_Sky_Den";2019;"s110242";5
"3758";"Big_Sky_Den";2019;"s110244";5
"3759";"Bird_Bath_Den";2023;"S117471";5
"3760";"Bird_Bath_Den";2023;"S117491";5
"3761";"Bird_Bath_Den";2023;"S117496";5
"3762";"Bird_Bath_Den";2023;"s116953";5
"3763";"Bird_Bath_Den";2023;"s116959";5
"3764";"Bird_Bath_Den";2023;"s116981";5
"3765";"Bird_Bath_Den";2023;"s116988";5
"3766";"Bird_Bath_Den";2023;"s116993";5
"3767";"Bird_Bath_Den";2023;"s117011";5
"3768";"Bird_Bath_Den";2023;"s117060";5
"3769";"Bird_Bath_Den";2023;"s117068";5
"3770";"Boulevard_Den";2008;"t63313";5
"3771";"Boulevard_Den";2008;"t63337";5
"3772";"Bright_Eyes_Den";2014;"s14289";5
"3773";"Buffalo_Den";2023;"S117739";5
"3774";"Bumps_Den";2023;"S117678";5
"3775";"Burning_Den";2021;"s114906";5
"3776";"Burning_Den";2021;"s114936";5
"3777";"Burning_Den";2021;"s114993";5
"3778";"Calexico_Den";2012;"s9546";5
"3779";"Calexico_Den";2016;"s20897";5
"3780";"Calexico_Den";2016;"s20899";5
"3781";"Cannibal_Cami_Den";2014;"s13063";5
"3782";"Cannibal_Cami_Den";2014;"s13067";5
"3783";"Cannibal_Cami_Den";2014;"s13068.1";5
"3784";"Cannibal_Cami_Den";2015;"s16334";5
"3785";"Cannibal_Cami_Den";2015;"s16371";5
"3786";"Cannibal_Cami_Den";2015;"s16604";5
"3787";"Cannibal_Cami_Den";2015;"s16828";5
"3788";"Cannibal_Cami_Den";2015;"s16936";5
"3789";"Cannibal_Cami_Den";2015;"s16944";5
"3790";"Central_Park_Communal_Den";2012;"t79594";5
"3791";"Central_Park_Communal_Den";2012;"t79689";5
"3792";"Central_Park_Communal_Den";2012;"t79710";5
"3793";"Central_Park_Communal_Den";2012;"t79747";5
"3794";"Central_Park_Communal_Den";2012;"t79784";5
"3795";"Central_Park_Communal_Den";2012;"t79827";5
"3796";"Central_Park_Communal_Den";2012;"t79887";5
"3797";"Central_Park_Communal_Den";2012;"t79909";5
"3798";"Central_Park_Communal_Den";2012;"t79928";5
"3799";"Central_Park_Communal_Den";2012;"t79986";5
"3800";"Central_Park_Communal_Den";2013;"t80040";5
"3801";"Central_Park_Communal_Den";2013;"t80053";5
"3802";"Central_Park_Communal_Den";2013;"t80110";5
"3803";"Central_Park_Communal_Den";2013;"t80122";5
"3804";"Central_Park_Communal_Den";2013;"t80161";5
"3805";"Central_Park_Communal_Den";2013;"t80184";5
"3806";"Central_Park_Communal_Den";2013;"t80335";5
"3807";"Central_Park_Communal_Den";2013;"t80366";5
"3808";"Central_Park_Communal_Den";2013;"t80387";5
"3809";"Central_Park_Communal_Den";2013;"t80483";5
"3810";"Central_Park_Communal_Den";2013;"t80814";5
"3811";"Central_Park_Communal_Den";2013;"t81635";5
"3812";"Central_Park_Communal_Den";2013;"t81935";5
"3813";"Central_Park_Communal_Den";2013;"t82022";5
"3814";"Central_Park_Communal_Den";2013;"t82084";5
"3815";"Central_Park_Communal_Den";2013;"t82142";5
"3816";"Central_Park_Communal_Den";2013;"t82149";5
"3817";"Central_Park_Communal_Den";2013;"t82161";5
"3818";"Central_Park_Communal_Den";2016;"t96324";5
"3819";"Central_Park_Communal_Den";2018;"t102154";5
"3820";"Changra_Den";2023;"s117075";5
"3821";"Changra_Den";2023;"s117098";5
"3822";"Chex_Den";2011;"s6853";5
"3823";"Cinnabon_Den";2013;"s11034";5
"3824";"Cliff_Den";2018;"t104684";5
"3825";"Cliff_Den";2018;"t104751";5
"3826";"Cliff_Den";2018;"t104821";5
"3827";"Cliff_Den";2018;"t104844";5
"3828";"Cliff_Den";2019;"t105941";5
"3829";"Cliff_Den";2019;"t105992";5
"3830";"Coincidence_D";2023;"s117345";5
"3831";"Coincidence_Den_2";2023;"s117347";5
"3832";"Coincidence_Den_2";2023;"s117417";5
"3833";"Coincidence_Den_3";2023;"S117767";5
"3834";"Colossus_of_Rhodes_Den";2015;"s15443";5
"3835";"Colossus_of_Rhodes_Den";2015;"s15471";5
"3836";"Colossus_of_Rhodes_Den";2016;"s19897";5
"3837";"Confusing_Den_3";2019;"t108166";5
"3838";"Confusing_Den_3";2019;"t108339";5
"3839";"Copenhagen_Den";2011;"s6066";5
"3840";"Copenhagen_Den";2011;"s6145";5
"3841";"Copenhagen_Den";2011;"s6149";5
"3842";"Crepes_Den";2011;"s6576";5
"3843";"Crocodile_Den";2008;"t62592.1";5
"3844";"Croton_Edge_Communal_Den";2009;"t67572";5
"3845";"Croton_Edge_Communal_Den";2010;"t70546";5
"3846";"Croton_Edge_Communal_Den";2010;"t71768";5
"3847";"Croton_Edge_Communal_Den";2010;"t71806";5
"3848";"Croton_Edge_Communal_Den";2011;"t71824";5
"3849";"Croton_Edge_Communal_Den";2011;"t74081";5
"3850";"Croton_Edge_Communal_Den";2011;"t74111";5
"3851";"Croton_Edge_Communal_Den";2011;"t74123";5
"3852";"Croton_Edge_Communal_Den";2011;"t74177";5
"3853";"Croton_Edge_Communal_Den";2011;"t74203";5
"3854";"Croton_Edge_Communal_Den";2011;"t74222";5
"3855";"Croton_Edge_Communal_Den";2011;"t74308";5
"3856";"Croton_Edge_Communal_Den";2011;"t74769";5
"3857";"Croton_Edge_Communal_Den";2012;"t78119";5
"3858";"Croton_Edge_Communal_Den";2012;"t78159";5
"3859";"Croton_Edge_Communal_Den";2012;"t79219";5
"3860";"Croton_Edge_Communal_Den";2012;"t79227";5
"3861";"Croton_Edge_Communal_Den";2012;"t79231";5
"3862";"Croton_Edge_Communal_Den";2012;"t79243";5
"3863";"Croton_Edge_Communal_Den";2012;"t79250";5
"3864";"Croton_Edge_Communal_Den";2012;"t79258";5
"3865";"Croton_Edge_Communal_Den";2012;"t79265";5
"3866";"Croton_Edge_Communal_Den";2012;"t79271";5
"3867";"Croton_Edge_Communal_Den";2012;"t79292";5
"3868";"Croton_Edge_Communal_Den";2012;"t79303";5
"3869";"Croton_Edge_Communal_Den";2012;"t79311";5
"3870";"Croton_Edge_Communal_Den";2012;"t79319";5
"3871";"Croton_Edge_Communal_Den";2012;"t79333";5
"3872";"Croton_Edge_Communal_Den";2012;"t79342";5
"3873";"Croton_Edge_Communal_Den";2012;"t79348";5
"3874";"Croton_Edge_Communal_Den";2019;"t111383";5
"3875";"Croton_Edge_Communal_Den";2019;"t111505";5
"3876";"Croton_Edge_Communal_Den";2019;"t111546";5
"3877";"Crunk_Den";2014;"s14335";5
"3878";"Crunk_Den";2018;"S23718";5
"3879";"Crunk_Den";2018;"S23723";5
"3880";"DOC_Communal_Den";2014;"t87083";5
"3881";"DOC_Communal_Den";2014;"t87152";5
"3882";"DOC_Communal_Den";2014;"t87184";5
"3883";"DOC_Communal_Den";2014;"t87207";5
"3884";"DOC_Communal_Den";2014;"t87286";5
"3885";"DOC_Communal_Den";2014;"t87336";5
"3886";"DOC_Communal_Den";2014;"t88858";5
"3887";"DOC_Communal_Den";2014;"t89706";5
"3888";"DOC_Communal_Den";2014;"t89708";5
"3889";"DOC_Communal_Den";2015;"t89834";5
"3890";"DOC_Communal_Den";2015;"t89859";5
"3891";"DOC_Communal_Den";2015;"t89903";5
"3892";"DOC_Communal_Den";2015;"t89959";5
"3893";"DOC_Communal_Den";2015;"t89989";5
"3894";"DOC_Communal_Den";2015;"t90031";5
"3895";"DOC_Communal_Den";2015;"t90071";5
"3896";"DOC_Communal_Den";2015;"t90087";5
"3897";"DOC_Communal_Den";2015;"t90321";5
"3898";"DOC_Communal_Den";2016;"t97006";5
"3899";"DOC_Communal_Den";2016;"t97238";5
"3900";"DOC_Communal_Den";2016;"t97494";5
"3901";"DOC_Communal_Den";2016;"t97560";5
"3902";"DOC_Communal_Den";2016;"t97566";5
"3903";"DOC_Communal_Den";2016;"t97596";5
"3904";"DOC_Communal_Den";2016;"t97640";5
"3905";"DOC_Communal_Den";2016;"t97671";5
"3906";"DOC_Den_2";2014;"t87415";5
"3907";"DOC_Den_2";2014;"t87485";5
"3908";"DOC_Den_2";2014;"t87515";5
"3909";"DOC_Den_2";2014;"t87841";5
"3910";"DOC_Den_2";2014;"t88695";5
"3911";"DOC_Den_2";2014;"t89028";5
"3912";"DOC_Den_2";2014;"t89043";5
"3913";"DOC_Den_2";2014;"t89095";5
"3914";"DOC_Den_2";2014;"t89234";5
"3915";"DOC_Den_2";2016;"t97027";5
"3916";"DOC_Den_2";2017;"t100366";5
"3917";"DOC_Den_2";2017;"t100480";5
"3918";"DOC_Den_2";2017;"t100559";5
"3919";"DOC_Den_2";2017;"t100590";5
"3920";"Dave's_Den";2010;"t70007";5
"3921";"Dave's_Den";2010;"t70206";5
"3922";"Dave's_Den";2010;"t70677";5
"3923";"Dave's_Den";2011;"t72410";5
"3924";"Dave's_Den";2011;"t72445";5
"3925";"Dave's_Den";2011;"t72486";5
"3926";"Dave's_Den";2011;"t72522";5
"3927";"Dave's_Den";2011;"t73118";5
"3928";"Dave's_Den";2011;"t73131";5
"3929";"Dave's_Den";2011;"t73776";5
"3930";"Dave's_Den";2011;"t73848";5
"3931";"Dave's_Den";2011;"t73869";5
"3932";"Dave's_Den";2012;"t78370";5
"3933";"Dave's_Den";2012;"t78581";5
"3934";"Dave's_Den";2012;"t78802";5
"3935";"Dave's_Den";2012;"t78992";5
"3936";"Dave's_Den";2013;"t82651";5
"3937";"Dave's_Den";2013;"t82791";5
"3938";"Dave's_Den";2013;"t82844";5
"3939";"Dave's_Den";2013;"t82851";5
"3940";"Dave's_Den";2013;"t82864";5
"3941";"Dave's_Den";2013;"t82907";5
"3942";"Dave's_Den";2014;"t86059";5
"3943";"Dave's_Den";2014;"t86091";5
"3944";"Dave's_Den";2014;"t86145";5
"3945";"Dave's_Den";2014;"t86165";5
"3946";"Dave's_Den";2014;"t86190";5
"3947";"Dave's_Den";2014;"t86208";5
"3948";"Dave's_Den";2014;"t86279";5
"3949";"Dave's_Den";2014;"t86293";5
"3950";"Dave's_Den";2014;"t86496";5
"3951";"Dave's_Den";2014;"t86587";5
"3952";"Dave's_Den";2014;"t86721";5
"3953";"Dave's_Den";2014;"t86804";5
"3954";"Dave's_Den";2015;"t90991";5
"3955";"Dave's_Den";2015;"t91017";5
"3956";"Dave's_Den";2015;"t91035";5
"3957";"Dave's_Den";2015;"t91066";5
"3958";"Dave's_Den";2015;"t91074";5
"3959";"Dave's_Den";2015;"t91099";5
"3960";"Dave's_Den";2015;"t91172";5
"3961";"Dave's_Den";2015;"t91212";5
"3962";"Dave's_Den";2015;"t91312";5
"3963";"Dave's_Den";2015;"t91388";5
"3964";"Dave's_Den";2015;"t91739";5
"3965";"Dave's_Den";2015;"t91751";5
"3966";"Dave's_Den";2015;"t91762";5
"3967";"Dave's_Den";2015;"t91779";5
"3968";"Dave's_Den";2015;"t91794";5
"3969";"Dave's_Den";2015;"t91811";5
"3970";"Dave's_Den";2015;"t91849";5
"3971";"Dave's_Den";2015;"t91902";5
"3972";"Dave's_Den";2015;"t92381";5
"3973";"Dave's_Den";2015;"t92428";5
"3974";"Dave's_Den";2015;"t92565";5
"3975";"Dave's_Den";2015;"t92655";5
"3976";"Dave's_Den";2015;"t92738";5
"3977";"Dave's_Den";2016;"t94848";5
"3978";"Dave's_Den";2016;"t94862";5
"3979";"Dave's_Den";2016;"t94957";5
"3980";"Dave's_Den";2016;"t95172";5
"3981";"Dave's_Den";2016;"t95240";5
"3982";"Dave's_Den";2016;"t95247";5
"3983";"Dave's_Den";2016;"t95316";5
"3984";"Dave's_Den";2016;"t95316.1";5
"3985";"Dave's_Den";2016;"t95332";5
"3986";"Dave's_Den";2016;"t95341";5
"3987";"Dave's_Den";2016;"t95360";5
"3988";"Dave's_Den";2016;"t95385";5
"3989";"Dave's_Den";2016;"t95408";5
"3990";"Dave's_Den";2016;"t95413";5
"3991";"Dave's_Den";2016;"t95464";5
"3992";"Dave's_Den";2016;"t95469";5
"3993";"Dave's_Den";2016;"t95479";5
"3994";"Dave's_Den";2016;"t96964";5
"3995";"Dave's_Den";2016;"t96968";5
"3996";"Dave_Den";2017;"t98200";5
"3997";"Dave_Den";2017;"t98304";5
"3998";"Dave_Den";2017;"t98446";5
"3999";"Dave_Den";2017;"t98484";5
"4000";"Dawn_Den";2019;"s109746";5
"4001";"Dawn_Den";2022;"s115718";5
"4002";"Dawn_Den_2";2019;"s109756";5
"4003";"Dawn_Den_2";2019;"s109786";5
"4004";"DeGaulle_Den";2009;"s1830";5
"4005";"DeGaulle_Den";2009;"s1844";5
"4006";"DeGaulle_Den";2009;"s1895";5
"4007";"DeGaulle_Den";2013;"s10512";5
"4008";"DeGaulle_Den";2013;"s10528";5
"4009";"DeGaulle_Den";2013;"s11000";5
"4010";"DeGaulle_Den";2014;"s13557.1";5
"4011";"DeGaulle_Den";2019;"s109077";5
"4012";"DeGaulle_Den";2019;"s109092";5
"4013";"DeGaulle_Den";2023;"s132148";5
"4014";"DeGaulle_Den";2023;"s132158";5
"4015";"DeGaulle_Den";2023;"s132159";5
"4016";"DeGaulle_Den";2023;"s132183";5
"4017";"DeGaulle_Den";2023;"s132222";5
"4018";"Defenestrate_Den";2015;"s15546";5
"4019";"Defenestrate_Den";2015;"s15566";5
"4020";"Defenestrate_Den";2015;"s17560.1";5
"4021";"Defenestrate_Den";2015;"s17597";5
"4022";"Defenestrate_Den";2015;"s17603";5
"4023";"Defenestrate_Den";2015;"s17606";5
"4024";"Defenestrate_Den";2015;"s17611";5
"4025";"Defenestrate_Den";2015;"s17650";5
"4026";"Den_One_Creek_Den_Complex";2011;"t73665";5
"4027";"Den_One_Creek_Den_Complex";2011;"t73716";5
"4028";"Den_One_Creek_Den_Complex";2014;"t87013";5
"4029";"Den_One_Creek_Den_Complex";2014;"t88692";5
"4030";"Den_One_Creek_Den_Complex";2015;"t89915";5
"4031";"Den_One_Creek_Den_Complex";2016;"t96921";5
"4032";"Den_One_Creek_Den_Complex";2016;"t97536";5
"4033";"Den_of_Perfection";2006;"t59519";5
"4034";"Den_of_Perfection";2006;"t59534";5
"4035";"Den_of_Perfection";2006;"t59605";5
"4036";"Den_of_Perfection";2006;"t59685";5
"4037";"Dharma_Den";2010;"s4183";5
"4038";"Dharma_Den";2010;"s4260";5
"4039";"Diagon_Alley_Den";2010;"s3157";5
"4040";"Diagon_Alley_Den";2017;"s22442";5
"4041";"Dicks_Den";2014;"t86329";5
"4042";"Dicks_Den";2014;"t86821";5
"4043";"Dicks_Den";2014;"t86858";5
"4044";"Dicks_Den";2014;"t86873";5
"4045";"Dicks_Den";2014;"t86921";5
"4046";"Dicks_Den";2014;"t86923";5
"4047";"Dicks_Den";2014;"t87627";5
"4048";"Dicks_Den";2014;"t87639";5
"4049";"Dicks_Den";2014;"t88443";5
"4050";"Dicks_Den";2014;"t88523";5
"4051";"Dicks_Den";2014;"t88544";5
"4052";"Dicks_Den";2015;"t92219";5
"4053";"Dicks_Den";2015;"t92334";5
"4054";"Dicks_Den";2015;"t92687";5
"4055";"Dicks_Den";2017;"t100253";5
"4056";"Dicks_Den";2017;"t100266";5
"4057";"Dicks_Den";2017;"t100273";5
"4058";"Dicks_Den";2017;"t100304";5
"4059";"Dicks_Den";2017;"t100348";5
"4060";"Dicks_Den";2017;"t100420";5
"4061";"Dicks_Den";2017;"t100748";5
"4062";"Dicks_Den";2017;"t101451";5
"4063";"Dicks_Den";2017;"t98516";5
"4064";"Dicks_Den";2017;"t98558";5
"4065";"Dicks_Den";2017;"t98569";5
"4066";"Dicks_Den";2017;"t98598";5
"4067";"Doom's_Day_Den";2003;"t38685";5
"4068";"Doom's_Day_Den";2003;"t38855";5
"4069";"Doom's_Day_Den";2003;"t39754";5
"4070";"Doom's_Day_Den";2003;"t39958";5
"4071";"Doom's_Day_Den";2003;"t39974";5
"4072";"Doom's_Day_Den_2";2019;"t105593";5
"4073";"Dudu_Den";2010;"s3962";5
"4074";"Dudu_Den";2010;"s3989";5
"4075";"Dudu_Den";2014;"s15295";5
"4076";"Dudu_Den";2015;"s15343";5
"4077";"Emma_Natal_Den_2_2012";2012;"s8458";5
"4078";"Emma_Natal_Den_2_2012";2012;"s8480";5
"4079";"Emma_Natal_Den_2_2012";2012;"s8486";5
"4080";"Emma_Natal_Den_2_2012";2012;"s8496";5
"4081";"Emma_Natal_Den_2_2012";2012;"s8504";5
"4082";"Emma_Natal_Den_2_2012";2012;"s8507";5
"4083";"Emma_Natal_Den_2_2012";2012;"s8522";5
"4084";"Emma_Natal_Den_2_2012";2012;"s8559";5
"4085";"Emma_Natal_Den_2_2012";2012;"s8562";5
"4086";"Emma_Natal_Den_2_2012";2012;"s8564";5
"4087";"Emma_Natal_Den_2_2012";2012;"s8571";5
"4088";"Emma_Natal_Den_2_2012";2012;"s8576";5
"4089";"Emma_Natal_Den_2_2012";2012;"s8588";5
"4090";"Euphrates_Den";2015;"s16264";5
"4091";"Extortion_Den";2016;"s20474";5
"4092";"Eyrie_Den";2021;"s115413";5
"4093";"Eyrie_Den_2";2021;"s115427";5
"4094";"FML_Den";2014;"s14872";5
"4095";"FML_Den";2016;"s20248";5
"4096";"Fever_Tree_Natal_Den/Communal_Den_Complex";2002;"t35476";5
"4097";"Fever_Tree_Natal_Den/Communal_Den_Complex";2002;"t35487";5
"4098";"Fever_Tree_Natal_Den/Communal_Den_Complex";2002;"t36530";5
"4099";"Fever_Tree_Natal_Den/Communal_Den_Complex";2002;"t36568";5
"4100";"Fever_Tree_Natal_Den/Communal_Den_Complex";2002;"t36597";5
"4101";"Fever_Tree_Natal_Den/Communal_Den_Complex";2002;"t36749";5
"4102";"Fever_Tree_Natal_Den/Communal_Den_Complex";2003;"t36845";5
"4103";"Fever_Tree_Natal_Den/Communal_Den_Complex";2003;"t36942";5
"4104";"Fever_Tree_Natal_Den/Communal_Den_Complex";2003;"t36985";5
"4105";"Fever_Tree_Natal_Den/Communal_Den_Complex";2003;"t37008";5
"4106";"Fever_Tree_Natal_Den/Communal_Den_Complex";2003;"t37039";5
"4107";"Fever_Tree_Natal_Den/Communal_Den_Complex";2003;"t37084";5
"4108";"Fever_Tree_Natal_Den/Communal_Den_Complex";2003;"t37103";5
"4109";"Fever_Tree_Natal_Den/Communal_Den_Complex";2003;"t37182";5
"4110";"Fever_Tree_Natal_Den/Communal_Den_Complex";2003;"t37234";5
"4111";"Fever_Tree_Natal_Den/Communal_Den_Complex";2003;"t37537";5
"4112";"Fever_Tree_Natal_Den/Communal_Den_Complex";2003;"t37594";5
"4113";"Fever_Tree_Natal_Den/Communal_Den_Complex";2003;"t37718";5
"4114";"Fever_Tree_Natal_Den/Communal_Den_Complex";2003;"t37767";5
"4115";"Fever_Tree_Natal_Den/Communal_Den_Complex";2003;"t39369";5
"4116";"Fever_Tree_Natal_Den/Communal_Den_Complex";2003;"t39799";5
"4117";"Fever_Tree_Natal_Den/Communal_Den_Complex";2003;"t39870";5
"4118";"Fever_Tree_Natal_Den/Communal_Den_Complex";2003;"t39924";5
"4119";"Fever_Tree_Natal_Den/Communal_Den_Complex";2003;"t39960";5
"4120";"Fever_Tree_Natal_Den/Communal_Den_Complex";2003;"t40038";5
"4121";"Fever_Tree_Natal_Den/Communal_Den_Complex";2003;"t40084";5
"4122";"Fever_Tree_Natal_Den/Communal_Den_Complex";2003;"t40185";5
"4123";"Fever_Tree_Natal_Den/Communal_Den_Complex";2003;"t40234";5
"4124";"Fever_Tree_Natal_Den/Communal_Den_Complex";2003;"t40379";5
"4125";"Fever_Tree_Natal_Den/Communal_Den_Complex";2004;"t43522";5
"4126";"Fever_Tree_Natal_Den/Communal_Den_Complex";2004;"t43673";5
"4127";"Fever_Tree_Natal_Den/Communal_Den_Complex";2004;"t43675";5
"4128";"Fever_Tree_Natal_Den/Communal_Den_Complex";2004;"t43962";5
"4129";"Fever_Tree_Natal_Den/Communal_Den_Complex";2004;"t49125";5
"4130";"Flapjack_Den";2013;"s10695";5
"4131";"Flashforward_Den";2012;"s9307";5
"4132";"Flintstone_Den";2015;"t92781";5
"4133";"Flintstone_Den";2015;"t93097";5
"4134";"Flintstone_Den";2017;"t101196";5
"4135";"Flintstone_Den";2017;"t101367";5
"4136";"Flintstone_Den";2017;"t101416";5
"4137";"Flintstone_Den";2017;"t101485";5
"4138";"Flintstone_Den";2018;"t101679.10";5
"4139";"Flintstone_Den";2018;"t101721.10";5
"4140";"Flintstone_Den";2018;"t101749.10";5
"4141";"Gardenia_Den";2014;"t86460";5
"4142";"Gardenia_Den";2014;"t86473";5
"4143";"Gardenia_Den";2014;"t86488";5
"4144";"Gettysburg_Den";2013;"s12385";5
"4145";"Gettysburg_Den";2013;"s12395.1";5
"4146";"Gila_River_Den_II";2010;"s1269";5
"4147";"Gila_River_Den_II";2010;"s1287";5
"4148";"Gila_River_Den_II";2010;"s1299";5
"4149";"Gila_River_Den_II";2010;"s1303";5
"4150";"Gila_River_Den_III";2010;"s1278";5
"4151";"Gila_River_Den_III";2010;"s1291";5
"4152";"Gila_River_Den_III";2010;"s1304";5
"4153";"Gila_River_Den_III";2011;"s7242";5
"4154";"Gila_River_Den_III";2011;"s7254";5
"4155";"Gringotts_Den_2";2018;"s24343";5
"4156";"Grits_Den";2011;"s6470";5
"4157";"Grits_Den";2011;"s6593";5
"4158";"Grits_Den";2011;"s6595";5
"4159";"Grits_Den";2013;"s10038";5
"4160";"Grits_Den";2013;"s10698";5
"4161";"Grits_Den";2013;"s10722";5
"4162";"Grits_Den";2013;"s10752";5
"4163";"Gryffindor_Den";2010;"s3051";5
"4164";"Guca_Den";2012;"s8181";5
"4165";"Guca_Den";2012;"s8230";5
"4166";"Hanging_Gardens_Den";2009;"s3510";5
"4167";"Hanging_Gardens_Den";2015;"s15506";5
"4168";"Hanging_Gardens_Den";2017;"s21153";5
"4169";"Hanging_Gardens_Den";2017;"s21172";5
"4170";"Hanging_Gardens_Den";2017;"s21173.1";5
"4171";"Hanging_Gardens_Den";2017;"s21178";5
"4172";"Hanging_Gardens_Den";2017;"s21493";5
"4173";"Hanging_Gardens_Den";2017;"s21499";5
"4174";"Hanging_Gardens_Den";2019;"s110296";5
"4175";"Happy_New_Year_Den";2013;"s9877";5
"4176";"Heath_Den";2011;"s5076";5
"4177";"Holiday_Communal_Den";2006;"t59694";5
"4178";"Holiday_Communal_Den";2006;"t59700";5
"4179";"Holiday_Communal_Den";2006;"t59706";5
"4180";"Holiday_Communal_Den";2009;"t65850";5
"4181";"Holy_Grail_Den";2013;"s10181";5
"4182";"Holy_Grail_Den";2013;"s12209";5
"4183";"Holy_Grail_Den";2013;"s12237";5
"4184";"Holy_Grail_Den";2013;"s12255";5
"4185";"Holy_Grail_Den";2013;"s12289";5
"4186";"Houdini_Den";2016;"s19009";5
"4187";"Houdini_Den";2016;"s19011";5
"4188";"IAT_Den";2010;"s3237";5
"4189";"IAT_Den";2015;"s15603";5
"4190";"IAT_Den";2015;"s15624";5
"4191";"IAT_Den";2015;"s15644";5
"4192";"IAT_Den";2015;"s15669";5
"4193";"IAT_Den";2015;"s15946";5
"4194";"IAT_Den";2015;"s17208";5
"4195";"IAT_Den";2015;"s17219";5
"4196";"IAT_Den";2015;"s17232";5
"4197";"IAT_Den";2015;"s17241";5
"4198";"IAT_Den";2015;"s17247";5
"4199";"IAT_Den";2015;"s17917";5
"4200";"IAT_Den";2015;"s17927";5
"4201";"IAT_Den";2015;"s17934";5
"4202";"IAT_Den";2015;"s17940";5
"4203";"IAT_Den";2015;"s17946";5
"4204";"IAT_Den";2015;"s17953";5
"4205";"IAT_Den";2015;"s17989";5
"4206";"IAT_Den";2015;"s17999";5
"4207";"IAT_Den";2015;"s18032";5
"4208";"IAT_Den";2016;"s18599";5
"4209";"IAT_Den";2016;"s18616";5
"4210";"IAT_Den";2016;"s18736";5
"4211";"IAT_Den";2016;"s18773";5
"4212";"IAT_Den";2017;"s21026";5
"4213";"IAT_Den";2017;"s21309";5
"4214";"IAT_Den";2018;"s23589";5
"4215";"IAT_Den";2018;"s23703";5
"4216";"Innocent_Den";2019;"s110374";5
"4217";"J_Fab_Den";2012;"s8419";5
"4218";"J_Fab_Den";2014;"s14485";5
"4219";"J_Fab_Den";2014;"s14489";5
"4220";"J_Fab_Den";2015;"s15728";5
"4221";"J_Fab_Den";2015;"s15838";5
"4222";"J_Fab_Den";2015;"s15911";5
"4223";"J_Fab_Den";2015;"s15944";5
"4224";"J_Fab_Den";2017;"s21007";5
"4225";"J_Fab_Den";2017;"s21017";5
"4226";"J_Fab_Den";2017;"s21042";5
"4227";"J_Fab_Den";2017;"s21427";5
"4228";"J_Fab_Den";2017;"s21482";5
"4229";"J_Fab_Den";2017;"s22283";5
"4230";"J_Fab_Den";2017;"s22289";5
"4231";"J_Fab_Den";2017;"s22312";5
"4232";"J_Fab_Den";2017;"s22314";5
"4233";"J_Fab_Den";2017;"s22331";5
"4234";"J_Fab_Den";2017;"s22335";5
"4235";"J_Fab_Den";2017;"s22343";5
"4236";"J_Fab_Den";2017;"s22352";5
"4237";"J_Fab_Den";2017;"s22935";5
"4238";"J_Fab_Den";2022;"S116273";5
"4239";"J_Fab_Den";2022;"S116282";5
"4240";"Jackson's_Hole_Den";2009;"s3823";5
"4241";"Jackson's_Hole_Den";2009;"s3834";5
"4242";"Jackson's_Hole_Den";2010;"s3978";5
"4243";"Judith_Den";2016;"s20602";5
"4244";"Judith_Den";2023;"s117124";5
"4245";"Judith_Den";2023;"s117152";5
"4246";"Kabbalah_Den";2018;"s23457.2";5
"4247";"Kinda-See-Em_Den";2006;"t56613";5
"4248";"Kinda-See-Em_Den";2006;"t59020";5
"4249";"Kinda-See-Em_Den";2006;"t59081";5
"4250";"Kinda-See-Em_Den";2008;"t62742";5
"4251";"Kinda-See-Em_Den";2008;"t63280";5
"4252";"Kinda-See-Em_Den";2008;"t63594";5
"4253";"Kinda-See-Em_Den";2009;"t64852";5
"4254";"Kinda-See-Em_Den";2009;"t64887";5
"4255";"Kinda-See-Em_Den";2010;"t68245";5
"4256";"Kinda-See-Em_Den";2013;"t82727";5
"4257";"Kinda-See-Em_Den";2013;"t83029";5
"4258";"Kinda-See-Em_Den";2013;"t83077";5
"4259";"Kinda-See-Em_Den";2013;"t84565";5
"4260";"Kinda-See-Em_Den";2013;"t84577";5
"4261";"Kinda-See-Em_Den";2013;"t84635";5
"4262";"Kinda_See_Em_Den_Two";2010;"t69580";5
"4263";"Kinda_See_Em_Den_Two";2010;"t71408";5
"4264";"Kinda_See_Em_Den_Two";2011;"t72046";5
"4265";"Kinda_See_Em_Den_Two";2012;"t76054";5
"4266";"Kit_Kat_Den";2011;"s5008";5
"4267";"Kit_Kat_Den";2011;"s5147";5
"4268";"Kit_Kat_Den";2016;"s18459";5
"4269";"Kit_Kat_Den";2016;"s18524";5
"4270";"Kit_Kat_Den";2016;"s19485";5
"4271";"Kit_Kat_Den";2016;"s19512";5
"4272";"Kit_Kat_Den";2016;"s19515";5
"4273";"Kit_Kat_Den";2016;"s19516";5
"4274";"Kit_Kat_Den";2016;"s19672";5
"4275";"Kit_Kat_Den";2016;"s19780";5
"4276";"Kitchen_Natal_Den";2009;"t65824";5
"4277";"Kitchen_Natal_Den";2009;"t65826";5
"4278";"Kolding_Den";2011;"s7029";5
"4279";"Lala_Den";2006;"t58133";5
"4280";"Lala_Den";2006;"t58230";5
"4281";"Lala_Den";2006;"t58505";5
"4282";"Lala_Den";2006;"t58589";5
"4283";"Lala_Den";2006;"t58617";5
"4284";"Landscape_Den";2019;"t106054";5
"4285";"Landscape_Den";2019;"t106062";5
"4286";"Landscape_Den";2019;"t106103";5
"4287";"Landscape_Den";2019;"t106136";5
"4288";"Landscape_Den";2019;"t106183";5
"4289";"Landscape_Den";2019;"t106193";5
"4290";"Landscape_Den";2019;"t106222";5
"4291";"Landscape_Den";2019;"t106255";5
"4292";"Landscape_Den";2019;"t106310";5
"4293";"Landscape_Den";2019;"t106872";5
"4294";"Landscape_Den";2019;"t106882";5
"4295";"Landscape_Den";2019;"t106921";5
"4296";"Landscape_Den_2";2019;"t106961";5
"4297";"Library_of_Alexandria_Den";2019;"s110283";5
"4298";"Lighthouse_Den";2011;"s4870";5
"4299";"Lighthouse_Den";2011;"s4875";5
"4300";"Lighthouse_Den";2011;"s4907";5
"4301";"Lighthouse_Den";2013;"s11534";5
"4302";"Log_Cabin's_Culvert_Den";2023;"s117843";5
"4303";"Log_Cabin's_Culvert_Den";2023;"s117853";5
"4304";"Log_Cabin's_Culvert_Den";2023;"s117859";5
"4305";"Log_Cabin's_Culvert_Den";2023;"s117866";5
"4306";"Log_Cabin's_Culvert_Den";2023;"s117871";5
"4307";"Log_Cabin's_Culvert_Den";2023;"s117888";5
"4308";"Log_Cabin's_Culvert_Den";2023;"s117932";5
"4309";"Log_Cabin's_Culvert_Den";2023;"s117967";5
"4310";"Lone_Elephant_Den_4";2022;"s115656";5
"4311";"Lone_Elephant_Den_4";2022;"s115664";5
"4312";"Lone_Elephant_Den_4";2022;"s115677";5
"4313";"Lucky_Leopard_Den";2014;"t87986";5
"4314";"Lucky_Leopard_Den";2014;"t88308";5
"4315";"Lucky_Leopard_Den";2016;"t94879";5
"4316";"Lucky_Leopard_Den";2016;"t96099";5
"4317";"Lugga_Den";2017;"s21795";5
"4318";"Lugga_Den";2017;"s21895";5
"4319";"Lugga_Den";2017;"s21901";5
"4320";"Lugga_Den_II";2019;"s109962";5
"4321";"Lugga_Den_II";2019;"s109969";5
"4322";"Lugga_Den_II";2022;"S116380";5
"4323";"Lugga_Den_III";2022;"s115898";5
"4324";"Lugga_Den_III";2022;"s115901.1";5
"4325";"Maggie_Den";2014;"t87609";5
"4326";"Maggie_Den";2014;"t87743";5
"4327";"Magic_Bush_Den";2003;"t38848";5
"4328";"Magic_Bush_Den";2018;"t104234";5
"4329";"Malmö_Den";2012;"s8120";5
"4330";"Malmö_Den";2012;"s8130";5
"4331";"Malmö_Den";2012;"s8140";5
"4332";"Malmö_Den";2012;"s8247";5
"4333";"Meatloaf_Den";2015;"s17773";5
"4334";"Meatloaf_Den";2015;"s17777";5
"4335";"Meatloaf_Den";2015;"s17797";5
"4336";"Meatloaf_Den";2015;"s17799";5
"4337";"Meatloaf_Den";2015;"s17802";5
"4338";"Meatloaf_Den";2015;"s17816";5
"4339";"Meatloaf_Den";2015;"s17840";5
"4340";"Meatloaf_Den";2015;"s17874";5
"4341";"Migration_Den";2023;"S117727";5
"4342";"Migration_Den_3";2023;"s117309";5
"4343";"Migration_Den_3";2023;"s117311";5
"4344";"Migration_Den_3";2023;"s117383";5
"4345";"Migration_Den_3";2023;"s117388";5
"4346";"Migration_Den_4";2023;"S117728";5
"4347";"Migration_Den_4";2023;"s117398";5
"4348";"Milky_Way_Den_Deleted";2011;"s5165";5
"4349";"Milkyway_Den";2014;"t87427";5
"4350";"Milkyway_Den";2015;"t92297";5
"4351";"Mindy's_Den";2013;"s10119";5
"4352";"Mindy's_Den";2013;"s10164";5
"4353";"Moat_Den";2016;"s20252";5
"4354";"Moonset_Den";2015;"s16926";5
"4355";"Moonset_Den";2015;"s16932";5
"4356";"Mountaineer_Den";2018;"t102903";5
"4357";"Mountaineer_Den";2018;"t103005";5
"4358";"Mountaineer_Den";2018;"t103042";5
"4359";"Mountaineer_Den";2018;"t103123";5
"4360";"Mountaineer_Den";2018;"t104053";5
"4361";"Mountaineer_Den";2018;"t104088";5
"4362";"Mountaineer_Den";2018;"t104278";5
"4363";"Mountaineer_Den";2018;"t104373";5
"4364";"Mountaineer_Den";2018;"t104388";5
"4365";"Mountaineer_Den";2018;"t104402";5
"4366";"Mtafiti_Fisi_Good_Day_Den";2018;"s23660";5
"4367";"Mtafiti_Fisi_Good_Day_Den";2018;"s23688";5
"4368";"NUDI's_Den";2019;"t111357";5
"4369";"National_Cornchip_Day_Den";2013;"s10380";5
"4370";"National_Cornchip_Day_Den";2013;"s10436";5
"4371";"National_Cornchip_Day_Den";2013;"s9906";5
"4372";"National_Cornchip_Day_Den";2013;"s9941";5
"4373";"National_Cornchip_Day_Den";2013;"s9952";5
"4374";"National_Cornchip_Day_Den";2013;"s9956";5
"4375";"No_See_Em_Den";2005;"t50842";5
"4376";"No_See_Em_Den";2005;"t50995";5
"4377";"No_See_Em_Den";2005;"t51361";5
"4378";"No_See_Em_Den";2005;"t51392";5
"4379";"No_See_Em_Den";2005;"t51463";5
"4380";"No_See_Em_Den";2005;"t51748";5
"4381";"No_See_Em_Den";2005;"t51850";5
"4382";"No_See_Em_Den";2005;"t52147";5
"4383";"No_See_Em_Den";2005;"t52278";5
"4384";"No_See_Em_Den";2005;"t52347";5
"4385";"No_See_Em_Den";2005;"t53667";5
"4386";"No_See_Em_Den";2006;"t58713";5
"4387";"Nogales_Den";2015;"s16954";5
"4388";"Nogales_Den";2015;"s16972";5
"4389";"Nogales_Den";2015;"s16987";5
"4390";"Nogales_Den";2016;"s20857";5
"4391";"Nogales_Den";2019;"s110389";5
"4392";"Nyumba_Ndege_Den";2011;"s6437.1";5
"4393";"Nyumba_Ndege_Den";2011;"s6440.1";5
"4394";"Oceanic_Den";2010;"s3977";5
"4395";"Oceanic_Den";2014;"s15056";5
"4396";"Oceanic_Den";2014;"s15058";5
"4397";"Oceanic_Den";2014;"s15065";5
"4398";"Oceanic_Den";2014;"s15101";5
"4399";"Oceanic_Den";2014;"s15101.1";5
"4400";"Oceanic_Den";2014;"s15269";5
"4401";"Oceanic_Den";2014;"s15274";5
"4402";"Oceanic_Den";2015;"s15300";5
"4403";"Oceanic_Den";2015;"s15302";5
"4404";"Oceanic_Den";2015;"s15309";5
"4405";"Ollivander's_Den";2010;"s3300";5
"4406";"Ollivander's_Den";2010;"s3301";5
"4407";"Ollivander's_Den";2010;"s3311";5
"4408";"Ollivander's_Den";2011;"s5947";5
"4409";"Ollivander's_Den";2016;"s19480";5
"4410";"Ollivander's_Den";2016;"s19939";5
"4411";"Ollivander's_Den";2016;"s19985";5
"4412";"Ollivander's_Den";2023;"s117208";5
"4413";"Orchid_Den";2009;"s3723";5
"4414";"Orchid_Den";2009;"s3724";5
"4415";"Orchid_Den";2010;"s4005";5
"4416";"Orchid_Den";2010;"s4033";5
"4417";"Orchid_Den";2010;"s4103";5
"4418";"Orchid_Den";2010;"s4113";5
"4419";"Orchid_Den";2010;"s4210";5
"4420";"Orchid_Den";2010;"s4274";5
"4421";"Oy_Vey_Den";2013;"s12465";5
"4422";"Paradise_Den";2003;"t40021";5
"4423";"Paradise_Den";2003;"t40044";5
"4424";"Paradise_Den";2003;"t40089";5
"4425";"Paradise_Den";2003;"t40113";5
"4426";"Paradise_Den";2009;"t65955";5
"4427";"Paradise_Den";2009;"t66085";5
"4428";"Pearl_Den";2009;"s3796";5
"4429";"Pearl_Den";2009;"s3800";5
"4430";"Plantation_Den";2002;"t34687";5
"4431";"Plantation_Den";2002;"t34725";5
"4432";"Plantation_Den";2002;"t34881";5
"4433";"Plantation_Den";2002;"t34899";5
"4434";"Plantation_Den";2002;"t34973";5
"4435";"Plantation_Den";2002;"t35059";5
"4436";"Plantation_Den";2002;"t35517";5
"4437";"Plantation_Den";2002;"t35518";5
"4438";"Plantation_Den";2002;"t35648";5
"4439";"Plantation_Den";2002;"t35759";5
"4440";"Plantation_Den";2002;"t36002";5
"4441";"Plantation_Den";2002;"t36222";5
"4442";"Plantation_Den";2002;"t36228";5
"4443";"Plantation_Den";2003;"t37135";5
"4444";"Plantation_Den";2003;"t39147";5
"4445";"Plantation_Den";2003;"t39461";5
"4446";"Plantation_Den";2003;"t39522";5
"4447";"Plantation_Den";2003;"t39603";5
"4448";"Plantation_Den";2004;"t48164";5
"4449";"Plantation_Den";2004;"t49010";5
"4450";"Plantation_Den";2004;"t49318";5
"4451";"Plantation_Den";2004;"t49447";5
"4452";"Plantation_Den";2004;"t49904";5
"4453";"Plantation_Den";2004;"t50051";5
"4454";"Plantation_Den";2004;"t50223";5
"4455";"Plantation_Den";2007;"t60070";5
"4456";"Plantation_Den";2007;"t60082";5
"4457";"Plantation_Den";2013;"t82692";5
"4458";"Portcullis_Den";2015;"s16747";5
"4459";"Portcullis_Den";2015;"s16760";5
"4460";"Portcullis_Den";2016;"s20758.1";5
"4461";"Portcullis_Den";2017;"s21142";5
"4462";"Pothole_Den";2012;"t78545";5
"4463";"Precipice_Den";2017;"s22536";5
"4464";"Precipice_Den";2017;"s22547";5
"4465";"Precipice_Den";2017;"s22580";5
"4466";"Precipice_Den";2017;"s22620";5
"4467";"Precipice_Den_II";2018;"s23375";5
"4468";"Precipice_Den_III";2018;"s23286";5
"4469";"Precipice_Den_III";2018;"s23298";5
"4470";"Precipice_Den_ll";2018;"s23212";5
"4471";"Precipice_Den_ll";2018;"s23234";5
"4472";"Precipice_Den_ll";2018;"s23269";5
"4473";"Precipice_Den_ll";2018;"s23285";5
"4474";"Precipice_Den_ll";2018;"s23374";5
"4475";"Redemption_Den";2008;"s1346";5
"4476";"Redemption_Den";2008;"s1347";5
"4477";"Redemption_Den";2008;"s1368";5
"4478";"Redemption_Den";2008;"s1392";5
"4479";"Redemption_Den";2009;"s2253";5
"4480";"Redemption_Den";2010;"s2753";5
"4481";"Reese's_Den";2011;"s4998";5
"4482";"Resurrection_Communal_Den";2011;"t73223";5
"4483";"Resurrection_Communal_Den";2011;"t73313";5
"4484";"Resurrection_Communal_Den";2011;"t73461";5
"4485";"Resurrection_Communal_Den";2011;"t73531";5
"4486";"Resurrection_Communal_Den";2012;"t76786";5
"4487";"Resurrection_Communal_Den";2013;"t83232";5
"4488";"Resurrection_Communal_Den";2013;"t83302";5
"4489";"Resurrection_Communal_Den";2013;"t83327";5
"4490";"Resurrection_Communal_Den";2013;"t83407";5
"4491";"Resurrection_Communal_Den";2013;"t83448";5
"4492";"Resurrection_Communal_Den";2015;"t94647";5
"4493";"Resurrection_Main_Den";2016;"t93963";5
"4494";"Resurrection_Main_Den";2016;"t94432";5
"4495";"Resurrection_Main_Den";2016;"t94503";5
"4496";"Resurrection_Main_Den";2016;"t94565";5
"4497";"Resurrection_Main_Den";2017;"t98531";5
"4498";"Resurrection_Main_Den";2017;"t98611";5
"4499";"Resurrection_Main_Den";2017;"t98645";5
"4500";"Resurrection_Main_Den";2017;"t99163.1";5
"4501";"Resurrection_Main_Den";2017;"t99534";5
"4502";"Resurrection_Main_Den";2017;"t99572";5
"4503";"Resurrection_Main_Den";2018;"t101844.10";5
"4504";"Reykjavik_Den";2011;"s6114";5
"4505";"Riga_Den";2011;"s7145";5
"4506";"Riverbend_Den";2011;"t72595";5
"4507";"Riverbend_Den";2011;"t72621";5
"4508";"Riverbend_Den";2011;"t72927";5
"4509";"Riverbend_Den";2012;"t75385";5
"4510";"Riverbend_Den";2012;"t75453";5
"4511";"Riverbend_Den";2012;"t75464";5
"4512";"Riverbend_Den";2012;"t75569";5
"4513";"Riverbend_Den";2012;"t75589";5
"4514";"Riverbend_Den";2012;"t75690";5
"4515";"Riverbend_Den";2012;"t75775";5
"4516";"Riverbend_Den";2012;"t75939";5
"4517";"Riverbend_Den";2012;"t76002";5
"4518";"Riverbend_Den";2012;"t76057";5
"4519";"Riverbend_Den";2012;"t76080";5
"4520";"Riverbend_Den";2012;"t76890";5
"4521";"Riverbend_Den";2012;"t76963";5
"4522";"Riverbend_Den";2012;"t77312";5
"4523";"Riverbend_Den";2012;"t77415";5
"4524";"Riverbend_Den";2012;"t77576";5
"4525";"Riverbend_Den";2012;"t77860";5
"4526";"Riverbend_Den";2012;"t77930";5
"4527";"Riverbend_Den";2012;"t77932";5
"4528";"Riverbend_Den";2012;"t77955";5
"4529";"Riverbend_Den";2012;"t78047";5
"4530";"Riverbend_Den";2012;"t78064";5
"4531";"Riverbend_Den";2013;"t80889";5
"4532";"Riverbend_Den";2013;"t81076";5
"4533";"Riverbend_Den";2013;"t81122";5
"4534";"Riverbend_Den";2013;"t81409";5
"4535";"Riverbend_Den";2013;"t81502";5
"4536";"Riverbend_Den";2013;"t81525";5
"4537";"Riverbend_Den";2013;"t81634";5
"4538";"Riverbend_Den";2013;"t81674";5
"4539";"Riverbend_Den";2013;"t81694";5
"4540";"Riverbend_Den";2013;"t81737";5
"4541";"Riverbend_Den";2013;"t81785";5
"4542";"Riverbend_Den";2013;"t82096";5
"4543";"Riverbend_Den";2013;"t82100";5
"4544";"Riverbend_Den";2014;"t85329";5
"4545";"Riverbend_Den";2014;"t85347";5
"4546";"Riverbend_Den";2014;"t85426";5
"4547";"Riverbend_Den";2014;"t85496";5
"4548";"Riverbend_Den";2014;"t85589";5
"4549";"Riverbend_Den";2014;"t85610";5
"4550";"Riverbend_Den";2014;"t85692";5
"4551";"Riverbend_Den";2014;"t85697";5
"4552";"Riverbend_Den";2014;"t85826";5
"4553";"Riverbend_Den";2014;"t85973";5
"4554";"Riverbend_Den";2014;"t86171";5
"4555";"Riverbend_Den";2014;"t86186";5
"4556";"Riverbend_Den";2015;"t90214";5
"4557";"Riverbend_Den";2015;"t90251";5
"4558";"Riverbend_Den";2015;"t90267";5
"4559";"Riverbend_Den";2015;"t90288";5
"4560";"Riverbend_Den";2015;"t90442";5
"4561";"Riverbend_Den";2015;"t90475";5
"4562";"Riverbend_Den";2015;"t90610";5
"4563";"Riverbend_Den";2015;"t90668";5
"4564";"Riverbend_Den";2015;"t90747";5
"4565";"Riverbend_Den";2015;"t91487";5
"4566";"Riverbend_Den";2015;"t93310";5
"4567";"Riverbend_Den";2015;"t94648";5
"4568";"Riverbend_Den";2016;"t93421";5
"4569";"Riverbend_Den";2017;"t98189";5
"4570";"Riverbend_Den";2022;"t131098";5
"4571";"Riverbend_Den";2022;"t131202";5
"4572";"Riverbend_Den";2022;"t132191";5
"4573";"Riverbend_Den";2022;"t132207";5
"4574";"Riverbend_Den";2022;"t132313";5
"4575";"Riverbend_Den";2022;"t132523";5
"4576";"Riverbend_Den";2022;"t132542";5
"4577";"Roadside_Den";2006;"t59764";5
"4578";"Roosevelt's_Natal_Den_2014";2014;"t86992";5
"4579";"Roosevelt's_Natal_Den_2014";2014;"t87267";5
"4580";"Roosevelt's_Natal_Den_2014";2014;"t87300";5
"4581";"Roosevelt's_Natal_Den_2014";2015;"t92557";5
"4582";"Rousseau_Den";2013;"s12140";5
"4583";"Rousseau_Den";2014;"s14558";5
"4584";"Rousseau_Den";2014;"s14578";5
"4585";"Rousseau_Den";2014;"s14597";5
"4586";"Rousseau_Den";2014;"s14726";5
"4587";"Rousseau_Den";2014;"s14737";5
"4588";"Rousseau_Den";2014;"s14757";5
"4589";"Rousseau_Den";2014;"s14818";5
"4590";"Runway_Den";2009;"s1947";5
"4591";"Runway_Den";2009;"s1948";5
"4592";"Runway_Den";2009;"s1959";5
"4593";"Runway_Den";2009;"s2059";5
"4594";"Runway_Den";2009;"s2085";5
"4595";"Runway_Den";2009;"s2102";5
"4596";"Runway_Den";2009;"s2105";5
"4597";"Runway_Den";2009;"s2124";5
"4598";"Runway_Den";2009;"s2134";5
"4599";"Runway_Den";2019;"s109581";5
"4600";"Runway_Den";2019;"s110053";5
"4601";"Runway_Den";2019;"s110058";5
"4602";"Runway_Den";2019;"s110147";5
"4603";"Runway_Den";2020;"s110492";5
"4604";"Runway_Den";2020;"s114445.1";5
"4605";"Runway_Den";2020;"s114449.1";5
"4606";"Runway_Den";2021;"s114489";5
"4607";"Runway_Den";2021;"s114533";5
"4608";"Runway_Den";2021;"s114593";5
"4609";"Runway_Den";2021;"s114599";5
"4610";"Runway_Den";2021;"s114607";5
"4611";"Runway_Den";2021;"s114834";5
"4612";"Runway_Den";2021;"s114849";5
"4613";"Saito's_Den_2";2022;"S115992";5
"4614";"Sault_St._Marie_Den";2011;"s7281";5
"4615";"Sawyer_Den";2010;"s4603";5
"4616";"Schiphol_Den";2013;"s10005";5
"4617";"Schiphol_Den";2013;"s10017";5
"4618";"Schiphol_Den";2013;"s1007.1";5
"4619";"Schiphol_Den";2013;"s10070";5
"4620";"Schiphol_Den";2013;"s10077";5
"4621";"Schiphol_Den";2013;"s10081";5
"4622";"Schiphol_Den";2013;"s10431";5
"4623";"Schiphol_Den";2013;"s10452";5
"4624";"Schiphol_Den";2013;"s10458";5
"4625";"Schiphol_Den";2013;"s10464";5
"4626";"Schiphol_Den";2013;"s10466";5
"4627";"Schiphol_Den";2013;"s10475";5
"4628";"Schiphol_Den";2014;"s13233.1";5
"4629";"Schiphol_Den";2014;"s13267";5
"4630";"Schiphol_Den";2014;"s13273";5
"4631";"Schiphol_Den";2014;"s13281";5
"4632";"Schiphol_Den";2014;"s13286";5
"4633";"Schiphol_Den";2014;"s13291";5
"4634";"Schiphol_Den";2014;"s13292";5
"4635";"Schiphol_Den";2014;"s13301";5
"4636";"Schiphol_Den";2014;"s13302";5
"4637";"Schiphol_Den";2014;"s13306";5
"4638";"Schiphol_Den";2014;"s13308";5
"4639";"Schiphol_Den";2014;"s13322";5
"4640";"Schiphol_Den";2014;"s13329";5
"4641";"Schiphol_Den";2014;"s13347";5
"4642";"Schiphol_Den";2014;"s13412";5
"4643";"Schiphol_Den";2014;"s13415";5
"4644";"Schiphol_Den";2014;"s13421";5
"4645";"Schiphol_Den";2014;"s13431";5
"4646";"Schiphol_Den";2014;"s13457";5
"4647";"Schiphol_Den";2014;"s13486";5
"4648";"Schiphol_Den";2014;"s13575";5
"4649";"Schiphol_Den";2014;"s13605";5
"4650";"Schmuck_Den";2013;"s12433";5
"4651";"Schmuck_Den";2013;"s12442";5
"4652";"Schmuck_Den";2013;"s12443";5
"4653";"Schmuck_Den";2013;"s12446";5
"4654";"Scrapple_Den";2011;"s6280";5
"4655";"Seatac_Den";2009;"s2232";5
"4656";"Slytherin_Den";2010;"s3069";5
"4657";"Snowbird_Den";2009;"s3905";5
"4658";"Snowbird_Den";2009;"s3912";5
"4659";"Some_Freaky_Lions_Den_3";2023;"s117815";5
"4660";"Some_Freaky_Lions_Den_3";2023;"s117826";5
"4661";"Some_Freaky_Lions_Den_3";2023;"s117838";5
"4662";"Some_Freaky_Lions_Den_3";2023;"s117844";5
"4663";"Some_Freaky_Lions_Den_3";2023;"s117873";5
"4664";"Some_Freaky_Lions_Den_3";2023;"s117906";5
"4665";"Special_Den";2019;"t105616";5
"4666";"Special_Den";2019;"t105784";5
"4667";"Special_Den";2019;"t105845";5
"4668";"Special_Den";2019;"t105874";5
"4669";"Special_Den";2019;"t105898";5
"4670";"Special_Den";2019;"t105919";5
"4671";"St_Petersburg_Den";2011;"s6213.1";5
"4672";"Strasbourg_Den";2011;"s7290";5
"4673";"Submarine_Den";2010;"s4281";5
"4674";"Summit_Den";2014;"s15172";5
"4675";"Sunrise_Valley_Communal_Den/Natal_Den";2002;"t36008";5
"4676";"Sunrise_Valley_Communal_Den/Natal_Den";2002;"t36244";5
"4677";"Sunrise_Valley_Communal_Den/Natal_Den";2002;"t36305";5
"4678";"Sunrise_Valley_Communal_Den/Natal_Den";2002;"t36359";5
"4679";"Sunrise_Valley_Communal_Den/Natal_Den";2002;"t36360";5
"4680";"Sunrise_Valley_Communal_Den/Natal_Den";2002;"t36378";5
"4681";"Sunrise_Valley_Communal_Den/Natal_Den";2002;"t36391";5
"4682";"Sunrise_Valley_Communal_Den/Natal_Den";2005;"t53371";5
"4683";"Superstar_Den_2";2021;"s115216";5
"4684";"Superstar_Den_2";2021;"s115439";5
"4685";"Superstar_Den_2";2021;"s115462";5
"4686";"Superstar_Den_2";2021;"s115463";5
"4687";"Superstar_Den_2";2021;"s115487";5
"4688";"Superstar_Den_3";2021;"s115500";5
"4689";"Superstar_Den_3";2021;"s115508";5
"4690";"Suzi_Den";2011;"s4956";5
"4691";"Suzi_Den";2011;"s5119";5
"4692";"Suzi_Den";2011;"s5139";5
"4693";"Suzi_Den";2011;"s5142";5
"4694";"Suzi_Den";2011;"s5163";5
"4695";"Suzi_Den";2011;"s5177";5
"4696";"Suzi_Den";2011;"s5187";5
"4697";"Suzi_Den";2011;"s5189";5
"4698";"Suzi_Den";2017;"s21937";5
"4699";"Suzi_Den_3";2017;"s21647";5
"4700";"Suzi_Den_3";2017;"s21935";5
"4701";"Suzi_Den_3";2017;"s21940";5
"4702";"Suzi_Den_3";2017;"s21947";5
"4703";"Suzi_Den_3";2017;"s21952";5
"4704";"Suzi_Den_3";2017;"s21954";5
"4705";"Suzi_Den_III";2020;"s110861";5
"4706";"Sweetgrass_Den";2011;"s7292";5
"4707";"Swimming_Pool_Den";2023;"S117771";5
"4708";"Tangawizi_Den";2015;"t91509";5
"4709";"Tangawizi_Den";2015;"t91647";5
"4710";"Temple_of_Artemis_Den";2014;"s15032";5
"4711";"Temple_of_Artemis_Den";2014;"s15036";5
"4712";"Temple_of_Artemis_Den";2014;"s15037";5
"4713";"Temple_of_Artemis_Den";2014;"s15040";5
"4714";"Tigris_Den";2014;"s12774";5
"4715";"Tigris_Den";2014;"s12798";5
"4716";"Tigris_Den";2014;"s12810";5
"4717";"Tigris_Den";2015;"s16326";5
"4718";"Tigris_Den";2015;"s16333";5
"4719";"Tijuana_Den";2020;"s110982";5
"4720";"Tijuana_Den";2020;"s111136";5
"4721";"Tiny_Violet_Princess_Den";2016;"s20825";5
"4722";"Turret_Den";2016;"s20305";5
"4723";"Twix_Den";2015;"s17747";5
"4724";"Twix_Den";2016;"s18281";5
"4725";"Twix_Den";2016;"s18319";5
"4726";"Twix_Den";2016;"s18325";5
"4727";"Twix_Den_2";2020;"s110855";5
"4728";"Twix_Den_2";2020;"s110911";5
"4729";"Twix_Den_2";2020;"s110923";5
"4730";"Twix_Den_2";2020;"s110933";5
"4731";"Ugli_Den";2017;"s21533";5
"4732";"Ugli_Den";2017;"s21542";5
"4733";"Ugli_Den";2017;"s21559";5
"4734";"Ugli_Den";2017;"s21595";5
"4735";"Ugli_Den";2017;"s21630";5
"4736";"Ugli_Den";2017;"s21634";5
"4737";"Ugli_Den";2017;"s21701";5
"4738";"Ugli_Den";2017;"s21734";5
"4739";"Uji_Den";2014;"s13816";5
"4740";"Uji_Den";2014;"s13908";5
"4741";"Uproar_Den";2016;"s20430";5
"4742";"Uproar_Den";2016;"s20452";5
"4743";"Vaasa_Den";2012;"s8083";5
"4744";"Vandalism_Den";2010;"s1213";5
"4745";"Villa_Den";2019;"t107104";5
"4746";"Villa_Den";2019;"t107187";5
"4747";"Villa_Den";2019;"t107376";5
"4748";"Villa_Den";2019;"t107475";5
"4749";"Wapi_Dave_Den";2018;"s24116";5
"4750";"Wapi_Dave_Den";2019;"s109920";5
"4751";"Wapi_Dave_Den";2019;"s25069";5
"4752";"Whomping_Willow_Den";2018;"s23123";5
"4753";"Whooping_Cami_Den";2014;"s13074";5
"4754";"Whooping_Cami_Den";2014;"s13083";5
"4755";"Whooping_Cami_Den";2014;"s13092";5
"4756";"Whooping_Cami_Den";2014;"s13097";5
"4757";"Whooping_Cami_Den";2014;"s13106";5
"4758";"Whooping_Cami_Den";2014;"s13111";5
"4759";"Whooping_Cami_Den";2014;"s13131";5
"4760";"Whooping_Cami_Den";2014;"s13151";5
"4761";"Whooping_Cami_Den";2015;"s16021";5
"4762";"Whooping_Cami_Den";2015;"s16072";5
"4763";"Whooping_Cami_Den";2015;"s16152";5
"4764";"Whooping_Cami_Den";2015;"s16212";5
"4765";"Whooping_Cami_Den";2015;"s16221";5
"4766";"Whooping_Cami_Den";2015;"s16597";5
"4767";"Wicked_Den";2007;"t60904";5
"4768";"Wicked_Den";2007;"t60945";5
"4769";"Windsor_Den";2012;"s9478";5
"4770";"Windsor_Den";2012;"s9502";5
"4771";"Windsor_Den";2012;"s9505";5
"4772";"Windsor_Den";2012;"s9524";5
"4773";"Windsor_Den";2012;"s9551";5
"4774";"Windsor_Den";2012;"s9576";5
"4775";"Windsor_Den";2012;"s9592";5
"4776";"Windsor_Den";2012;"s9618";5
"4777";"Windsor_Den";2015;"s17786";5
"4778";"Windsor_Den";2015;"s17829";5
"4779";"Windsor_Den";2015;"s17846";5
"4780";"Windsor_Den";2015;"s17858";5
"4781";"Windsor_Den";2015;"s17870";5
"4782";"Windsor_Den";2015;"s17872";5
"4783";"Windsor_Den";2016;"s20866";5
"4784";"Windsor_Den";2016;"s20891";5
"4785";"Windsor_Den";2016;"s20894";5
"4786";"Windsor_Den";2017;"s21189.1";5
"4787";"Windsor_Den";2017;"s21225";5
"4788";"Yoplait_Den";2014;"t86928";5
"4789";"Zeus_Den";2014;"s14987";5
"4790";"Zeus_Den";2014;"s14993";5
"4791";"Aardwolf_Communal_Den";2003;"t40412";4
"4792";"Aardwolf_Communal_Den";2003;"t40424";4
"4793";"Aardwolf_Communal_Den";2003;"t40435";4
"4794";"Aardwolf_Communal_Den";2003;"t40443";4
"4795";"Aardwolf_Communal_Den";2003;"t40449";4
"4796";"Aardwolf_Communal_Den";2003;"t40452";4
"4797";"Aardwolf_Communal_Den";2004;"t43469";4
"4798";"Aardwolf_Communal_Den";2004;"t43477";4
"4799";"Aardwolf_Communal_Den";2004;"t43479";4
"4800";"Aardwolf_Communal_Den";2004;"t43528";4
"4801";"Aardwolf_Communal_Den";2004;"t43534";4
"4802";"Aardwolf_Communal_Den";2004;"t43535";4
"4803";"Aardwolf_Communal_Den";2004;"t43568";4
"4804";"Aardwolf_Communal_Den";2004;"t43695";4
"4805";"Aardwolf_Communal_Den";2004;"t43749";4
"4806";"Aardwolf_Communal_Den";2004;"t43775";4
"4807";"Aardwolf_Communal_Den";2011;"t73928";4
"4808";"Aarhus_Den";2011;"s6128.3";4
"4809";"Airstrip_Den";2009;"s2182";4
"4810";"Airstrip_Den";2009;"s2191";4
"4811";"Airstrip_Den";2009;"s2193";4
"4812";"Airstrip_Den";2009;"s2198";4
"4813";"Airstrip_Den";2009;"s2211";4
"4814";"Airstrip_Den";2009;"s2228";4
"4815";"Alamo_Den";2011;"s7412";4
"4816";"Alamo_Den";2011;"s7429";4
"4817";"Alamo_Den";2011;"s7449";4
"4818";"Alamo_Den";2011;"s7476";4
"4819";"Alamo_Den";2011;"s7484";4
"4820";"Alamo_Natal_Den";2009;"t65756";4
"4821";"Alamo_Natal_Den";2009;"t65768";4
"4822";"Alamo_Natal_Den";2009;"t65777";4
"4823";"Alamo_Natal_Den";2009;"t65779";4
"4824";"Alamo_Natal_Den";2010;"t70933";4
"4825";"Alamo_Natal_Den";2010;"t70967";4
"4826";"Alamo_Natal_Den";2011;"t73304";4
"4827";"Alamo_Natal_Den";2011;"t73312";4
"4828";"Alamo_Natal_Den";2011;"t73387";4
"4829";"Alamo_Natal_Den";2011;"t73428";4
"4830";"Albatross_Den";2015;"s17160";4
"4831";"All_Hallows'_Eve_Den";2019;"s109029";4
"4832";"All_Hallows'_Eve_Den";2019;"s24868";4
"4833";"Alumni_Den";2008;"s0.59";4
"4834";"Amazon_Den";2009;"s378";4
"4835";"Amazon_Den";2009;"s382";4
"4836";"Amazon_Den";2009;"s386";4
"4837";"Amazon_Den";2009;"s409";4
"4838";"Angry_Ele_Den_2";2017;"s21922";4
"4839";"Angry_Ele_Den_2";2017;"s21923";4
"4840";"Aqua's_Natal_Den_2014";2014;"t87687";4
"4841";"Aqua's_Natal_Den_2014";2014;"t87689";4
"4842";"Argon's_Natal_Den_2014";2014;"t87595";4
"4843";"Argon's_Natal_Den_2014";2014;"t87610";4
"4844";"Barbie_Party_Den";2015;"t92401";4
"4845";"Barbie_Party_Den";2015;"t92462";4
"4846";"Base_Natal_Den/Communal_Den";2003;"t37580";4
"4847";"Base_Natal_Den/Communal_Den";2003;"t37608";4
"4848";"Base_Natal_Den/Communal_Den";2003;"t37665";4
"4849";"Base_Natal_Den/Communal_Den";2003;"t37704";4
"4850";"Base_Natal_Den/Communal_Den";2003;"t37724";4
"4851";"Beanie_Baby_Den";2023;"s117947";4
"4852";"Beanie_Baby_Den";2023;"s132101";4
"4853";"Beanie_Baby_Den";2023;"s132135";4
"4854";"Benedict_Den";2011;"s6712";4
"4855";"Benedict_Den";2011;"s6718";4
"4856";"Benedict_Den";2011;"s6728";4
"4857";"Benedict_Den";2011;"s6729";4
"4858";"Benedict_Den";2011;"s6757";4
"4859";"Benedict_Den";2011;"s6803";4
"4860";"Bergen_Den";2011;"s6877";4
"4861";"Bergen_Den";2011;"s6905";4
"4862";"Bergen_Den";2011;"s6913";4
"4863";"Big_Bush_Communal_Den";2017;"t99511";4
"4864";"Big_Bush_Communal_Den";2017;"t99535";4
"4865";"Big_Bush_Communal_Den";2020;"t111906";4
"4866";"Big_Bush_Communal_Den";2020;"t111917";4
"4867";"Big_Bush_Communal_Den";2020;"t111933";4
"4868";"Big_Bush_Den";2011;"t74988";4
"4869";"Big_Bush_Den";2011;"t75016";4
"4870";"Big_Bush_Den";2011;"t75057";4
"4871";"Big_Bush_Den";2011;"t75152";4
"4872";"Big_Bush_Den";2012;"t75199";4
"4873";"Big_Bush_Den";2012;"t75218";4
"4874";"Big_Sky_Den";2009;"s3839";4
"4875";"Big_Sky_Den";2014;"s15104";4
"4876";"Big_Sky_Den";2019;"s110258";4
"4877";"Big_Sky_Den";2023;"s116853";4
"4878";"Big_Sky_Den";2023;"s116916";4
"4879";"Big_Sky_Den";2023;"s116918";4
"4880";"Big_Sky_Den_2";2023;"s116509";4
"4881";"Big_Sky_Den_2";2023;"s116654";4
"4882";"Big_Sky_Den_2";2023;"s116692";4
"4883";"Big_Sky_Den_2";2023;"s116704";4
"4884";"Big_Sky_Den_2";2023;"s116828";4
"4885";"Bird_Bath_Den";2023;"S117472";4
"4886";"Bird_Bath_Den";2023;"S117482";4
"4887";"Bird_Bath_Den";2023;"s117053";4
"4888";"Bordello_Den";2013;"s10108";4
"4889";"Boulevard_Den";2008;"t63181";4
"4890";"Boulevard_Den";2008;"t63220";4
"4891";"Boulevard_Den";2008;"t63264";4
"4892";"Boulevard_Den";2008;"t63271";4
"4893";"Boulevard_Den";2008;"t63285";4
"4894";"Boulevard_Den";2008;"t63324";4
"4895";"Boulevard_Den";2008;"t63397";4
"4896";"Boulevard_Den";2008;"t63767";4
"4897";"Boulevard_Den";2008;"t63782";4
"4898";"Boulevard_Den";2008;"t63791";4
"4899";"Boulevard_Den";2008;"t63840";4
"4900";"Boulevard_Den";2008;"t63847";4
"4901";"Boulevard_Den";2008;"t63853";4
"4902";"Boulevard_Den";2008;"t63858";4
"4903";"Boulevard_Den";2008;"t63963";4
"4904";"Boulevard_Den";2008;"t64021";4
"4905";"Bright_Eyes_Den";2014;"s14293";4
"4906";"Budapest_Den";2012;"s8363";4
"4907";"Budapest_Den";2012;"s8370";4
"4908";"Budapest_Den";2012;"s8371";4
"4909";"Budapest_Den";2012;"s8374";4
"4910";"Budget_Den";2023;"s118078";4
"4911";"Budget_Den";2023;"s118082";4
"4912";"Budget_Den";2023;"s118088";4
"4913";"Budget_Den";2023;"s118089";4
"4914";"Budget_Den";2023;"s118115";4
"4915";"Budget_Den";2023;"s118147";4
"4916";"Budget_Den";2023;"s118179";4
"4917";"Budget_Den";2023;"s118181";4
"4918";"Budget_Den";2023;"s118198";4
"4919";"Budget_Den_2";2023;"s118092";4
"4920";"Budget_Den_2";2023;"s118095";4
"4921";"Budget_Den_2";2023;"s118099";4
"4922";"Budget_Den_2";2023;"s118107";4
"4923";"Budget_Den_2";2023;"s118108";4
"4924";"Budget_Den_2";2023;"s118114";4
"4925";"Budget_Den_2";2023;"s118127";4
"4926";"Budget_Den_2";2023;"s118137";4
"4927";"Buffalo_Den";2023;"S117744";4
"4928";"Burning_Den";2021;"s115034";4
"4929";"Calexico_Den";2012;"s9521";4
"4930";"Cannibal_Cami_Den";2015;"s16581";4
"4931";"Cannibal_Cami_Den";2015;"s16628";4
"4932";"Cannibal_Cami_Den";2015;"s16662";4
"4933";"Cannibal_Cami_Den";2015;"s16841";4
"4934";"Cannibal_Cami_Den";2015;"s16941";4
"4935";"Cannibal_Cami_Den";2015;"s16958";4
"4936";"Cannibal_Cami_Den";2015;"s16966";4
"4937";"Cannibal_Cami_Den";2015;"s16982";4
"4938";"Cash_Den";2014;"t88052";4
"4939";"Cash_Den";2014;"t88274";4
"4940";"Cash_Den";2014;"t89302";4
"4941";"Cash_Den";2014;"t89453";4
"4942";"Central_Park_Communal_Den";2013;"t80244";4
"4943";"Central_Park_Communal_Den";2013;"t80427";4
"4944";"Central_Park_Communal_Den";2013;"t80888";4
"4945";"Central_Park_Communal_Den";2013;"t81454";4
"4946";"Central_Park_Communal_Den";2013;"t81720";4
"4947";"Central_Park_Communal_Den";2013;"t81828";4
"4948";"Central_Park_Communal_Den";2013;"t82273";4
"4949";"Central_Park_Communal_Den";2013;"t82289";4
"4950";"Central_Park_Communal_Den";2013;"t82321";4
"4951";"Central_Park_Communal_Den";2013;"t82372";4
"4952";"Central_Park_Communal_Den";2013;"t82431";4
"4953";"Central_Park_Communal_Den";2013;"t82490";4
"4954";"Central_Park_Communal_Den";2016;"t96215";4
"4955";"Challah_Den";2019;"s110363";4
"4956";"Chamber_of_Secrets_Den";2010;"s3172";4
"4957";"Changra_Den";2023;"s117079";4
"4958";"Chex_Den";2011;"s6790";4
"4959";"Chex_Den";2011;"s6825";4
"4960";"Clamor_Den";2016;"s20437";4
"4961";"Clamor_Den";2016;"s20464";4
"4962";"Cliff_Den";2018;"t104135";4
"4963";"Cliff_Den";2018;"t104699";4
"4964";"Cliff_Den";2018;"t104754";4
"4965";"Cliff_Den";2018;"t104797";4
"4966";"Cliff_Den";2018;"t104823";4
"4967";"Cliff_Den";2018;"t104864";4
"4968";"Cliff_Den";2018;"t104872";4
"4969";"Cliff_Den";2018;"t104908";4
"4970";"Cliff_Den";2019;"t105924";4
"4971";"Cliff_Den_2";2019;"t106099";4
"4972";"Cliff_Den_2";2019;"t106225";4
"4973";"Cliff_Den_2";2019;"t106281";4
"4974";"Cliff_Den_2";2019;"t106302";4
"4975";"Coincidence_D";2023;"S117765";4
"4976";"Colossus_of_Rhodes_Den";2015;"s15422";4
"4977";"Colossus_of_Rhodes_Den";2016;"s19884";4
"4978";"Colossus_of_Rhodes_Den";2016;"s19902";4
"4979";"Colossus_of_Rhodes_Den";2016;"s19904.4";4
"4980";"Colossus_of_Rhodes_Den";2016;"s19912";4
"4981";"Colossus_of_Rhodes_Den";2016;"s20195";4
"4982";"Colossus_of_Rhodes_Den";2016;"s20215";4
"4983";"Confusing_Den";2019;"t108331";4
"4984";"Confusing_Den";2019;"t108333";4
"4985";"Confusing_Den";2019;"t111592";4
"4986";"Confusing_Den_3";2019;"t108196";4
"4987";"Copenhagen_Den";2011;"s6045";4
"4988";"Copenhagen_Den";2011;"s6060";4
"4989";"Copenhagen_Den";2011;"s6092";4
"4990";"Copenhagen_Den";2011;"s6096";4
"4991";"Crocodile_Camp_Den";2008;"t62624";4
"4992";"Crocodile_Den";2008;"t62612";4
"4993";"Crocodile_Den";2008;"t62635";4
"4994";"Crocodile_Den";2008;"t62647";4
"4995";"Croton_Edge_Communal_Den";2009;"t67529";4
"4996";"Croton_Edge_Communal_Den";2009;"t67567";4
"4997";"Croton_Edge_Communal_Den";2009;"t67726";4
"4998";"Croton_Edge_Communal_Den";2010;"t70373";4
"4999";"Croton_Edge_Communal_Den";2010;"t70566";4
"5000";"Croton_Edge_Communal_Den";2010;"t71044";4
"5001";"Croton_Edge_Communal_Den";2011;"t71893";4
"5002";"Croton_Edge_Communal_Den";2011;"t74075";4
"5003";"Croton_Edge_Communal_Den";2011;"t74083";4
"5004";"Croton_Edge_Communal_Den";2011;"t74102";4
"5005";"Croton_Edge_Communal_Den";2011;"t74148";4
"5006";"Croton_Edge_Communal_Den";2011;"t74158";4
"5007";"Croton_Edge_Communal_Den";2011;"t74187";4
"5008";"Croton_Edge_Communal_Den";2011;"t74188";4
"5009";"Croton_Edge_Communal_Den";2011;"t74210";4
"5010";"Croton_Edge_Communal_Den";2011;"t74212";4
"5011";"Croton_Edge_Communal_Den";2011;"t74237";4
"5012";"Croton_Edge_Communal_Den";2011;"t74273";4
"5013";"Croton_Edge_Communal_Den";2011;"t74745";4
"5014";"Croton_Edge_Communal_Den";2011;"t74746";4
"5015";"Croton_Edge_Communal_Den";2011;"t74754";4
"5016";"Croton_Edge_Communal_Den";2011;"t74811";4
"5017";"Croton_Edge_Communal_Den";2011;"t74830";4
"5018";"Croton_Edge_Communal_Den";2011;"t74858";4
"5019";"Croton_Edge_Communal_Den";2012;"t78131";4
"5020";"Croton_Edge_Communal_Den";2012;"t78146";4
"5021";"Croton_Edge_Communal_Den";2012;"t78180";4
"5022";"Croton_Edge_Communal_Den";2012;"t78182";4
"5023";"Croton_Edge_Communal_Den";2012;"t78205";4
"5024";"Croton_Edge_Communal_Den";2012;"t78344";4
"5025";"Croton_Edge_Communal_Den";2012;"t78375";4
"5026";"Croton_Edge_Communal_Den";2012;"t79177";4
"5027";"Croton_Edge_Communal_Den";2012;"t79238";4
"5028";"Croton_Edge_Communal_Den";2012;"t79283";4
"5029";"Croton_Edge_Communal_Den";2019;"t111576";4
"5030";"Croton_Edge_Communal_Den";2019;"t111606";4
"5031";"Croton_Edge_Communal_Den";2019;"t111627";4
"5032";"Crunk_Den";2014;"s14331";4
"5033";"Culvert_City_Den";2018;"s24089";4
"5034";"DOC_Communal_Den";2014;"t87056";4
"5035";"DOC_Communal_Den";2014;"t87297";4
"5036";"DOC_Communal_Den";2014;"t87311";4
"5037";"DOC_Communal_Den";2014;"t87318";4
"5038";"DOC_Communal_Den";2014;"t87355";4
"5039";"DOC_Communal_Den";2014;"t87385";4
"5040";"DOC_Communal_Den";2014;"t89131";4
"5041";"DOC_Communal_Den";2015;"t89806";4
"5042";"DOC_Communal_Den";2015;"t89840";4
"5043";"DOC_Communal_Den";2015;"t89862";4
"5044";"DOC_Communal_Den";2015;"t89979";4
"5045";"DOC_Communal_Den";2015;"t90136";4
"5046";"DOC_Communal_Den";2015;"t93144";4
"5047";"DOC_Communal_Den";2016;"t97272";4
"5048";"DOC_Communal_Den";2016;"t97284";4
"5049";"DOC_Communal_Den";2016;"t97497";4
"5050";"DOC_Communal_Den";2016;"t97537";4
"5051";"DOC_Communal_Den";2016;"t97597";4
"5052";"DOC_Communal_Den";2016;"t97751";4
"5053";"DOC_Den_2";2014;"t87441";4
"5054";"DOC_Den_2";2014;"t87505";4
"5055";"DOC_Den_2";2014;"t87752";4
"5056";"DOC_Den_2";2014;"t88730";4
"5057";"DOC_Den_2";2014;"t88771";4
"5058";"DOC_Den_2";2014;"t88930";4
"5059";"DOC_Den_2";2014;"t88990";4
"5060";"DOC_Den_2";2014;"t88991";4
"5061";"DOC_Den_2";2014;"t89016";4
"5062";"DOC_Den_2";2014;"t89071";4
"5063";"DOC_Den_2";2014;"t89155";4
"5064";"DOC_Den_2";2014;"t89210";4
"5065";"DOC_Den_2";2014;"t89216";4
"5066";"DOC_Den_2";2014;"t89267";4
"5067";"DOC_Den_2";2014;"t89270";4
"5068";"DOC_Den_2";2016;"t97035";4
"5069";"DOC_Den_2";2016;"t97227";4
"5070";"DOC_Den_2";2016;"t98104";4
"5071";"DOC_Den_2";2017;"t100352";4
"5072";"DOC_Den_2";2017;"t100416";4
"5073";"DOC_Den_2";2017;"t100483";4
"5074";"DOC_Den_2";2017;"t100594";4
"5075";"DOC_Den_2";2017;"t100617";4
"5076";"DOC_Den_2";2017;"t100625";4
"5077";"DOC_Den_2";2017;"t100672";4
"5078";"Dave's_Den";2010;"t70044";4
"5079";"Dave's_Den";2010;"t70234";4
"5080";"Dave's_Den";2010;"t70350";4
"5081";"Dave's_Den";2010;"t70474";4
"5082";"Dave's_Den";2010;"t70493";4
"5083";"Dave's_Den";2011;"t72396";4
"5084";"Dave's_Den";2011;"t72407";4
"5085";"Dave's_Den";2011;"t72548";4
"5086";"Dave's_Den";2011;"t73801";4
"5087";"Dave's_Den";2011;"t73846";4
"5088";"Dave's_Den";2012;"t78261";4
"5089";"Dave's_Den";2012;"t78346";4
"5090";"Dave's_Den";2012;"t78403";4
"5091";"Dave's_Den";2012;"t78413";4
"5092";"Dave's_Den";2012;"t78418";4
"5093";"Dave's_Den";2012;"t78741";4
"5094";"Dave's_Den";2012;"t79013";4
"5095";"Dave's_Den";2012;"t79059";4
"5096";"Dave's_Den";2013;"t82820";4
"5097";"Dave's_Den";2013;"t82884";4
"5098";"Dave's_Den";2013;"t82901";4
"5099";"Dave's_Den";2013;"t82981";4
"5100";"Dave's_Den";2013;"t82991";4
"5101";"Dave's_Den";2013;"t83017";4
"5102";"Dave's_Den";2014;"t86277";4
"5103";"Dave's_Den";2014;"t86441";4
"5104";"Dave's_Den";2014;"t86531";4
"5105";"Dave's_Den";2014;"t86561";4
"5106";"Dave's_Den";2014;"t86565";4
"5107";"Dave's_Den";2014;"t86738";4
"5108";"Dave's_Den";2014;"t86787";4
"5109";"Dave's_Den";2014;"t86875";4
"5110";"Dave's_Den";2014;"t88239";4
"5111";"Dave's_Den";2014;"t88341";4
"5112";"Dave's_Den";2015;"t90930";4
"5113";"Dave's_Den";2015;"t90942";4
"5114";"Dave's_Den";2015;"t90993";4
"5115";"Dave's_Den";2015;"t91132";4
"5116";"Dave's_Den";2015;"t91237";4
"5117";"Dave's_Den";2015;"t91249";4
"5118";"Dave's_Den";2015;"t91358";4
"5119";"Dave's_Den";2015;"t91398";4
"5120";"Dave's_Den";2015;"t91426.1";4
"5121";"Dave's_Den";2015;"t91883";4
"5122";"Dave's_Den";2015;"t91890";4
"5123";"Dave's_Den";2015;"t92119";4
"5124";"Dave's_Den";2015;"t92306";4
"5125";"Dave's_Den";2015;"t92404";4
"5126";"Dave's_Den";2015;"t92413";4
"5127";"Dave's_Den";2015;"t92717";4
"5128";"Dave's_Den";2016;"t94865";4
"5129";"Dave's_Den";2016;"t94913";4
"5130";"Dave's_Den";2016;"t95180";4
"5131";"Dave's_Den";2016;"t95299";4
"5132";"Dave's_Den";2016;"t95303";4
"5133";"Dave's_Den";2016;"t95381";4
"5134";"Dave's_Den";2016;"t95449";4
"5135";"Dave's_Den";2016;"t95544";4
"5136";"Dave's_Den";2016;"t96808";4
"5137";"Dave's_Den";2016;"t96837";4
"5138";"Dave's_Den";2016;"t96850";4
"5139";"Dave's_Den";2016;"t96854";4
"5140";"Dave's_Den";2016;"t96865";4
"5141";"Dave's_Den";2016;"t96894";4
"5142";"Dave's_Den";2016;"t96991";4
"5143";"Dave_Den";2011;"t72433";4
"5144";"Dave_Den";2017;"t98219";4
"5145";"Dave_Den";2017;"t98296";4
"5146";"Dave_Den";2017;"t98317";4
"5147";"Dave_Den";2017;"t98469";4
"5148";"Dave_Den";2017;"t98544.1";4
"5149";"Dave_Den";2019;"t111328";4
"5150";"Dave_Den";2019;"t111341";4
"5151";"Dave_Den";2022;"t132467";4
"5152";"Dawn_Den";2022;"S116093";4
"5153";"Dawn_Den";2022;"S116196";4
"5154";"Dawn_Den";2022;"s115700";4
"5155";"Dawn_Den";2022;"s115721";4
"5156";"Dawn_Den_2";2019;"s109775";4
"5157";"Dawn_Den_2";2022;"S116182";4
"5158";"DeGaulle_Den";2009;"s1770";4
"5159";"DeGaulle_Den";2009;"s1831";4
"5160";"DeGaulle_Den";2009;"s1868";4
"5161";"DeGaulle_Den";2009;"s1890";4
"5162";"DeGaulle_Den";2013;"s10484";4
"5163";"DeGaulle_Den";2013;"s10508.1";4
"5164";"DeGaulle_Den";2013;"s10971";4
"5165";"DeGaulle_Den";2014;"s13565";4
"5166";"DeGaulle_Den";2019;"s109013";4
"5167";"DeGaulle_Den";2019;"s24925";4
"5168";"DeGaulle_Den";2023;"s132152";4
"5169";"DeGaulle_Den";2023;"s132155";4
"5170";"DeGaulle_Den";2023;"s132193";4
"5171";"DeGaulle_Den";2023;"s132227";4
"5172";"DeGaulle_Den";2023;"s132229";4
"5173";"DeGaulle_Den";2023;"s132257";4
"5174";"Defenestrate_Den";2015;"s15555";4
"5175";"Defenestrate_Den";2015;"s17376";4
"5176";"Defenestrate_Den";2015;"s17382";4
"5177";"Defenestrate_Den";2015;"s17416";4
"5178";"Defenestrate_Den";2015;"s17426";4
"5179";"Defenestrate_Den";2015;"s17432";4
"5180";"Defenestrate_Den";2015;"s17439";4
"5181";"Defenestrate_Den";2015;"s17444";4
"5182";"Defenestrate_Den";2015;"s17453";4
"5183";"Defenestrate_Den";2015;"s17465";4
"5184";"Defenestrate_Den";2015;"s17518";4
"5185";"Defenestrate_Den";2015;"s17553";4
"5186";"Defenestrate_Den";2015;"s17568";4
"5187";"Defenestrate_Den";2015;"s17575";4
"5188";"Defenestrate_Den";2015;"s17582";4
"5189";"Defenestrate_Den";2015;"s17587";4
"5190";"Defenestrate_Den";2015;"s17588";4
"5191";"Defenestrate_Den";2015;"s17605";4
"5192";"Defenestrate_Den";2015;"s17609";4
"5193";"Defenestrate_Den";2015;"s17657";4
"5194";"Defenestrate_Den";2015;"s17670";4
"5195";"Democracy_Den";2015;"t90349";4
"5196";"Den_One_Creek_Den_Complex";2011;"t73664";4
"5197";"Den_One_Creek_Den_Complex";2011;"t73690";4
"5198";"Den_One_Creek_Den_Complex";2011;"t73711";4
"5199";"Den_One_Creek_Den_Complex";2014;"t87001";4
"5200";"Den_One_Creek_Den_Complex";2015;"t89945";4
"5201";"Den_One_Creek_Den_Complex";2017;"t100331";4
"5202";"Den_One_Creek_Den_Complex";2017;"t98155";4
"5203";"Den_of_Perfection";2006;"t59391";4
"5204";"Den_of_Perfection";2006;"t59431";4
"5205";"Den_of_Perfection";2006;"t59441";4
"5206";"Den_of_Perfection";2006;"t59502";4
"5207";"Den_of_Perfection";2006;"t59547";4
"5208";"Dharma_Den";2010;"s4237";4
"5209";"Diagon_Alley_Den";2017;"s22481";4
"5210";"Diagon_Alley_Den_II";2017;"s22507";4
"5211";"Dicks_Den";2014;"t86028";4
"5212";"Dicks_Den";2014;"t86041";4
"5213";"Dicks_Den";2014;"t86233";4
"5214";"Dicks_Den";2014;"t86336";4
"5215";"Dicks_Den";2014;"t86344";4
"5216";"Dicks_Den";2014;"t86967";4
"5217";"Dicks_Den";2014;"t87653";4
"5218";"Dicks_Den";2014;"t88345";4
"5219";"Dicks_Den";2014;"t88410";4
"5220";"Dicks_Den";2014;"t88465";4
"5221";"Dicks_Den";2014;"t88591";4
"5222";"Dicks_Den";2014;"t88614";4
"5223";"Dicks_Den";2014;"t88617";4
"5224";"Dicks_Den";2014;"t88641";4
"5225";"Dicks_Den";2014;"t88694";4
"5226";"Dicks_Den";2014;"t88759";4
"5227";"Dicks_Den";2015;"t92244";4
"5228";"Dicks_Den";2015;"t92309";4
"5229";"Dicks_Den";2017;"t100262";4
"5230";"Dicks_Den";2017;"t100342";4
"5231";"Dicks_Den";2017;"t100369";4
"5232";"Dicks_Den";2017;"t100487";4
"5233";"Dicks_Den";2017;"t100553";4
"5234";"Dicks_Den";2017;"t100756";4
"5235";"Dicks_Den";2017;"t100760";4
"5236";"Dicks_Den";2017;"t101270";4
"5237";"Dicks_Den";2017;"t98468";4
"5238";"Dicks_Den";2017;"t98488";4
"5239";"Dicks_Den";2017;"t98521";4
"5240";"Dicks_Den";2017;"t98595";4
"5241";"Dicks_Den";2017;"t98610";4
"5242";"Dicks_Den";2017;"t98628";4
"5243";"Dicks_Den";2017;"t98641";4
"5244";"Dicks_Den";2017;"t98688";4
"5245";"Disappointment_Den";2008;"s0.41";4
"5246";"Disappointment_Den";2008;"s1313";4
"5247";"Doom's_Day_Den";2003;"t38887";4
"5248";"Doom's_Day_Den";2003;"t38912";4
"5249";"Doom's_Day_Den_2";2019;"t105579";4
"5250";"Doom's_Day_Den_2";2019;"t105589";4
"5251";"Doom's_Day_Den_2";2019;"t105687";4
"5252";"Doom's_Day_Den_2";2019;"t105728";4
"5253";"Doom's_Day_Den_2";2019;"t105818";4
"5254";"Driving_under_the_Influence_Den";2011;"s7352";4
"5255";"Driving_under_the_Influence_Den";2011;"s7355";4
"5256";"Dudu_Den";2009;"s3921";4
"5257";"Durmstrang_Den";2010;"s3092";4
"5258";"Emma_Natal_Den_2_2012";2012;"s8446";4
"5259";"Emma_Natal_Den_2_2012";2012;"s8448";4
"5260";"Emma_Natal_Den_2_2012";2012;"s8451";4
"5261";"Emma_Natal_Den_2_2012";2012;"s8459.1";4
"5262";"Emma_Natal_Den_2_2012";2012;"s8464";4
"5263";"Emma_Natal_Den_2_2012";2012;"s8474";4
"5264";"Emma_Natal_Den_2_2012";2012;"s8531";4
"5265";"Euphrates_Den";2015;"s16256";4
"5266";"Euphrates_Den";2015;"s16280";4
"5267";"FML_Den";2016;"s20196.1";4
"5268";"Fever_Tree_Natal_Den/Communal_Den_Complex";2002;"t34994";4
"5269";"Fever_Tree_Natal_Den/Communal_Den_Complex";2002;"t35154";4
"5270";"Fever_Tree_Natal_Den/Communal_Den_Complex";2002;"t35415";4
"5271";"Fever_Tree_Natal_Den/Communal_Den_Complex";2002;"t35456";4
"5272";"Fever_Tree_Natal_Den/Communal_Den_Complex";2002;"t35544";4
"5273";"Fever_Tree_Natal_Den/Communal_Den_Complex";2002;"t35553";4
"5274";"Fever_Tree_Natal_Den/Communal_Den_Complex";2002;"t35571";4
"5275";"Fever_Tree_Natal_Den/Communal_Den_Complex";2002;"t35581";4
"5276";"Fever_Tree_Natal_Den/Communal_Den_Complex";2002;"t35598";4
"5277";"Fever_Tree_Natal_Den/Communal_Den_Complex";2002;"t35616";4
"5278";"Fever_Tree_Natal_Den/Communal_Den_Complex";2002;"t35630";4
"5279";"Fever_Tree_Natal_Den/Communal_Den_Complex";2002;"t35636";4
"5280";"Fever_Tree_Natal_Den/Communal_Den_Complex";2002;"t35642";4
"5281";"Fever_Tree_Natal_Den/Communal_Den_Complex";2002;"t35676";4
"5282";"Fever_Tree_Natal_Den/Communal_Den_Complex";2002;"t35690";4
"5283";"Fever_Tree_Natal_Den/Communal_Den_Complex";2002;"t35729";4
"5284";"Fever_Tree_Natal_Den/Communal_Den_Complex";2002;"t35739";4
"5285";"Fever_Tree_Natal_Den/Communal_Den_Complex";2002;"t35758";4
"5286";"Fever_Tree_Natal_Den/Communal_Den_Complex";2002;"t36462";4
"5287";"Fever_Tree_Natal_Den/Communal_Den_Complex";2002;"t36517";4
"5288";"Fever_Tree_Natal_Den/Communal_Den_Complex";2002;"t36668";4
"5289";"Fever_Tree_Natal_Den/Communal_Den_Complex";2003;"t37127";4
"5290";"Fever_Tree_Natal_Den/Communal_Den_Complex";2003;"t37314";4
"5291";"Fever_Tree_Natal_Den/Communal_Den_Complex";2003;"t37377";4
"5292";"Fever_Tree_Natal_Den/Communal_Den_Complex";2003;"t37378";4
"5293";"Fever_Tree_Natal_Den/Communal_Den_Complex";2003;"t37437";4
"5294";"Fever_Tree_Natal_Den/Communal_Den_Complex";2003;"t37492";4
"5295";"Fever_Tree_Natal_Den/Communal_Den_Complex";2003;"t37565";4
"5296";"Fever_Tree_Natal_Den/Communal_Den_Complex";2003;"t37596";4
"5297";"Fever_Tree_Natal_Den/Communal_Den_Complex";2003;"t37618";4
"5298";"Fever_Tree_Natal_Den/Communal_Den_Complex";2003;"t37672";4
"5299";"Fever_Tree_Natal_Den/Communal_Den_Complex";2003;"t37709";4
"5300";"Fever_Tree_Natal_Den/Communal_Den_Complex";2003;"t37725";4
"5301";"Fever_Tree_Natal_Den/Communal_Den_Complex";2003;"t37791";4
"5302";"Fever_Tree_Natal_Den/Communal_Den_Complex";2003;"t39337";4
"5303";"Fever_Tree_Natal_Den/Communal_Den_Complex";2003;"t39641";4
"5304";"Fever_Tree_Natal_Den/Communal_Den_Complex";2003;"t39663";4
"5305";"Fever_Tree_Natal_Den/Communal_Den_Complex";2003;"t39703";4
"5306";"Fever_Tree_Natal_Den/Communal_Den_Complex";2003;"t39742";4
"5307";"Fever_Tree_Natal_Den/Communal_Den_Complex";2003;"t39850";4
"5308";"Fever_Tree_Natal_Den/Communal_Den_Complex";2003;"t39962";4
"5309";"Fever_Tree_Natal_Den/Communal_Den_Complex";2003;"t40001";4
"5310";"Fever_Tree_Natal_Den/Communal_Den_Complex";2003;"t40125";4
"5311";"Fever_Tree_Natal_Den/Communal_Den_Complex";2003;"t40323";4
"5312";"Fever_Tree_Natal_Den/Communal_Den_Complex";2003;"t40414";4
"5313";"Fever_Tree_Natal_Den/Communal_Den_Complex";2004;"t43604";4
"5314";"Fever_Tree_Natal_Den/Communal_Den_Complex";2004;"t43639";4
"5315";"Fever_Tree_Natal_Den/Communal_Den_Complex";2004;"t43654";4
"5316";"Fever_Tree_Natal_Den/Communal_Den_Complex";2004;"t43708";4
"5317";"Fever_Tree_Natal_Den/Communal_Den_Complex";2004;"t43739";4
"5318";"Fever_Tree_Natal_Den/Communal_Den_Complex";2004;"t43798";4
"5319";"Fever_Tree_Natal_Den/Communal_Den_Complex";2004;"t44038";4
"5320";"Fever_Tree_Natal_Den/Communal_Den_Complex";2004;"t49072";4
"5321";"Flapjack_Den";2013;"s10744";4
"5322";"Flapjack_Den";2013;"s10765";4
"5323";"Flashforward_Den";2012;"s9209";4
"5324";"Flashforward_Den";2012;"s9213";4
"5325";"Flashforward_Den";2012;"s9228";4
"5326";"Flashforward_Den";2012;"s9279";4
"5327";"Flashforward_Den";2012;"s9283";4
"5328";"Flashforward_Den";2012;"s9306";4
"5329";"Flashforward_Den";2012;"s9310";4
"5330";"Flashforward_Den";2012;"s9320";4
"5331";"Flashforward_Den";2012;"s9325";4
"5332";"Flashforward_Den";2012;"s9328";4
"5333";"Flintstone_Den";2015;"t93100";4
"5334";"Flintstone_Den";2015;"t93210";4
"5335";"Flintstone_Den";2015;"t93224";4
"5336";"Flintstone_Den";2017;"t101134";4
"5337";"Flintstone_Den";2017;"t101288";4
"5338";"Flintstone_Den";2017;"t101298";4
"5339";"Flintstone_Den";2017;"t101397";4
"5340";"Flintstone_Den";2017;"t101422";4
"5341";"Flintstone_Den";2017;"t101505";4
"5342";"Flintstone_Den";2017;"t101510";4
"5343";"Flintstone_Den";2017;"t101520";4
"5344";"Flintstone_Den";2017;"t101641";4
"5345";"Gardenia_Den";2014;"t86496.2";4
"5346";"Gardenia_Den";2014;"t86527";4
"5347";"Gila_River_Den";2009;"s927";4
"5348";"Gila_River_Den";2009;"s930";4
"5349";"Gila_River_Den";2010;"s1270";4
"5350";"Gila_River_Den";2010;"s946";4
"5351";"Gila_River_Den";2010;"s950";4
"5352";"Gila_River_Den";2010;"s963";4
"5353";"Gila_River_Den";2010;"s966";4
"5354";"Gila_River_Den";2010;"s970";4
"5355";"Gila_River_Den_II";2010;"s1266";4
"5356";"Gila_River_Den_II";2011;"s7243";4
"5357";"Gila_River_Den_III";2010;"s1312";4
"5358";"Gothenburg_Den";2011;"s6128.1";4
"5359";"Gothenburg_Den";2011;"s6128.4";4
"5360";"Grand_Theft_Auto_Den";2010;"s1178";4
"5361";"Green_Den";2006;"t58262";4
"5362";"Green_Den";2006;"t58282";4
"5363";"Gringotts_Den";2017;"s22512";4
"5364";"Grits_Den";2011;"s6598";4
"5365";"Grits_Den";2011;"s6676.1";4
"5366";"Grits_Den";2011;"s6689.1";4
"5367";"Grits_Den";2011;"s6694";4
"5368";"Grits_Den";2013;"s10037";4
"5369";"Grits_Den";2013;"s10679";4
"5370";"Grits_Den";2013;"s10832";4
"5371";"Guava_Den";2020;"s110963";4
"5372";"Guca_Den";2012;"s8164";4
"5373";"Guca_Den";2012;"s8172";4
"5374";"Guca_Den";2012;"s8175.1";4
"5375";"Guca_Den";2012;"s8190";4
"5376";"Guca_Den";2012;"s8200";4
"5377";"Guca_Den";2012;"s8207";4
"5378";"Guca_Den";2012;"s8209";4
"5379";"Guca_Den";2012;"s8222";4
"5380";"Hanging_Gardens_Den";2009;"s3431";4
"5381";"Hanging_Gardens_Den";2009;"s3432";4
"5382";"Hanging_Gardens_Den";2009;"s3435";4
"5383";"Hanging_Gardens_Den";2009;"s3438";4
"5384";"Hanging_Gardens_Den";2009;"s3441";4
"5385";"Hanging_Gardens_Den";2009;"s3444";4
"5386";"Hanging_Gardens_Den";2009;"s3457";4
"5387";"Hanging_Gardens_Den";2009;"s3470";4
"5388";"Hanging_Gardens_Den";2009;"s3473";4
"5389";"Hanging_Gardens_Den";2009;"s3482";4
"5390";"Hanging_Gardens_Den";2009;"s3493";4
"5391";"Hanging_Gardens_Den";2009;"s3503";4
"5392";"Hanging_Gardens_Den";2009;"s3504";4
"5393";"Hanging_Gardens_Den";2009;"s3507";4
"5394";"Hanging_Gardens_Den";2009;"s3508";4
"5395";"Hanging_Gardens_Den";2009;"s3530";4
"5396";"Hanging_Gardens_Den";2009;"s3532";4
"5397";"Hanging_Gardens_Den";2009;"s3538";4
"5398";"Hanging_Gardens_Den";2009;"s3546";4
"5399";"Hanging_Gardens_Den";2009;"s3547";4
"5400";"Hanging_Gardens_Den";2009;"s3548";4
"5401";"Hanging_Gardens_Den";2009;"s3555";4
"5402";"Hanging_Gardens_Den";2015;"s15517";4
"5403";"Hanging_Gardens_Den";2017;"s21162";4
"5404";"Hanging_Gardens_Den";2017;"s21163";4
"5405";"Hanging_Gardens_Den";2017;"s21495";4
"5406";"Helsinki_Den";2011;"s5998";4
"5407";"Holiday_Communal_Den";2006;"t59727";4
"5408";"Holiday_Communal_Den";2006;"t59740";4
"5409";"Holiday_Communal_Den";2009;"t65878";4
"5410";"Holy_Grail_Den";2008;"s66";4
"5411";"Holy_Grail_Den";2009;"s654.1";4
"5412";"Holy_Grail_Den";2009;"s659.1";4
"5413";"Holy_Grail_Den";2009;"s667";4
"5414";"Holy_Grail_Den";2009;"s688";4
"5415";"Holy_Grail_Den";2011;"s7535";4
"5416";"Holy_Grail_Den";2013;"s12170";4
"5417";"Holy_Grail_Den";2013;"s12176";4
"5418";"Holy_Grail_Den";2013;"s12182";4
"5419";"Holy_Grail_Den";2013;"s12189";4
"5420";"Holy_Grail_Den";2013;"s12192";4
"5421";"Holy_Grail_Den";2013;"s12193";4
"5422";"Holy_Grail_Den";2013;"s12197";4
"5423";"Holy_Grail_Den";2013;"s12203";4
"5424";"Holy_Grail_Den";2013;"s12221";4
"5425";"Holy_Grail_Den";2013;"s12230";4
"5426";"Holy_Grail_Den";2013;"s12243";4
"5427";"Homicide_Den";2010;"s1186";4
"5428";"Houdini_Den";2016;"s19016";4
"5429";"Houdini_Den";2016;"s19025";4
"5430";"Houdini_Den";2016;"s19027";4
"5431";"Houdini_Den";2016;"s19040";4
"5432";"Houdini_Den";2016;"s19061";4
"5433";"Houdini_Den";2016;"s19076";4
"5434";"Houdini_Den";2016;"s19079";4
"5435";"Houdini_Den";2016;"s19080";4
"5436";"Houdini_Den";2016;"s19084";4
"5437";"Houdini_Den";2016;"s19088";4
"5438";"Houdini_Den";2016;"s19090";4
"5439";"Houdini_Den";2016;"s19093";4
"5440";"Houdini_Den";2016;"s19097";4
"5441";"Houdini_Den";2016;"s19100";4
"5442";"Houdini_Den";2016;"s19101";4
"5443";"Hufflepuff_Den";2010;"s3085";4
"5444";"IAT_Den";2010;"s3241";4
"5445";"IAT_Den";2014;"s14252";4
"5446";"IAT_Den";2014;"s14382";4
"5447";"IAT_Den";2014;"s14387";4
"5448";"IAT_Den";2014;"s14420";4
"5449";"IAT_Den";2014;"s14434";4
"5450";"IAT_Den";2014;"s14443";4
"5451";"IAT_Den";2015;"s15596";4
"5452";"IAT_Den";2015;"s15676";4
"5453";"IAT_Den";2015;"s15685";4
"5454";"IAT_Den";2015;"s15707";4
"5455";"IAT_Den";2015;"s16010";4
"5456";"IAT_Den";2015;"s17227";4
"5457";"IAT_Den";2015;"s17959";4
"5458";"IAT_Den";2017;"s21018";4
"5459";"IAT_Den";2017;"s21022";4
"5460";"IAT_Den";2017;"s22271";4
"5461";"IAT_Den";2017;"s22774";4
"5462";"IAT_Den";2017;"s22785";4
"5463";"IAT_Den";2017;"s22792";4
"5464";"IAT_Den";2017;"s22811";4
"5465";"IAT_Den";2017;"s22821";4
"5466";"IAT_Den";2017;"s22831";4
"5467";"IAT_Den";2017;"s22834";4
"5468";"IAT_Den";2017;"s22839";4
"5469";"IAT_Den";2017;"s22847";4
"5470";"IAT_Den";2017;"s22905";4
"5471";"IAT_Den";2017;"s22910";4
"5472";"IAT_Den";2017;"s22921";4
"5473";"IAT_Den";2018;"s23152";4
"5474";"IAT_Den";2018;"s24233";4
"5475";"J_Fab_Den";2012;"s8383";4
"5476";"J_Fab_Den";2012;"s8393";4
"5477";"J_Fab_Den";2012;"s8395.1";4
"5478";"J_Fab_Den";2012;"s8401";4
"5479";"J_Fab_Den";2012;"s8407";4
"5480";"J_Fab_Den";2012;"s8412";4
"5481";"J_Fab_Den";2012;"s8426";4
"5482";"J_Fab_Den";2014;"s14493";4
"5483";"J_Fab_Den";2014;"s14498";4
"5484";"J_Fab_Den";2014;"s14502";4
"5485";"J_Fab_Den";2014;"s14523";4
"5486";"J_Fab_Den";2015;"s15818";4
"5487";"J_Fab_Den";2017;"s21298";4
"5488";"J_Fab_Den";2017;"s21312";4
"5489";"J_Fab_Den";2017;"s21338";4
"5490";"J_Fab_Den";2017;"s21392";4
"5491";"J_Fab_Den";2017;"s22248";4
"5492";"J_Fab_Den";2017;"s22253";4
"5493";"J_Fab_Den";2017;"s22305";4
"5494";"J_Fab_Den";2017;"s22317";4
"5495";"J_Fab_Den";2017;"s22322";4
"5496";"J_Fab_Den";2017;"s22328";4
"5497";"J_Fab_Den";2017;"s22365";4
"5498";"J_Fab_Den";2017;"s22387";4
"5499";"Jackson's_Hole_Den";2009;"s3819";4
"5500";"Jackson's_Hole_Den";2010;"s3972";4
"5501";"Jalapeno_Den";2019;"s110333";4
"5502";"Jalapeno_Den";2019;"s110351";4
"5503";"Juarez_Den";2009;"s795";4
"5504";"Juarez_Den";2009;"s797";4
"5505";"Juarez_Den";2009;"s800";4
"5506";"Judith_Den";2016;"s20613";4
"5507";"Judith_Den";2017;"s20943";4
"5508";"Judith_Den";2017;"s20949";4
"5509";"Judith_Den";2017;"s20992";4
"5510";"Judith_Den";2017;"s20998";4
"5511";"Judith_Den";2023;"s117160";4
"5512";"Kabbalah_Den";2017;"s22430";4
"5513";"Kinda-See-Em_Den";2005;"t54306";4
"5514";"Kinda-See-Em_Den";2005;"t54372";4
"5515";"Kinda-See-Em_Den";2006;"t56658";4
"5516";"Kinda-See-Em_Den";2006;"t59082";4
"5517";"Kinda-See-Em_Den";2006;"t59093";4
"5518";"Kinda-See-Em_Den";2006;"t59269";4
"5519";"Kinda-See-Em_Den";2008;"t62504";4
"5520";"Kinda-See-Em_Den";2008;"t62511";4
"5521";"Kinda-See-Em_Den";2008;"t62576";4
"5522";"Kinda-See-Em_Den";2008;"t63381";4
"5523";"Kinda-See-Em_Den";2008;"t63626";4
"5524";"Kinda-See-Em_Den";2008;"t63749";4
"5525";"Kinda-See-Em_Den";2008;"t64154";4
"5526";"Kinda-See-Em_Den";2009;"t64846";4
"5527";"Kinda-See-Em_Den";2009;"t64860";4
"5528";"Kinda-See-Em_Den";2009;"t64869";4
"5529";"Kinda-See-Em_Den";2009;"t64902";4
"5530";"Kinda-See-Em_Den";2009;"t64968";4
"5531";"Kinda-See-Em_Den";2009;"t65002";4
"5532";"Kinda-See-Em_Den";2013;"t82829";4
"5533";"Kinda-See-Em_Den";2013;"t83057";4
"5534";"Kinda-See-Em_Den";2013;"t83126";4
"5535";"Kinda-See-Em_Den";2013;"t83171";4
"5536";"Kinda-See-Em_Den";2013;"t84600";4
"5537";"Kinda-See-Em_Den";2013;"t84677";4
"5538";"Kinda-See-Em_Den";2015;"t92196";4
"5539";"Kinda_See_Em_Den_Two";2010;"t68907";4
"5540";"Kinda_See_Em_Den_Two";2010;"t68955";4
"5541";"Kinda_See_Em_Den_Two";2010;"t71139";4
"5542";"Kinda_See_Em_Den_Two";2010;"t71375";4
"5543";"Kinda_See_Em_Den_Two";2010;"t71456";4
"5544";"Kinda_See_Em_Den_Two";2012;"t76130";4
"5545";"Kinda_See_Em_Den_Two";2012;"t76183";4
"5546";"Kit_Kat_Den";2011;"s5017";4
"5547";"Kit_Kat_Den";2011;"s5035";4
"5548";"Kit_Kat_Den";2015;"s17673";4
"5549";"Kit_Kat_Den";2015;"s17707";4
"5550";"Kit_Kat_Den";2016;"s19557";4
"5551";"Kit_Kat_Den";2016;"s19595";4
"5552";"Kit_Kat_Den";2016;"s19662";4
"5553";"Kit_Kat_Den";2016;"s19714";4
"5554";"Kit_Kat_Den";2016;"s19823";4
"5555";"Kolding_Den";2011;"s6931";4
"5556";"Kolding_Den";2011;"s6981";4
"5557";"Kolding_Den";2011;"s6990";4
"5558";"Kolding_Den";2011;"s7020";4
"5559";"Kolding_Den";2011;"s7054";4
"5560";"Lala_Den";2006;"t58159";4
"5561";"Lala_Den";2006;"t58319";4
"5562";"Lala_Den";2006;"t58370.1";4
"5563";"Lala_Den";2006;"t58469";4
"5564";"Lala_Den";2006;"t58557";4
"5565";"Lala_Den";2006;"t58724";4
"5566";"Landscape_Den";2019;"t106091";4
"5567";"Landscape_Den";2019;"t106321";4
"5568";"Landscape_Den";2019;"t106950";4
"5569";"Landscape_Den";2019;"t108108";4
"5570";"Larceny_Den";2010;"s1224";4
"5571";"Larceny_Den";2010;"s1232";4
"5572";"Larceny_Den";2010;"s1243";4
"5573";"Lazy_French_Den";2015;"t92080";4
"5574";"Lazy_French_Den";2015;"t92103";4
"5575";"Lazy_French_Den";2015;"t92118";4
"5576";"Lazy_French_Den";2015;"t92138";4
"5577";"Library_of_Alexandria_Den";2015;"s15490";4
"5578";"Lighthouse_Den";2011;"s4764";4
"5579";"Lighthouse_Den";2013;"s11522";4
"5580";"Lighthouse_Den";2013;"s11548";4
"5581";"Lighthouse_Den";2013;"s11550";4
"5582";"Lighthouse_Den";2013;"s11559";4
"5583";"Lighthouse_Den";2013;"s11567";4
"5584";"Lighthouse_Den";2013;"s11570";4
"5585";"Lighthouse_Den";2013;"s11574";4
"5586";"Lighthouse_Den";2013;"s11578.1";4
"5587";"Lighthouse_Den";2013;"s11583";4
"5588";"Lighthouse_Den";2013;"s11586";4
"5589";"Log_Cabin's_Culvert_Den";2023;"s117870";4
"5590";"Log_Cabin's_Culvert_Den";2023;"s117874";4
"5591";"Log_Cabin's_Culvert_Den";2023;"s117875";4
"5592";"Log_Cabin's_Culvert_Den";2023;"s117882";4
"5593";"Log_Cabin's_Culvert_Den";2023;"s117909";4
"5594";"Log_Cabin's_Culvert_Den";2023;"s118020";4
"5595";"Lone_Elephant_Den_3";2022;"s115633";4
"5596";"Lone_Elephant_Den_4";2022;"s115654";4
"5597";"Lone_Elephant_Den_4";2022;"s115658";4
"5598";"Lucky_Leopard_Den";2014;"t88250";4
"5599";"Lucky_Leopard_Den";2014;"t88273";4
"5600";"Lucky_Leopard_Den";2016;"t94413";4
"5601";"Lucky_Leopard_Den";2016;"t94463";4
"5602";"Lucky_Leopard_Den";2016;"t94471";4
"5603";"Lucky_Leopard_Den";2016;"t94484";4
"5604";"Lucky_Leopard_Den";2016;"t94527";4
"5605";"Lucky_Leopard_Den";2016;"t94579";4
"5606";"Lucky_Leopard_Den";2016;"t94597";4
"5607";"Lucky_Leopard_Den";2016;"t94606";4
"5608";"Lucky_Leopard_Den";2016;"t94687";4
"5609";"Lucky_Leopard_Den";2016;"t94813";4
"5610";"Lugga_Den";2017;"s21855";4
"5611";"Lugga_Den";2017;"s21898";4
"5612";"Lugga_Den_II";2019;"s109302";4
"5613";"Lugga_Den_III";2022;"s115895";4
"5614";"Lugga_Den_lll";2017;"s21862";4
"5615";"Maggie_Den";2014;"t87646";4
"5616";"Magic_Bush_Den";2003;"t38830";4
"5617";"Magic_Bush_Den";2003;"t38872";4
"5618";"Magic_Bush_Den";2003;"t38914";4
"5619";"Magic_Bush_Den";2003;"t38945";4
"5620";"Magic_Bush_Den";2014;"t85256";4
"5621";"Magic_Bush_Den";2018;"t104232";4
"5622";"Magic_Bush_Den";2018;"t104645";4
"5623";"Malmö_Den";2012;"s7985";4
"5624";"Malmö_Den";2012;"s8091";4
"5625";"Mango_Den_ll";2017;"s22032";4
"5626";"Mango_Den_ll";2017;"s22033";4
"5627";"Mashugana_Den";2013;"s12477";4
"5628";"Mashugana_Den_II";2013;"s12479";4
"5629";"Mashugana_Den_II";2013;"s12483";4
"5630";"Meatloaf_Den";2015;"s17783";4
"5631";"Meatloaf_Den";2015;"s17806";4
"5632";"Meatloaf_Den";2015;"s17809";4
"5633";"Migration_Den";2023;"S117719";4
"5634";"Migration_Den_2";2023;"S117757";4
"5635";"Migration_Den_3";2023;"s117379";4
"5636";"Milkyway_Den";2014;"t87445";4
"5637";"Mindy's_Den";2013;"s10159";4
"5638";"Mindy's_Den";2013;"s10877";4
"5639";"Mindy's_Den";2013;"s10887";4
"5640";"Moat_Den";2015;"s16726";4
"5641";"Moat_Den";2016;"s20228";4
"5642";"Moat_Den";2016;"s20237";4
"5643";"Moat_Den";2016;"s20296";4
"5644";"Moat_Den";2016;"s20307";4
"5645";"Moat_Den";2017;"s21063";4
"5646";"Mountaineer_Den";2018;"t103156";4
"5647";"Mountaineer_Den";2018;"t104071";4
"5648";"Mountaineer_Den";2018;"t104085";4
"5649";"Mountaineer_Den";2018;"t104246.1";4
"5650";"Mountaineer_Den";2018;"t104270";4
"5651";"Mountaineer_Den";2018;"t104289";4
"5652";"Mountaineer_Den";2018;"t104381";4
"5653";"Mountaineer_Den";2018;"t104467";4
"5654";"Mountaineer_Den";2018;"t104496";4
"5655";"Mountaineer_Den";2018;"t104505";4
"5656";"Mr._Cluck's_Chicken_Shack_Den";2011;"s5300";4
"5657";"Mr._Eko_Den";2014;"s14830";4
"5658";"Mtafiti_Fisi_Good_Day_Den";2018;"s23678";4
"5659";"NUDI's_Den_2";2019;"t111511";4
"5660";"National_Cornchip_Day_Den";2013;"s10317";4
"5661";"National_Cornchip_Day_Den";2013;"s10321";4
"5662";"National_Cornchip_Day_Den";2013;"s9913";4
"5663";"Nchoko_Den";2021;"s115554";4
"5664";"Nchoko_Den";2021;"s115578";4
"5665";"Nchoko_Den";2021;"s115585";4
"5666";"Nchoko_Den_2";2021;"s115561";4
"5667";"New_Queen's_Throne_Natal_Den";2012;"s8341";4
"5668";"New_Queen's_Throne_Natal_Den";2012;"s8348";4
"5669";"New_Queen's_Throne_Natal_Den";2012;"s8352";4
"5670";"New_Queen's_Throne_Natal_Den";2012;"s8356";4
"5671";"No_See_Em_Den";2005;"t50969";4
"5672";"No_See_Em_Den";2005;"t51319";4
"5673";"No_See_Em_Den";2005;"t52167";4
"5674";"No_See_Em_Den";2005;"t52219";4
"5675";"No_See_Em_Den";2005;"t52236";4
"5676";"No_See_Em_Den";2005;"t53248";4
"5677";"No_See_Em_Den";2005;"t53692";4
"5678";"No_See_Em_Den";2005;"t53751";4
"5679";"No_See_Em_Den";2005;"t53857";4
"5680";"No_See_Em_Den";2006;"t58514";4
"5681";"No_See_Em_Den";2006;"t58763";4
"5682";"No_See_Em_Den";2006;"t58807";4
"5683";"Nogales_Den";2009;"s802";4
"5684";"Nogales_Den";2015;"s16957";4
"5685";"Nogales_Den";2015;"s16963";4
"5686";"Nogales_Den";2015;"s16980";4
"5687";"Nogales_Den";2019;"s110388";4
"5688";"Nogales_Den";2019;"s110399";4
"5689";"Nogales_Den";2019;"s110405";4
"5690";"Nyumba_Ndege_Den";2011;"s6290.1";4
"5691";"Nyumba_Ndege_Den";2011;"s6292";4
"5692";"Nyumba_Ndege_Den";2011;"s6305";4
"5693";"Nyumba_Ndege_Den";2011;"s6430";4
"5694";"Oceanic_Den";2009;"s3809";4
"5695";"Oceanic_Den";2009;"s3810";4
"5696";"Oceanic_Den";2009;"s3813";4
"5697";"Oceanic_Den";2009;"s3822";4
"5698";"Oceanic_Den";2014;"s15055";4
"5699";"Oceanic_Den";2014;"s15262";4
"5700";"Oceanic_Den";2015;"s15307";4
"5701";"Oceanic_Den";2015;"s15374";4
"5702";"Ollivander's_Den";2010;"s3328";4
"5703";"Ollivander's_Den";2016;"s19933";4
"5704";"Ollivander's_Den";2016;"s20096";4
"5705";"Ollivander's_Den";2023;"s117167";4
"5706";"Ollivander's_Den";2023;"s117170";4
"5707";"Oodelali_Den";2016;"s19223";4
"5708";"Orchid_Den";2009;"s3726";4
"5709";"Orchid_Den";2009;"s3741";4
"5710";"Orchid_Den";2010;"s3995";4
"5711";"Orchid_Den";2010;"s4028";4
"5712";"Orchid_Den";2010;"s4050";4
"5713";"Orchid_Den";2010;"s4059";4
"5714";"Orchid_Den";2010;"s4160";4
"5715";"Orchid_Den";2010;"s4181";4
"5716";"Orchid_Den";2010;"s4190";4
"5717";"Orchid_Den";2010;"s4280";4
"5718";"Orchid_Den";2010;"s4305";4
"5719";"Oslo_Den";2011;"s5989";4
"5720";"Paradise_Den";2003;"t40123";4
"5721";"Paradise_Den";2003;"t40153";4
"5722";"Paradise_Den";2009;"t65863";4
"5723";"Paradise_Den";2009;"t65929";4
"5724";"Pearl_Den";2009;"s3779";4
"5725";"Pearl_Den";2009;"s3791";4
"5726";"Pearl_Den";2009;"s3794";4
"5727";"Plantation_Den";2002;"t32108";4
"5728";"Plantation_Den";2002;"t32125";4
"5729";"Plantation_Den";2002;"t32530";4
"5730";"Plantation_Den";2002;"t32536";4
"5731";"Plantation_Den";2002;"t32552";4
"5732";"Plantation_Den";2002;"t34142";4
"5733";"Plantation_Den";2002;"t34297";4
"5734";"Plantation_Den";2002;"t34578";4
"5735";"Plantation_Den";2002;"t34637";4
"5736";"Plantation_Den";2002;"t35133";4
"5737";"Plantation_Den";2002;"t35354";4
"5738";"Plantation_Den";2002;"t35554";4
"5739";"Plantation_Den";2002;"t35573";4
"5740";"Plantation_Den";2002;"t35841";4
"5741";"Plantation_Den";2002;"t35964";4
"5742";"Plantation_Den";2002;"t35973";4
"5743";"Plantation_Den";2002;"t36024";4
"5744";"Plantation_Den";2002;"t36044";4
"5745";"Plantation_Den";2002;"t36057";4
"5746";"Plantation_Den";2002;"t36074";4
"5747";"Plantation_Den";2002;"t36150";4
"5748";"Plantation_Den";2002;"t36198";4
"5749";"Plantation_Den";2002;"t36299";4
"5750";"Plantation_Den";2003;"t36984";4
"5751";"Plantation_Den";2003;"t38486";4
"5752";"Plantation_Den";2003;"t39520";4
"5753";"Plantation_Den";2003;"t39543";4
"5754";"Plantation_Den";2003;"t39547";4
"5755";"Plantation_Den";2004;"t48046";4
"5756";"Plantation_Den";2004;"t48083";4
"5757";"Plantation_Den";2004;"t48100";4
"5758";"Plantation_Den";2004;"t48108";4
"5759";"Plantation_Den";2004;"t48124";4
"5760";"Plantation_Den";2004;"t48144";4
"5761";"Plantation_Den";2004;"t48157";4
"5762";"Plantation_Den";2004;"t48192";4
"5763";"Plantation_Den";2004;"t48195";4
"5764";"Plantation_Den";2004;"t48240";4
"5765";"Plantation_Den";2004;"t48253";4
"5766";"Plantation_Den";2004;"t48285";4
"5767";"Plantation_Den";2004;"t48339";4
"5768";"Plantation_Den";2004;"t48361";4
"5769";"Plantation_Den";2004;"t48376";4
"5770";"Plantation_Den";2004;"t48427";4
"5771";"Plantation_Den";2004;"t48433";4
"5772";"Plantation_Den";2004;"t48483";4
"5773";"Plantation_Den";2004;"t48495";4
"5774";"Plantation_Den";2004;"t48506";4
"5775";"Plantation_Den";2004;"t48510";4
"5776";"Plantation_Den";2004;"t48577";4
"5777";"Plantation_Den";2004;"t48597";4
"5778";"Plantation_Den";2004;"t48613";4
"5779";"Plantation_Den";2004;"t48635";4
"5780";"Plantation_Den";2004;"t48681";4
"5781";"Plantation_Den";2004;"t48687";4
"5782";"Plantation_Den";2004;"t48821";4
"5783";"Plantation_Den";2004;"t48994";4
"5784";"Plantation_Den";2004;"t49354";4
"5785";"Plantation_Den";2004;"t49549";4
"5786";"Plantation_Den";2004;"t49759";4
"5787";"Plantation_Den";2004;"t49906";4
"5788";"Plantation_Den";2004;"t50342";4
"5789";"Plantation_Den";2004;"t50470";4
"5790";"Plantation_Den";2013;"t82741";4
"5791";"Polar_Bear_Den";2010;"s4314";4
"5792";"Polar_Bear_Den";2010;"s4316";4
"5793";"Polar_Bear_Den";2014;"s15012";4
"5794";"Pole_not_Pole_Den";2014;"t87810";4
"5795";"Portcullis_Den";2015;"s16756";4
"5796";"Portcullis_Den";2017;"s21130";4
"5797";"Precipice_Den";2017;"s22058";4
"5798";"Precipice_Den";2017;"s22065";4
"5799";"Precipice_Den";2017;"s22077";4
"5800";"Precipice_Den";2017;"s22083";4
"5801";"Precipice_Den";2017;"s22088";4
"5802";"Precipice_Den";2017;"s22093";4
"5803";"Precipice_Den";2017;"s22101";4
"5804";"Precipice_Den";2017;"s22102";4
"5805";"Precipice_Den";2017;"s22105";4
"5806";"Precipice_Den";2017;"s22109";4
"5807";"Precipice_Den";2017;"s22117";4
"5808";"Precipice_Den";2017;"s22131";4
"5809";"Precipice_Den";2017;"s22132";4
"5810";"Precipice_Den";2017;"s22183";4
"5811";"Precipice_Den";2017;"s22201";4
"5812";"Precipice_Den";2017;"s22574";4
"5813";"Precipice_Den";2017;"s22602";4
"5814";"Precipice_Den";2018;"s23197";4
"5815";"Precipice_Den_II";2018;"s23380";4
"5816";"Precipice_Den_II";2018;"s23387";4
"5817";"Precipice_Den_III";2018;"s23376";4
"5818";"Precipice_Den_III";2018;"s23381";4
"5819";"Precipice_Den_III";2018;"s23404";4
"5820";"Precipice_Den_ll";2017;"s22146";4
"5821";"Precipice_Den_ll";2017;"s22148";4
"5822";"Precipice_Den_ll";2017;"s22156";4
"5823";"Precipice_Den_ll";2017;"s22157";4
"5824";"Precipice_Den_ll";2017;"s22178";4
"5825";"Precipice_Den_ll";2018;"s23207";4
"5826";"Precipice_Den_ll";2018;"s23246";4
"5827";"Precipice_Den_ll";2018;"s23277";4
"5828";"Railroad_Den";2008;"s3394";4
"5829";"Railroad_Den";2008;"s3399";4
"5830";"Railroad_Den";2008;"s3404";4
"5831";"Railroad_Den";2008;"s3413";4
"5832";"Railroad_Den";2009;"s3415";4
"5833";"Ranger_Den";2004;"t43898";4
"5834";"Ravenclaw_Den";2010;"s3070";4
"5835";"Ravenclaw_Den";2010;"s3081";4
"5836";"Redemption_Den";2008;"s1343";4
"5837";"Redemption_Den";2008;"s1354";4
"5838";"Redemption_Den";2008;"s1364";4
"5839";"Redemption_Den";2008;"s1393";4
"5840";"Redemption_Den";2009;"s2251";4
"5841";"Redemption_Den";2009;"s2260";4
"5842";"Redemption_Den";2010;"s2621";4
"5843";"Redemption_Den";2010;"s2655";4
"5844";"Redemption_Den";2010;"s2721";4
"5845";"Redemption_Den";2010;"s2781";4
"5846";"Reese's_Den";2011;"s4984";4
"5847";"Resurrection_Communal_Den";2011;"t73045";4
"5848";"Resurrection_Communal_Den";2011;"t73053";4
"5849";"Resurrection_Communal_Den";2011;"t73085";4
"5850";"Resurrection_Communal_Den";2011;"t73220";4
"5851";"Resurrection_Communal_Den";2011;"t73286";4
"5852";"Resurrection_Communal_Den";2011;"t73677";4
"5853";"Resurrection_Communal_Den";2012;"t77188";4
"5854";"Resurrection_Communal_Den";2013;"t83296";4
"5855";"Resurrection_Communal_Den";2013;"t83318";4
"5856";"Resurrection_Communal_Den";2013;"t83351";4
"5857";"Resurrection_Communal_Den";2013;"t83362";4
"5858";"Resurrection_Communal_Den";2013;"t83363";4
"5859";"Resurrection_Communal_Den";2013;"t83503";4
"5860";"Resurrection_Communal_Den";2013;"t83516";4
"5861";"Resurrection_Communal_Den";2018;"t101838.10";4
"5862";"Resurrection_Communal_Den";2019;"t105443";4
"5863";"Resurrection_Communal_Den";2019;"t105451";4
"5864";"Resurrection_Communal_Den";2019;"t105490";4
"5865";"Resurrection_Main_Den";2015;"t90831";4
"5866";"Resurrection_Main_Den";2016;"t93360";4
"5867";"Resurrection_Main_Den";2016;"t94102";4
"5868";"Resurrection_Main_Den";2016;"t94201";4
"5869";"Resurrection_Main_Den";2016;"t94393";4
"5870";"Resurrection_Main_Den";2016;"t94688";4
"5871";"Resurrection_Main_Den";2016;"t94785";4
"5872";"Resurrection_Main_Den";2016;"t96768";4
"5873";"Resurrection_Main_Den";2016;"t96786";4
"5874";"Resurrection_Main_Den";2017;"t100219";4
"5875";"Resurrection_Main_Den";2017;"t98693";4
"5876";"Resurrection_Main_Den";2018;"t101962.10";4
"5877";"Resurrection_Main_Den";2019;"t105460";4
"5878";"Resurrection_Main_Den";2019;"t105502";4
"5879";"Reykjavik_Den";2011;"s6132";4
"5880";"Riga_Den";2011;"s7140";4
"5881";"Riga_Den";2011;"s7167";4
"5882";"Riga_Den";2011;"s7177";4
"5883";"Riverbend_Den";2012;"t75250";4
"5884";"Riverbend_Den";2012;"t75295";4
"5885";"Riverbend_Den";2012;"t75566";4
"5886";"Riverbend_Den";2012;"t75622";4
"5887";"Riverbend_Den";2012;"t75634";4
"5888";"Riverbend_Den";2012;"t75814";4
"5889";"Riverbend_Den";2012;"t75840";4
"5890";"Riverbend_Den";2012;"t75863";4
"5891";"Riverbend_Den";2012;"t75895";4
"5892";"Riverbend_Den";2012;"t75909";4
"5893";"Riverbend_Den";2012;"t75975";4
"5894";"Riverbend_Den";2012;"t76136";4
"5895";"Riverbend_Den";2012;"t76384";4
"5896";"Riverbend_Den";2012;"t76814";4
"5897";"Riverbend_Den";2012;"t76914";4
"5898";"Riverbend_Den";2012;"t77133";4
"5899";"Riverbend_Den";2012;"t77388";4
"5900";"Riverbend_Den";2012;"t77516";4
"5901";"Riverbend_Den";2012;"t77817";4
"5902";"Riverbend_Den";2012;"t77843";4
"5903";"Riverbend_Den";2013;"t80785";4
"5904";"Riverbend_Den";2013;"t80812";4
"5905";"Riverbend_Den";2013;"t81168";4
"5906";"Riverbend_Den";2013;"t81228";4
"5907";"Riverbend_Den";2013;"t81274";4
"5908";"Riverbend_Den";2013;"t81308";4
"5909";"Riverbend_Den";2013;"t81576";4
"5910";"Riverbend_Den";2013;"t81620";4
"5911";"Riverbend_Den";2013;"t81628";4
"5912";"Riverbend_Den";2013;"t81892";4
"5913";"Riverbend_Den";2013;"t81996";4
"5914";"Riverbend_Den";2013;"t82112";4
"5915";"Riverbend_Den";2014;"t85326";4
"5916";"Riverbend_Den";2014;"t85348";4
"5917";"Riverbend_Den";2014;"t85378";4
"5918";"Riverbend_Den";2014;"t85383";4
"5919";"Riverbend_Den";2014;"t85439";4
"5920";"Riverbend_Den";2014;"t85657";4
"5921";"Riverbend_Den";2014;"t85713";4
"5922";"Riverbend_Den";2014;"t85750";4
"5923";"Riverbend_Den";2014;"t85805";4
"5924";"Riverbend_Den";2014;"t85816";4
"5925";"Riverbend_Den";2014;"t85939";4
"5926";"Riverbend_Den";2015;"t90375";4
"5927";"Riverbend_Den";2015;"t90426";4
"5928";"Riverbend_Den";2015;"t90593";4
"5929";"Riverbend_Den";2015;"t90723";4
"5930";"Riverbend_Den";2015;"t90741";4
"5931";"Riverbend_Den";2015;"t90748";4
"5932";"Riverbend_Den";2015;"t90765";4
"5933";"Riverbend_Den";2015;"t93297";4
"5934";"Riverbend_Den";2016;"t97094";4
"5935";"Riverbend_Den";2016;"t97369";4
"5936";"Riverbend_Den";2016;"t97392";4
"5937";"Riverbend_Den";2016;"t97400";4
"5938";"Riverbend_Den";2016;"t97421";4
"5939";"Riverbend_Den";2016;"t97428";4
"5940";"Riverbend_Den";2016;"t97446";4
"5941";"Riverbend_Den";2016;"t97462";4
"5942";"Riverbend_Den";2016;"t97480";4
"5943";"Riverbend_Den";2016;"t97669";4
"5944";"Riverbend_Den";2016;"t97929";4
"5945";"Riverbend_Den";2017;"t98180";4
"5946";"Riverbend_Den";2022;"t131334";4
"5947";"Riverbend_Den";2022;"t132223";4
"5948";"Riverbend_Den";2022;"t132276";4
"5949";"Riverbend_Den";2022;"t132309";4
"5950";"Roadside_Den";2006;"t59767";4
"5951";"Roadside_Den";2006;"t59771";4
"5952";"Rocky_Point_Den";2010;"s1009";4
"5953";"Rocky_Point_Den";2010;"s1011";4
"5954";"Rocky_Point_Den";2010;"s1027";4
"5955";"Rocky_Point_Den";2010;"s1042";4
"5956";"Rocky_Point_Den";2010;"s1044";4
"5957";"Rocky_Point_Den";2010;"s1059";4
"5958";"Rocky_Point_Den";2010;"s1077";4
"5959";"Rocky_Point_Den";2010;"s1095";4
"5960";"Roosevelt's_Natal_Den_2014";2014;"t86933";4
"5961";"Roosevelt's_Natal_Den_2014";2014;"t87177";4
"5962";"Roosevelt's_Natal_Den_2014";2014;"t87254";4
"5963";"Roosevelt's_Natal_Den_2014";2015;"t92854";4
"5964";"Roosevelt's_Natal_Den_2014";2015;"t92898";4
"5965";"Roosevelt's_Natal_Den_2014";2015;"t92912";4
"5966";"Roosevelt's_Natal_Den_2014";2015;"t93000";4
"5967";"Roosevelt's_Natal_Den_2014";2015;"t93104";4
"5968";"Roosevelt's_Natal_Den_2014";2015;"t93120";4
"5969";"Rousseau_Den";2014;"s14547";4
"5970";"Rousseau_Den";2014;"s14696";4
"5971";"Rousseau_Den";2014;"s14804";4
"5972";"Rousseau_Den";2014;"s14806";4
"5973";"Runway_Den";2009;"s1919";4
"5974";"Runway_Den";2009;"s1979";4
"5975";"Runway_Den";2009;"s1985";4
"5976";"Runway_Den";2009;"s1987";4
"5977";"Runway_Den";2009;"s2113";4
"5978";"Runway_Den";2009;"s2115";4
"5979";"Runway_Den";2009;"s2150";4
"5980";"Runway_Den";2009;"s2167";4
"5981";"Runway_Den";2019;"s109606";4
"5982";"Runway_Den";2019;"s109995";4
"5983";"Runway_Den";2019;"s110004";4
"5984";"Runway_Den";2019;"s110018";4
"5985";"Runway_Den";2019;"s110025";4
"5986";"Runway_Den";2019;"s110035";4
"5987";"Runway_Den";2019;"s110073";4
"5988";"Runway_Den";2019;"s110084";4
"5989";"Runway_Den";2019;"s110115";4
"5990";"Runway_Den";2019;"s110125";4
"5991";"Runway_Den";2019;"s110130";4
"5992";"Runway_Den";2019;"s110175";4
"5993";"Runway_Den";2020;"s110594";4
"5994";"Runway_Den";2020;"s114456.1";4
"5995";"Runway_Den";2020;"s114460.1";4
"5996";"Runway_Den";2020;"s114465.1";4
"5997";"Runway_Den";2021;"s114475";4
"5998";"Runway_Den";2021;"s114586";4
"5999";"Runway_Den";2021;"s114808";4
"6000";"Runway_Den";2021;"s114819";4
"6001";"Runway_Den";2021;"s114868";4
"6002";"Runway_Den_3";2020;"s114463.1";4
"6003";"Runway_Den_3";2020;"s114471.1";4
"6004";"Runway_Den_3";2020;"s114481.1";4
"6005";"Runway_Den_3";2020;"s114504.1";4
"6006";"Runway_Den_3";2020;"s114523.1";4
"6007";"Runway_Den_3";2020;"s114534.1";4
"6008";"Saito's_Den";2022;"S116002";4
"6009";"Saito's_Den";2022;"S116074";4
"6010";"Saito's_Den_2";2022;"S115982";4
"6011";"Saito's_Den_2";2022;"S115987";4
"6012";"Saito's_Den_2";2022;"S116014";4
"6013";"Saito's_Den_2";2022;"S116020";4
"6014";"Saito's_Den_2";2022;"S116035";4
"6015";"Saito's_Den_2";2022;"S116086";4
"6016";"Saito's_Den_2";2022;"S116151";4
"6017";"Saito's_Den_2";2022;"s116052";4
"6018";"Saito's_Den_2";2022;"s116063";4
"6019";"Salander_Den";2011;"s7058";4
"6020";"Salander_Den";2011;"s7059";4
"6021";"Salander_Den";2011;"s7068";4
"6022";"Sawyer_Den";2010;"s4621";4
"6023";"Sawyer_Den";2011;"s4645";4
"6024";"Sawyer_Den";2011;"s4673";4
"6025";"Sawyer_Den";2015;"s15383";4
"6026";"Schiphol_Den";2011;"s5973";4
"6027";"Schiphol_Den";2011;"s6007";4
"6028";"Schiphol_Den";2011;"s6055";4
"6029";"Schiphol_Den";2011;"s6056";4
"6030";"Schiphol_Den";2011;"s6111";4
"6031";"Schiphol_Den";2011;"s6116";4
"6032";"Schiphol_Den";2011;"s6129.3";4
"6033";"Schiphol_Den";2011;"s6129.5";4
"6034";"Schiphol_Den";2011;"s6130";4
"6035";"Schiphol_Den";2011;"s6130.6";4
"6036";"Schiphol_Den";2011;"s6160";4
"6037";"Schiphol_Den";2011;"s6175";4
"6038";"Schiphol_Den";2011;"s6179";4
"6039";"Schiphol_Den";2011;"s6183";4
"6040";"Schiphol_Den";2011;"s6197";4
"6041";"Schiphol_Den";2011;"s6206";4
"6042";"Schiphol_Den";2011;"s6237.1";4
"6043";"Schiphol_Den";2011;"s6239.1";4
"6044";"Schiphol_Den";2013;"s10004";4
"6045";"Schiphol_Den";2013;"s10016";4
"6046";"Schiphol_Den";2013;"s10044";4
"6047";"Schiphol_Den";2013;"s10066";4
"6048";"Schiphol_Den";2013;"s10076";4
"6049";"Schiphol_Den";2013;"s10525";4
"6050";"Schiphol_Den";2013;"s10531";4
"6051";"Schiphol_Den";2013;"s10566.1";4
"6052";"Schiphol_Den";2013;"s10613";4
"6053";"Schiphol_Den";2013;"s10616";4
"6054";"Schiphol_Den";2013;"s10622";4
"6055";"Schiphol_Den";2013;"s10625.1";4
"6056";"Schiphol_Den";2014;"s13207";4
"6057";"Schiphol_Den";2014;"s13219";4
"6058";"Schiphol_Den";2014;"s13221";4
"6059";"Schiphol_Den";2014;"s13249";4
"6060";"Schiphol_Den";2014;"s13269";4
"6061";"Schiphol_Den";2014;"s13294";4
"6062";"Schiphol_Den";2014;"s13310";4
"6063";"Schiphol_Den";2014;"s13311";4
"6064";"Schiphol_Den";2014;"s13318";4
"6065";"Schiphol_Den";2014;"s13341";4
"6066";"Schiphol_Den";2014;"s13455";4
"6067";"Schiphol_Den";2014;"s13456";4
"6068";"Schiphol_Den";2014;"s13456.1";4
"6069";"Schiphol_Den";2014;"s13484";4
"6070";"Schiphol_Den";2014;"s13508";4
"6071";"Schiphol_Den";2014;"s13512";4
"6072";"Schiphol_Den";2014;"s13514";4
"6073";"Schiphol_Den";2014;"s13614";4
"6074";"Schiphol_Den";2014;"s13653";4
"6075";"Schiphol_Den";2014;"s13660";4
"6076";"Schiphol_Den";2014;"s13669";4
"6077";"Schiphol_Den";2014;"s13685";4
"6078";"Schiphol_Den";2014;"s13699";4
"6079";"Schiphol_Den";2014;"s13701";4
"6080";"Schiphol_Den";2014;"s13703";4
"6081";"Schiphol_Den";2014;"s13705";4
"6082";"Schiphol_Den";2014;"s13735";4
"6083";"Schiphol_Den";2014;"s13737";4
"6084";"Schiphol_Den";2014;"s13740";4
"6085";"Schiphol_Den";2014;"s13755";4
"6086";"Schiphol_Den";2014;"s13760";4
"6087";"Schmuzty_Den";2013;"s12428";4
"6088";"Seatac_Den";2009;"s2238";4
"6089";"Secluded_Den";2014;"t86881";4
"6090";"Silk_Natal_Den";2018;"s24129";4
"6091";"Singizi_Den";2014;"t88015";4
"6092";"Sleepy_Den";2019;"s110396";4
"6093";"Snowbird_Den";2009;"s3898";4
"6094";"Some_Freaky_Lions_Den";2018;"s23799";4
"6095";"Some_Freaky_Lions_Den";2018;"s23892";4
"6096";"Some_Freaky_Lions_Den_3";2023;"S117669";4
"6097";"South_Den";2008;"s3370";4
"6098";"South_Den";2008;"s3379";4
"6099";"Special_Den";2019;"t105604";4
"6100";"Special_Den";2019;"t105627";4
"6101";"Special_Den";2019;"t105758";4
"6102";"Special_Den";2019;"t105814";4
"6103";"Special_Den";2019;"t105821";4
"6104";"Special_Den";2019;"t105866";4
"6105";"Strasbourg_Den";2011;"s7324";4
"6106";"Sugar_Daddy_Den";2015;"t92215";4
"6107";"Sugar_Daddy_Den";2015;"t92240";4
"6108";"Summit_Den";2014;"s15152";4
"6109";"Summit_Den";2014;"s15161";4
"6110";"Summit_Den";2014;"s15171";4
"6111";"Sunrise_Valley_Communal_Den/Natal_Den";2002;"t35797";4
"6112";"Sunrise_Valley_Communal_Den/Natal_Den";2002;"t35798";4
"6113";"Sunrise_Valley_Communal_Den/Natal_Den";2002;"t35804";4
"6114";"Sunrise_Valley_Communal_Den/Natal_Den";2002;"t35840";4
"6115";"Sunrise_Valley_Communal_Den/Natal_Den";2002;"t35900";4
"6116";"Sunrise_Valley_Communal_Den/Natal_Den";2002;"t35915";4
"6117";"Sunrise_Valley_Communal_Den/Natal_Den";2002;"t35928";4
"6118";"Sunrise_Valley_Communal_Den/Natal_Den";2002;"t35980";4
"6119";"Sunrise_Valley_Communal_Den/Natal_Den";2002;"t36029";4
"6120";"Sunrise_Valley_Communal_Den/Natal_Den";2002;"t36084";4
"6121";"Sunrise_Valley_Communal_Den/Natal_Den";2002;"t36277";4
"6122";"Sunrise_Valley_Communal_Den/Natal_Den";2002;"t36339";4
"6123";"Sunrise_Valley_Communal_Den/Natal_Den";2002;"t36383";4
"6124";"Sunrise_Valley_Communal_Den/Natal_Den";2004;"t48769";4
"6125";"Sunrise_Valley_Communal_Den/Natal_Den";2005;"t53419";4
"6126";"Sunrise_Valley_Communal_Den/Natal_Den";2005;"t53442";4
"6127";"Sunrise_Valley_Communal_Den/Natal_Den";2006;"t58637";4
"6128";"Sunrise_Valley_Communal_Den/Natal_Den";2006;"t58718";4
"6129";"Sunrise_Valley_Communal_Den/Natal_Den";2006;"t58739";4
"6130";"Sunrise_Valley_Communal_Den/Natal_Den";2006;"t58758";4
"6131";"Sunrise_Valley_Communal_Den/Natal_Den";2006;"t58902";4
"6132";"Superstar_Den";2021;"s115514";4
"6133";"Superstar_Den";2021;"s115527";4
"6134";"Superstar_Den";2021;"s115536";4
"6135";"Superstar_Den";2021;"s115542";4
"6136";"Superstar_Den_2";2021;"s115213";4
"6137";"Superstar_Den_2";2021;"s115453";4
"6138";"Superstar_Den_3";2021;"s115494";4
"6139";"Suzi_Den";2009;"s3576.1";4
"6140";"Suzi_Den";2009;"s3579";4
"6141";"Suzi_Den";2011;"s4914";4
"6142";"Suzi_Den";2011;"s4917";4
"6143";"Suzi_Den";2011;"s4928";4
"6144";"Suzi_Den";2011;"s5077";4
"6145";"Suzi_Den";2011;"s5126";4
"6146";"Suzi_Den";2011;"s5186.1";4
"6147";"Suzi_Den";2017;"s22006";4
"6148";"Suzi_Den";2017;"s22010";4
"6149";"Suzi_Den_3";2017;"s21641";4
"6150";"Suzi_Den_3";2017;"s21655";4
"6151";"Suzi_Den_3";2017;"s21712";4
"6152";"Suzi_Den_3";2017;"s21945";4
"6153";"Suzi_Den_3";2017;"s21959";4
"6154";"Suzi_Den_3";2017;"s21961";4
"6155";"Suzi_Den_II";2009;"s3593";4
"6156";"Suzi_Den_III";2020;"s110837";4
"6157";"Swimming_Pool_Den";2023;"S117779";4
"6158";"TEDY_Natal_Den";2018;"s24336";4
"6159";"Tangawizi_Den";2015;"t91218";4
"6160";"Tangawizi_Den";2015;"t91309";4
"6161";"Tangawizi_Den";2015;"t91421";4
"6162";"Temple_of_Artemis_Den";2014;"s14913";4
"6163";"Temple_of_Artemis_Den";2014;"s15043";4
"6164";"Temple_of_Artemis_Den";2014;"s15077";4
"6165";"The_Burrow_Den";2023;"S117653";4
"6166";"The_Hatch_Den";2011;"s5263";4
"6167";"The_Hatch_Den";2011;"s5286";4
"6168";"The_Hatch_Den";2012;"s8614";4
"6169";"The_Hatch_Den";2012;"s9371";4
"6170";"The_Hatch_Den";2012;"s9381";4
"6171";"The_Hatch_Den";2012;"s9386";4
"6172";"The_Hatch_Den";2012;"s9388";4
"6173";"The_Hatch_Den";2012;"s9405";4
"6174";"The_Hatch_Den";2012;"s9416";4
"6175";"The_Hatch_Den";2012;"s9420";4
"6176";"The_Hatch_Den";2012;"s9432";4
"6177";"The_Hatch_Den";2013;"s11436";4
"6178";"The_Hatch_Den";2013;"s11438";4
"6179";"The_Hatch_Den";2013;"s11450";4
"6180";"The_Hatch_Den";2013;"s11454.1";4
"6181";"The_Hatch_Den";2013;"s11472";4
"6182";"The_Hatch_Den";2013;"s11474";4
"6183";"The_Staff_Den";2011;"s4810";4
"6184";"The_Staff_Den";2011;"s4857";4
"6185";"The_Staff_Den";2011;"s4876";4
"6186";"The_Staff_Den";2013;"s11505";4
"6187";"The_Staff_Den";2013;"s11518";4
"6188";"Tigris_Den";2014;"s12767";4
"6189";"Tigris_Den";2014;"s12771";4
"6190";"Tigris_Den";2014;"s12784";4
"6191";"Tigris_Den";2014;"s12794";4
"6192";"Tigris_Den";2014;"s12890";4
"6193";"Tigris_Den";2015;"s16324";4
"6194";"Tijuana_Den";2009;"s767";4
"6195";"Tijuana_Den";2009;"s780";4
"6196";"Tijuana_Den";2009;"s789";4
"6197";"Tijuana_Den";2010;"s1144";4
"6198";"Tijuana_Den";2010;"s1147";4
"6199";"Tijuana_Den";2019;"s110464";4
"6200";"Twix_Den";2011;"s5059";4
"6201";"Twix_Den";2015;"s17709";4
"6202";"Twix_Den";2016;"s18203";4
"6203";"Twix_Den";2016;"s18321";4
"6204";"Twix_Den";2016;"s18380";4
"6205";"Twix_Den";2016;"s18390";4
"6206";"Twix_Den";2016;"s18401";4
"6207";"Twix_Den";2016;"s18440";4
"6208";"Twix_Den";2016;"s18452";4
"6209";"Twix_Den_2";2020;"s110836";4
"6210";"Twix_Den_2";2020;"s110849";4
"6211";"Twix_Den_2";2020;"s110879";4
"6212";"Twix_Den_2";2020;"s110884";4
"6213";"Twix_Den_2";2020;"s110896";4
"6214";"Twix_Den_2";2020;"s110934";4
"6215";"Ugli_Den";2017;"s21612";4
"6216";"Ugli_Den";2017;"s21706";4
"6217";"Uproar_Den";2016;"s20433";4
"6218";"Uproar_Den";2016;"s20435";4
"6219";"Uproar_Den";2016;"s20438";4
"6220";"Vandalism_Den";2010;"s1207";4
"6221";"Vandalism_Den";2010;"s1220";4
"6222";"Vandalism_Den";2010;"s1221";4
"6223";"Villa_Den";2019;"t107447";4
"6224";"Villa_Den";2019;"t108084";4
"6225";"Villa_Den";2019;"t108091";4
"6226";"Villa_Den";2019;"t108098";4
"6227";"Wapi_Dave_Den";2018;"s24098";4
"6228";"Wapi_Dave_Den";2018;"s24100";4
"6229";"Wapi_Dave_Den";2018;"s24102";4
"6230";"Wapi_Dave_Den";2018;"s24103";4
"6231";"Wapi_Dave_Den";2018;"s24118";4
"6232";"Wapi_Dave_Den";2018;"s24120";4
"6233";"Wapi_Dave_Den";2019;"s109282";4
"6234";"Wapi_Dave_Den";2019;"s109376";4
"6235";"Wapi_Dave_Den";2019;"s109379";4
"6236";"Wapi_Dave_Den";2019;"s109392";4
"6237";"Wapi_Dave_Den";2019;"s109804";4
"6238";"Wapi_Dave_Den";2019;"s109815";4
"6239";"Wapi_Dave_Den";2019;"s109821";4
"6240";"Wapi_Dave_Den";2019;"s109827";4
"6241";"Wapi_Dave_Den";2019;"s109835";4
"6242";"Wapi_Dave_Den";2019;"s109843";4
"6243";"Wapi_Dave_Den";2019;"s109854";4
"6244";"Wapi_Dave_Den";2019;"s109859";4
"6245";"Wapi_Dave_Den";2019;"s109866";4
"6246";"Wapi_Dave_Den";2019;"s109873";4
"6247";"Wapi_Dave_Den";2019;"s109882";4
"6248";"Wapi_Dave_Den";2019;"s109886";4
"6249";"Wapi_Dave_Den";2019;"s109893";4
"6250";"Wapi_Dave_Den";2019;"s109896";4
"6251";"Wapi_Dave_Den";2019;"s25067";4
"6252";"Wapi_Dave_Den";2019;"s25071";4
"6253";"Wapi_Dave_Den";2019;"s25143";4
"6254";"Waverly_Den";2008;"t63954";4
"6255";"Wayland_Den";2008;"t64172";4
"6256";"Whooping_Cami_Den";2014;"s13109";4
"6257";"Whooping_Cami_Den";2014;"s13118";4
"6258";"Whooping_Cami_Den";2014;"s13164";4
"6259";"Whooping_Cami_Den";2015;"s16083";4
"6260";"Whooping_Cami_Den";2015;"s16192";4
"6261";"Wild_Berry_Den";2023;"s117099";4
"6262";"Windsor_Den";2011;"s7664";4
"6263";"Windsor_Den";2011;"s7676";4
"6264";"Windsor_Den";2011;"s7689";4
"6265";"Windsor_Den";2011;"s7690";4
"6266";"Windsor_Den";2012;"s9437";4
"6267";"Windsor_Den";2012;"s9509";4
"6268";"Windsor_Den";2012;"s9554";4
"6269";"Windsor_Den";2012;"s9596";4
"6270";"Windsor_Den";2013;"s12154";4
"6271";"Windsor_Den";2014;"s12695";4
"6272";"Windsor_Den";2014;"s12704";4
"6273";"Windsor_Den";2014;"s12708";4
"6274";"Windsor_Den";2014;"s12806";4
"6275";"Windsor_Den";2015;"s17798.1";4
"6276";"Windsor_Den";2015;"s17877";4
"6277";"Windsor_Den";2016;"s20885";4
"6278";"Windsor_Den";2017;"s21209";4
"6279";"Zeus_Den";2014;"s14941";4
"6280";"Zeus_Den";2014;"s14952";4
"6281";"Zeus_Den";2014;"s14999";4
"6282";"Zeus_Den";2014;"s15001";4
"6283";"Zeus_Den";2014;"s15003";4
"6284";"Aardwolf_Communal_Den";2003;"t40437";3
"6285";"Aardwolf_Communal_Den";2004;"t43542";3
"6286";"Aardwolf_Communal_Den";2004;"t43578";3
"6287";"Aardwolf_Communal_Den";2004;"t43593";3
"6288";"Aardwolf_Communal_Den";2004;"t43598";3
"6289";"Aardwolf_Communal_Den";2004;"t43630";3
"6290";"Aardwolf_Communal_Den";2004;"t43644";3
"6291";"Aardwolf_Communal_Den";2004;"t43658";3
"6292";"Aardwolf_Communal_Den";2004;"t43660";3
"6293";"Aardwolf_Communal_Den";2004;"t43681";3
"6294";"Aardwolf_Communal_Den";2004;"t43698";3
"6295";"Aardwolf_Communal_Den";2004;"t43705";3
"6296";"Aardwolf_Communal_Den";2004;"t43740";3
"6297";"Aardwolf_Communal_Den";2004;"t43767";3
"6298";"Aardwolf_Communal_Den";2011;"t73911";3
"6299";"Aardwolf_Communal_Den";2011;"t73974";3
"6300";"Airstrip_Den";2008;"s1699";3
"6301";"Airstrip_Den";2009;"s2171";3
"6302";"Airstrip_Den";2009;"s2186";3
"6303";"Ajira_Den";2011;"s4791";3
"6304";"Alamo_Den";2011;"s7385";3
"6305";"Alamo_Den";2011;"s7507";3
"6306";"Alamo_Den";2011;"s7513";3
"6307";"Alamo_Natal_Den";2011;"t73264";3
"6308";"Alamo_Natal_Den";2011;"t73411";3
"6309";"Alamo_Natal_Den";2011;"t73528";3
"6310";"Albatross_Den";2015;"s17103";3
"6311";"Albatross_Den";2015;"s17186";3
"6312";"All_Hallows'_Eve_Den";2019;"s109008";3
"6313";"All_Hallows'_Eve_Den";2019;"s109018";3
"6314";"All_Hallows'_Eve_Den";2019;"s109052";3
"6315";"All_Hallows'_Eve_Den";2019;"s24762";3
"6316";"Amazon_Den";2009;"s354";3
"6317";"Amazon_Den";2009;"s359";3
"6318";"Amazon_Den";2009;"s385";3
"6319";"Angry_Ele_Den";2017;"s21289";3
"6320";"Aqua's_Natal_Den_2014";2014;"t86325";3
"6321";"Aqua's_Natal_Den_2014";2014;"t86733";3
"6322";"Argon's_Natal_Den_2014";2014;"t87470";3
"6323";"Argon's_Natal_Den_2014";2014;"t87473";3
"6324";"Argon's_Natal_Den_2014";2014;"t87600";3
"6325";"Argon's_Natal_Den_2014";2014;"t88926";3
"6326";"Armani_Den";2019;"s109938";3
"6327";"Arson_Den";2010;"s1183";3
"6328";"Arson_Den";2010;"s1196";3
"6329";"Bakery_Den";2008;"s1455";3
"6330";"Banana_Tree_Communal_Den";2007;"t60535";3
"6331";"Barbie_Party_Den";2015;"t92375";3
"6332";"Barbie_Party_Den";2015;"t92394";3
"6333";"Barbie_Party_Den";2015;"t92515";3
"6334";"Base_Natal_Den/Communal_Den";2003;"t37634";3
"6335";"Base_Natal_Den/Communal_Den";2003;"t37684";3
"6336";"Base_Natal_Den/Communal_Den";2003;"t37755";3
"6337";"Bberry_Den";2017;"s22044";3
"6338";"Beanie_Baby_Den";2023;"s117929";3
"6339";"Beanie_Baby_Den";2023;"s117955";3
"6340";"Beanie_Baby_Den";2023;"s118024";3
"6341";"Beanie_Baby_Den";2023;"s132139";3
"6342";"Beanie_Baby_Den";2023;"s132182";3
"6343";"Benedict_Den";2011;"s6681.1";3
"6344";"Benedict_Den";2011;"s6743";3
"6345";"Benedict_Den";2011;"s6745";3
"6346";"Benedict_Den";2011;"s6747";3
"6347";"Benedict_Den";2011;"s6793";3
"6348";"Bergen_Den";2011;"s6876.1";3
"6349";"Big_Bush_Communal_Den";2017;"t99215";3
"6350";"Big_Bush_Communal_Den";2017;"t99260";3
"6351";"Big_Bush_Communal_Den";2017;"t99292";3
"6352";"Big_Bush_Communal_Den";2020;"t111869";3
"6353";"Big_Bush_Communal_Den";2020;"t111893";3
"6354";"Big_Bush_Communal_Den";2020;"t111911";3
"6355";"Big_Bush_Communal_Den";2020;"t111952";3
"6356";"Big_Bush_Den";2011;"t75031";3
"6357";"Big_Bush_Den";2011;"t75053";3
"6358";"Big_Bush_Den";2011;"t75151";3
"6359";"Big_Bush_Den";2011;"t75157";3
"6360";"Big_Sky_Den";2023;"s116841";3
"6361";"Big_Sky_Den";2023;"s116893";3
"6362";"Big_Sky_Den_2";2023;"s116506";3
"6363";"Big_Sky_Den_2";2023;"s116755";3
"6364";"Big_Sky_Den_2";2023;"s116810";3
"6365";"Bird_Bath_Den";2023;"S117485";3
"6366";"Bird_Bath_Den";2023;"s116949";3
"6367";"Bird_Bath_Den";2023;"s116971";3
"6368";"Bird_Bath_Den";2023;"s117003";3
"6369";"Bordello_Den";2013;"s10087.1";3
"6370";"Bordello_Den";2013;"s10117";3
"6371";"Bordello_Den";2014;"s14283";3
"6372";"Boulevard_Den";2008;"t63184";3
"6373";"Boulevard_Den";2008;"t63228";3
"6374";"Boulevard_Den";2008;"t63235";3
"6375";"Boulevard_Den";2008;"t63267";3
"6376";"Boulevard_Den";2008;"t63298";3
"6377";"Boulevard_Den";2008;"t63307";3
"6378";"Boulevard_Den";2008;"t63341";3
"6379";"Boulevard_Den";2008;"t63349";3
"6380";"Boulevard_Den";2008;"t63366";3
"6381";"Boulevard_Den";2008;"t63378";3
"6382";"Boulevard_Den";2008;"t63800";3
"6383";"Boulevard_Den";2008;"t63895";3
"6384";"Boulevard_Den";2008;"t63997";3
"6385";"Bright_Eyes_Den";2014;"s14281";3
"6386";"Bright_Eyes_Den_ll";2017;"s22332";3
"6387";"Budapest_Den";2012;"s8329";3
"6388";"Budapest_Den";2012;"s8358";3
"6389";"Budapest_Den";2012;"s8373";3
"6390";"Budget_Den";2023;"S117607";3
"6391";"Budget_Den";2023;"S117609";3
"6392";"Budget_Den";2023;"S117616";3
"6393";"Budget_Den";2023;"s118084";3
"6394";"Budget_Den";2023;"s118144";3
"6395";"Budget_Den";2023;"s118156";3
"6396";"Budget_Den";2023;"s118160";3
"6397";"Budget_Den";2023;"s118183";3
"6398";"Budget_Den";2023;"s118188";3
"6399";"Budget_Den_2";2023;"s118123";3
"6400";"Budget_Den_2";2023;"s118186";3
"6401";"Burning_Den";2021;"s115056";3
"6402";"Burning_Den";2021;"s115066";3
"6403";"CERN_Den";2008;"s274";3
"6404";"CERN_Den";2008;"s305";3
"6405";"Calexico_Den";2012;"s9646";3
"6406";"Calexico_Den";2012;"s9651";3
"6407";"Calexico_Den";2016;"s20909";3
"6408";"Cannibal_Cami_Den";2015;"s16521.1";3
"6409";"Cannibal_Cami_Den";2015;"s16647";3
"6410";"Cannibal_Cami_Den";2015;"s16837";3
"6411";"Cannibal_Cami_Den";2015;"s16844";3
"6412";"Cannibal_Cami_Den";2015;"s16943";3
"6413";"Cannibal_Cami_Den";2015;"s16951";3
"6414";"Cannibal_Cami_Den";2015;"s16964";3
"6415";"Cannibal_Cami_Den";2015;"s16970";3
"6416";"Cannibal_Cami_Den";2015;"s16976";3
"6417";"Cannibal_Cami_Den";2015;"s16984";3
"6418";"Cannibal_Cami_Den";2015;"s17751";3
"6419";"Cannibal_Cami_Den";2015;"s17758";3
"6420";"Cash_Den";2014;"t88195";3
"6421";"Cash_Den";2014;"t89310";3
"6422";"Cash_Den";2014;"t89397";3
"6423";"Cash_Den";2014;"t89444";3
"6424";"Cash_Den";2014;"t89497";3
"6425";"Central_Park_Communal_Den";2012;"t79458";3
"6426";"Central_Park_Communal_Den";2012;"t79461";3
"6427";"Central_Park_Communal_Den";2012;"t79473";3
"6428";"Central_Park_Communal_Den";2012;"t79533";3
"6429";"Central_Park_Communal_Den";2012;"t79540";3
"6430";"Central_Park_Communal_Den";2012;"t79569";3
"6431";"Central_Park_Communal_Den";2012;"t79588";3
"6432";"Central_Park_Communal_Den";2012;"t79607";3
"6433";"Central_Park_Communal_Den";2012;"t79629";3
"6434";"Central_Park_Communal_Den";2012;"t79651";3
"6435";"Central_Park_Communal_Den";2012;"t79654";3
"6436";"Central_Park_Communal_Den";2012;"t79677";3
"6437";"Central_Park_Communal_Den";2012;"t79699";3
"6438";"Central_Park_Communal_Den";2012;"t79738";3
"6439";"Central_Park_Communal_Den";2012;"t79780";3
"6440";"Central_Park_Communal_Den";2012;"t79802";3
"6441";"Central_Park_Communal_Den";2012;"t79865";3
"6442";"Central_Park_Communal_Den";2012;"t79868";3
"6443";"Central_Park_Communal_Den";2012;"t79910";3
"6444";"Central_Park_Communal_Den";2012;"t79949";3
"6445";"Central_Park_Communal_Den";2012;"t79959";3
"6446";"Central_Park_Communal_Den";2013;"t80043";3
"6447";"Central_Park_Communal_Den";2013;"t80086";3
"6448";"Central_Park_Communal_Den";2013;"t80205";3
"6449";"Central_Park_Communal_Den";2013;"t80340";3
"6450";"Central_Park_Communal_Den";2013;"t80548";3
"6451";"Central_Park_Communal_Den";2013;"t80561";3
"6452";"Central_Park_Communal_Den";2013;"t80734";3
"6453";"Central_Park_Communal_Den";2013;"t80890";3
"6454";"Central_Park_Communal_Den";2013;"t80897";3
"6455";"Central_Park_Communal_Den";2013;"t81388";3
"6456";"Central_Park_Communal_Den";2013;"t81433";3
"6457";"Central_Park_Communal_Den";2013;"t81886";3
"6458";"Central_Park_Communal_Den";2013;"t82219";3
"6459";"Central_Park_Communal_Den";2013;"t82309";3
"6460";"Central_Park_Communal_Den";2013;"t82385";3
"6461";"Central_Park_Communal_Den";2013;"t82395";3
"6462";"Central_Park_Communal_Den";2013;"t82589";3
"6463";"Central_Park_Communal_Den";2013;"t82607";3
"6464";"Central_Park_Communal_Den";2013;"t82635";3
"6465";"Central_Park_Communal_Den";2016;"t96060";3
"6466";"Central_Park_Communal_Den";2016;"t96095";3
"6467";"Central_Park_Communal_Den";2016;"t96138";3
"6468";"Central_Park_Communal_Den";2016;"t96175";3
"6469";"Central_Park_Communal_Den";2016;"t96292";3
"6470";"Central_Park_Communal_Den";2016;"t96385";3
"6471";"Chamber_of_Secrets_Den";2010;"s3169";3
"6472";"Chex_Den";2011;"s6821";3
"6473";"Chex_Den";2011;"s6830";3
"6474";"Cinnabon_Den";2013;"s11022";3
"6475";"Cinnabon_Den";2013;"s11033";3
"6476";"Cinnabon_Den";2013;"s11041";3
"6477";"Circe_Den";2021;"s114632";3
"6478";"Claire_Den";2014;"s14821";3
"6479";"Clamor_Den";2016;"s20439";3
"6480";"Cliff_Den";2016;"t96314";3
"6481";"Cliff_Den";2018;"t104122";3
"6482";"Cliff_Den";2018;"t104652";3
"6483";"Cliff_Den";2018;"t104986";3
"6484";"Cliff_Den";2019;"t105906";3
"6485";"Cliff_Den";2019;"t105913";3
"6486";"Cliff_Den";2019;"t105935";3
"6487";"Cliff_Den";2019;"t105951";3
"6488";"Cliff_Den";2019;"t107230";3
"6489";"Cliff_Den";2019;"t107312";3
"6490";"Cliff_Den_2";2019;"t105983";3
"6491";"Cliff_Den_2";2019;"t106232";3
"6492";"Cliff_Den_2";2019;"t106251";3
"6493";"Cliff_Den_2";2019;"t106272";3
"6494";"Cliff_Den_2";2019;"t106287";3
"6495";"Cliff_Den_2";2019;"t106311";3
"6496";"Cliff_Den_2";2019;"t106853";3
"6497";"Cliff_Den_2";2019;"t106914";3
"6498";"Cliff_Den_2";2019;"t106977";3
"6499";"Cliff_Den_2";2019;"t106981";3
"6500";"Cliff_Den_2";2019;"t107002";3
"6501";"Cocobeach_Den";2011;"s7286";3
"6502";"Coincidence_D";2008;"s194";3
"6503";"Coincidence_D";2023;"s117405";3
"6504";"Coincidence_Den_2";2023;"s117377";3
"6505";"Coincidence_Den_2";2023;"s117395";3
"6506";"Colossus_of_Rhodes_Den";2015;"s15399";3
"6507";"Colossus_of_Rhodes_Den";2015;"s15496";3
"6508";"Colossus_of_Rhodes_Den";2016;"s19898";3
"6509";"Colossus_of_Rhodes_Den";2016;"s19904.3";3
"6510";"Colossus_of_Rhodes_Den";2016;"s20186";3
"6511";"Confusing_Den_2";2019;"t108115";3
"6512";"Confusing_Den_2";2019;"t108185";3
"6513";"Confusing_Den_3";2019;"t108464";3
"6514";"Copenhagen_Den";2011;"s6033";3
"6515";"Copenhagen_Den";2011;"s6058";3
"6516";"Crocodile_Den";2008;"t62604";3
"6517";"Crocodile_Den";2008;"t62701";3
"6518";"Crocodile_Den";2010;"t70002";3
"6519";"Croton_Edge_Communal_Den";2009;"t67482";3
"6520";"Croton_Edge_Communal_Den";2009;"t67525";3
"6521";"Croton_Edge_Communal_Den";2009;"t67536";3
"6522";"Croton_Edge_Communal_Den";2009;"t67543";3
"6523";"Croton_Edge_Communal_Den";2009;"t67849";3
"6524";"Croton_Edge_Communal_Den";2009;"t67876";3
"6525";"Croton_Edge_Communal_Den";2009;"t67903";3
"6526";"Croton_Edge_Communal_Den";2010;"t70486";3
"6527";"Croton_Edge_Communal_Den";2010;"t70555";3
"6528";"Croton_Edge_Communal_Den";2010;"t70917";3
"6529";"Croton_Edge_Communal_Den";2010;"t70956";3
"6530";"Croton_Edge_Communal_Den";2010;"t71785";3
"6531";"Croton_Edge_Communal_Den";2010;"t71810";3
"6532";"Croton_Edge_Communal_Den";2011;"t71827";3
"6533";"Croton_Edge_Communal_Den";2011;"t71843";3
"6534";"Croton_Edge_Communal_Den";2011;"t71860";3
"6535";"Croton_Edge_Communal_Den";2011;"t71878";3
"6536";"Croton_Edge_Communal_Den";2011;"t71896";3
"6537";"Croton_Edge_Communal_Den";2011;"t74098";3
"6538";"Croton_Edge_Communal_Den";2011;"t74161";3
"6539";"Croton_Edge_Communal_Den";2011;"t74201";3
"6540";"Croton_Edge_Communal_Den";2011;"t74225";3
"6541";"Croton_Edge_Communal_Den";2011;"t74238";3
"6542";"Croton_Edge_Communal_Den";2011;"t74246";3
"6543";"Croton_Edge_Communal_Den";2011;"t74276";3
"6544";"Croton_Edge_Communal_Den";2011;"t74292";3
"6545";"Croton_Edge_Communal_Den";2011;"t74305";3
"6546";"Croton_Edge_Communal_Den";2011;"t74309";3
"6547";"Croton_Edge_Communal_Den";2011;"t74325";3
"6548";"Croton_Edge_Communal_Den";2011;"t74330";3
"6549";"Croton_Edge_Communal_Den";2011;"t74351";3
"6550";"Croton_Edge_Communal_Den";2011;"t74372";3
"6551";"Croton_Edge_Communal_Den";2011;"t74405";3
"6552";"Croton_Edge_Communal_Den";2011;"t74421";3
"6553";"Croton_Edge_Communal_Den";2011;"t74478";3
"6554";"Croton_Edge_Communal_Den";2011;"t74526";3
"6555";"Croton_Edge_Communal_Den";2011;"t74549";3
"6556";"Croton_Edge_Communal_Den";2011;"t74559";3
"6557";"Croton_Edge_Communal_Den";2011;"t74688";3
"6558";"Croton_Edge_Communal_Den";2011;"t74736";3
"6559";"Croton_Edge_Communal_Den";2011;"t74759";3
"6560";"Croton_Edge_Communal_Den";2011;"t74805";3
"6561";"Croton_Edge_Communal_Den";2011;"t74843";3
"6562";"Croton_Edge_Communal_Den";2012;"t78127";3
"6563";"Croton_Edge_Communal_Den";2012;"t78215";3
"6564";"Croton_Edge_Communal_Den";2012;"t78275";3
"6565";"Croton_Edge_Communal_Den";2012;"t78337";3
"6566";"Croton_Edge_Communal_Den";2012;"t78392";3
"6567";"Croton_Edge_Communal_Den";2012;"t79164";3
"6568";"Croton_Edge_Communal_Den";2012;"t79175";3
"6569";"Croton_Edge_Communal_Den";2012;"t79190";3
"6570";"Croton_Edge_Communal_Den";2019;"t111381";3
"6571";"Croton_Edge_Communal_Den";2019;"t111407";3
"6572";"Croton_Edge_Communal_Den";2019;"t111525.2";3
"6573";"Croton_Edge_Communal_Den";2019;"t111534";3
"6574";"Croton_Edge_Communal_Den";2019;"t111620";3
"6575";"Crunk_Den_II";2018;"s24302";3
"6576";"Culvert_City_Den";2018;"s24067";3
"6577";"DOC_Communal_Den";2014;"t87079";3
"6578";"DOC_Communal_Den";2014;"t87167";3
"6579";"DOC_Communal_Den";2014;"t87271";3
"6580";"DOC_Communal_Den";2014;"t87309";3
"6581";"DOC_Communal_Den";2014;"t87359";3
"6582";"DOC_Communal_Den";2014;"t87536";3
"6583";"DOC_Communal_Den";2014;"t88731";3
"6584";"DOC_Communal_Den";2014;"t88909";3
"6585";"DOC_Communal_Den";2014;"t89535";3
"6586";"DOC_Communal_Den";2014;"t89553";3
"6587";"DOC_Communal_Den";2014;"t89598";3
"6588";"DOC_Communal_Den";2014;"t89623";3
"6589";"DOC_Communal_Den";2014;"t89638";3
"6590";"DOC_Communal_Den";2014;"t89663";3
"6591";"DOC_Communal_Den";2014;"t89709";3
"6592";"DOC_Communal_Den";2014;"t89723";3
"6593";"DOC_Communal_Den";2014;"t89725";3
"6594";"DOC_Communal_Den";2014;"t89728";3
"6595";"DOC_Communal_Den";2014;"t89744";3
"6596";"DOC_Communal_Den";2014;"t89751";3
"6597";"DOC_Communal_Den";2014;"t89760";3
"6598";"DOC_Communal_Den";2015;"t89789";3
"6599";"DOC_Communal_Den";2015;"t89822";3
"6600";"DOC_Communal_Den";2015;"t89830";3
"6601";"DOC_Communal_Den";2015;"t89876";3
"6602";"DOC_Communal_Den";2015;"t90115";3
"6603";"DOC_Communal_Den";2016;"t97168";3
"6604";"DOC_Communal_Den";2016;"t97205";3
"6605";"DOC_Communal_Den";2016;"t97208";3
"6606";"DOC_Communal_Den";2016;"t97234";3
"6607";"DOC_Communal_Den";2016;"t97239";3
"6608";"DOC_Communal_Den";2016;"t97386";3
"6609";"DOC_Communal_Den";2016;"t97445";3
"6610";"DOC_Den_2";2014;"t87314";3
"6611";"DOC_Den_2";2014;"t87467";3
"6612";"DOC_Den_2";2014;"t87555";3
"6613";"DOC_Den_2";2014;"t87863";3
"6614";"DOC_Den_2";2014;"t89123";3
"6615";"DOC_Den_2";2014;"t89138";3
"6616";"DOC_Den_2";2014;"t89171";3
"6617";"DOC_Den_2";2014;"t89185";3
"6618";"DOC_Den_2";2016;"97332.1";3
"6619";"DOC_Den_2";2016;"t97026";3
"6620";"DOC_Den_2";2016;"t97153";3
"6621";"DOC_Den_2";2016;"t97164";3
"6622";"DOC_Den_2";2016;"t97223";3
"6623";"DOC_Den_2";2016;"t97337";3
"6624";"DOC_Den_2";2016;"t97681";3
"6625";"DOC_Den_2";2016;"t98127";3
"6626";"DOC_Den_2";2017;"t100341";3
"6627";"DOC_Den_2";2017;"t100361";3
"6628";"DOC_Den_2";2017;"t100389";3
"6629";"DOC_Den_2";2017;"t100429";3
"6630";"DOC_Den_2";2017;"t100434";3
"6631";"DOC_Den_2";2017;"t100446";3
"6632";"DOC_Den_2";2017;"t100467";3
"6633";"DOC_Den_2";2017;"t100730";3
"6634";"DOC_Den_2";2017;"t100751";3
"6635";"Dave's_Den";2010;"t70149";3
"6636";"Dave's_Den";2010;"t70191";3
"6637";"Dave's_Den";2010;"t70239";3
"6638";"Dave's_Den";2010;"t70306";3
"6639";"Dave's_Den";2010;"t70487";3
"6640";"Dave's_Den";2010;"t70537";3
"6641";"Dave's_Den";2011;"t72386";3
"6642";"Dave's_Den";2011;"t72518";3
"6643";"Dave's_Den";2011;"t72546";3
"6644";"Dave's_Den";2011;"t73296";3
"6645";"Dave's_Den";2011;"t73747";3
"6646";"Dave's_Den";2011;"t73812";3
"6647";"Dave's_Den";2011;"t73885";3
"6648";"Dave's_Den";2012;"t78090";3
"6649";"Dave's_Den";2012;"t78104";3
"6650";"Dave's_Den";2012;"t78245";3
"6651";"Dave's_Den";2012;"t78305";3
"6652";"Dave's_Den";2012;"t78327";3
"6653";"Dave's_Den";2012;"t78338";3
"6654";"Dave's_Den";2012;"t78343";3
"6655";"Dave's_Den";2012;"t78353";3
"6656";"Dave's_Den";2012;"t78367";3
"6657";"Dave's_Den";2012;"t78414";3
"6658";"Dave's_Den";2012;"t78448";3
"6659";"Dave's_Den";2012;"t78466";3
"6660";"Dave's_Den";2012;"t78562";3
"6661";"Dave's_Den";2012;"t78597";3
"6662";"Dave's_Den";2012;"t78883";3
"6663";"Dave's_Den";2012;"t78933.1";3
"6664";"Dave's_Den";2012;"t78996";3
"6665";"Dave's_Den";2012;"t79062";3
"6666";"Dave's_Den";2012;"t79101";3
"6667";"Dave's_Den";2012;"t79109";3
"6668";"Dave's_Den";2012;"t79141";3
"6669";"Dave's_Den";2012;"t79142";3
"6670";"Dave's_Den";2013;"t81369";3
"6671";"Dave's_Den";2013;"t81370";3
"6672";"Dave's_Den";2013;"t81380";3
"6673";"Dave's_Den";2013;"t81383";3
"6674";"Dave's_Den";2013;"t82654";3
"6675";"Dave's_Den";2013;"t82658";3
"6676";"Dave's_Den";2013;"t82673";3
"6677";"Dave's_Den";2013;"t82725";3
"6678";"Dave's_Den";2013;"t82742";3
"6679";"Dave's_Den";2013;"t82751";3
"6680";"Dave's_Den";2013;"t82756";3
"6681";"Dave's_Den";2013;"t82779";3
"6682";"Dave's_Den";2013;"t82811";3
"6683";"Dave's_Den";2013;"t82837";3
"6684";"Dave's_Den";2013;"t82881";3
"6685";"Dave's_Den";2013;"t82957";3
"6686";"Dave's_Den";2013;"t83007";3
"6687";"Dave's_Den";2013;"t83019";3
"6688";"Dave's_Den";2013;"t83039";3
"6689";"Dave's_Den";2013;"t83073";3
"6690";"Dave's_Den";2014;"t86042";3
"6691";"Dave's_Den";2014;"t86106";3
"6692";"Dave's_Den";2014;"t86312";3
"6693";"Dave's_Den";2014;"t86467";3
"6694";"Dave's_Den";2014;"t86476";3
"6695";"Dave's_Den";2014;"t86510";3
"6696";"Dave's_Den";2014;"t86818";3
"6697";"Dave's_Den";2014;"t88275";3
"6698";"Dave's_Den";2014;"t88377";3
"6699";"Dave's_Den";2015;"t91044";3
"6700";"Dave's_Den";2015;"t91108";3
"6701";"Dave's_Den";2015;"t91165";3
"6702";"Dave's_Den";2015;"t91326";3
"6703";"Dave's_Den";2015;"t91330";3
"6704";"Dave's_Den";2015;"t91355";3
"6705";"Dave's_Den";2015;"t91408";3
"6706";"Dave's_Den";2015;"t91669";3
"6707";"Dave's_Den";2015;"t91730";3
"6708";"Dave's_Den";2015;"t92063";3
"6709";"Dave's_Den";2015;"t92220";3
"6710";"Dave's_Den";2015;"t92243";3
"6711";"Dave's_Den";2015;"t92330";3
"6712";"Dave's_Den";2016;"t94769";3
"6713";"Dave's_Den";2016;"t94797";3
"6714";"Dave's_Den";2016;"t94809";3
"6715";"Dave's_Den";2016;"t94818";3
"6716";"Dave's_Den";2016;"t94832";3
"6717";"Dave's_Den";2016;"t94936";3
"6718";"Dave's_Den";2016;"t95350";3
"6719";"Dave's_Den";2016;"t95416";3
"6720";"Dave's_Den";2016;"t96899";3
"6721";"Dave_Den";2017;"t98275";3
"6722";"Dave_Den";2017;"t98419";3
"6723";"Dave_Den";2017;"t98480";3
"6724";"Dave_Den";2017;"t98670";3
"6725";"Dawn_Den";2022;"s115722";3
"6726";"Dawn_Den_2";2022;"S116078";3
"6727";"DeGaulle_Den";2009;"s1777";3
"6728";"DeGaulle_Den";2009;"s1798";3
"6729";"DeGaulle_Den";2009;"s1813";3
"6730";"DeGaulle_Den";2009;"s1838";3
"6731";"DeGaulle_Den";2009;"s1849";3
"6732";"DeGaulle_Den";2009;"s1870";3
"6733";"DeGaulle_Den";2013;"s10485";3
"6734";"DeGaulle_Den";2013;"s10511";3
"6735";"DeGaulle_Den";2013;"s10524";3
"6736";"DeGaulle_Den";2013;"s10897";3
"6737";"DeGaulle_Den";2013;"s10902";3
"6738";"DeGaulle_Den";2013;"s10909";3
"6739";"DeGaulle_Den";2013;"s10912";3
"6740";"DeGaulle_Den";2013;"s10916";3
"6741";"DeGaulle_Den";2013;"s10920";3
"6742";"DeGaulle_Den";2013;"s10921";3
"6743";"DeGaulle_Den";2013;"s10933";3
"6744";"DeGaulle_Den";2013;"s10934";3
"6745";"DeGaulle_Den";2013;"s10952";3
"6746";"DeGaulle_Den";2013;"s10966";3
"6747";"DeGaulle_Den";2013;"s10987";3
"6748";"DeGaulle_Den";2013;"s10998";3
"6749";"DeGaulle_Den";2019;"s109194";3
"6750";"DeGaulle_Den";2019;"s109403";3
"6751";"DeGaulle_Den";2019;"s109440";3
"6752";"DeGaulle_Den";2023;"s132142";3
"6753";"DeGaulle_Den";2023;"s132180";3
"6754";"DeGaulle_Den";2023;"s132185";3
"6755";"DeGaulle_Den";2023;"s132194";3
"6756";"DeGaulle_Den";2023;"s132197";3
"6757";"DeGaulle_Den";2023;"s132209";3
"6758";"DeGaulle_Den";2023;"s132211";3
"6759";"DeGaulle_Den";2023;"s132243";3
"6760";"DeGaulle_Den_II";2009;"s1917";3
"6761";"Defenestrate_Den";2015;"s15577";3
"6762";"Defenestrate_Den";2015;"s16688";3
"6763";"Defenestrate_Den";2015;"s17379";3
"6764";"Defenestrate_Den";2015;"s17383";3
"6765";"Defenestrate_Den";2015;"s17386";3
"6766";"Defenestrate_Den";2015;"s17390";3
"6767";"Defenestrate_Den";2015;"s17399";3
"6768";"Defenestrate_Den";2015;"s17403";3
"6769";"Defenestrate_Den";2015;"s17442";3
"6770";"Defenestrate_Den";2015;"s17451";3
"6771";"Defenestrate_Den";2015;"s17474";3
"6772";"Defenestrate_Den";2015;"s17496";3
"6773";"Defenestrate_Den";2015;"s17500";3
"6774";"Defenestrate_Den";2015;"s17544";3
"6775";"Defenestrate_Den";2015;"s17625";3
"6776";"Defenestrate_Den";2015;"s17637";3
"6777";"Defenestrate_Den";2015;"s17651";3
"6778";"Defenestrate_Den";2016;"s18235";3
"6779";"Den_One_Creek_Den_Complex";2011;"t73679";3
"6780";"Den_One_Creek_Den_Complex";2011;"t73696";3
"6781";"Den_One_Creek_Den_Complex";2014;"t86988";3
"6782";"Den_One_Creek_Den_Complex";2014;"t88027";3
"6783";"Den_One_Creek_Den_Complex";2016;"t97152";3
"6784";"Den_of_Perfection";2006;"t59377";3
"6785";"Den_of_Perfection";2006;"t59379";3
"6786";"Den_of_Perfection";2006;"t59397";3
"6787";"Den_of_Perfection";2006;"t59430";3
"6788";"Den_of_Perfection";2006;"t59435";3
"6789";"Den_of_Perfection";2006;"t59507";3
"6790";"Den_of_Perfection";2006;"t59530";3
"6791";"Den_of_Perfection";2006;"t59537";3
"6792";"Den_of_Perfection";2006;"t59585";3
"6793";"Den_of_Perfection";2006;"t59589";3
"6794";"Den_of_Perfection";2006;"t59634";3
"6795";"Dharma_Den";2010;"s4214";3
"6796";"Dharma_Den";2010;"s4224";3
"6797";"Dharma_Den";2010;"s4246";3
"6798";"Dharma_Den";2010;"s4256";3
"6799";"Dharma_Den";2010;"s4263";3
"6800";"Diagon_Alley_Den";2010;"s3136";3
"6801";"Diagon_Alley_Den";2010;"s3141";3
"6802";"Diagon_Alley_Den";2010;"s3150";3
"6803";"Diagon_Alley_Den";2017;"s22455";3
"6804";"Dicks_Den";2014;"t86259";3
"6805";"Dicks_Den";2014;"t86440";3
"6806";"Dicks_Den";2014;"t86871";3
"6807";"Dicks_Den";2014;"t86911";3
"6808";"Dicks_Den";2014;"t87053";3
"6809";"Dicks_Den";2014;"t87057";3
"6810";"Dicks_Den";2014;"t87080";3
"6811";"Dicks_Den";2014;"t87650";3
"6812";"Dicks_Den";2014;"t88359";3
"6813";"Dicks_Den";2014;"t88360";3
"6814";"Dicks_Den";2015;"t92222";3
"6815";"Dicks_Den";2015;"t92378";3
"6816";"Dicks_Den";2015;"t92426";3
"6817";"Dicks_Den";2015;"t92686";3
"6818";"Dicks_Den";2015;"t92711";3
"6819";"Dicks_Den";2017;"t100358";3
"6820";"Dicks_Den";2017;"t100427";3
"6821";"Dicks_Den";2017;"t100528";3
"6822";"Dicks_Den";2017;"t100677";3
"6823";"Dicks_Den";2017;"t101349";3
"6824";"Dicks_Den";2017;"t101383";3
"6825";"Dicks_Den";2017;"t101434";3
"6826";"Dicks_Den";2017;"t98305";3
"6827";"Dicks_Den";2017;"t98663";3
"6828";"Dicks_Den";2017;"t98671";3
"6829";"Dicks_Den";2017;"t98680";3
"6830";"Dicks_Den";2017;"t98846";3
"6831";"Disappointment_Den";2008;"s0.26";3
"6832";"Disappointment_Den";2008;"s1335";3
"6833";"Doom's_Day_Den";2003;"t38956";3
"6834";"Doom's_Day_Den";2003;"t39722";3
"6835";"Doom's_Day_Den_2";2019;"t105539";3
"6836";"Doom's_Day_Den_2";2019;"t105624";3
"6837";"Doom's_Day_Den_2";2019;"t105710";3
"6838";"Doom's_Day_Den_2";2019;"t105748";3
"6839";"Doom's_Day_Den_2";2019;"t105802";3
"6840";"Driving_under_the_Influence_Den";2011;"s7357";3
"6841";"Dudu_Den";2009;"s3942";3
"6842";"Dudu_Den";2014;"s15103";3
"6843";"Emma_Natal_Den_2_2012";2012;"s8490";3
"6844";"Emma_Natal_Den_2_2012";2012;"s8501";3
"6845";"Emma_Natal_Den_2_2012";2012;"s8513";3
"6846";"Emma_Natal_Den_2_2012";2012;"s8543";3
"6847";"Emma_Natal_Den_2_2012";2012;"s8557";3
"6848";"FML_Den";2013;"s12098";3
"6849";"FML_Den";2014;"s14855";3
"6850";"FML_Den";2014;"s14875";3
"6851";"FML_Den";2014;"s14889";3
"6852";"FML_Den";2016;"s20222";3
"6853";"FML_Den";2016;"s20235";3
"6854";"FML_Den";2016;"s20246";3
"6855";"FML_Den";2016;"s20259";3
"6856";"FML_Den";2016;"s20269";3
"6857";"FML_Den";2016;"s20290";3
"6858";"FML_Den";2016;"s20295";3
"6859";"FML_Den";2016;"s20299";3
"6860";"FML_Den";2018;"s23928";3
"6861";"FML_Den";2018;"s23932";3
"6862";"FML_Den";2018;"s23942";3
"6863";"FML_Den";2018;"s23943";3
"6864";"FML_Den";2018;"s23948";3
"6865";"FML_Den";2018;"s23949";3
"6866";"FML_Den";2018;"s23965";3
"6867";"FML_Den";2018;"s23966";3
"6868";"FML_Den";2018;"s23968";3
"6869";"FML_Den";2018;"s23971";3
"6870";"FML_Den";2018;"s23972";3
"6871";"Farmer's_Den";2017;"t101495";3
"6872";"Fever_Tree_Natal_Den/Communal_Den_Complex";2002;"t34361";3
"6873";"Fever_Tree_Natal_Den/Communal_Den_Complex";2002;"t34365";3
"6874";"Fever_Tree_Natal_Den/Communal_Den_Complex";2002;"t34865";3
"6875";"Fever_Tree_Natal_Den/Communal_Den_Complex";2002;"t34898";3
"6876";"Fever_Tree_Natal_Den/Communal_Den_Complex";2002;"t34946";3
"6877";"Fever_Tree_Natal_Den/Communal_Den_Complex";2002;"t34971";3
"6878";"Fever_Tree_Natal_Den/Communal_Den_Complex";2002;"t34989";3
"6879";"Fever_Tree_Natal_Den/Communal_Den_Complex";2002;"t35058";3
"6880";"Fever_Tree_Natal_Den/Communal_Den_Complex";2002;"t35506";3
"6881";"Fever_Tree_Natal_Den/Communal_Den_Complex";2002;"t35705";3
"6882";"Fever_Tree_Natal_Den/Communal_Den_Complex";2002;"t36510";3
"6883";"Fever_Tree_Natal_Den/Communal_Den_Complex";2002;"t36750";3
"6884";"Fever_Tree_Natal_Den/Communal_Den_Complex";2003;"t36797";3
"6885";"Fever_Tree_Natal_Den/Communal_Den_Complex";2003;"t36801";3
"6886";"Fever_Tree_Natal_Den/Communal_Den_Complex";2003;"t36814";3
"6887";"Fever_Tree_Natal_Den/Communal_Den_Complex";2003;"t36834";3
"6888";"Fever_Tree_Natal_Den/Communal_Den_Complex";2003;"t36851";3
"6889";"Fever_Tree_Natal_Den/Communal_Den_Complex";2003;"t36891";3
"6890";"Fever_Tree_Natal_Den/Communal_Den_Complex";2003;"t36960";3
"6891";"Fever_Tree_Natal_Den/Communal_Den_Complex";2003;"t36964";3
"6892";"Fever_Tree_Natal_Den/Communal_Den_Complex";2003;"t37165";3
"6893";"Fever_Tree_Natal_Den/Communal_Den_Complex";2003;"t37211";3
"6894";"Fever_Tree_Natal_Den/Communal_Den_Complex";2003;"t37277";3
"6895";"Fever_Tree_Natal_Den/Communal_Den_Complex";2003;"t37284";3
"6896";"Fever_Tree_Natal_Den/Communal_Den_Complex";2003;"t37398";3
"6897";"Fever_Tree_Natal_Den/Communal_Den_Complex";2003;"t37404";3
"6898";"Fever_Tree_Natal_Den/Communal_Den_Complex";2003;"t37438";3
"6899";"Fever_Tree_Natal_Den/Communal_Den_Complex";2003;"t37536";3
"6900";"Fever_Tree_Natal_Den/Communal_Den_Complex";2003;"t37566";3
"6901";"Fever_Tree_Natal_Den/Communal_Den_Complex";2003;"t37619";3
"6902";"Fever_Tree_Natal_Den/Communal_Den_Complex";2003;"t37846";3
"6903";"Fever_Tree_Natal_Den/Communal_Den_Complex";2003;"t37859";3
"6904";"Fever_Tree_Natal_Den/Communal_Den_Complex";2003;"t37880";3
"6905";"Fever_Tree_Natal_Den/Communal_Den_Complex";2003;"t37974";3
"6906";"Fever_Tree_Natal_Den/Communal_Den_Complex";2003;"t38092";3
"6907";"Fever_Tree_Natal_Den/Communal_Den_Complex";2003;"t38197";3
"6908";"Fever_Tree_Natal_Den/Communal_Den_Complex";2003;"t39198";3
"6909";"Fever_Tree_Natal_Den/Communal_Den_Complex";2003;"t39339";3
"6910";"Fever_Tree_Natal_Den/Communal_Den_Complex";2003;"t39625";3
"6911";"Fever_Tree_Natal_Den/Communal_Den_Complex";2003;"t39945";3
"6912";"Fever_Tree_Natal_Den/Communal_Den_Complex";2004;"t43566";3
"6913";"Fever_Tree_Natal_Den/Communal_Den_Complex";2004;"t49023";3
"6914";"Fever_Tree_Natal_Den/Communal_Den_Complex";2004;"t49098";3
"6915";"Fever_Tree_Natal_Den/Communal_Den_Complex";2004;"t49206";3
"6916";"Fever_Tree_Natal_Den/Communal_Den_Complex";2004;"t49373";3
"6917";"Fever_Tree_Natal_Den/Communal_Den_Complex";2004;"t49399";3
"6918";"Fever_Tree_Natal_Den/Communal_Den_Complex";2005;"t54388";3
"6919";"Fever_Tree_Natal_Den/Communal_Den_Complex";2005;"t54425";3
"6920";"Fever_Tree_Natal_Den/Communal_Den_Complex";2005;"t54453";3
"6921";"Fever_Tree_Natal_Den/Communal_Den_Complex";2006;"t59002";3
"6922";"Fever_Tree_Natal_Den/Communal_Den_Complex";2006;"t59127";3
"6923";"Fever_Tree_Natal_Den/Communal_Den_Complex";2006;"t59658";3
"6924";"Flapjack_Den";2013;"s10721";3
"6925";"Flapjack_Den";2013;"s10737";3
"6926";"Flapjack_Den";2013;"s10826";3
"6927";"Flashforward_Den";2012;"s8790";3
"6928";"Flashforward_Den";2012;"s8794";3
"6929";"Flashforward_Den";2012;"s9193";3
"6930";"Flashforward_Den";2012;"s9211";3
"6931";"Flashforward_Den";2012;"s9220";3
"6932";"Flashforward_Den";2012;"s9225";3
"6933";"Flashforward_Den";2012;"s9237";3
"6934";"Flashforward_Den";2012;"s9247";3
"6935";"Flashforward_Den";2012;"s9257";3
"6936";"Flashforward_Den";2012;"s9262";3
"6937";"Flashforward_Den";2012;"s9269";3
"6938";"Flashforward_Den";2012;"s9277";3
"6939";"Flashforward_Den";2012;"s9298";3
"6940";"Flashforward_Den";2012;"s9300";3
"6941";"Flashforward_Den";2012;"s9302";3
"6942";"Flashforward_Den";2012;"s9313";3
"6943";"Flashforward_Den";2012;"s9324";3
"6944";"Flashforward_Den";2012;"s9342";3
"6945";"Flashforward_Den";2012;"s9346";3
"6946";"Flashforward_Den";2012;"s9380";3
"6947";"Flintstone_Den";2015;"t93145";3
"6948";"Flintstone_Den";2017;"t100513";3
"6949";"Flintstone_Den";2017;"t101665";3
"6950";"Flintstone_Den";2018;"t101796.10";3
"6951";"Foggy_Den";2009;"s3861";3
"6952";"Foggy_Den";2009;"s3864";3
"6953";"Foggy_Den";2009;"s3877";3
"6954";"Foggy_Den";2009;"s3879";3
"6955";"Foggy_Den";2009;"s3881";3
"6956";"Foggy_Den";2009;"s3889";3
"6957";"Gardenia_Den";2014;"t86449";3
"6958";"Gardenia_Den";2014;"t86534";3
"6959";"Gardenia_Den";2014;"t86568";3
"6960";"Gila_River_Den";2009;"s874";3
"6961";"Gila_River_Den_II";2010;"s1256";3
"6962";"Gila_River_Den_II";2010;"s1264";3
"6963";"Gila_River_Den_III";2010;"s1288";3
"6964";"Gila_River_Den_III";2010;"s1300";3
"6965";"Gothenburg_Den";2011;"s6149.1";3
"6966";"Grits_Den";2011;"s6481";3
"6967";"Grits_Den";2011;"s6505";3
"6968";"Grits_Den";2011;"s6506";3
"6969";"Grits_Den";2011;"s6562";3
"6970";"Grits_Den";2011;"s6638";3
"6971";"Grits_Den";2011;"s6682.1";3
"6972";"Grits_Den";2013;"s10030";3
"6973";"Grits_Den";2013;"s10061";3
"6974";"Gryffindor_Den";2010;"s3058";3
"6975";"Guava_Den";2015;"s16748";3
"6976";"Guava_Den";2015;"s16749";3
"6977";"Guava_Den";2015;"s16764";3
"6978";"Guava_Den";2015;"s16765";3
"6979";"Guava_Den";2015;"s16778";3
"6980";"Guava_Den";2015;"s16781";3
"6981";"Guava_Den";2015;"s16783";3
"6982";"Guava_Den";2015;"s16787";3
"6983";"Guava_Den";2015;"s16791";3
"6984";"Guava_Den";2015;"s16793.1";3
"6985";"Guca_Den";2012;"s8169";3
"6986";"Guca_Den";2012;"s8197";3
"6987";"Guca_Den";2012;"s8199";3
"6988";"Guca_Den";2012;"s8232.1";3
"6989";"Hanging_Gardens_Den";2009;"s3437";3
"6990";"Hanging_Gardens_Den";2009;"s3455";3
"6991";"Hanging_Gardens_Den";2015;"s15509";3
"6992";"Hanging_Gardens_Den";2015;"s15522";3
"6993";"Hanging_Gardens_Den";2015;"s15524";3
"6994";"Hanging_Gardens_Den";2017;"s21513";3
"6995";"Hanging_Gardens_Den";2019;"s110276";3
"6996";"Helsinki_Den";2011;"s5961";3
"6997";"Hit_and_Run_Den";2011;"s7365";3
"6998";"Holiday_Communal_Den";2004;"t48913";3
"6999";"Holiday_Communal_Den";2006;"t59652";3
"7000";"Holiday_Communal_Den";2006;"t59659";3
"7001";"Holiday_Communal_Den";2006;"t59693";3
"7002";"Holiday_Communal_Den";2006;"t59696";3
"7003";"Holiday_Communal_Den";2006;"t59715";3
"7004";"Holiday_Communal_Den";2006;"t59718";3
"7005";"Holy_Grail_Den";2008;"s67";3
"7006";"Holy_Grail_Den";2009;"s600";3
"7007";"Holy_Grail_Den";2009;"s627";3
"7008";"Holy_Grail_Den";2009;"s634";3
"7009";"Holy_Grail_Den";2009;"s655.1";3
"7010";"Holy_Grail_Den";2009;"s698";3
"7011";"Holy_Grail_Den";2013;"s12169";3
"7012";"Holy_Grail_Den";2013;"s12177";3
"7013";"Holy_Grail_Den";2013;"s12184";3
"7014";"Holy_Grail_Den";2013;"s12195";3
"7015";"Holy_Grail_Den";2013;"s12198";3
"7016";"Holy_Grail_Den";2013;"s12227";3
"7017";"Holy_Grail_Den";2013;"s12335";3
"7018";"Houdini_Den";2016;"s19019";3
"7019";"Houdini_Den";2016;"s19050";3
"7020";"Houdini_Den";2016;"s19065";3
"7021";"Houdini_Den";2016;"s19092.1";3
"7022";"Houdini_Den";2016;"s19102";3
"7023";"Houdini_Den";2016;"s19105";3
"7024";"Houdini_Den";2016;"s19115";3
"7025";"Houdini_Den";2016;"s19117";3
"7026";"Houdini_Den";2016;"s19120";3
"7027";"Houdini_Den";2016;"s19122";3
"7028";"Hydra_Den";2009;"s3765";3
"7029";"IAT_Den";2010;"s3203";3
"7030";"IAT_Den";2014;"s14401";3
"7031";"IAT_Den";2014;"s14408";3
"7032";"IAT_Den";2014;"s14414";3
"7033";"IAT_Den";2014;"s14427";3
"7034";"IAT_Den";2014;"s14439";3
"7035";"IAT_Den";2014;"s14463";3
"7036";"IAT_Den";2015;"s15630";3
"7037";"IAT_Den";2015;"s17223";3
"7038";"IAT_Den";2015;"s18043";3
"7039";"IAT_Den";2016;"s18727";3
"7040";"IAT_Den";2016;"s20172";3
"7041";"IAT_Den";2017;"s21058";3
"7042";"Ice_Age_Den";2011;"s5002";3
"7043";"Ilvermorny_Den";2016;"s20063";3
"7044";"Ilvermorny_Den";2016;"s20067";3
"7045";"Ilvermorny_Den";2016;"s20081";3
"7046";"Ilvermorny_Den";2016;"s20089";3
"7047";"J_Fab_Den";2012;"s8432";3
"7048";"J_Fab_Den";2012;"s8435";3
"7049";"J_Fab_Den";2014;"s14361";3
"7050";"J_Fab_Den";2014;"s14510";3
"7051";"J_Fab_Den";2015;"s15657";3
"7052";"J_Fab_Den";2015;"s15880";3
"7053";"J_Fab_Den";2015;"s15900";3
"7054";"J_Fab_Den";2016;"s20167";3
"7055";"J_Fab_Den";2016;"s20177";3
"7056";"J_Fab_Den";2017;"s22280";3
"7057";"J_Fab_Den";2017;"s22323";3
"7058";"J_Fab_Den";2017;"s22380";3
"7059";"J_Fab_Den";2017;"s22391";3
"7060";"J_Fab_Den";2022;"S116284";3
"7061";"Jackson's_Hole_Den";2010;"s3987";3
"7062";"Juarez_Den";2012;"s9801";3
"7063";"Judith_Den";2016;"s20520";3
"7064";"Judith_Den";2016;"s20534";3
"7065";"Judith_Den";2016;"s20543";3
"7066";"Judith_Den";2016;"s20568";3
"7067";"Judith_Den";2016;"s20574";3
"7068";"Judith_Den";2016;"s20629";3
"7069";"Judith_Den";2016;"s20638";3
"7070";"Judith_Den";2016;"s20646";3
"7071";"Judith_Den";2023;"s117141";3
"7072";"Judith_Den2";2016;"s20488";3
"7073";"Judith_Den2";2016;"s20495";3
"7074";"Judith_Den2";2016;"s20516";3
"7075";"Judith_Den2";2016;"s20557";3
"7076";"Judith_Den2";2016;"s20570";3
"7077";"Judith_Den2";2016;"s20584";3
"7078";"Kahana_Den";2012;"s8744";3
"7079";"Kahana_Den";2012;"s8746";3
"7080";"Kinda-See-Em_Den";2005;"t54198";3
"7081";"Kinda-See-Em_Den";2005;"t54449";3
"7082";"Kinda-See-Em_Den";2006;"t56388";3
"7083";"Kinda-See-Em_Den";2006;"t56398";3
"7084";"Kinda-See-Em_Den";2006;"t59240";3
"7085";"Kinda-See-Em_Den";2006;"t59250";3
"7086";"Kinda-See-Em_Den";2008;"t62532";3
"7087";"Kinda-See-Em_Den";2008;"t62546";3
"7088";"Kinda-See-Em_Den";2008;"t62554";3
"7089";"Kinda-See-Em_Den";2008;"t62563";3
"7090";"Kinda-See-Em_Den";2008;"t62583";3
"7091";"Kinda-See-Em_Den";2008;"t62707";3
"7092";"Kinda-See-Em_Den";2008;"t63221";3
"7093";"Kinda-See-Em_Den";2008;"t63330";3
"7094";"Kinda-See-Em_Den";2008;"t63427";3
"7095";"Kinda-See-Em_Den";2008;"t63606";3
"7096";"Kinda-See-Em_Den";2008;"t64054";3
"7097";"Kinda-See-Em_Den";2009;"t65048";3
"7098";"Kinda-See-Em_Den";2010;"t68764";3
"7099";"Kinda-See-Em_Den";2013;"t82712";3
"7100";"Kinda-See-Em_Den";2013;"t82804";3
"7101";"Kinda-See-Em_Den";2013;"t83064";3
"7102";"Kinda-See-Em_Den";2013;"t84441";3
"7103";"Kinda-See-Em_Den";2013;"t84511";3
"7104";"Kinda-See-Em_Den";2013;"t84568";3
"7105";"Kinda-See-Em_Den";2013;"t84702";3
"7106";"Kinda-See-Em_Den";2013;"t84722";3
"7107";"Kinda-See-Em_Den";2015;"t92142";3
"7108";"Kinda-See-Em_Den";2015;"t92227";3
"7109";"Kinda_See_Em_Den_Two";2010;"t68995";3
"7110";"Kinda_See_Em_Den_Two";2010;"t69343";3
"7111";"Kinda_See_Em_Den_Two";2010;"t71288";3
"7112";"Kinda_See_Em_Den_Two";2010;"t71380";3
"7113";"Kinda_See_Em_Den_Two";2010;"t71416";3
"7114";"Kinda_See_Em_Den_Two";2011;"t71992";3
"7115";"Kinda_See_Em_Den_Two";2011;"t72011";3
"7116";"Kinda_See_Em_Den_Two";2011;"t72062";3
"7117";"Kinda_See_Em_Den_Two";2012;"t76047";3
"7118";"Kinda_See_Em_Den_Two";2012;"t76049";3
"7119";"Kit_Kat_Den";2011;"s5039";3
"7120";"Kit_Kat_Den";2015;"s17695";3
"7121";"Kit_Kat_Den";2015;"s17700";3
"7122";"Kit_Kat_Den";2015;"s17704";3
"7123";"Kit_Kat_Den";2016;"s18450";3
"7124";"Kit_Kat_Den";2016;"s18465";3
"7125";"Kit_Kat_Den";2016;"s18485";3
"7126";"Kit_Kat_Den";2016;"s19585";3
"7127";"Kit_Kat_Den";2016;"s19778";3
"7128";"Kit_Kat_Den";2016;"s19834";3
"7129";"Kit_Kat_Den";2016;"s19848";3
"7130";"Kit_Kat_Den";2016;"s19852";3
"7131";"Kit_Kat_Den";2016;"s19856";3
"7132";"Kit_Kat_Den";2016;"s19859";3
"7133";"Kit_Kat_Den";2016;"s19876";3
"7134";"Kit_Kat_Den";2016;"s19880";3
"7135";"Kitchen_Natal_Den";2009;"t65800";3
"7136";"Kitchen_Natal_Den";2009;"t66088";3
"7137";"Kolding_Den";2011;"s6926";3
"7138";"Kolding_Den";2011;"s6956";3
"7139";"Krakow_Den";2012;"s8283";3
"7140";"Krakow_Den";2012;"s8289";3
"7141";"Krakow_Den";2012;"s8302";3
"7142";"Krakow_Den";2012;"s8305";3
"7143";"Krakow_Den";2012;"s8308";3
"7144";"Krakow_Den";2012;"s8313";3
"7145";"Lala_Den";2006;"t58135";3
"7146";"Lala_Den";2006;"t58307";3
"7147";"Lala_Den";2006;"t58544";3
"7148";"Lala_Den";2006;"t58695";3
"7149";"Landscape_Den";2019;"t106883";3
"7150";"Larceny_Den";2010;"s1228";3
"7151";"Larceny_Den";2010;"s1229";3
"7152";"Larceny_Den";2010;"s1235";3
"7153";"Lazy_French_Den";2015;"t92106";3
"7154";"Lazy_French_Den";2015;"t92125";3
"7155";"Library_of_Alexandria_Den";2015;"s15449";3
"7156";"Library_of_Alexandria_Den";2015;"s15495";3
"7157";"Lighthouse_Den";2011;"s4646";3
"7158";"Lighthouse_Den";2011;"s4773";3
"7159";"Lighthouse_Den";2013;"s11533";3
"7160";"Lighthouse_Den";2013;"s11535";3
"7161";"Lighthouse_Den";2013;"s11576";3
"7162";"Lighthouse_Den";2013;"s11579.1";3
"7163";"Lighthouse_Den";2013;"s11588";3
"7164";"Lighthouse_Den";2013;"s11592";3
"7165";"Lighthouse_Den";2013;"s11600";3
"7166";"Lightning_Den";2011;"t72681";3
"7167";"Lightning_Den";2011;"t73274";3
"7168";"Log_Cabin's_Culvert_Den";2023;"s117891";3
"7169";"Lone_Elephant_Den";2021;"s115597";3
"7170";"Lone_Elephant_Den";2021;"s115599";3
"7171";"Lone_Elephant_Den2";2021;"s115609";3
"7172";"Lone_Elephant_Den2";2021;"s115611";3
"7173";"Lone_Elephant_Den_3";2022;"s115617";3
"7174";"Lone_Elephant_Den_3";2022;"s115626";3
"7175";"Lone_Elephant_Den_4";2022;"s115646";3
"7176";"Lone_Elephant_Den_4";2022;"s115650";3
"7177";"Lone_Ranger_Natal_Den";2017;"t101148";3
"7178";"Lovenest_Den";2009;"t67139";3
"7179";"Lucky_Leopard_Den";2014;"t88019";3
"7180";"Lucky_Leopard_Den";2014;"t88294";3
"7181";"Lucky_Leopard_Den";2016;"t94443";3
"7182";"Lucky_Leopard_Den";2016;"t94508";3
"7183";"Lucky_Leopard_Den";2016;"t94592";3
"7184";"Lucky_Leopard_Den";2016;"t94618.1";3
"7185";"Lucky_Leopard_Den";2016;"t94739";3
"7186";"Lucky_Leopard_Den";2016;"t94851";3
"7187";"Lugga_Den";2017;"s21842";3
"7188";"Lugga_Den";2017;"s21904";3
"7189";"Lugga_Den";2017;"s21908";3
"7190";"Lugga_Den2";2017;"s21823";3
"7191";"Lugga_Den_II";2019;"s25135";3
"7192";"Lugga_Den_II";2019;"s25141";3
"7193";"Lugga_Den_II";2022;"S116363";3
"7194";"Lugga_Den_III";2022;"s115899";3
"7195";"Lugga_Den_III";2022;"s115903";3
"7196";"Lugga_Den_III";2022;"s115906";3
"7197";"Lugga_Den_lll";2017;"s21882";3
"7198";"Maggie_Den";2014;"t87579";3
"7199";"Maggie_Den";2014;"t87688";3
"7200";"Maggie_Den";2014;"t87720";3
"7201";"Maggie_Den";2014;"t87837";3
"7202";"Main_Den_One_Creek_Crossing";2011;"t73277";3
"7203";"Malmö_Den";2012;"s7982";3
"7204";"Malmö_Den";2012;"s8148";3
"7205";"Malmö_Den";2012;"s8208";3
"7206";"Malmö_Den";2012;"s8241";3
"7207";"Mashugana_Den";2013;"s12480.1";3
"7208";"Mashugana_Den_II";2013;"s12480";3
"7209";"Meatloaf_Den";2015;"s17789";3
"7210";"Meatloaf_Den";2015;"s17827";3
"7211";"Meatloaf_Den";2017;"s22986.1";3
"7212";"Meatloaf_Den";2017;"s22987.1";3
"7213";"Meatloaf_Den";2017;"s22992";3
"7214";"Merry_Christmas_Den";2013;"s9871";3
"7215";"Migration_Den";2023;"S117716";3
"7216";"Migration_Den";2023;"S117721";3
"7217";"Migration_Den_2";2023;"S117734";3
"7218";"Migration_Den_2";2023;"S117786";3
"7219";"Migration_Den_4";2023;"s117461";3
"7220";"Milkyway_Den";2014;"t87541";3
"7221";"Milkyway_Den";2015;"t92258";3
"7222";"Milkyway_Den";2015;"t92300";3
"7223";"Mindy's_Den";2013;"s10122";3
"7224";"Mindy's_Den";2013;"s10134";3
"7225";"Mindy's_Den";2013;"s10893";3
"7226";"Mountaineer_Den";2018;"t102862";3
"7227";"Mountaineer_Den";2018;"t104090";3
"7228";"Mountaineer_Den";2018;"t104355";3
"7229";"Mountaineer_Den";2018;"t104439";3
"7230";"Mountaineer_Den";2018;"t104476";3
"7231";"NUDI's_Den";2019;"t111322";3
"7232";"NUDI's_Den";2019;"t111366";3
"7233";"NUDI's_Den";2019;"t111386";3
"7234";"NUDI's_Den";2019;"t111495";3
"7235";"NUDI's_Den";2019;"t111567";3
"7236";"National_Cornchip_Day_Den";2013;"s10406";3
"7237";"National_Cornchip_Day_Den";2013;"s9911";3
"7238";"National_Cornchip_Day_Den";2013;"s9925";3
"7239";"Nchoko_Den";2021;"s115552";3
"7240";"Nchoko_Den";2021;"s115577";3
"7241";"Nchoko_Den";2021;"s115586";3
"7242";"Nchoko_Den_2";2021;"s115559";3
"7243";"Nchoko_Den_2";2021;"s115569";3
"7244";"Nchoko_Den_2";2021;"s115570";3
"7245";"New_Queen's_Throne_Natal_Den";2012;"s8337";3
"7246";"Nimekufa_Kindani_Den";2018;"t104674";3
"7247";"Nimekufa_Kindani_Den";2018;"t104746";3
"7248";"Nimekufa_Kindani_Den";2018;"t104755";3
"7249";"Nimekufa_Kindani_Den";2018;"t104757";3
"7250";"Nimekufa_Kindani_Den";2018;"t104800";3
"7251";"Nimekufa_Kindani_Den";2018;"t104805";3
"7252";"Nimekufa_Kindani_Den";2018;"t104840";3
"7253";"Nimekufa_Kindani_Den";2018;"t104853";3
"7254";"Nimekufa_Kindani_Den";2018;"t104866";3
"7255";"Nimekufa_Kindani_Den";2018;"t104873";3
"7256";"Nimekufa_Kindani_Den";2018;"t104920";3
"7257";"No_See_Em_Den";2005;"t51276";3
"7258";"No_See_Em_Den";2005;"t51413";3
"7259";"No_See_Em_Den";2005;"t51473";3
"7260";"No_See_Em_Den";2005;"t51548";3
"7261";"No_See_Em_Den";2005;"t51729";3
"7262";"No_See_Em_Den";2005;"t51826";3
"7263";"No_See_Em_Den";2005;"t52157";3
"7264";"No_See_Em_Den";2005;"t52378";3
"7265";"No_See_Em_Den";2005;"t52867";3
"7266";"No_See_Em_Den";2005;"t52995";3
"7267";"No_See_Em_Den";2005;"t53825";3
"7268";"No_See_Em_Den";2005;"t53927";3
"7269";"No_See_Em_Den";2005;"t54143";3
"7270";"No_See_Em_Den";2006;"t58776";3
"7271";"No_See_Em_Den";2008;"t62999";3
"7272";"No_See_Em_Den";2009;"t65478";3
"7273";"Nogales_Den";2009;"s804";3
"7274";"Nogales_Den";2009;"s811";3
"7275";"Nogales_Den";2009;"s815";3
"7276";"Nogales_Den";2009;"s819";3
"7277";"Nogales_Den";2009;"s821";3
"7278";"Nogales_Den";2015;"s16971";3
"7279";"Nogales_Den";2015;"s17748";3
"7280";"Nogales_Den";2015;"s17755";3
"7281";"Nogales_Den";2016;"s20862";3
"7282";"Nogales_Den";2019;"s110372";3
"7283";"Nomadic_Den";2015;"t92182";3
"7284";"Nomadic_Den";2015;"t92376";3
"7285";"Nomadic_Den";2015;"t92461";3
"7286";"Nyumba_Ndege_Den";2011;"s6267";3
"7287";"Nyumba_Ndege_Den";2011;"s6278.1";3
"7288";"Nyumba_Ndege_Den";2011;"s6332";3
"7289";"Oceanic_Den";2009;"s3858";3
"7290";"Oceanic_Den";2009;"s3880";3
"7291";"Oceanic_Den";2009;"s3890";3
"7292";"Oceanic_Den";2014;"s15054";3
"7293";"Oceanic_Den";2014;"s15138";3
"7294";"Oceanic_Den";2014;"s15182";3
"7295";"Oceanic_Den";2014;"s15229";3
"7296";"Oceanic_Den";2014;"s15232";3
"7297";"Oceanic_Den";2015;"s15350";3
"7298";"Ollivander's_Den";2016;"s20015";3
"7299";"Ollivander's_Den";2016;"s20105";3
"7300";"Ollivander's_Den";2016;"s20111";3
"7301";"Ollivander's_Den";2016;"s20120";3
"7302";"Ollivander's_Den";2016;"s20131";3
"7303";"Ollivander's_Den";2016;"s20133";3
"7304";"Ollivander's_Den";2016;"s20137";3
"7305";"Ollivander's_Den";2016;"s20146";3
"7306";"Ollivander's_Den";2016;"s20148";3
"7307";"Ollivander's_Den";2016;"s20154";3
"7308";"Ollivander's_Den";2016;"s20156";3
"7309";"Ollivander's_Den";2016;"s20160";3
"7310";"Ollivander's_Den";2016;"s20165";3
"7311";"Ollivander's_Den";2023;"s117265";3
"7312";"Ollivander's_Den_2";2019;"s24692";3
"7313";"Olosogon_West_Bank_Natal_Den";2002;"t34761";3
"7314";"Orchid_Den";2009;"s3737";3
"7315";"Orchid_Den";2010;"s3958";3
"7316";"Orchid_Den";2010;"s4009";3
"7317";"Orchid_Den";2010;"s4078";3
"7318";"Orchid_Den";2010;"s4081";3
"7319";"Orchid_Den";2010;"s4094";3
"7320";"Orchid_Den";2010;"s4140";3
"7321";"Orchid_Den";2010;"s4208";3
"7322";"Orchid_Den";2010;"s4290";3
"7323";"Orchid_Den";2010;"s4299";3
"7324";"Orchid_Den";2010;"s4307";3
"7325";"Over_the_River_Den";2005;"t53586";3
"7326";"Over_the_River_Den";2005;"t53587";3
"7327";"Over_the_River_Den";2005;"t53776";3
"7328";"Oxytocin_Den";2012;"s9163";3
"7329";"Oy_Vey_Den";2013;"s12466";3
"7330";"Paradise_Den";2003;"t40031";3
"7331";"Paradise_Den";2003;"t40066";3
"7332";"Paradise_Den";2004;"t48868";3
"7333";"Paradise_Den";2004;"t48871";3
"7334";"Paradise_Den";2004;"t48892";3
"7335";"Paradise_Den";2009;"t65825";3
"7336";"Paradise_Den";2009;"t66062";3
"7337";"Pearl_Den";2009;"s3804";3
"7338";"Pearl_Den";2023;"s132304";3
"7339";"Pearl_Den";2023;"s132307";3
"7340";"Plantation_Den";2002;"t32487";3
"7341";"Plantation_Den";2002;"t32532";3
"7342";"Plantation_Den";2002;"t34188";3
"7343";"Plantation_Den";2002;"t34261";3
"7344";"Plantation_Den";2002;"t34477";3
"7345";"Plantation_Den";2002;"t34511";3
"7346";"Plantation_Den";2002;"t34718";3
"7347";"Plantation_Den";2002;"t34837";3
"7348";"Plantation_Den";2002;"t34961";3
"7349";"Plantation_Den";2002;"t34968";3
"7350";"Plantation_Den";2002;"t35398";3
"7351";"Plantation_Den";2002;"t35429";3
"7352";"Plantation_Den";2002;"t35604";3
"7353";"Plantation_Den";2002;"t35812";3
"7354";"Plantation_Den";2003;"t37173";3
"7355";"Plantation_Den";2003;"t37183";3
"7356";"Plantation_Den";2003;"t38584";3
"7357";"Plantation_Den";2003;"t38639";3
"7358";"Plantation_Den";2003;"t39095";3
"7359";"Plantation_Den";2003;"t39642";3
"7360";"Plantation_Den";2003;"t39660";3
"7361";"Plantation_Den";2004;"t48034";3
"7362";"Plantation_Den";2004;"t48079";3
"7363";"Plantation_Den";2004;"t48348";3
"7364";"Plantation_Den";2004;"t48456";3
"7365";"Plantation_Den";2004;"t48626";3
"7366";"Plantation_Den";2004;"t49336";3
"7367";"Plantation_Den";2007;"t60036";3
"7368";"Plantation_Den";2013;"t82650";3
"7369";"Polar_Bear_Den";2010;"s4320";3
"7370";"Polar_Bear_Den";2010;"s4324";3
"7371";"Pole_not_Pole_Den";2014;"t87779";3
"7372";"Pole_not_Pole_Den";2014;"t87801";3
"7373";"Pole_not_Pole_Den";2014;"t87857";3
"7374";"Pole_not_Pole_Den";2014;"t87945";3
"7375";"Portcullis_Den";2015;"s16750";3
"7376";"Portcullis_Den";2016;"s20689";3
"7377";"Portcullis_Den";2017;"s21141";3
"7378";"Pothole_Den";2012;"t78598";3
"7379";"Precipice_Den";2017;"s22060";3
"7380";"Precipice_Den";2017;"s22089";3
"7381";"Precipice_Den";2017;"s22110";3
"7382";"Precipice_Den";2017;"s22123";3
"7383";"Precipice_Den";2017;"s22125";3
"7384";"Precipice_Den";2017;"s22147";3
"7385";"Precipice_Den";2017;"s22166";3
"7386";"Precipice_Den";2017;"s22184";3
"7387";"Precipice_Den";2017;"s22200";3
"7388";"Precipice_Den";2017;"s22211";3
"7389";"Precipice_Den";2017;"s22221";3
"7390";"Precipice_Den";2017;"s22225";3
"7391";"Precipice_Den";2017;"s22226";3
"7392";"Precipice_Den";2017;"s22531";3
"7393";"Precipice_Den";2017;"s22540";3
"7394";"Precipice_Den";2017;"s22542";3
"7395";"Precipice_Den";2017;"s22557";3
"7396";"Precipice_Den";2017;"s22581";3
"7397";"Precipice_Den";2017;"s22585";3
"7398";"Precipice_Den";2017;"s22596";3
"7399";"Precipice_Den";2017;"s22597";3
"7400";"Precipice_Den";2017;"s22601";3
"7401";"Precipice_Den";2017;"s22610";3
"7402";"Precipice_Den";2017;"s22625";3
"7403";"Precipice_Den";2017;"s22634";3
"7404";"Precipice_Den";2017;"s22637";3
"7405";"Precipice_Den";2017;"s22662";3
"7406";"Precipice_Den";2017;"s22664";3
"7407";"Precipice_Den";2017;"s22672";3
"7408";"Precipice_Den";2017;"s22682";3
"7409";"Precipice_Den";2017;"s22684";3
"7410";"Precipice_Den";2017;"s22690";3
"7411";"Precipice_Den";2017;"s22691";3
"7412";"Precipice_Den";2018;"s23370";3
"7413";"Precipice_Den_III";2018;"s23392";3
"7414";"Precipice_Den_ll";2017;"s22049";3
"7415";"Precipice_Den_ll";2017;"s22165";3
"7416";"Precipice_Den_ll";2018;"s23200";3
"7417";"Precipice_Den_ll";2018;"s23245";3
"7418";"Railroad_Den";2008;"s3382";3
"7419";"Railroad_Den";2008;"s3392";3
"7420";"Railroad_Den";2008;"s3402";3
"7421";"Railroad_Den";2008;"s3406";3
"7422";"Railroad_Den";2009;"s3425";3
"7423";"Rang_Natal_Den";2017;"s22185";3
"7424";"Ranger_Den";2004;"t43814";3
"7425";"Ranger_Den";2004;"t43828";3
"7426";"Ranger_Den";2004;"t43847";3
"7427";"Ranger_Den";2004;"t43890";3
"7428";"Ranger_Den";2004;"t43911";3
"7429";"Ranger_Den";2004;"t43939";3
"7430";"Ranger_Den";2008;"t61821";3
"7431";"Ravenclaw_Den";2010;"s3078";3
"7432";"Ravenclaw_Den";2010;"s3083";3
"7433";"Redemption_Den";2008;"s1351";3
"7434";"Redemption_Den";2008;"s1366";3
"7435";"Redemption_Den";2008;"s1372";3
"7436";"Redemption_Den";2008;"s1375";3
"7437";"Redemption_Den";2008;"s1381";3
"7438";"Redemption_Den";2008;"s1383";3
"7439";"Redemption_Den";2008;"s1384";3
"7440";"Redemption_Den";2008;"s1427";3
"7441";"Redemption_Den";2008;"s1430";3
"7442";"Redemption_Den";2010;"s2769";3
"7443";"Redemption_Den";2010;"s2786";3
"7444";"Redemption_Den";2010;"s2788";3
"7445";"Redemption_Den";2010;"s2790";3
"7446";"Reese's_Den";2011;"s4927";3
"7447";"Reese's_Den";2011;"s4965";3
"7448";"Reese's_Den";2011;"s5004";3
"7449";"Resurrection_Communal_Den";2011;"t72904";3
"7450";"Resurrection_Communal_Den";2011;"t73075";3
"7451";"Resurrection_Communal_Den";2011;"t73314";3
"7452";"Resurrection_Communal_Den";2011;"t73519";3
"7453";"Resurrection_Communal_Den";2011;"t73600";3
"7454";"Resurrection_Communal_Den";2012;"t76722";3
"7455";"Resurrection_Communal_Den";2012;"t76740";3
"7456";"Resurrection_Communal_Den";2012;"t76821";3
"7457";"Resurrection_Communal_Den";2012;"t76878";3
"7458";"Resurrection_Communal_Den";2012;"t76933";3
"7459";"Resurrection_Communal_Den";2013;"t83299";3
"7460";"Resurrection_Main_Den";2016;"t93399";3
"7461";"Resurrection_Main_Den";2016;"t93823";3
"7462";"Resurrection_Main_Den";2016;"t93936";3
"7463";"Resurrection_Main_Den";2016;"t94104";3
"7464";"Resurrection_Main_Den";2016;"t94467";3
"7465";"Resurrection_Main_Den";2016;"t94519";3
"7466";"Resurrection_Main_Den";2016;"t94662";3
"7467";"Resurrection_Main_Den";2016;"t96779";3
"7468";"Resurrection_Main_Den";2017;"t98630";3
"7469";"Resurrection_Main_Den";2017;"t98668";3
"7470";"Resurrection_Main_Den";2018;"t101916.10";3
"7471";"Riga_Den";2011;"s7163";3
"7472";"Riverbend_Den";2011;"t72687";3
"7473";"Riverbend_Den";2011;"t72842";3
"7474";"Riverbend_Den";2012;"t75269";3
"7475";"Riverbend_Den";2012;"t75331";3
"7476";"Riverbend_Den";2012;"t75365";3
"7477";"Riverbend_Den";2012;"t75551";3
"7478";"Riverbend_Den";2012;"t75657";3
"7479";"Riverbend_Den";2012;"t75978";3
"7480";"Riverbend_Den";2012;"t76005";3
"7481";"Riverbend_Den";2012;"t76010";3
"7482";"Riverbend_Den";2012;"t76241";3
"7483";"Riverbend_Den";2012;"t76437";3
"7484";"Riverbend_Den";2012;"t76584";3
"7485";"Riverbend_Den";2012;"t76865";3
"7486";"Riverbend_Den";2012;"t77323";3
"7487";"Riverbend_Den";2012;"t77432";3
"7488";"Riverbend_Den";2012;"t77446";3
"7489";"Riverbend_Den";2012;"t77533";3
"7490";"Riverbend_Den";2012;"t77660";3
"7491";"Riverbend_Den";2012;"t77994";3
"7492";"Riverbend_Den";2012;"t77995";3
"7493";"Riverbend_Den";2012;"t78011";3
"7494";"Riverbend_Den";2013;"t80307.1";3
"7495";"Riverbend_Den";2013;"t80671";3
"7496";"Riverbend_Den";2013;"t80840";3
"7497";"Riverbend_Den";2013;"t80984";3
"7498";"Riverbend_Den";2013;"t81140";3
"7499";"Riverbend_Den";2013;"t81251";3
"7500";"Riverbend_Den";2013;"t81288";3
"7501";"Riverbend_Den";2013;"t81457";3
"7502";"Riverbend_Den";2013;"t81478";3
"7503";"Riverbend_Den";2013;"t81482";3
"7504";"Riverbend_Den";2013;"t81644";3
"7505";"Riverbend_Den";2013;"t81854";3
"7506";"Riverbend_Den";2013;"t81874";3
"7507";"Riverbend_Den";2014;"t85851";3
"7508";"Riverbend_Den";2014;"t86040";3
"7509";"Riverbend_Den";2014;"t86199";3
"7510";"Riverbend_Den";2014;"t86257";3
"7511";"Riverbend_Den";2014;"t86297";3
"7512";"Riverbend_Den";2015;"t90206";3
"7513";"Riverbend_Den";2015;"t90724";3
"7514";"Riverbend_Den";2015;"t91446";3
"7515";"Riverbend_Den";2015;"t91688";3
"7516";"Riverbend_Den";2015;"t91697";3
"7517";"Riverbend_Den";2015;"t91723";3
"7518";"Riverbend_Den";2015;"t91743";3
"7519";"Riverbend_Den";2015;"t91753";3
"7520";"Riverbend_Den";2015;"t91795";3
"7521";"Riverbend_Den";2015;"t91825";3
"7522";"Riverbend_Den";2015;"t93236";3
"7523";"Riverbend_Den";2015;"t93247";3
"7524";"Riverbend_Den";2015;"t94636";3
"7525";"Riverbend_Den";2016;"t93441";3
"7526";"Riverbend_Den";2016;"t97268";3
"7527";"Riverbend_Den";2016;"t97286";3
"7528";"Riverbend_Den";2016;"t97315";3
"7529";"Riverbend_Den";2016;"t97727";3
"7530";"Riverbend_Den";2016;"t97818";3
"7531";"Riverbend_Den";2017;"t98177";3
"7532";"Riverbend_Den";2017;"t98244";3
"7533";"Roadside_Den";2006;"t59768";3
"7534";"Rocky_Point_Den";2010;"s1041";3
"7535";"Roosevelt's_Natal_Den_2014";2014;"t87513";3
"7536";"Roosevelt's_Natal_Den_2014";2015;"t91659";3
"7537";"Roosevelt's_Natal_Den_2014";2015;"t91938";3
"7538";"Roosevelt's_Natal_Den_2014";2015;"t91950";3
"7539";"Roosevelt's_Natal_Den_2014";2015;"t92491";3
"7540";"Roosevelt's_Natal_Den_2014";2015;"t92512";3
"7541";"Roosevelt's_Natal_Den_2014";2015;"t92514";3
"7542";"Roosevelt's_Natal_Den_2014";2015;"t92654";3
"7543";"Roosevelt's_Natal_Den_2014";2015;"t92680";3
"7544";"Roosevelt's_Natal_Den_2014";2015;"t92723";3
"7545";"Rousseau_Den";2014;"s14553";3
"7546";"Rousseau_Den";2014;"s14629";3
"7547";"Runway_Den";2008;"s1407";3
"7548";"Runway_Den";2009;"s1927";3
"7549";"Runway_Den";2009;"s1944";3
"7550";"Runway_Den";2009;"s1991";3
"7551";"Runway_Den";2009;"s2017";3
"7552";"Runway_Den";2009;"s2021";3
"7553";"Runway_Den";2009;"s2136";3
"7554";"Runway_Den";2009;"s2161";3
"7555";"Runway_Den";2009;"s2169";3
"7556";"Runway_Den";2019;"s110009";3
"7557";"Runway_Den";2019;"s110086";3
"7558";"Runway_Den";2019;"s110099";3
"7559";"Runway_Den";2019;"s110140";3
"7560";"Runway_Den";2021;"s114466";3
"7561";"Runway_Den";2021;"s114467";3
"7562";"Runway_Den";2021;"s114888";3
"7563";"Runway_Den_3";2020;"s114484.1";3
"7564";"Runway_Den_3";2020;"s114519.1";3
"7565";"Runway_Den_3";2020;"s114532.1";3
"7566";"Runway_Den_II";2008;"s1411";3
"7567";"Saito's_Den";2022;"S116131";3
"7568";"Saito's_Den_2";2022;"S115956";3
"7569";"Saito's_Den_2";2022;"S116029";3
"7570";"Saito's_Den_2";2022;"S116072";3
"7571";"Saito's_Den_2";2022;"S116077";3
"7572";"Sawyer_Den";2010;"s4395";3
"7573";"Sawyer_Den";2010;"s4483";3
"7574";"Schiphol_Den";2011;"s6076";3
"7575";"Schiphol_Den";2011;"s6080";3
"7576";"Schiphol_Den";2011;"s6279";3
"7577";"Schiphol_Den";2013;"s10027";3
"7578";"Schiphol_Den";2013;"s10034";3
"7579";"Schiphol_Den";2013;"s10040";3
"7580";"Schiphol_Den";2013;"s10064";3
"7581";"Schiphol_Den";2013;"s10381";3
"7582";"Schiphol_Den";2013;"s10581";3
"7583";"Schiphol_Den";2013;"s10621";3
"7584";"Schiphol_Den";2013;"s11358";3
"7585";"Schiphol_Den";2013;"s11359";3
"7586";"Schiphol_Den";2013;"s11365";3
"7587";"Schiphol_Den";2013;"s11377";3
"7588";"Schiphol_Den";2013;"s11378";3
"7589";"Schiphol_Den";2013;"s11395";3
"7590";"Schiphol_Den";2013;"s11403";3
"7591";"Schiphol_Den";2014;"s13200";3
"7592";"Schiphol_Den";2014;"s13215";3
"7593";"Schiphol_Den";2014;"s13224";3
"7594";"Schiphol_Den";2014;"s13229";3
"7595";"Schiphol_Den";2014;"s13242";3
"7596";"Schiphol_Den";2014;"s13243";3
"7597";"Schiphol_Den";2014;"s13251";3
"7598";"Schiphol_Den";2014;"s13316";3
"7599";"Schiphol_Den";2014;"s13348";3
"7600";"Schiphol_Den";2014;"s13350";3
"7601";"Schiphol_Den";2014;"s13368";3
"7602";"Schiphol_Den";2014;"s13386";3
"7603";"Schiphol_Den";2014;"s13389";3
"7604";"Schiphol_Den";2014;"s13401";3
"7605";"Schiphol_Den";2014;"s13409";3
"7606";"Schiphol_Den";2014;"s13434";3
"7607";"Schiphol_Den";2014;"s13438";3
"7608";"Schiphol_Den";2014;"s13468";3
"7609";"Schiphol_Den";2014;"s13533";3
"7610";"Schiphol_Den";2014;"s13556";3
"7611";"Schiphol_Den";2014;"s13657";3
"7612";"Schiphol_Den";2014;"s13667";3
"7613";"Schiphol_Den";2014;"s13670";3
"7614";"Schiphol_Den";2014;"s13726";3
"7615";"Schiphol_Den";2014;"s13761";3
"7616";"Schiphol_Den";2014;"s13771";3
"7617";"Schmuck_Den";2013;"s12445";3
"7618";"Schmuck_Den";2013;"s12450";3
"7619";"Schmuzty_Den";2013;"s12422";3
"7620";"Scrapple_Den";2011;"s6279.1";3
"7621";"Silk_Natal_Den";2018;"s24128";3
"7622";"Silk_Natal_Den";2018;"s24146";3
"7623";"Singizi_Den";2014;"t88035";3
"7624";"Snowbird_Den";2009;"s3892";3
"7625";"Snowbird_Den";2009;"s3897";3
"7626";"Snowbird_Den";2010;"s4393";3
"7627";"Soda_Fountain_Den";2009;"s2299";3
"7628";"Some_Freaky_Lions_Den";2018;"s23873";3
"7629";"Some_Freaky_Lions_Den";2018;"s23898";3
"7630";"Some_Freaky_Lions_Den_3";2023;"S117671";3
"7631";"Some_Freaky_Lions_Den_3";2023;"s117849";3
"7632";"Some_Freaky_Lions_Den_3";2023;"s117856";3
"7633";"Some_Freaky_Lions_Den_3";2023;"s117883";3
"7634";"South_Den";2008;"s3359";3
"7635";"Special_Den";2019;"t105543";3
"7636";"Stockholm_Den";2011;"s5989.1";3
"7637";"Strasbourg_Den";2011;"s7322";3
"7638";"Sugar_Daddy_Den";2015;"t92255";3
"7639";"Summit_Den";2014;"s15150";3
"7640";"Summit_Den";2014;"s15180";3
"7641";"Summit_Den";2014;"s15260";3
"7642";"Sun_Den";2007;"t60830";3
"7643";"Sun_Den";2007;"t60834";3
"7644";"Sun_Den";2007;"t60843";3
"7645";"Sunrise_Valley_Communal_Den/Natal_Den";2002;"t35831";3
"7646";"Sunrise_Valley_Communal_Den/Natal_Den";2002;"t35875";3
"7647";"Sunrise_Valley_Communal_Den/Natal_Den";2002;"t35972";3
"7648";"Sunrise_Valley_Communal_Den/Natal_Den";2002;"t36056";3
"7649";"Sunrise_Valley_Communal_Den/Natal_Den";2002;"t36109";3
"7650";"Sunrise_Valley_Communal_Den/Natal_Den";2002;"t36125";3
"7651";"Sunrise_Valley_Communal_Den/Natal_Den";2002;"t36134";3
"7652";"Sunrise_Valley_Communal_Den/Natal_Den";2002;"t36149";3
"7653";"Sunrise_Valley_Communal_Den/Natal_Den";2002;"t36215";3
"7654";"Sunrise_Valley_Communal_Den/Natal_Den";2002;"t36216";3
"7655";"Sunrise_Valley_Communal_Den/Natal_Den";2002;"t36243";3
"7656";"Sunrise_Valley_Communal_Den/Natal_Den";2002;"t36260";3
"7657";"Sunrise_Valley_Communal_Den/Natal_Den";2003;"t39160";3
"7658";"Sunrise_Valley_Communal_Den/Natal_Den";2003;"t39179";3
"7659";"Sunrise_Valley_Communal_Den/Natal_Den";2003;"t39197";3
"7660";"Sunrise_Valley_Communal_Den/Natal_Den";2004;"t48660";3
"7661";"Sunrise_Valley_Communal_Den/Natal_Den";2004;"t48723";3
"7662";"Sunrise_Valley_Communal_Den/Natal_Den";2005;"t53479";3
"7663";"Sunrise_Valley_Communal_Den/Natal_Den";2006;"t58660";3
"7664";"Sunrise_Valley_Communal_Den/Natal_Den";2006;"t58793";3
"7665";"Sunrise_Valley_Communal_Den/Natal_Den";2006;"t58805";3
"7666";"Sunrise_Valley_Communal_Den/Natal_Den";2006;"t58956";3
"7667";"Sunrise_Valley_Communal_Den/Natal_Den";2006;"t59357";3
"7668";"Superstar_Den";2021;"s115533";3
"7669";"Superstar_Den";2021;"s115537";3
"7670";"Superstar_Den_2";2021;"s115204";3
"7671";"Superstar_Den_2";2021;"s115211";3
"7672";"Superstar_Den_2";2021;"s115225";3
"7673";"Superstar_Den_2";2021;"s115468";3
"7674";"Superstar_Den_3";2021;"s115488";3
"7675";"Superstar_Den_3";2021;"s115516";3
"7676";"Superstar_Den_3";2021;"s115522";3
"7677";"Suzi_Den";2011;"s4936.1";3
"7678";"Suzi_Den";2011;"s4948";3
"7679";"Suzi_Den";2011;"s4977";3
"7680";"Suzi_Den";2011;"s4979";3
"7681";"Suzi_Den";2011;"s5192";3
"7682";"Suzi_Den_3";2017;"s22014";3
"7683";"Suzi_Den_III";2020;"s110763";3
"7684";"Suzi_Den_III";2020;"s110774";3
"7685";"Suzi_Den_III";2020;"s110898";3
"7686";"Sweetgrass_Den";2011;"s7289";3
"7687";"Sweetgrass_Den";2011;"s7325";3
"7688";"Swimming_Pool_Den";2023;"S117772";3
"7689";"Swimming_Pool_Den";2023;"S117775";3
"7690";"Swimming_Pool_Den";2023;"S117790";3
"7691";"Swimming_Pool_Den";2023;"s118246";3
"7692";"Swimming_Pool_Den";2023;"s118257";3
"7693";"Swimming_Pool_Den";2023;"s118258";3
"7694";"Swimming_Pool_Den";2023;"s118261";3
"7695";"Swimming_Pool_Den";2023;"s118264";3
"7696";"Swimming_Pool_Den";2023;"s118267";3
"7697";"Swimming_Pool_Den";2023;"s118283";3
"7698";"Swimming_Pool_Den";2023;"s118286";3
"7699";"Swimming_Pool_Den";2023;"s118342";3
"7700";"Tangawizi_Den";2015;"t91071";3
"7701";"Tangawizi_Den";2015;"t91130";3
"7702";"Tangawizi_Den";2015;"t91369";3
"7703";"Tangawizi_Den";2015;"t91375";3
"7704";"Tangawizi_Den";2015;"t91525";3
"7705";"Tangawizi_Den";2015;"t91711";3
"7706";"Temple_of_Artemis_Den";2014;"s15050";3
"7707";"Temple_of_Artemis_Den";2014;"s15053";3
"7708";"Temple_of_Artemis_Den";2014;"s15078";3
"7709";"The_Hatch_Den";2009;"s3699";3
"7710";"The_Hatch_Den";2009;"s3704";3
"7711";"The_Hatch_Den";2009;"s3705";3
"7712";"The_Hatch_Den";2011;"s5278";3
"7713";"The_Hatch_Den";2011;"s5280";3
"7714";"The_Hatch_Den";2012;"s8635";3
"7715";"The_Hatch_Den";2012;"s8770";3
"7716";"The_Hatch_Den";2012;"s8781";3
"7717";"The_Hatch_Den";2012;"s8782";3
"7718";"The_Hatch_Den";2012;"s8783";3
"7719";"The_Hatch_Den";2012;"s9351.1";3
"7720";"The_Hatch_Den";2012;"s9356";3
"7721";"The_Hatch_Den";2012;"s9363";3
"7722";"The_Hatch_Den";2012;"s9372";3
"7723";"The_Hatch_Den";2012;"s9389";3
"7724";"The_Hatch_Den";2012;"s9404";3
"7725";"The_Hatch_Den";2012;"s9406";3
"7726";"The_Hatch_Den";2012;"s9415";3
"7727";"The_Hatch_Den";2012;"s9417";3
"7728";"The_Hatch_Den";2012;"s9422";3
"7729";"The_Hatch_Den";2013;"s11439";3
"7730";"The_Staff_Den";2013;"s11504";3
"7731";"Tigris_Den";2014;"s12744";3
"7732";"Tigris_Den";2014;"s12799";3
"7733";"Tigris_Den";2014;"s12814";3
"7734";"Tijuana_Den";2009;"s757";3
"7735";"Tijuana_Den";2009;"s758";3
"7736";"Tijuana_Den";2009;"s771";3
"7737";"Tijuana_Den";2009;"s785";3
"7738";"Tijuana_Den";2009;"s792";3
"7739";"Tijuana_Den";2009;"s829";3
"7740";"Tijuana_Den";2009;"s854";3
"7741";"Tijuana_Den";2010;"s1146";3
"7742";"Tijuana_Den";2020;"s111125";3
"7743";"Twix_Den";2011;"s5053";3
"7744";"Twix_Den";2016;"s18149";3
"7745";"Twix_Den";2016;"s18156";3
"7746";"Twix_Den";2016;"s18159";3
"7747";"Twix_Den";2016;"s18174";3
"7748";"Twix_Den";2016;"s18177";3
"7749";"Twix_Den";2016;"s18213";3
"7750";"Twix_Den";2016;"s18236";3
"7751";"Twix_Den";2016;"s18248";3
"7752";"Twix_Den";2016;"s18284";3
"7753";"Twix_Den";2016;"s18290";3
"7754";"Twix_Den";2016;"s18299";3
"7755";"Twix_Den";2016;"s18313";3
"7756";"Twix_Den";2016;"s18338";3
"7757";"Twix_Den";2016;"s18358";3
"7758";"Twix_Den_2";2020;"s110748";3
"7759";"Twix_Den_2";2020;"s110753";3
"7760";"Twix_Den_2";2020;"s110799";3
"7761";"Twix_Den_2";2020;"s110822";3
"7762";"Ugli_Den";2015;"s16802";3
"7763";"Ugli_Den";2015;"s16808";3
"7764";"Ugli_Den";2015;"s16811";3
"7765";"Ugli_Den";2017;"s21546";3
"7766";"Ugli_Den";2017;"s21602.1";3
"7767";"Ugli_Den";2017;"s21621";3
"7768";"Uji_Den";2014;"s13810";3
"7769";"Vaasa_Den";2012;"s7301";3
"7770";"Vandalism_Den";2010;"s1218";3
"7771";"Villa_Den";2019;"t107151";3
"7772";"Villa_Den_2";2019;"t108059";3
"7773";"Villa_Den_2";2019;"t108061";3
"7774";"Wanderlust_Den";2008;"s1431";3
"7775";"Wanderlust_Den";2008;"s1443";3
"7776";"Wanderlust_Den";2008;"s1444";3
"7777";"Wapi_Dave_Den";2018;"s24107";3
"7778";"Wapi_Dave_Den";2018;"s24112";3
"7779";"Wapi_Dave_Den";2019;"s109279";3
"7780";"Wapi_Dave_Den";2019;"s109284";3
"7781";"Wapi_Dave_Den";2019;"s109297";3
"7782";"Wapi_Dave_Den";2019;"s109301";3
"7783";"Wapi_Dave_Den";2019;"s109306";3
"7784";"Wapi_Dave_Den";2019;"s109312";3
"7785";"Wapi_Dave_Den";2019;"s109313";3
"7786";"Wapi_Dave_Den";2019;"s109320";3
"7787";"Wapi_Dave_Den";2019;"s109328";3
"7788";"Wapi_Dave_Den";2019;"s109333";3
"7789";"Wapi_Dave_Den";2019;"s109340";3
"7790";"Wapi_Dave_Den";2019;"s109343";3
"7791";"Wapi_Dave_Den";2019;"s109348";3
"7792";"Wapi_Dave_Den";2019;"s109354";3
"7793";"Wapi_Dave_Den";2019;"s109359";3
"7794";"Wapi_Dave_Den";2019;"s109365";3
"7795";"Wapi_Dave_Den";2019;"s109368";3
"7796";"Wapi_Dave_Den";2019;"s109373";3
"7797";"Wapi_Dave_Den";2019;"s109389";3
"7798";"Wapi_Dave_Den";2019;"s109806";3
"7799";"Wapi_Dave_Den";2019;"s109813";3
"7800";"Wapi_Dave_Den";2019;"s25051";3
"7801";"Wapi_Dave_Den";2019;"s25088";3
"7802";"Wapi_Dave_Den";2019;"s25103";3
"7803";"Wapi_Dave_Den";2019;"s25120";3
"7804";"Wapi_Dave_Den";2019;"s25127.2";3
"7805";"Wapi_Dave_Den";2019;"s25132";3
"7806";"Wayland_Den";2008;"t64125";3
"7807";"Wayland_Den";2008;"t64153";3
"7808";"Whooping_Cami_Den";2014;"s13088";3
"7809";"Whooping_Cami_Den";2014;"s13093";3
"7810";"Whooping_Cami_Den";2015;"s16137";3
"7811";"Whooping_Cami_Den";2015;"s16240";3
"7812";"Whooping_Cami_Den";2015;"s16248";3
"7813";"Whooping_Cami_Den";2015;"s16346.1";3
"7814";"Windsor_Den";2011;"s7655";3
"7815";"Windsor_Den";2012;"s9465";3
"7816";"Windsor_Den";2012;"s9498";3
"7817";"Windsor_Den";2012;"s9568";3
"7818";"Windsor_Den";2012;"s9598";3
"7819";"Windsor_Den";2012;"s9605";3
"7820";"Windsor_Den";2012;"s9629";3
"7821";"Windsor_Den";2012;"s9630";3
"7822";"Windsor_Den";2012;"s9634.1";3
"7823";"Windsor_Den";2012;"s9637";3
"7824";"Windsor_Den";2015;"s17787";3
"7825";"Windsor_Den";2015;"s17805";3
"7826";"Windsor_Den";2015;"s17811";3
"7827";"Windsor_Den";2015;"s17812";3
"7828";"Windsor_Den";2015;"s17833";3
"7829";"Windsor_Den";2015;"s17856";3
"7830";"Windsor_Den";2016;"s20898";3
"7831";"Windsor_Den";2017;"s21238";3
"7832";"Yoplait_Den";2014;"t87068";3
"7833";"Yoplait_Den";2014;"t87104";3
"7834";"Zeus_Den";2014;"s14929";3
"7835";"Zeus_Den";2014;"s14945";3
"7836";"Zeus_Den";2014;"s14954";3
"7837";"Zeus_Den";2014;"s14966";3
"7838";"Zeus_Den";2014;"s14979";3
"7839";"Zeus_Den";2014;"s14982";3
"7840";"Zeus_Den";2014;"s14983";3
"7841";"Zeus_Den";2014;"s14991";3
"7842";"Aardwolf_Communal_Den";2003;"t40386";2
"7843";"Aardwolf_Communal_Den";2003;"t40390";2
"7844";"Aardwolf_Communal_Den";2003;"t40394";2
"7845";"Aardwolf_Communal_Den";2003;"t40416";2
"7846";"Aardwolf_Communal_Den";2004;"t43516";2
"7847";"Aardwolf_Communal_Den";2004;"t43585";2
"7848";"Aardwolf_Communal_Den";2004;"t43620";2
"7849";"Aardwolf_Communal_Den";2004;"t43714";2
"7850";"Aardwolf_Communal_Den";2004;"t43804";2
"7851";"Aardwolf_Communal_Den";2004;"t43807";2
"7852";"Aardwolf_Communal_Den";2011;"t73943";2
"7853";"Aardwolf_Communal_Den";2011;"t73948";2
"7854";"Aardwolf_Communal_Den";2011;"t74037";2
"7855";"Aardwolf_Communal_Den";2011;"t74039";2
"7856";"Aardwolf_Communal_Den";2011;"t74044";2
"7857";"Acacia_Den";2020;"t111991";2
"7858";"Airstrip_Den";2009;"s2174";2
"7859";"Airstrip_Den";2009;"s2216";2
"7860";"Airstrip_Den";2009;"s2217";2
"7861";"Ajira_Den";2011;"s4796";2
"7862";"Ajira_Den";2011;"s4798";2
"7863";"Ajira_Den";2011;"s4872";2
"7864";"Alamo_Den";2011;"s7392";2
"7865";"Alamo_Den";2011;"s7426";2
"7866";"Alamo_Den";2011;"s7503";2
"7867";"Alamo_Natal_Den";2009;"t65723";2
"7868";"Alamo_Natal_Den";2009;"t65739";2
"7869";"Alamo_Natal_Den";2009;"t65746";2
"7870";"Alamo_Natal_Den";2009;"t65750";2
"7871";"Alamo_Natal_Den";2009;"t65753";2
"7872";"Alamo_Natal_Den";2009;"t65787";2
"7873";"Alamo_Natal_Den";2011;"t72417";2
"7874";"Alamo_Natal_Den";2011;"t72432";2
"7875";"Alamo_Natal_Den";2011;"t72558";2
"7876";"Alamo_Natal_Den";2011;"t73375";2
"7877";"Albatross_Den";2015;"s17110";2
"7878";"Albatross_Den";2015;"s17152";2
"7879";"Albatross_Den";2015;"s17177";2
"7880";"All_Hallows'_Eve_Den";2019;"s108995";2
"7881";"All_Hallows'_Eve_Den";2019;"s108996";2
"7882";"All_Hallows'_Eve_Den";2019;"s24850";2
"7883";"Amazon_Den";2009;"s376";2
"7884";"Amazon_Den";2009;"s396";2
"7885";"Amazon_Den";2013;"s12211";2
"7886";"Amazon_Den";2013;"s12667";2
"7887";"Amazon_Den";2013;"s12668";2
"7888";"Angry_Ele_Den";2017;"s21837";2
"7889";"Angry_Ele_Den_2";2017;"s21794";2
"7890";"Angry_Ele_Den_2";2017;"s21796";2
"7891";"Angry_Ele_Den_2";2017;"s21800";2
"7892";"Angry_Ele_Den_2";2017;"s21821";2
"7893";"Angry_Ele_Den_2";2017;"s21925";2
"7894";"Aqua's_Natal_Den_2014";2014;"t87222";2
"7895";"Aqua's_Natal_Den_2014";2014;"t87672";2
"7896";"Aqua's_Natal_Den_2014";2014;"t87702";2
"7897";"Aqua's_Natal_Den_2014";2014;"t87719";2
"7898";"Argon's_Natal_Den_2014";2014;"t87449";2
"7899";"Argon's_Natal_Den_2014";2014;"t87574";2
"7900";"Argon's_Natal_Den_2014";2014;"t87618";2
"7901";"Argon's_Natal_Den_2014";2014;"t87647";2
"7902";"Argon's_Natal_Den_2014";2014;"t88957";2
"7903";"Argon's_Natal_Den_2014";2014;"t89035";2
"7904";"Armani_Den";2019;"s109958";2
"7905";"Armani_Den";2019;"s109971";2
"7906";"Arson_Den";2010;"s1190";2
"7907";"Arson_Den";2010;"s1192";2
"7908";"Arson_Den";2010;"s1202";2
"7909";"Bakery_Den";2008;"s1458";2
"7910";"Banana_Tree_Communal_Den";2007;"t60367";2
"7911";"Base_Natal_Den/Communal_Den";2003;"t37451";2
"7912";"Base_Natal_Den/Communal_Den";2003;"t37494";2
"7913";"Base_Natal_Den/Communal_Den";2003;"t37517";2
"7914";"Base_Natal_Den/Communal_Den";2003;"t37548";2
"7915";"Base_Natal_Den/Communal_Den";2003;"t37558";2
"7916";"Base_Natal_Den/Communal_Den";2003;"t37582";2
"7917";"Base_Natal_Den/Communal_Den";2003;"t37682";2
"7918";"Bastion_Den";2016;"s20262.1";2
"7919";"Bastion_Den";2016;"s20276";2
"7920";"Bastion_Den";2016;"s20287";2
"7921";"Bastion_Den";2016;"s20308";2
"7922";"Beanie_Baby_Den";2023;"s117920";2
"7923";"Beanie_Baby_Den";2023;"s117935";2
"7924";"Beanie_Baby_Den";2023;"s117939";2
"7925";"Beanie_Baby_Den";2023;"s118021";2
"7926";"Benedict_Den";2011;"s6688";2
"7927";"Benedict_Den";2011;"s6714";2
"7928";"Benedict_Den";2011;"s6781";2
"7929";"Benedict_Den";2011;"s6795";2
"7930";"Benedict_Den";2011;"s6820";2
"7931";"Benedict_Den";2011;"s6852";2
"7932";"Big_Bush_Communal_Den";2017;"t100118";2
"7933";"Big_Bush_Communal_Den";2017;"t99665";2
"7934";"Big_Bush_Communal_Den";2019;"s110272";2
"7935";"Big_Bush_Communal_Den";2020;"t111944";2
"7936";"Big_Bush_Communal_Den";2020;"t111957";2
"7937";"Big_Bush_Communal_Den";2022;"t132452";2
"7938";"Big_Bush_Communal_Den";2023;"s116798";2
"7939";"Big_Bush_Den";2011;"t74929";2
"7940";"Big_Bush_Den";2011;"t75093";2
"7941";"Big_Bush_Den";2011;"t75163";2
"7942";"Big_Bush_Den";2012;"t75205";2
"7943";"Big_Bush_Den";2012;"t75270";2
"7944";"Big_Bush_Den";2012;"t75274";2
"7945";"Big_Bush_Den";2012;"t77325";2
"7946";"Big_Bush_Den";2012;"t77502";2
"7947";"Big_Bush_Den";2017;"t100155";2
"7948";"Big_Sky_Den";2009;"s3856";2
"7949";"Big_Sky_Den";2014;"s15105";2
"7950";"Big_Sky_Den";2019;"s110253";2
"7951";"Big_Sky_Den";2019;"s110274";2
"7952";"Big_Sky_Den";2023;"s116840";2
"7953";"Big_Sky_Den";2023;"s116894";2
"7954";"Big_Sky_Den";2023;"s116921";2
"7955";"Big_Sky_Den";2023;"s116924";2
"7956";"Big_Sky_Den";2023;"s116931";2
"7957";"Big_Sky_Den";2023;"s116950";2
"7958";"Big_Sky_Den_2";2023;"s116538";2
"7959";"Big_Sky_Den_2";2023;"s116575";2
"7960";"Big_Sky_Den_2";2023;"s116595";2
"7961";"Big_Sky_Den_2";2023;"s116718";2
"7962";"Big_Sky_Den_2";2023;"s116726";2
"7963";"Big_Sky_Den_2";2023;"s116763";2
"7964";"Big_Sky_Den_2";2023;"s116786";2
"7965";"Big_Sky_Den_2";2023;"s116811";2
"7966";"Bird_Bath_Den";2023;"s116940";2
"7967";"Bird_Bath_Den";2023;"s117034";2
"7968";"Bird_Bath_Den";2023;"s117035";2
"7969";"Boone_Den";2010;"s4425";2
"7970";"Boone_Den";2013;"s12039";2
"7971";"Boone_Den";2013;"s12065";2
"7972";"Boulevard_Den";2008;"t63173";2
"7973";"Boulevard_Den";2008;"t63180";2
"7974";"Boulevard_Den";2008;"t63196";2
"7975";"Boulevard_Den";2008;"t63197";2
"7976";"Boulevard_Den";2008;"t63246";2
"7977";"Boulevard_Den";2008;"t63254";2
"7978";"Boulevard_Den";2008;"t63299";2
"7979";"Boulevard_Den";2008;"t63318";2
"7980";"Boulevard_Den";2008;"t63321";2
"7981";"Boulevard_Den";2008;"t63328";2
"7982";"Boulevard_Den";2008;"t63351";2
"7983";"Boulevard_Den";2008;"t63354";2
"7984";"Boulevard_Den";2008;"t63368";2
"7985";"Boulevard_Den";2008;"t63369";2
"7986";"Boulevard_Den";2008;"t63385";2
"7987";"Boulevard_Den";2008;"t63409";2
"7988";"Boulevard_Den";2008;"t63882";2
"7989";"Boulevard_Den";2008;"t63945";2
"7990";"Boulevard_Den";2008;"t64029";2
"7991";"Budapest_Den";2012;"s8323";2
"7992";"Budapest_Den";2012;"s8325";2
"7993";"Budapest_Den";2012;"s8325.2";2
"7994";"Budget_Den";2023;"s118170";2
"7995";"Budget_Den_2";2023;"s118135";2
"7996";"Budget_Den_2";2023;"s118136";2
"7997";"Budget_Den_2";2023;"s118171";2
"7998";"Buffalo_Den";2022;"s115921";2
"7999";"Buffalo_Den";2022;"s115941";2
"8000";"Buffalo_Den";2022;"s115950";2
"8001";"Buffalo_Den";2022;"s115952";2
"8002";"Burning_Den";2021;"s115064";2
"8003";"CERN_Den";2008;"s284";2
"8004";"CERN_Den";2008;"s298";2
"8005";"CERN_Den";2008;"s308";2
"8006";"CERN_Den";2009;"s316";2
"8007";"CERN_Den";2009;"s333";2
"8008";"CERN_Den";2009;"s342";2
"8009";"CERN_Den";2009;"s345";2
"8010";"CERN_Den";2009;"s3456";2
"8011";"CERN_Den";2009;"s346";2
"8012";"CERN_Den";2009;"s348";2
"8013";"CERN_Den";2009;"s350";2
"8014";"Cacophony_Den";2016;"s20378.1";2
"8015";"Calexico_Den";2012;"s9549";2
"8016";"Calexico_Den";2012;"s9649.1";2
"8017";"Calexico_Den";2016;"s20901";2
"8018";"Cannibal_Cami_Den";2014;"s13072";2
"8019";"Cannibal_Cami_Den";2015;"s16387";2
"8020";"Cannibal_Cami_Den";2015;"s16673";2
"8021";"Cannibal_Cami_Den";2015;"s16834";2
"8022";"Cannibal_Cami_Den";2015;"s16835";2
"8023";"Cannibal_Cami_Den";2015;"s16846";2
"8024";"Cannibal_Cami_Den";2015;"s16939";2
"8025";"Cash_Den";2014;"t87905";2
"8026";"Cash_Den";2014;"t87987";2
"8027";"Cash_Den";2014;"t88037";2
"8028";"Cash_Den";2014;"t88094";2
"8029";"Cash_Den";2014;"t88133";2
"8030";"Cash_Den";2014;"t88192";2
"8031";"Cash_Den";2014;"t89326";2
"8032";"Cash_Den";2014;"t89338";2
"8033";"Cash_Den";2014;"t89413";2
"8034";"Cash_Den";2014;"t89473";2
"8035";"Cash_Den";2014;"t89474";2
"8036";"Cash_Den";2014;"t89494";2
"8037";"Cash_Den";2014;"t89517";2
"8038";"Central_Park_Communal_Den";2012;"t79449";2
"8039";"Central_Park_Communal_Den";2012;"t79499.1";2
"8040";"Central_Park_Communal_Den";2012;"t79523";2
"8041";"Central_Park_Communal_Den";2012;"t79631";2
"8042";"Central_Park_Communal_Den";2012;"t79768";2
"8043";"Central_Park_Communal_Den";2012;"t79788";2
"8044";"Central_Park_Communal_Den";2012;"t79808";2
"8045";"Central_Park_Communal_Den";2012;"t79832";2
"8046";"Central_Park_Communal_Den";2012;"t79891";2
"8047";"Central_Park_Communal_Den";2012;"t79926";2
"8048";"Central_Park_Communal_Den";2012;"t79944";2
"8049";"Central_Park_Communal_Den";2013;"t80151";2
"8050";"Central_Park_Communal_Den";2013;"t80170";2
"8051";"Central_Park_Communal_Den";2013;"t80175";2
"8052";"Central_Park_Communal_Den";2013;"t80189";2
"8053";"Central_Park_Communal_Den";2013;"t80197";2
"8054";"Central_Park_Communal_Den";2013;"t80248";2
"8055";"Central_Park_Communal_Den";2013;"t80251";2
"8056";"Central_Park_Communal_Den";2013;"t80263";2
"8057";"Central_Park_Communal_Den";2013;"t80284";2
"8058";"Central_Park_Communal_Den";2013;"t80312";2
"8059";"Central_Park_Communal_Den";2013;"t80732";2
"8060";"Central_Park_Communal_Den";2013;"t81462";2
"8061";"Central_Park_Communal_Den";2013;"t81473";2
"8062";"Central_Park_Communal_Den";2013;"t81541";2
"8063";"Central_Park_Communal_Den";2013;"t81615";2
"8064";"Central_Park_Communal_Den";2013;"t81857";2
"8065";"Central_Park_Communal_Den";2013;"t82052";2
"8066";"Central_Park_Communal_Den";2013;"t82170";2
"8067";"Central_Park_Communal_Den";2013;"t82214";2
"8068";"Central_Park_Communal_Den";2013;"t82267";2
"8069";"Central_Park_Communal_Den";2013;"t82324";2
"8070";"Central_Park_Communal_Den";2013;"t82361";2
"8071";"Central_Park_Communal_Den";2013;"t82476";2
"8072";"Central_Park_Communal_Den";2013;"t82541";2
"8073";"Central_Park_Communal_Den";2016;"t96071";2
"8074";"Central_Park_Communal_Den";2016;"t96179";2
"8075";"Central_Park_Communal_Den";2016;"t96202";2
"8076";"Central_Park_Communal_Den";2016;"t96275";2
"8077";"Central_Park_Communal_Den";2016;"t96360";2
"8078";"Chamber_of_Secrets_Den";2010;"s3186";2
"8079";"Chex_Den";2011;"s6812";2
"8080";"Chex_Den";2011;"s6815";2
"8081";"Chex_Den";2011;"s6857";2
"8082";"Circe_Den";2021;"s114625";2
"8083";"Circe_Den";2021;"s114634";2
"8084";"Cliff_Den";2016;"t96178";2
"8085";"Cliff_Den";2016;"t96188";2
"8086";"Cliff_Den";2016;"t96203";2
"8087";"Cliff_Den";2016;"t96254";2
"8088";"Cliff_Den";2018;"t104118";2
"8089";"Cliff_Den";2018;"t104208";2
"8090";"Cliff_Den";2018;"t104214";2
"8091";"Cliff_Den";2018;"t104585";2
"8092";"Cliff_Den";2018;"t104732";2
"8093";"Cliff_Den";2018;"t104760";2
"8094";"Cliff_Den";2018;"t104785";2
"8095";"Cliff_Den";2019;"t105968";2
"8096";"Cliff_Den";2019;"t107365";2
"8097";"Cliff_Den";2019;"t107504";2
"8098";"Cliff_Den";2019;"t108096";2
"8099";"Cliff_Den_2";2019;"t105997";2
"8100";"Cliff_Den_2";2019;"t106074";2
"8101";"Cliff_Den_2";2019;"t106110";2
"8102";"Cliff_Den_2";2019;"t106141";2
"8103";"Cliff_Den_2";2019;"t106166";2
"8104";"Cliff_Den_2";2019;"t106285";2
"8105";"Cliff_Den_2";2019;"t106835";2
"8106";"Cliff_Den_2";2019;"t106859";2
"8107";"Cliff_Den_2";2019;"t107481";2
"8108";"Cliff_Den_2";2019;"t107486";2
"8109";"Cliff_Den_2";2019;"t107496";2
"8110";"Cliff_Den_2";2019;"t107534";2
"8111";"Cliff_Den_2";2019;"t108130";2
"8112";"Cliff_Den_2";2019;"t108134";2
"8113";"Cliff_Den_2";2019;"t108142";2
"8114";"Coincidence_D";2008;"s215";2
"8115";"Coincidence_D";2008;"s223";2
"8116";"Coincidence_D";2008;"s228";2
"8117";"Coincidence_D";2008;"s235";2
"8118";"Coincidence_D";2008;"s237";2
"8119";"Coincidence_D";2008;"s243";2
"8120";"Coincidence_Den_2";2023;"s117357";2
"8121";"Coincidence_Den_2";2023;"s117365";2
"8122";"Coincidence_Den_2";2023;"s117393";2
"8123";"Colossus_of_Rhodes_Den";2015;"s15467.1";2
"8124";"Colossus_of_Rhodes_Den";2015;"s15511";2
"8125";"Colossus_of_Rhodes_Den";2015;"s15532";2
"8126";"Colossus_of_Rhodes_Den";2015;"s15535";2
"8127";"Colossus_of_Rhodes_Den";2016;"s19894";2
"8128";"Colossus_of_Rhodes_Den";2016;"s19908";2
"8129";"Colossus_of_Rhodes_Den";2016;"s19910";2
"8130";"Colossus_of_Rhodes_Den";2016;"s19914";2
"8131";"Colossus_of_Rhodes_Den";2016;"s20189";2
"8132";"Colossus_of_Rhodes_Den";2016;"s20194";2
"8133";"Colossus_of_Rhodes_Den";2016;"s20207";2
"8134";"Colossus_of_Rhodes_Den";2016;"s20208";2
"8135";"Confusing_Den";2019;"t108240";2
"8136";"Confusing_Den";2019;"t108304";2
"8137";"Confusing_Den";2019;"t111587";2
"8138";"Confusing_Den_3";2019;"t108394";2
"8139";"Copenhagen_Den";2011;"s6023";2
"8140";"Copenhagen_Den";2011;"s6128.6";2
"8141";"Copenhagen_Den";2011;"s6149.2";2
"8142";"Crepes_Den";2011;"s6592";2
"8143";"Crocodile_Den";2008;"t62598";2
"8144";"Crocodile_Den";2008;"t62610";2
"8145";"Crocodile_Den";2008;"t62645";2
"8146";"Crocodile_Den";2008;"t62708";2
"8147";"Crocodile_Den";2008;"t62722";2
"8148";"Croton_Edge_Communal_Den";2009;"t66244";2
"8149";"Croton_Edge_Communal_Den";2009;"t66281";2
"8150";"Croton_Edge_Communal_Den";2009;"t66473";2
"8151";"Croton_Edge_Communal_Den";2009;"t66550";2
"8152";"Croton_Edge_Communal_Den";2009;"t67197";2
"8153";"Croton_Edge_Communal_Den";2009;"t67234";2
"8154";"Croton_Edge_Communal_Den";2009;"t67363";2
"8155";"Croton_Edge_Communal_Den";2009;"t67373";2
"8156";"Croton_Edge_Communal_Den";2009;"t67392";2
"8157";"Croton_Edge_Communal_Den";2009;"t67493";2
"8158";"Croton_Edge_Communal_Den";2009;"t67593";2
"8159";"Croton_Edge_Communal_Den";2009;"t67832";2
"8160";"Croton_Edge_Communal_Den";2010;"t67990";2
"8161";"Croton_Edge_Communal_Den";2010;"t70379";2
"8162";"Croton_Edge_Communal_Den";2010;"t71003";2
"8163";"Croton_Edge_Communal_Den";2010;"t71008";2
"8164";"Croton_Edge_Communal_Den";2010;"t71106";2
"8165";"Croton_Edge_Communal_Den";2010;"t71676";2
"8166";"Croton_Edge_Communal_Den";2010;"t71691";2
"8167";"Croton_Edge_Communal_Den";2010;"t71763";2
"8168";"Croton_Edge_Communal_Den";2011;"t73958";2
"8169";"Croton_Edge_Communal_Den";2011;"t74124";2
"8170";"Croton_Edge_Communal_Den";2011;"t74179";2
"8171";"Croton_Edge_Communal_Den";2011;"t74213.3";2
"8172";"Croton_Edge_Communal_Den";2011;"t74239";2
"8173";"Croton_Edge_Communal_Den";2011;"t74264";2
"8174";"Croton_Edge_Communal_Den";2011;"t74328";2
"8175";"Croton_Edge_Communal_Den";2011;"t74387";2
"8176";"Croton_Edge_Communal_Den";2011;"t74403";2
"8177";"Croton_Edge_Communal_Den";2011;"t74406";2
"8178";"Croton_Edge_Communal_Den";2011;"t74438";2
"8179";"Croton_Edge_Communal_Den";2011;"t74491";2
"8180";"Croton_Edge_Communal_Den";2011;"t74503";2
"8181";"Croton_Edge_Communal_Den";2011;"t74534";2
"8182";"Croton_Edge_Communal_Den";2011;"t74585";2
"8183";"Croton_Edge_Communal_Den";2011;"t74640";2
"8184";"Croton_Edge_Communal_Den";2011;"t74719";2
"8185";"Croton_Edge_Communal_Den";2011;"t74723";2
"8186";"Croton_Edge_Communal_Den";2011;"t74764";2
"8187";"Croton_Edge_Communal_Den";2011;"t74795";2
"8188";"Croton_Edge_Communal_Den";2011;"t74878";2
"8189";"Croton_Edge_Communal_Den";2012;"t78190";2
"8190";"Croton_Edge_Communal_Den";2012;"t78217";2
"8191";"Croton_Edge_Communal_Den";2012;"t78237";2
"8192";"Croton_Edge_Communal_Den";2012;"t78277";2
"8193";"Croton_Edge_Communal_Den";2012;"t78280";2
"8194";"Croton_Edge_Communal_Den";2012;"t78368";2
"8195";"Croton_Edge_Communal_Den";2012;"t79168";2
"8196";"Croton_Edge_Communal_Den";2012;"t79194";2
"8197";"Croton_Edge_Communal_Den";2012;"t79200";2
"8198";"Croton_Edge_Communal_Den";2012;"t79210";2
"8199";"Croton_Edge_Communal_Den";2012;"t79217.1";2
"8200";"Croton_Edge_Communal_Den";2012;"t79318";2
"8201";"Croton_Edge_Communal_Den";2012;"t79380";2
"8202";"Croton_Edge_Communal_Den";2012;"t79399";2
"8203";"Croton_Edge_Communal_Den";2012;"t79412";2
"8204";"Croton_Edge_Communal_Den";2012;"t79420";2
"8205";"Croton_Edge_Communal_Den";2012;"t79425";2
"8206";"Croton_Edge_Communal_Den";2012;"t79440";2
"8207";"Croton_Edge_Communal_Den";2012;"t79462";2
"8208";"Croton_Edge_Communal_Den";2012;"t79475";2
"8209";"Croton_Edge_Communal_Den";2012;"t79501";2
"8210";"Croton_Edge_Communal_Den";2012;"t79562";2
"8211";"Croton_Edge_Communal_Den";2012;"t79566";2
"8212";"Croton_Edge_Communal_Den";2012;"t79635";2
"8213";"Croton_Edge_Communal_Den";2012;"t79647";2
"8214";"Croton_Edge_Communal_Den";2012;"t79653";2
"8215";"Croton_Edge_Communal_Den";2012;"t79658";2
"8216";"Croton_Edge_Communal_Den";2012;"t79665";2
"8217";"Croton_Edge_Communal_Den";2012;"t79670";2
"8218";"Croton_Edge_Communal_Den";2012;"t79675";2
"8219";"Croton_Edge_Communal_Den";2012;"t79785";2
"8220";"Croton_Edge_Communal_Den";2012;"t79824";2
"8221";"Croton_Edge_Communal_Den";2012;"t79884";2
"8222";"Croton_Edge_Communal_Den";2019;"t111429";2
"8223";"Croton_Edge_Communal_Den";2019;"t111639";2
"8224";"Culvert_City_Den";2018;"s24085";2
"8225";"DOC_Communal_Den";2014;"t87055";2
"8226";"DOC_Communal_Den";2014;"t87096";2
"8227";"DOC_Communal_Den";2014;"t87126";2
"8228";"DOC_Communal_Den";2014;"t87564";2
"8229";"DOC_Communal_Den";2014;"t87638";2
"8230";"DOC_Communal_Den";2014;"t88643";2
"8231";"DOC_Communal_Den";2014;"t88709";2
"8232";"DOC_Communal_Den";2014;"t88724";2
"8233";"DOC_Communal_Den";2014;"t88797";2
"8234";"DOC_Communal_Den";2014;"t89519";2
"8235";"DOC_Communal_Den";2015;"t89772";2
"8236";"DOC_Communal_Den";2015;"t89774";2
"8237";"DOC_Communal_Den";2015;"t89901";2
"8238";"DOC_Communal_Den";2015;"t89918";2
"8239";"DOC_Communal_Den";2015;"t89947";2
"8240";"DOC_Communal_Den";2015;"t90142";2
"8241";"DOC_Communal_Den";2016;"t97165";2
"8242";"DOC_Communal_Den";2016;"t97187";2
"8243";"DOC_Communal_Den";2016;"t97213";2
"8244";"DOC_Communal_Den";2016;"t97298";2
"8245";"DOC_Communal_Den";2016;"t97307";2
"8246";"DOC_Communal_Den";2016;"t97329";2
"8247";"DOC_Communal_Den";2016;"t97372";2
"8248";"DOC_Communal_Den";2016;"t97388";2
"8249";"DOC_Communal_Den";2016;"t97491";2
"8250";"DOC_Communal_Den";2016;"t97677";2
"8251";"DOC_Communal_Den";2016;"t97694";2
"8252";"DOC_Communal_Den";2016;"t97844";2
"8253";"DOC_Communal_Den";2016;"t97868";2
"8254";"DOC_Den_2";2014;"t87529";2
"8255";"DOC_Den_2";2014;"t87861";2
"8256";"DOC_Den_2";2014;"t87868";2
"8257";"DOC_Den_2";2014;"t88051";2
"8258";"DOC_Den_2";2014;"t88912";2
"8259";"DOC_Den_2";2014;"t88964";2
"8260";"DOC_Den_2";2014;"t89049";2
"8261";"DOC_Den_2";2014;"t89083";2
"8262";"DOC_Den_2";2014;"t89182";2
"8263";"DOC_Den_2";2014;"t89239";2
"8264";"DOC_Den_2";2016;"t97112";2
"8265";"DOC_Den_2";2016;"t97132";2
"8266";"DOC_Den_2";2016;"t97235";2
"8267";"DOC_Den_2";2016;"t97240";2
"8268";"DOC_Den_2";2016;"t98065";2
"8269";"DOC_Den_2";2017;"t100321";2
"8270";"DOC_Den_2";2017;"t100450";2
"8271";"DOC_Den_2";2017;"t100459";2
"8272";"DOC_Den_2";2017;"t100469";2
"8273";"DOC_Den_2";2017;"t100497";2
"8274";"DOC_Den_2";2017;"t100520";2
"8275";"DOC_Den_2";2017;"t100529";2
"8276";"DOC_Den_2";2017;"t100536";2
"8277";"DOC_Den_2";2017;"t100541";2
"8278";"DOC_Den_2";2017;"t100571";2
"8279";"DOC_Den_2";2017;"t100573";2
"8280";"DOC_Den_2";2017;"t100598";2
"8281";"DOC_Den_2";2017;"t100616";2
"8282";"DOC_Den_2";2017;"t100694";2
"8283";"DOC_Den_2";2017;"t100759";2
"8284";"DOC_Den_2";2017;"t101108";2
"8285";"DOC_Den_2";2017;"t101113";2
"8286";"Dave's_Den";2010;"t70202";2
"8287";"Dave's_Den";2010;"t70417";2
"8288";"Dave's_Den";2011;"t72363";2
"8289";"Dave's_Den";2011;"t72440";2
"8290";"Dave's_Den";2011;"t72554";2
"8291";"Dave's_Den";2011;"t73198.1";2
"8292";"Dave's_Den";2011;"t73870";2
"8293";"Dave's_Den";2012;"t78093";2
"8294";"Dave's_Den";2012;"t78236";2
"8295";"Dave's_Den";2012;"t78253";2
"8296";"Dave's_Den";2012;"t78274";2
"8297";"Dave's_Den";2012;"t78389";2
"8298";"Dave's_Den";2012;"t78430";2
"8299";"Dave's_Den";2012;"t78463";2
"8300";"Dave's_Den";2012;"t78467";2
"8301";"Dave's_Den";2012;"t78471";2
"8302";"Dave's_Den";2012;"t78501";2
"8303";"Dave's_Den";2012;"t78551";2
"8304";"Dave's_Den";2012;"t78553";2
"8305";"Dave's_Den";2012;"t78554";2
"8306";"Dave's_Den";2012;"t78595";2
"8307";"Dave's_Den";2012;"t78617";2
"8308";"Dave's_Den";2012;"t78622";2
"8309";"Dave's_Den";2012;"t78651";2
"8310";"Dave's_Den";2012;"t78669";2
"8311";"Dave's_Den";2012;"t78685";2
"8312";"Dave's_Den";2012;"t78703";2
"8313";"Dave's_Den";2012;"t78736";2
"8314";"Dave's_Den";2012;"t78743";2
"8315";"Dave's_Den";2012;"t78767";2
"8316";"Dave's_Den";2012;"t78772";2
"8317";"Dave's_Den";2012;"t78785";2
"8318";"Dave's_Den";2012;"t78798";2
"8319";"Dave's_Den";2012;"t78997";2
"8320";"Dave's_Den";2012;"t78998";2
"8321";"Dave's_Den";2012;"t79040";2
"8322";"Dave's_Den";2012;"t79384";2
"8323";"Dave's_Den";2012;"t79516";2
"8324";"Dave's_Den";2012;"t79522";2
"8325";"Dave's_Den";2012;"t79531";2
"8326";"Dave's_Den";2012;"t79543";2
"8327";"Dave's_Den";2013;"t81306";2
"8328";"Dave's_Den";2013;"t81312";2
"8329";"Dave's_Den";2013;"t81320";2
"8330";"Dave's_Den";2013;"t81332";2
"8331";"Dave's_Den";2013;"t82662";2
"8332";"Dave's_Den";2013;"t82958";2
"8333";"Dave's_Den";2013;"t82972";2
"8334";"Dave's_Den";2013;"t83028";2
"8335";"Dave's_Den";2013;"t83050";2
"8336";"Dave's_Den";2013;"t83066";2
"8337";"Dave's_Den";2014;"t86067";2
"8338";"Dave's_Den";2014;"t86069";2
"8339";"Dave's_Den";2014;"t86084";2
"8340";"Dave's_Den";2014;"t86116";2
"8341";"Dave's_Den";2014;"t86151";2
"8342";"Dave's_Den";2014;"t86238";2
"8343";"Dave's_Den";2014;"t86497";2
"8344";"Dave's_Den";2014;"t86859";2
"8345";"Dave's_Den";2014;"t88236";2
"8346";"Dave's_Den";2014;"t88257";2
"8347";"Dave's_Den";2014;"t88373";2
"8348";"Dave's_Den";2014;"t88524";2
"8349";"Dave's_Den";2015;"t90875";2
"8350";"Dave's_Den";2015;"t91079";2
"8351";"Dave's_Den";2015;"t91148";2
"8352";"Dave's_Den";2015;"t91500";2
"8353";"Dave's_Den";2015;"t91631";2
"8354";"Dave's_Den";2015;"t91650";2
"8355";"Dave's_Den";2016;"t94741";2
"8356";"Dave's_Den";2016;"t94781";2
"8357";"Dave's_Den";2016;"t94801";2
"8358";"Dave's_Den";2016;"t94973";2
"8359";"Dave's_Den";2016;"t94988";2
"8360";"Dave's_Den";2016;"t95265";2
"8361";"Dave's_Den";2016;"t95420";2
"8362";"Dave's_Den";2016;"t95434";2
"8363";"Dave's_Den";2016;"t95458";2
"8364";"Dave's_Den";2016;"t95477";2
"8365";"Dave's_Den";2016;"t95525";2
"8366";"Dave's_Den";2016;"t95565";2
"8367";"Dave's_Den";2016;"t96817";2
"8368";"Dave's_Den";2016;"t96892";2
"8369";"Dave's_Den";2016;"t96908";2
"8370";"Dave's_Den";2016;"t96935";2
"8371";"Dave's_Den";2016;"t96936";2
"8372";"Dave's_Den";2016;"t96960";2
"8373";"Dave's_Den";2016;"t96994";2
"8374";"Dave_Den";2011;"t73101";2
"8375";"Dave_Den";2017;"t98190";2
"8376";"Dave_Den";2017;"t98196";2
"8377";"Dave_Den";2017;"t98240";2
"8378";"Dave_Den";2017;"t98383";2
"8379";"Dave_Den";2017;"t98409";2
"8380";"Dave_Den";2017;"t98461";2
"8381";"Dave_Den";2017;"t98599";2
"8382";"Dave_Den";2019;"t111368.1";2
"8383";"Dave_Den";2019;"t111504";2
"8384";"Dawn_Den";2022;"s115682.1";2
"8385";"Dawn_Den";2022;"s115772";2
"8386";"Dawn_Den_2";2019;"s109797";2
"8387";"Dawn_Den_2";2022;"S116106";2
"8388";"Dawn_Den_2";2022;"S116117";2
"8389";"Dawn_Den_2";2022;"S116124";2
"8390";"Dawn_Den_2";2022;"s116064";2
"8391";"Dawn_Den_2";2022;"s116067";2
"8392";"DeGaulle_Den";2009;"s1794";2
"8393";"DeGaulle_Den";2009;"s1823";2
"8394";"DeGaulle_Den";2009;"s1829";2
"8395";"DeGaulle_Den";2009;"s1871";2
"8396";"DeGaulle_Den";2013;"s10168";2
"8397";"DeGaulle_Den";2013;"s10870";2
"8398";"DeGaulle_Den";2013;"s10880";2
"8399";"DeGaulle_Den";2013;"s10908";2
"8400";"DeGaulle_Den";2013;"s10914";2
"8401";"DeGaulle_Den";2013;"s10918";2
"8402";"DeGaulle_Den";2013;"s10923";2
"8403";"DeGaulle_Den";2013;"s10927";2
"8404";"DeGaulle_Den";2013;"s10940";2
"8405";"DeGaulle_Den";2013;"s10955";2
"8406";"DeGaulle_Den";2013;"s10961";2
"8407";"DeGaulle_Den";2013;"s10970";2
"8408";"DeGaulle_Den";2013;"s10972";2
"8409";"DeGaulle_Den";2013;"s10978.1";2
"8410";"DeGaulle_Den";2013;"s10990";2
"8411";"DeGaulle_Den";2013;"s10999";2
"8412";"DeGaulle_Den";2014;"s13562";2
"8413";"DeGaulle_Den";2014;"s13567";2
"8414";"DeGaulle_Den";2019;"s109075";2
"8415";"DeGaulle_Den";2019;"s109097";2
"8416";"DeGaulle_Den";2019;"s109102";2
"8417";"DeGaulle_Den";2019;"s109115";2
"8418";"DeGaulle_Den";2019;"s109155";2
"8419";"DeGaulle_Den";2019;"s109172";2
"8420";"DeGaulle_Den";2019;"s109177";2
"8421";"DeGaulle_Den";2019;"s109394";2
"8422";"DeGaulle_Den";2019;"s109429";2
"8423";"DeGaulle_Den";2019;"s110170";2
"8424";"DeGaulle_Den";2023;"s132136";2
"8425";"DeGaulle_Den";2023;"s132146";2
"8426";"DeGaulle_Den";2023;"s132153";2
"8427";"DeGaulle_Den";2023;"s132200";2
"8428";"DeGaulle_Den";2023;"s132208";2
"8429";"Defenestrate_Den";2015;"s15579";2
"8430";"Defenestrate_Den";2015;"s15588";2
"8431";"Defenestrate_Den";2015;"s16680";2
"8432";"Defenestrate_Den";2015;"s17368";2
"8433";"Defenestrate_Den";2015;"s17400";2
"8434";"Defenestrate_Den";2015;"s17449";2
"8435";"Defenestrate_Den";2015;"s17475";2
"8436";"Defenestrate_Den";2015;"s17488";2
"8437";"Defenestrate_Den";2015;"s17508";2
"8438";"Defenestrate_Den";2015;"s17621";2
"8439";"Defenestrate_Den";2015;"s17671";2
"8440";"Defenestrate_Den";2015;"s17678";2
"8441";"Defenestrate_Den";2016;"s18232";2
"8442";"Defenestrate_Den";2016;"s18250";2
"8443";"Defenestrate_Den2";2017;"s21523";2
"8444";"Defenestrate_Den2";2017;"s21524";2
"8445";"Democracy_Den";2015;"t90210";2
"8446";"Democracy_Den";2015;"t90211";2
"8447";"Democracy_Den";2015;"t90334";2
"8448";"Democracy_Den";2015;"t90362";2
"8449";"Democracy_Den";2015;"t90424";2
"8450";"Democracy_Den";2015;"t90440";2
"8451";"Democracy_Den";2015;"t90445";2
"8452";"Democracy_Den";2015;"t90462";2
"8453";"Democracy_Den";2015;"t90464";2
"8454";"Democracy_Den";2015;"t90552";2
"8455";"Democracy_Den";2015;"t90557";2
"8456";"Democracy_Den";2015;"t90559";2
"8457";"Democracy_Den";2015;"t90575";2
"8458";"Democracy_Den";2015;"t90588";2
"8459";"Democracy_Den";2015;"t90595";2
"8460";"Democracy_Den";2015;"t90598";2
"8461";"Democracy_Den";2015;"t90601";2
"8462";"Democracy_Den";2015;"t90630";2
"8463";"Democracy_Den";2015;"t90656";2
"8464";"Democracy_Den";2015;"t90662";2
"8465";"Democracy_Den";2015;"t90671";2
"8466";"Democracy_Den";2015;"t90688";2
"8467";"Democracy_Den";2015;"t90693";2
"8468";"Democracy_Den";2015;"t90706";2
"8469";"Democracy_Den";2015;"t90728";2
"8470";"Democracy_Den";2015;"t90738";2
"8471";"Den_One_Creek_Den_Complex";2017;"t98179";2
"8472";"Den_One_Creek_Den_Complex";2017;"t98184";2
"8473";"Den_One_Creek_Den_Complex";2017;"t98186";2
"8474";"Den_One_Creek_Den_Complex";2017;"t98191";2
"8475";"Den_of_Perfection";2006;"t59153";2
"8476";"Den_of_Perfection";2006;"t59164";2
"8477";"Den_of_Perfection";2006;"t59395";2
"8478";"Den_of_Perfection";2006;"t59407";2
"8479";"Den_of_Perfection";2006;"t59489";2
"8480";"Den_of_Perfection";2006;"t59509";2
"8481";"Den_of_Perfection";2006;"t59548";2
"8482";"Den_of_Perfection";2006;"t59552";2
"8483";"Den_of_Perfection";2006;"t59574";2
"8484";"Den_of_Perfection";2006;"t59601";2
"8485";"Den_of_Perfection";2006;"t59627";2
"8486";"Dharma_Den";2010;"s4180";2
"8487";"Dharma_Den";2010;"s4185";2
"8488";"Dharma_Den";2010;"s4209";2
"8489";"Dharma_Den";2010;"s4269";2
"8490";"Diagon_Alley_Den";2010;"s3117";2
"8491";"Diagon_Alley_Den";2010;"s3119";2
"8492";"Dicks_Den";2014;"t86163";2
"8493";"Dicks_Den";2014;"t86466";2
"8494";"Dicks_Den";2014;"t86602";2
"8495";"Dicks_Den";2014;"t86717";2
"8496";"Dicks_Den";2014;"t86720";2
"8497";"Dicks_Den";2014;"t88116";2
"8498";"Dicks_Den";2014;"t88389";2
"8499";"Dicks_Den";2014;"t88445";2
"8500";"Dicks_Den";2014;"t88712";2
"8501";"Dicks_Den";2015;"t92364";2
"8502";"Dicks_Den";2015;"t92403";2
"8503";"Dicks_Den";2015;"t92410";2
"8504";"Dicks_Den";2015;"t92566";2
"8505";"Dicks_Den";2017;"t100249";2
"8506";"Dicks_Den";2017;"t100256";2
"8507";"Dicks_Den";2017;"t100354";2
"8508";"Dicks_Den";2017;"t100452";2
"8509";"Dicks_Den";2017;"t100531";2
"8510";"Dicks_Den";2017;"t100582";2
"8511";"Dicks_Den";2017;"t100599";2
"8512";"Dicks_Den";2017;"t100640";2
"8513";"Dicks_Den";2017;"t100689";2
"8514";"Dicks_Den";2017;"t100709";2
"8515";"Dicks_Den";2017;"t101107";2
"8516";"Dicks_Den";2017;"t101360";2
"8517";"Dicks_Den";2017;"t101441";2
"8518";"Dicks_Den";2017;"t101480";2
"8519";"Dicks_Den";2017;"t98350";2
"8520";"Dicks_Den";2017;"t98421";2
"8521";"Dicks_Den";2017;"t98574";2
"8522";"Dicks_Den";2017;"t98623";2
"8523";"Dicks_Den";2017;"t98644";2
"8524";"Dion's_Natal_Den";2011;"t74765";2
"8525";"Dion's_Natal_Den";2011;"t74784";2
"8526";"Dion's_Natal_Den";2011;"t74865";2
"8527";"Dion's_Natal_Den";2011;"t74911";2
"8528";"Disappointment_Den";2008;"s1319";2
"8529";"Doom's_Day_Den";2003;"t39724";2
"8530";"Doom's_Day_Den_2";2019;"t105549";2
"8531";"Doom's_Day_Den_2";2019;"t105609";2
"8532";"Doom's_Day_Den_2";2019;"t105629";2
"8533";"Doom's_Day_Den_2";2019;"t105660";2
"8534";"Doom's_Day_Den_2";2019;"t105824";2
"8535";"Driving_under_the_Influence_Den";2011;"s7360";2
"8536";"Dudu_Den";2010;"s3963";2
"8537";"Dudu_Den";2010;"s3993";2
"8538";"Dudu_Den";2014;"s15291";2
"8539";"Dudu_Den";2015;"s15305";2
"8540";"Dudu_Den";2019;"s110225";2
"8541";"Dudu_Den";2023;"s116540";2
"8542";"Elm_Street_Den";2009;"s3640";2
"8543";"Embezzlement_Den";2011;"s7338";2
"8544";"Emma_Natal_Den_2_2012";2012;"s8471";2
"8545";"Euphrates_Den";2015;"s16276";2
"8546";"Euphrates_Den";2015;"s16306";2
"8547";"Extortion_Den";2016;"s20472";2
"8548";"FML_Den";2013;"s12116";2
"8549";"FML_Den";2014;"s14844";2
"8550";"FML_Den";2014;"s14846";2
"8551";"FML_Den";2014;"s14884";2
"8552";"FML_Den";2014;"s14901";2
"8553";"FML_Den";2014;"s14911";2
"8554";"FML_Den";2016;"s19905";2
"8555";"FML_Den";2016;"s19905.2";2
"8556";"FML_Den";2016;"s20203.2";2
"8557";"FML_Den";2016;"s20217";2
"8558";"FML_Den";2016;"s20226";2
"8559";"FML_Den";2016;"s20233";2
"8560";"FML_Den";2016;"s20278";2
"8561";"FML_Den";2018;"s23920";2
"8562";"FML_Den";2018;"s23976";2
"8563";"FML_Den";2018;"s23982";2
"8564";"Fever_Tree_Natal_Den/Communal_Den_Complex";2002;"t34245";2
"8565";"Fever_Tree_Natal_Den/Communal_Den_Complex";2002;"t34312";2
"8566";"Fever_Tree_Natal_Den/Communal_Den_Complex";2002;"t34315";2
"8567";"Fever_Tree_Natal_Den/Communal_Den_Complex";2002;"t34339";2
"8568";"Fever_Tree_Natal_Den/Communal_Den_Complex";2002;"t34870";2
"8569";"Fever_Tree_Natal_Den/Communal_Den_Complex";2002;"t34965";2
"8570";"Fever_Tree_Natal_Den/Communal_Den_Complex";2002;"t35013";2
"8571";"Fever_Tree_Natal_Den/Communal_Den_Complex";2002;"t35355";2
"8572";"Fever_Tree_Natal_Den/Communal_Den_Complex";2002;"t35428";2
"8573";"Fever_Tree_Natal_Den/Communal_Den_Complex";2002;"t35660";2
"8574";"Fever_Tree_Natal_Den/Communal_Den_Complex";2002;"t36424";2
"8575";"Fever_Tree_Natal_Den/Communal_Den_Complex";2002;"t36654";2
"8576";"Fever_Tree_Natal_Den/Communal_Den_Complex";2002;"t36729";2
"8577";"Fever_Tree_Natal_Den/Communal_Den_Complex";2003;"t36798";2
"8578";"Fever_Tree_Natal_Den/Communal_Den_Complex";2003;"t36809";2
"8579";"Fever_Tree_Natal_Den/Communal_Den_Complex";2003;"t36811";2
"8580";"Fever_Tree_Natal_Den/Communal_Den_Complex";2003;"t36868";2
"8581";"Fever_Tree_Natal_Den/Communal_Den_Complex";2003;"t36888";2
"8582";"Fever_Tree_Natal_Den/Communal_Den_Complex";2003;"t36937";2
"8583";"Fever_Tree_Natal_Den/Communal_Den_Complex";2003;"t37174";2
"8584";"Fever_Tree_Natal_Den/Communal_Den_Complex";2003;"t37369";2
"8585";"Fever_Tree_Natal_Den/Communal_Den_Complex";2003;"t37376";2
"8586";"Fever_Tree_Natal_Den/Communal_Den_Complex";2003;"t37504";2
"8587";"Fever_Tree_Natal_Den/Communal_Den_Complex";2003;"t37749";2
"8588";"Fever_Tree_Natal_Den/Communal_Den_Complex";2003;"t37827";2
"8589";"Fever_Tree_Natal_Den/Communal_Den_Complex";2003;"t37860";2
"8590";"Fever_Tree_Natal_Den/Communal_Den_Complex";2003;"t37869";2
"8591";"Fever_Tree_Natal_Den/Communal_Den_Complex";2003;"t37907";2
"8592";"Fever_Tree_Natal_Den/Communal_Den_Complex";2003;"t37948";2
"8593";"Fever_Tree_Natal_Den/Communal_Den_Complex";2003;"t37991";2
"8594";"Fever_Tree_Natal_Den/Communal_Den_Complex";2003;"t38032";2
"8595";"Fever_Tree_Natal_Den/Communal_Den_Complex";2003;"t38042";2
"8596";"Fever_Tree_Natal_Den/Communal_Den_Complex";2003;"t38062";2
"8597";"Fever_Tree_Natal_Den/Communal_Den_Complex";2003;"t38105";2
"8598";"Fever_Tree_Natal_Den/Communal_Den_Complex";2003;"t38167";2
"8599";"Fever_Tree_Natal_Den/Communal_Den_Complex";2003;"t38256";2
"8600";"Fever_Tree_Natal_Den/Communal_Den_Complex";2003;"t38741";2
"8601";"Fever_Tree_Natal_Den/Communal_Den_Complex";2003;"t39744";2
"8602";"Fever_Tree_Natal_Den/Communal_Den_Complex";2003;"t39852";2
"8603";"Fever_Tree_Natal_Den/Communal_Den_Complex";2003;"t40186";2
"8604";"Fever_Tree_Natal_Den/Communal_Den_Complex";2004;"t43461";2
"8605";"Fever_Tree_Natal_Den/Communal_Den_Complex";2004;"t43709";2
"8606";"Fever_Tree_Natal_Den/Communal_Den_Complex";2004;"t43988";2
"8607";"Fever_Tree_Natal_Den/Communal_Den_Complex";2004;"t48843";2
"8608";"Fever_Tree_Natal_Den/Communal_Den_Complex";2004;"t48844";2
"8609";"Fever_Tree_Natal_Den/Communal_Den_Complex";2004;"t48870";2
"8610";"Fever_Tree_Natal_Den/Communal_Den_Complex";2004;"t48916";2
"8611";"Fever_Tree_Natal_Den/Communal_Den_Complex";2004;"t48945";2
"8612";"Fever_Tree_Natal_Den/Communal_Den_Complex";2004;"t49085";2
"8613";"Fever_Tree_Natal_Den/Communal_Den_Complex";2004;"t49195";2
"8614";"Fever_Tree_Natal_Den/Communal_Den_Complex";2005;"t54286";2
"8615";"Fever_Tree_Natal_Den/Communal_Den_Complex";2005;"t54534";2
"8616";"Fever_Tree_Natal_Den/Communal_Den_Complex";2006;"t55901";2
"8617";"Fever_Tree_Natal_Den/Communal_Den_Complex";2006;"t59149";2
"8618";"Fever_Tree_Natal_Den/Communal_Den_Complex";2006;"t59223";2
"8619";"Fever_Tree_Natal_Den/Communal_Den_Complex";2006;"t59457";2
"8620";"Flashforward_Den";2012;"s8787";2
"8621";"Flashforward_Den";2012;"s8803";2
"8622";"Flashforward_Den";2012;"s8929";2
"8623";"Flashforward_Den";2012;"s9028";2
"8624";"Flashforward_Den";2012;"s9037";2
"8625";"Flashforward_Den";2012;"s9103";2
"8626";"Flashforward_Den";2012;"s9104";2
"8627";"Flashforward_Den";2012;"s9105";2
"8628";"Flashforward_Den";2012;"s9186";2
"8629";"Flashforward_Den";2012;"s9206";2
"8630";"Flashforward_Den";2012;"s9208";2
"8631";"Flashforward_Den";2012;"s9208.1";2
"8632";"Flashforward_Den";2012;"s9216";2
"8633";"Flashforward_Den";2012;"s9217";2
"8634";"Flashforward_Den";2012;"s9260";2
"8635";"Flashforward_Den";2012;"s9340";2
"8636";"Flintstone_Den";2017;"t101152";2
"8637";"Flintstone_Den";2017;"t101267";2
"8638";"Flintstone_Den";2017;"t101436";2
"8639";"Flintstone_Den";2017;"t101440";2
"8640";"Flintstone_Den";2017;"t101518";2
"8641";"Flintstone_Den";2017;"t101548";2
"8642";"Foggy_Den";2009;"s3859";2
"8643";"Foggy_Den";2010;"s4227";2
"8644";"Foggy_Den";2019;"s109764";2
"8645";"Foggy_Den";2019;"s109774";2
"8646";"Gardenia_Den";2014;"t86588";2
"8647";"Gardenia_Den";2014;"t86613";2
"8648";"Gardenia_Den";2014;"t86624";2
"8649";"Gardenia_Den";2014;"t86631";2
"8650";"Gettysburg_Den";2013;"s12399";2
"8651";"Gila_River_Den";2009;"s879";2
"8652";"Gila_River_Den";2009;"s901";2
"8653";"Gila_River_Den";2009;"s903";2
"8654";"Gila_River_Den";2009;"s908";2
"8655";"Gila_River_Den";2009;"s909";2
"8656";"Gila_River_Den";2009;"s920";2
"8657";"Gila_River_Den";2009;"s934";2
"8658";"Gila_River_Den_II";2010;"s1265";2
"8659";"Gila_River_Den_II";2010;"s1281";2
"8660";"Gila_River_Den_III";2010;"s1311";2
"8661";"Grand_Theft_Auto_Den";2010;"s1174";2
"8662";"Grand_Theft_Auto_Den";2010;"s1176";2
"8663";"Grand_Theft_Auto_Den";2010;"s1179";2
"8664";"Green_Den";2006;"t58248";2
"8665";"Green_Den";2006;"t58320";2
"8666";"Greenland_Den";2019;"t108498";2
"8667";"Greenland_Den";2019;"t108539";2
"8668";"Greenland_Den";2019;"t108546";2
"8669";"Greenland_Den";2019;"t108560";2
"8670";"Grits_Den";2011;"s6610";2
"8671";"Grits_Den";2011;"s6611";2
"8672";"Grits_Den";2011;"s6690";2
"8673";"Grits_Den";2013;"s10057";2
"8674";"Grits_Den";2013;"s10058";2
"8675";"Grits_Den";2013;"s10059";2
"8676";"Grits_Den";2013;"s10072";2
"8677";"Grits_Den";2013;"s10674";2
"8678";"Grits_Den";2013;"s10764";2
"8679";"Grits_Den";2013;"s10835";2
"8680";"Gryffindor_Den";2010;"s3061";2
"8681";"Guava_Den";2015;"s16736";2
"8682";"Guava_Den";2015;"s16750.2";2
"8683";"Guava_Den";2015;"s16771";2
"8684";"Guava_Den";2015;"s16774";2
"8685";"Guca_Den";2012;"s8214";2
"8686";"Guca_Den";2012;"s8218";2
"8687";"Hanging_Gardens_Den";2009;"s3445";2
"8688";"Hanging_Gardens_Den";2009;"s3447";2
"8689";"Hanging_Gardens_Den";2009;"s3458";2
"8690";"Hanging_Gardens_Den";2009;"s3461";2
"8691";"Hanging_Gardens_Den";2009;"s3475";2
"8692";"Hanging_Gardens_Den";2009;"s3485";2
"8693";"Hanging_Gardens_Den";2009;"s3489";2
"8694";"Hanging_Gardens_Den";2009;"s3497";2
"8695";"Hanging_Gardens_Den";2009;"s3501";2
"8696";"Hanging_Gardens_Den";2009;"s3513";2
"8697";"Hanging_Gardens_Den";2009;"s3514";2
"8698";"Hanging_Gardens_Den";2009;"s3520";2
"8699";"Hanging_Gardens_Den";2009;"s3522";2
"8700";"Hanging_Gardens_Den";2009;"s3524";2
"8701";"Hanging_Gardens_Den";2009;"s3527";2
"8702";"Hanging_Gardens_Den";2009;"s3529";2
"8703";"Hanging_Gardens_Den";2009;"s3531";2
"8704";"Hanging_Gardens_Den";2009;"s3533";2
"8705";"Hanging_Gardens_Den";2009;"s3535";2
"8706";"Hanging_Gardens_Den";2009;"s3550";2
"8707";"Hanging_Gardens_Den";2009;"s3552";2
"8708";"Hanging_Gardens_Den";2009;"s3559";2
"8709";"Hanging_Gardens_Den";2009;"s3562";2
"8710";"Hanging_Gardens_Den";2015;"s15516";2
"8711";"Hanging_Gardens_Den";2015;"s15534";2
"8712";"Hanging_Gardens_Den";2017;"s21180";2
"8713";"Hanging_Gardens_Den";2019;"s110281";2
"8714";"Hanging_Gardens_Den";2019;"s110284";2
"8715";"Hanging_Gardens_Den";2019;"s110285";2
"8716";"Hanging_Gardens_Den";2019;"s110310";2
"8717";"Hanging_Gardens_Den";2021;"s114692";2
"8718";"Heath_Den";2011;"s4661";2
"8719";"Heath_Den";2011;"s4687";2
"8720";"Hit_and_Run_Den";2011;"s7367";2
"8721";"Hit_and_Run_Den";2011;"s7367.1";2
"8722";"Holiday_Communal_Den";2004;"t48938";2
"8723";"Holiday_Communal_Den";2004;"t49207";2
"8724";"Holiday_Communal_Den";2004;"t49740";2
"8725";"Holiday_Communal_Den";2006;"t59636";2
"8726";"Holiday_Communal_Den";2006;"t59638";2
"8727";"Holiday_Communal_Den";2006;"t59649";2
"8728";"Holiday_Communal_Den";2006;"t59689";2
"8729";"Holiday_Communal_Den";2006;"t59702";2
"8730";"Holiday_Communal_Den";2006;"t59705";2
"8731";"Holiday_Communal_Den";2006;"t59725";2
"8732";"Holiday_Communal_Den";2006;"t59756";2
"8733";"Holiday_Communal_Den";2009;"t65896";2
"8734";"Holy_Grail_Den";2008;"s68";2
"8735";"Holy_Grail_Den";2009;"s459";2
"8736";"Holy_Grail_Den";2009;"s463";2
"8737";"Holy_Grail_Den";2009;"s480";2
"8738";"Holy_Grail_Den";2009;"s496";2
"8739";"Holy_Grail_Den";2009;"s506";2
"8740";"Holy_Grail_Den";2009;"s507";2
"8741";"Holy_Grail_Den";2009;"s526";2
"8742";"Holy_Grail_Den";2009;"s541";2
"8743";"Holy_Grail_Den";2009;"s542";2
"8744";"Holy_Grail_Den";2009;"s593";2
"8745";"Holy_Grail_Den";2009;"s612";2
"8746";"Holy_Grail_Den";2009;"s615";2
"8747";"Holy_Grail_Den";2009;"s618";2
"8748";"Holy_Grail_Den";2009;"s623";2
"8749";"Holy_Grail_Den";2009;"s632";2
"8750";"Holy_Grail_Den";2009;"s635";2
"8751";"Holy_Grail_Den";2009;"s635.1";2
"8752";"Holy_Grail_Den";2009;"s639.1";2
"8753";"Holy_Grail_Den";2009;"s640";2
"8754";"Holy_Grail_Den";2009;"s643.1";2
"8755";"Holy_Grail_Den";2009;"s645";2
"8756";"Holy_Grail_Den";2009;"s663";2
"8757";"Holy_Grail_Den";2009;"s673";2
"8758";"Holy_Grail_Den";2009;"s679";2
"8759";"Holy_Grail_Den";2009;"s685";2
"8760";"Holy_Grail_Den";2009;"s693";2
"8761";"Holy_Grail_Den";2011;"s7529";2
"8762";"Holy_Grail_Den";2011;"s7539";2
"8763";"Holy_Grail_Den";2011;"s7542";2
"8764";"Holy_Grail_Den";2011;"s7584";2
"8765";"Holy_Grail_Den";2011;"s7594";2
"8766";"Holy_Grail_Den";2013;"s12181";2
"8767";"Holy_Grail_Den";2013;"s12233";2
"8768";"Holy_Grail_Den";2013;"s12268";2
"8769";"Holy_Grail_Den_II";2009;"s725";2
"8770";"Homicide_Den";2010;"s1184";2
"8771";"Homicide_Den";2010;"s1189";2
"8772";"Homicide_Den";2010;"s1198";2
"8773";"Houdini_Den";2016;"s19126";2
"8774";"Hullabaloo_Den_2";2019;"s110398";2
"8775";"Hurley_Den";2010;"s4328";2
"8776";"Hydra_Den";2009;"s3734";2
"8777";"Hydra_Den";2009;"s3767";2
"8778";"IAT_Den";2013;"s11327";2
"8779";"IAT_Den";2013;"s11334";2
"8780";"IAT_Den";2013;"s11348";2
"8781";"IAT_Den";2014;"s14247";2
"8782";"IAT_Den";2014;"s14258";2
"8783";"IAT_Den";2014;"s14473";2
"8784";"IAT_Den";2015;"s15606";2
"8785";"IAT_Den";2015;"s17210";2
"8786";"IAT_Den";2015;"s17238";2
"8787";"IAT_Den";2015;"s17256";2
"8788";"IAT_Den";2015;"s17950";2
"8789";"IAT_Den";2015;"s18040";2
"8790";"IAT_Den";2016;"s18721";2
"8791";"IAT_Den";2016;"s18763";2
"8792";"IAT_Den";2017;"s22388";2
"8793";"IAT_Den";2017;"s22759";2
"8794";"IAT_Den";2017;"s22793";2
"8795";"IAT_Den";2017;"s22803";2
"8796";"IAT_Den";2017;"s22809";2
"8797";"IAT_Den";2018;"s23145";2
"8798";"IAT_Den";2018;"s23864";2
"8799";"IAT_Den";2018;"s23919";2
"8800";"IAT_Den";2018;"s24212";2
"8801";"IAT_Den";2018;"s24221";2
"8802";"IAT_Den";2018;"s24228";2
"8803";"IAT_Den";2018;"s24234";2
"8804";"Ice_Age_Den";2009;"s3633";2
"8805";"Ilvermorny_Den";2016;"s20042";2
"8806";"Ilvermorny_Den";2016;"s20087";2
"8807";"J_Fab_Den";2013;"s11374";2
"8808";"J_Fab_Den";2013;"s11393";2
"8809";"J_Fab_Den";2017;"s21012";2
"8810";"J_Fab_Den";2017;"s22296";2
"8811";"J_Fab_Den";2017;"s22338";2
"8812";"J_Fab_Den";2017;"s22358";2
"8813";"J_Fab_Den";2018;"s23915";2
"8814";"J_Fab_Den";2018;"s24175";2
"8815";"J_Fab_Den";2018;"s24181";2
"8816";"J_Fab_Den";2018;"s24196";2
"8817";"J_Fab_Den";2018;"s24201";2
"8818";"J_Fab_Den";2018;"s24211";2
"8819";"J_Fab_Den";2022;"S116276";2
"8820";"Jackson's_Hole_Den";2010;"s3970";2
"8821";"Juarez_Den";2012;"s9807";2
"8822";"Judith_Den";2016;"s20539";2
"8823";"Judith_Den";2016;"s20544";2
"8824";"Judith_Den";2016;"s20588";2
"8825";"Judith_Den";2016;"s20605";2
"8826";"Judith_Den";2016;"s20635";2
"8827";"Judith_Den";2016;"s20643";2
"8828";"Judith_Den";2016;"s20652";2
"8829";"Judith_Den";2017;"s20957";2
"8830";"Judith_Den2";2016;"s20561";2
"8831";"Judith_Den2";2016;"s20566";2
"8832";"Judith_Den2";2016;"s20616";2
"8833";"Kabbalah_Den";2017;"s22427.1";2
"8834";"Kahana_Den";2012;"s8736";2
"8835";"Kahana_Den";2012;"s8756";2
"8836";"Kahana_Den";2012;"s8762";2
"8837";"Kinda-See-Em_Den";2005;"t50792";2
"8838";"Kinda-See-Em_Den";2005;"t54170";2
"8839";"Kinda-See-Em_Den";2005;"t54361";2
"8840";"Kinda-See-Em_Den";2006;"t56381";2
"8841";"Kinda-See-Em_Den";2006;"t58973";2
"8842";"Kinda-See-Em_Den";2006;"t59189";2
"8843";"Kinda-See-Em_Den";2008;"t62415";2
"8844";"Kinda-See-Em_Den";2008;"t62456";2
"8845";"Kinda-See-Em_Den";2008;"t62654";2
"8846";"Kinda-See-Em_Den";2008;"t62659";2
"8847";"Kinda-See-Em_Den";2008;"t62669";2
"8848";"Kinda-See-Em_Den";2008;"t63115";2
"8849";"Kinda-See-Em_Den";2008;"t63372";2
"8850";"Kinda-See-Em_Den";2008;"t63430";2
"8851";"Kinda-See-Em_Den";2008;"t63491";2
"8852";"Kinda-See-Em_Den";2008;"t63632";2
"8853";"Kinda-See-Em_Den";2008;"t63662";2
"8854";"Kinda-See-Em_Den";2008;"t64031";2
"8855";"Kinda-See-Em_Den";2008;"t64619";2
"8856";"Kinda-See-Em_Den";2009;"t64783";2
"8857";"Kinda-See-Em_Den";2009;"t64838";2
"8858";"Kinda-See-Em_Den";2009;"t64959";2
"8859";"Kinda-See-Em_Den";2009;"t65044";2
"8860";"Kinda-See-Em_Den";2009;"t65059";2
"8861";"Kinda-See-Em_Den";2009;"t65174";2
"8862";"Kinda-See-Em_Den";2009;"t65709";2
"8863";"Kinda-See-Em_Den";2009;"t66683";2
"8864";"Kinda-See-Em_Den";2010;"t68166";2
"8865";"Kinda-See-Em_Den";2010;"t68175";2
"8866";"Kinda-See-Em_Den";2010;"t68199";2
"8867";"Kinda-See-Em_Den";2010;"t68220";2
"8868";"Kinda-See-Em_Den";2010;"t68257";2
"8869";"Kinda-See-Em_Den";2010;"t68273";2
"8870";"Kinda-See-Em_Den";2010;"t68755";2
"8871";"Kinda-See-Em_Den";2010;"t71233";2
"8872";"Kinda-See-Em_Den";2013;"t82696";2
"8873";"Kinda-See-Em_Den";2013;"t82943";2
"8874";"Kinda-See-Em_Den";2013;"t82960";2
"8875";"Kinda-See-Em_Den";2013;"t83087";2
"8876";"Kinda-See-Em_Den";2013;"t84367";2
"8877";"Kinda-See-Em_Den";2013;"t84391";2
"8878";"Kinda-See-Em_Den";2013;"t84401";2
"8879";"Kinda-See-Em_Den";2013;"t84520";2
"8880";"Kinda-See-Em_Den";2013;"t84627";2
"8881";"Kinda-See-Em_Den";2013;"t84655";2
"8882";"Kinda-See-Em_Den";2013;"t84682";2
"8883";"Kinda-See-Em_Den";2013;"t84692";2
"8884";"Kinda-See-Em_Den";2013;"t84768";2
"8885";"Kinda-See-Em_Den";2013;"t84771";2
"8886";"Kinda-See-Em_Den";2013;"t84827";2
"8887";"Kinda-See-Em_Den";2013;"t84857";2
"8888";"Kinda-See-Em_Den";2013;"t84945";2
"8889";"Kinda-See-Em_Den";2015;"t89963";2
"8890";"Kinda-See-Em_Den";2015;"t92120";2
"8891";"Kinda-See-Em_Den";2015;"t92131";2
"8892";"Kinda_See_Em_Den_Two";2010;"t69167";2
"8893";"Kinda_See_Em_Den_Two";2010;"t69296";2
"8894";"Kinda_See_Em_Den_Two";2010;"t69719";2
"8895";"Kinda_See_Em_Den_Two";2010;"t71257";2
"8896";"Kinda_See_Em_Den_Two";2011;"t71924";2
"8897";"Kinda_See_Em_Den_Two";2011;"t71939";2
"8898";"Kit_Kat_Den";2011;"s5023";2
"8899";"Kit_Kat_Den";2015;"s17658";2
"8900";"Kit_Kat_Den";2015;"s17676";2
"8901";"Kit_Kat_Den";2015;"s17689";2
"8902";"Kit_Kat_Den";2015;"s17697";2
"8903";"Kit_Kat_Den";2016;"s18356";2
"8904";"Kit_Kat_Den";2016;"s18405";2
"8905";"Kit_Kat_Den";2016;"s18408";2
"8906";"Kit_Kat_Den";2016;"s18414";2
"8907";"Kit_Kat_Den";2016;"s18415.1";2
"8908";"Kit_Kat_Den";2016;"s18427";2
"8909";"Kit_Kat_Den";2016;"s18437";2
"8910";"Kit_Kat_Den";2016;"s18512";2
"8911";"Kit_Kat_Den";2016;"s19530";2
"8912";"Kit_Kat_Den";2016;"s19591";2
"8913";"Kit_Kat_Den";2016;"s19610";2
"8914";"Kit_Kat_Den";2016;"s19616";2
"8915";"Kit_Kat_Den";2016;"s19623";2
"8916";"Kit_Kat_Den";2016;"s19677";2
"8917";"Kit_Kat_Den";2016;"s19715";2
"8918";"Kit_Kat_Den";2016;"s19853";2
"8919";"Kit_Kat_Den";2016;"s19861";2
"8920";"Kit_Kat_Den";2016;"s19865";2
"8921";"Kit_Kat_Den";2016;"s19886";2
"8922";"Kitchen_Natal_Den";2009;"t66280";2
"8923";"Kolding_Den";2011;"s6946";2
"8924";"Kolding_Den";2011;"s7033";2
"8925";"Krakow_Den";2012;"s8058";2
"8926";"Krakow_Den";2012;"s8061.1";2
"8927";"Krakow_Den";2012;"s8275";2
"8928";"Krakow_Den";2012;"s8280";2
"8929";"Krakow_Den";2012;"s8286";2
"8930";"Krakow_Den";2012;"s8292";2
"8931";"Krakow_Den";2012;"s8301";2
"8932";"Lala_Den";2006;"t58141";2
"8933";"Lala_Den";2006;"t58283";2
"8934";"Lala_Den";2006;"t58428";2
"8935";"Lala_Den";2006;"t58781";2
"8936";"Lala_Den";2009;"t67195";2
"8937";"Larceny_Den";2010;"s1222";2
"8938";"Larceny_Den";2010;"s1230";2
"8939";"Larceny_Den";2010;"s1238";2
"8940";"Larceny_Den";2010;"s1246";2
"8941";"Larceny_Den";2010;"s1247";2
"8942";"Larceny_Den";2010;"s1253";2
"8943";"Lazy_French_Den";2015;"t90788";2
"8944";"Lazy_French_Den";2015;"t90793";2
"8945";"Lazy_French_Den";2015;"t90803";2
"8946";"Lazy_French_Den";2015;"t90815";2
"8947";"Lazy_French_Den";2015;"t90825";2
"8948";"Lazy_French_Den";2015;"t90841";2
"8949";"Lazy_French_Den";2015;"t90845";2
"8950";"Lazy_French_Den";2015;"t90855";2
"8951";"Lazy_French_Den";2015;"t90861";2
"8952";"Lazy_French_Den";2015;"t90866";2
"8953";"Lazy_French_Den";2015;"t90874";2
"8954";"Lazy_French_Den";2015;"t90886";2
"8955";"Lazy_French_Den";2015;"t90890";2
"8956";"Lazy_French_Den";2015;"t90904";2
"8957";"Lazy_French_Den";2015;"t90910";2
"8958";"Lazy_French_Den";2015;"t90917";2
"8959";"Lazy_French_Den";2015;"t90925";2
"8960";"Lazy_French_Den";2015;"t90939";2
"8961";"Lazy_French_Den";2015;"t90948";2
"8962";"Lazy_French_Den";2015;"t90952";2
"8963";"Lazy_French_Den";2015;"t90956";2
"8964";"Lazy_French_Den";2015;"t92050";2
"8965";"Lighthouse_Den";2010;"s4605";2
"8966";"Lighthouse_Den";2011;"s4766";2
"8967";"Lighthouse_Den";2011;"s4780";2
"8968";"Lighthouse_Den";2011;"s4797";2
"8969";"Lighthouse_Den";2011;"s4804";2
"8970";"Lighthouse_Den";2011;"s4811";2
"8971";"Lighthouse_Den";2011;"s4830";2
"8972";"Lighthouse_Den";2013;"s11515";2
"8973";"Lighthouse_Den";2013;"s11590";2
"8974";"Lighthouse_Den";2013;"s11598";2
"8975";"Lighthouse_Den";2013;"s11599";2
"8976";"Lighthouse_Den";2013;"s11614";2
"8977";"Lighthouse_Den";2013;"s11620";2
"8978";"Lilac_Breasted_Roller_Den";2022;"S116336";2
"8979";"Locke_Den";2010;"s4344";2
"8980";"Log_Cabin's_Culvert_Den";2023;"s118001";2
"8981";"Log_Cabin's_Culvert_Den";2023;"s118003";2
"8982";"Log_Cabin's_Culvert_Den";2023;"s118040";2
"8983";"Lone_Elephant_Den";2021;"s115605";2
"8984";"Lone_Elephant_Den";2022;"s115804";2
"8985";"Lone_Elephant_Den2";2021;"s115607";2
"8986";"Lone_Elephant_Den2";2022;"s115612";2
"8987";"Lone_Elephant_Den2";2022;"s115613";2
"8988";"Lone_Elephant_Den_3";2022;"s115619";2
"8989";"Lone_Elephant_Den_3";2022;"s115794";2
"8990";"Lone_Elephant_Den_3";2022;"s115799";2
"8991";"Lone_Elephant_Den_4";2022;"s115668";2
"8992";"Lone_Elephant_Den_4";2022;"s115673";2
"8993";"Lone_Ranger_Natal_Den";2009;"t66217";2
"8994";"Lucky_Leopard_Den";2014;"t88010";2
"8995";"Lucky_Leopard_Den";2014;"t88041";2
"8996";"Lucky_Leopard_Den";2014;"t88091";2
"8997";"Lucky_Leopard_Den";2014;"t88093";2
"8998";"Lucky_Leopard_Den";2014;"t88140";2
"8999";"Lucky_Leopard_Den";2014;"t88181";2
"9000";"Lucky_Leopard_Den";2014;"t88183";2
"9001";"Lucky_Leopard_Den";2014;"t88206";2
"9002";"Lucky_Leopard_Den";2014;"t88347";2
"9003";"Lucky_Leopard_Den";2014;"t88366";2
"9004";"Lucky_Leopard_Den";2014;"t88423";2
"9005";"Lucky_Leopard_Den";2014;"t88485";2
"9006";"Lucky_Leopard_Den";2014;"t88494";2
"9007";"Lucky_Leopard_Den";2014;"t88567";2
"9008";"Lucky_Leopard_Den";2014;"t88605";2
"9009";"Lucky_Leopard_Den";2014;"t88623";2
"9010";"Lucky_Leopard_Den";2014;"t88634";2
"9011";"Lucky_Leopard_Den";2016;"t94589";2
"9012";"Lucky_Leopard_Den";2016;"t94894";2
"9013";"Lugga_Den";2022;"s115909";2
"9014";"Lugga_Den2";2017;"s21828";2
"9015";"Lugga_Den2";2017;"s21836";2
"9016";"Lugga_Den_4";2022;"s115931";2
"9017";"Lugga_Den_II";2022;"S116340";2
"9018";"Lugga_Den_II";2022;"S116346";2
"9019";"Lugga_Den_lll";2017;"s21863";2
"9020";"Maggie_Den";2014;"t87466";2
"9021";"Maggie_Den";2014;"t87704";2
"9022";"Maggie_Den";2014;"t87847";2
"9023";"Magic_Bush_Den";2014;"t85084";2
"9024";"Magic_Bush_Den";2014;"t85124";2
"9025";"Magic_Bush_Den";2014;"t85153";2
"9026";"Magic_Bush_Den";2018;"t104650";2
"9027";"Main_Den_One_Creek_Crossing";2011;"t72336";2
"9028";"Malmö_Den";2012;"s7963";2
"9029";"Malmö_Den";2012;"s7968";2
"9030";"Malmö_Den";2012;"s7976";2
"9031";"Meatloaf_Den";2015;"s17803";2
"9032";"Meatloaf_Den";2018;"s23020";2
"9033";"Mexicalli_Den";2012;"s9665";2
"9034";"Mid_Rocks_Den";2023;"s132316";2
"9035";"Mid_Rocks_Den";2023;"s132333";2
"9036";"Mid_Rocks_Den";2023;"s132336";2
"9037";"Mid_Rocks_Den";2023;"s132343";2
"9038";"Mid_Rocks_Den";2023;"s132429";2
"9039";"Milkyway_Den";2014;"t87464";2
"9040";"Milkyway_Den";2014;"t87545";2
"9041";"Mindy's_Den";2013;"s10152";2
"9042";"Moat_Den";2016;"s20262";2
"9043";"Moonset_Den";2015;"s16881";2
"9044";"Mountaineer_Den";2018;"t102850.2";2
"9045";"Mountaineer_Den";2018;"t102856";2
"9046";"Mountaineer_Den";2018;"t102879";2
"9047";"Mountaineer_Den";2018;"t102982";2
"9048";"Mountaineer_Den";2018;"t104102";2
"9049";"Mountaineer_Den";2018;"t104408";2
"9050";"Mountaineer_Den";2018;"t104423";2
"9051";"Mountaineer_Den";2018;"t104458";2
"9052";"Mountaineer_Den";2018;"t104471";2
"9053";"Mr._Cluck's_Chicken_Shack_Den";2011;"s5308";2
"9054";"Mr._Eko_Den";2014;"s14831";2
"9055";"Mr._Eko_Den";2014;"s14837";2
"9056";"Muffin_Den";2013;"s11306";2
"9057";"National_Cornchip_Day_Den";2013;"s10438";2
"9058";"National_Cornchip_Day_Den";2013;"s9957";2
"9059";"National_Cornchip_Day_Den";2013;"s9971";2
"9060";"New_Queen's_Throne_Natal_Den";2012;"s8346";2
"9061";"Nimekufa_Kindani_Den";2018;"t104967";2
"9062";"Nimekufa_Kindani_Den";2018;"t104978";2
"9063";"No_See_Em_Den";2004;"t44281";2
"9064";"No_See_Em_Den";2004;"t44294";2
"9065";"No_See_Em_Den";2004;"t44343";2
"9066";"No_See_Em_Den";2004;"t44369";2
"9067";"No_See_Em_Den";2004;"t44387";2
"9068";"No_See_Em_Den";2004;"t44409";2
"9069";"No_See_Em_Den";2004;"t44422";2
"9070";"No_See_Em_Den";2004;"t44487";2
"9071";"No_See_Em_Den";2004;"t44504";2
"9072";"No_See_Em_Den";2004;"t44527";2
"9073";"No_See_Em_Den";2004;"t44544";2
"9074";"No_See_Em_Den";2004;"t44612";2
"9075";"No_See_Em_Den";2005;"t50832";2
"9076";"No_See_Em_Den";2005;"t51013";2
"9077";"No_See_Em_Den";2005;"t51206";2
"9078";"No_See_Em_Den";2005;"t51248";2
"9079";"No_See_Em_Den";2005;"t51335";2
"9080";"No_See_Em_Den";2005;"t51519";2
"9081";"No_See_Em_Den";2005;"t51751";2
"9082";"No_See_Em_Den";2005;"t51768";2
"9083";"No_See_Em_Den";2005;"t51925";2
"9084";"No_See_Em_Den";2005;"t51966";2
"9085";"No_See_Em_Den";2005;"t52107";2
"9086";"No_See_Em_Den";2005;"t52189";2
"9087";"No_See_Em_Den";2005;"t52296";2
"9088";"No_See_Em_Den";2005;"t52314";2
"9089";"No_See_Em_Den";2005;"t52375";2
"9090";"No_See_Em_Den";2005;"t52713";2
"9091";"No_See_Em_Den";2005;"t52962";2
"9092";"No_See_Em_Den";2005;"t53009";2
"9093";"No_See_Em_Den";2005;"t53576";2
"9094";"No_See_Em_Den";2005;"t53655";2
"9095";"No_See_Em_Den";2005;"t53675";2
"9096";"No_See_Em_Den";2005;"t53748";2
"9097";"No_See_Em_Den";2005;"t53816";2
"9098";"No_See_Em_Den";2005;"t53941";2
"9099";"No_See_Em_Den";2005;"t54473";2
"9100";"No_See_Em_Den";2006;"t58605";2
"9101";"No_See_Em_Den";2008;"t62930";2
"9102";"No_See_Em_Den";2008;"t63697";2
"9103";"No_See_Em_Den";2009;"t66593";2
"9104";"No_See_Em_Den";2009;"t67060";2
"9105";"No_See_Em_Den";2009;"t67391";2
"9106";"Nogales_Den";2009;"s826";2
"9107";"Nogales_Den";2011;"s7653";2
"9108";"Nogales_Den";2011;"s7654";2
"9109";"Nogales_Den";2012;"s9676";2
"9110";"Nogales_Den";2012;"s9798";2
"9111";"Nogales_Den";2012;"s9799";2
"9112";"Nogales_Den";2019;"s110423";2
"9113";"Nogales_Den";2019;"s110453";2
"9114";"Nomadic_Den";2015;"t92354";2
"9115";"Nomadic_Den";2015;"t92417";2
"9116";"Nyumba_Ndege_Den";2011;"s6280.1";2
"9117";"Nyumba_Ndege_Den";2011;"s6342";2
"9118";"Oceanic_Den";2009;"s3802";2
"9119";"Oceanic_Den";2014;"s15062";2
"9120";"Oceanic_Den";2014;"s15101.2";2
"9121";"Oceanic_Den";2014;"s15115";2
"9122";"Oceanic_Den";2014;"s15198";2
"9123";"Oceanic_Den";2014;"s15226";2
"9124";"Oceanic_Den";2014;"s15243";2
"9125";"Oceanic_Den";2014;"s15278";2
"9126";"Oceanic_Den";2014;"s15290";2
"9127";"Oceanic_Den";2015;"s15316";2
"9128";"Oceanic_Den";2015;"s15325";2
"9129";"Oceanic_Den";2015;"s15331";2
"9130";"Oceanic_Den";2015;"s15346";2
"9131";"Oceanic_Den";2019;"s110196.1";2
"9132";"Oceanic_Den";2019;"s110198";2
"9133";"Ollivander's_Den";2010;"s3319";2
"9134";"Ollivander's_Den";2010;"s3326";2
"9135";"Ollivander's_Den";2016;"s19971";2
"9136";"Ollivander's_Den";2016;"s20002";2
"9137";"Ollivander's_Den";2016;"s20007";2
"9138";"Ollivander's_Den";2016;"s20018";2
"9139";"Ollivander's_Den";2016;"s20116";2
"9140";"Ollivander's_Den";2016;"s20135";2
"9141";"Ollivander's_Den";2023;"s117194";2
"9142";"Olosogon_West_Bank_Natal_Den";2002;"t34130";2
"9143";"Olosogon_West_Bank_Natal_Den";2002;"t34132";2
"9144";"Olosogon_West_Bank_Natal_Den";2002;"t34195";2
"9145";"Olosogon_West_Bank_Natal_Den";2002;"t34600";2
"9146";"Olosogon_West_Bank_Natal_Den";2002;"t34668";2
"9147";"Olosogon_West_Bank_Natal_Den";2002;"t34713";2
"9148";"Olosogon_West_Bank_Natal_Den";2002;"t34778";2
"9149";"Olosogon_West_Bank_Natal_Den";2002;"t34789";2
"9150";"Oodelali_Den";2016;"s19233";2
"9151";"Orchid_Den";2009;"s3730";2
"9152";"Orchid_Den";2009;"s3733";2
"9153";"Orchid_Den";2009;"s3762";2
"9154";"Orchid_Den";2010;"s4024";2
"9155";"Orchid_Den";2010;"s4037";2
"9156";"Orchid_Den";2010;"s4045";2
"9157";"Orchid_Den";2010;"s4051";2
"9158";"Orchid_Den";2010;"s4075";2
"9159";"Orchid_Den";2010;"s4106";2
"9160";"Orchid_Den";2010;"s4134";2
"9161";"Orchid_Den";2010;"s4186";2
"9162";"Orchid_Den";2010;"s4223";2
"9163";"Orchid_Den";2010;"s4236";2
"9164";"Orchid_Den";2010;"s4286";2
"9165";"Oslo_Den";2011;"s6025";2
"9166";"Over_the_River_Den";2005;"t53726";2
"9167";"Oxytocin_Den";2012;"s9155";2
"9168";"Oy_Vey_Den";2013;"s12464";2
"9169";"Oy_Vey_Den";2013;"s12468";2
"9170";"Paradise_Den";2003;"t40009";2
"9171";"Paradise_Den";2003;"t40174";2
"9172";"Paradise_Den";2004;"t48862";2
"9173";"Paradise_Den";2004;"t48887";2
"9174";"Paradise_Den";2004;"t48905";2
"9175";"Paradise_Den";2004;"t48950";2
"9176";"Paradise_Den";2008;"t63743";2
"9177";"Paradise_Den";2009;"t65821";2
"9178";"Paradise_Den";2009;"t65917";2
"9179";"Paradise_Den";2009;"t65920";2
"9180";"Pearl_Den";2009;"s3787";2
"9181";"Plantation_Den";2002;"t32073";2
"9182";"Plantation_Den";2002;"t32490";2
"9183";"Plantation_Den";2002;"t32575";2
"9184";"Plantation_Den";2002;"t32603";2
"9185";"Plantation_Den";2002;"t34156";2
"9186";"Plantation_Den";2002;"t34598";2
"9187";"Plantation_Den";2002;"t34739";2
"9188";"Plantation_Den";2002;"t35303";2
"9189";"Plantation_Den";2002;"t35477";2
"9190";"Plantation_Den";2002;"t35488";2
"9191";"Plantation_Den";2002;"t35726";2
"9192";"Plantation_Den";2002;"t35942";2
"9193";"Plantation_Den";2002;"t36340";2
"9194";"Plantation_Den";2002;"t36555";2
"9195";"Plantation_Den";2002;"t36569";2
"9196";"Plantation_Den";2002;"t36612";2
"9197";"Plantation_Den";2002;"t36634";2
"9198";"Plantation_Den";2002;"t36650";2
"9199";"Plantation_Den";2002;"t36704";2
"9200";"Plantation_Den";2003;"t36831";2
"9201";"Plantation_Den";2003;"t36856";2
"9202";"Plantation_Den";2003;"t36897";2
"9203";"Plantation_Den";2003;"t36926";2
"9204";"Plantation_Den";2003;"t36948";2
"9205";"Plantation_Den";2003;"t37075";2
"9206";"Plantation_Den";2003;"t37235";2
"9207";"Plantation_Den";2003;"t37255";2
"9208";"Plantation_Den";2003;"t38372";2
"9209";"Plantation_Den";2003;"t38422";2
"9210";"Plantation_Den";2003;"t38627";2
"9211";"Plantation_Den";2003;"t39146";2
"9212";"Plantation_Den";2003;"t39277";2
"9213";"Plantation_Den";2003;"t39301";2
"9214";"Plantation_Den";2004;"t48065";2
"9215";"Plantation_Den";2004;"t48628";2
"9216";"Plantation_Den";2004;"t48771";2
"9217";"Plantation_Den";2004;"t48978";2
"9218";"Plantation_Den";2004;"t49423";2
"9219";"Plantation_Den";2004;"t49451";2
"9220";"Plantation_Den";2004;"t49761";2
"9221";"Plantation_Den";2004;"t49776";2
"9222";"Plantation_Den";2004;"t50431";2
"9223";"Plantation_Den";2004;"t50479";2
"9224";"Plantation_Den";2007;"t60144";2
"9225";"Plantation_Den";2013;"t82749";2
"9226";"Polar_Bear_Den";2010;"s4287";2
"9227";"Polar_Bear_Den";2010;"s4289";2
"9228";"Polar_Bear_Den";2010;"s4298";2
"9229";"Polar_Bear_Den";2010;"s4313";2
"9230";"Polar_Bear_Den";2010;"s4321";2
"9231";"Polar_Bear_Den";2014;"s15008";2
"9232";"Polar_Bear_Den";2014;"s15023";2
"9233";"Polar_Bear_Den";2014;"s15025";2
"9234";"Pole_not_Pole_Den";2014;"t87836";2
"9235";"Pole_not_Pole_Den";2014;"t87838";2
"9236";"Pole_not_Pole_Den";2014;"t87878";2
"9237";"Pole_not_Pole_Den";2014;"t87920";2
"9238";"Pole_not_Pole_Den";2014;"t87967";2
"9239";"Pole_not_Pole_Den";2014;"t87977";2
"9240";"Portcullis_Den";2015;"s16751";2
"9241";"Portcullis_Den";2016;"s20321";2
"9242";"Pothole_Den";2012;"t78576";2
"9243";"Pothole_Den";2012;"t78601";2
"9244";"Pothole_Den";2012;"t78717";2
"9245";"Pothole_Den";2012;"t78866";2
"9246";"Pothole_Den";2012;"t78868";2
"9247";"Pothole_Den";2012;"t78895";2
"9248";"Pothole_Den";2012;"t78907";2
"9249";"Pothole_Den";2012;"t78931";2
"9250";"Pothole_Den";2012;"t78935";2
"9251";"Pothole_Den";2012;"t78949";2
"9252";"Pothole_Den";2012;"t78978";2
"9253";"Pothole_Den";2012;"t79063";2
"9254";"Pothole_Den";2012;"t79081";2
"9255";"Pothole_Den";2012;"t79099";2
"9256";"Precipice_Den";2017;"s22134";2
"9257";"Precipice_Den";2017;"s22212";2
"9258";"Precipice_Den";2017;"s22564";2
"9259";"Precipice_Den";2017;"s22612";2
"9260";"Precipice_Den";2018;"s23182";2
"9261";"Precipice_Den_II";2018;"s23371";2
"9262";"Precipice_Den_III";2018;"s23345";2
"9263";"Precipice_Den_ll";2018;"s23206";2
"9264";"Precipice_Den_ll";2018;"s23218";2
"9265";"Precipice_Den_ll";2018;"s23251";2
"9266";"Precipice_Den_ll";2018;"s23353";2
"9267";"Railroad_Den";2008;"s3384";2
"9268";"Railroad_Den";2008;"s3395";2
"9269";"Railroad_Den";2008;"s3407";2
"9270";"Railroad_Den";2009;"s3414";2
"9271";"Railroad_Den";2009;"s3419";2
"9272";"Railroad_Den";2009;"s3424";2
"9273";"Railroad_Den";2009;"s3476";2
"9274";"Rang_Natal_Den";2017;"s22189";2
"9275";"Rang_Natal_Den";2017;"s22199";2
"9276";"Rang_Natal_Den";2017;"s22222";2
"9277";"Rang_Natal_Den";2017;"s22228";2
"9278";"Ranger_Den";2004;"t43999";2
"9279";"Ranger_Den";2005;"t50665";2
"9280";"Ranger_Den";2007;"t61791";2
"9281";"Ranger_Den";2009;"t64670";2
"9282";"Redemption_Den";2008;"s1337";2
"9283";"Redemption_Den";2008;"s1344";2
"9284";"Redemption_Den";2008;"s1355";2
"9285";"Redemption_Den";2008;"s1380";2
"9286";"Redemption_Den";2008;"s1386";2
"9287";"Redemption_Den";2008;"s1388";2
"9288";"Redemption_Den";2008;"s1389";2
"9289";"Redemption_Den";2008;"s1395";2
"9290";"Redemption_Den";2008;"s1396";2
"9291";"Redemption_Den";2008;"s1398";2
"9292";"Redemption_Den";2008;"s1402";2
"9293";"Redemption_Den";2009;"s2254";2
"9294";"Redemption_Den";2010;"s2480";2
"9295";"Redemption_Den";2010;"s2487";2
"9296";"Redemption_Den";2010;"s2492";2
"9297";"Redemption_Den";2010;"s2504";2
"9298";"Redemption_Den";2010;"s2508";2
"9299";"Redemption_Den";2010;"s2514";2
"9300";"Redemption_Den";2010;"s2515";2
"9301";"Redemption_Den";2010;"s2516";2
"9302";"Redemption_Den";2010;"s2522";2
"9303";"Redemption_Den";2010;"s2530";2
"9304";"Redemption_Den";2010;"s2533";2
"9305";"Redemption_Den";2010;"s2544";2
"9306";"Redemption_Den";2010;"s2553";2
"9307";"Redemption_Den";2010;"s2596";2
"9308";"Redemption_Den";2010;"s2606";2
"9309";"Redemption_Den";2010;"s2616";2
"9310";"Redemption_Den";2010;"s2620";2
"9311";"Redemption_Den";2010;"s2632";2
"9312";"Redemption_Den";2010;"s2638";2
"9313";"Redemption_Den";2010;"s2688";2
"9314";"Redemption_Den";2010;"s2724";2
"9315";"Redemption_Den";2010;"s2726";2
"9316";"Redemption_Den";2010;"s2739";2
"9317";"Redemption_Den";2010;"s2740";2
"9318";"Redemption_Den";2010;"s2748";2
"9319";"Redemption_Den";2010;"s2755";2
"9320";"Redemption_Den";2010;"s2756";2
"9321";"Redemption_Den";2010;"s2783";2
"9322";"Redemption_Den";2010;"s2789";2
"9323";"Redemption_Den";2010;"s2795";2
"9324";"Reese's_Den";2011;"s4932.1";2
"9325";"Reese's_Den";2011;"s4932.3";2
"9326";"Reese's_Den";2011;"s4933.1";2
"9327";"Reese's_Den";2011;"s4947";2
"9328";"Reese's_Den";2011;"s4949";2
"9329";"Reese's_Den";2011;"s4962";2
"9330";"Reese's_Den";2011;"s4981";2
"9331";"Reese's_Den";2011;"s4989.1";2
"9332";"Reese's_Den";2011;"s4996";2
"9333";"Resurrection_Communal_Den";2003;"t37891";2
"9334";"Resurrection_Communal_Den";2003;"t37916";2
"9335";"Resurrection_Communal_Den";2003;"t37956";2
"9336";"Resurrection_Communal_Den";2011;"t73441";2
"9337";"Resurrection_Communal_Den";2011;"t73492";2
"9338";"Resurrection_Communal_Den";2012;"t76696";2
"9339";"Resurrection_Communal_Den";2012;"t76780";2
"9340";"Resurrection_Communal_Den";2012;"t76930";2
"9341";"Resurrection_Communal_Den";2012;"t77324";2
"9342";"Resurrection_Communal_Den";2012;"t77326";2
"9343";"Resurrection_Communal_Den";2013;"t83331";2
"9344";"Resurrection_Communal_Den";2013;"t83418";2
"9345";"Resurrection_Communal_Den";2013;"t83571";2
"9346";"Resurrection_Main_Den";2015;"t93313";2
"9347";"Resurrection_Main_Den";2015;"t93324";2
"9348";"Resurrection_Main_Den";2015;"t94628";2
"9349";"Resurrection_Main_Den";2016;"t93452";2
"9350";"Resurrection_Main_Den";2016;"t93915";2
"9351";"Resurrection_Main_Den";2016;"t94401";2
"9352";"Resurrection_Main_Den";2016;"t94459";2
"9353";"Resurrection_Main_Den";2016;"t94731";2
"9354";"Resurrection_Main_Den";2016;"t94798";2
"9355";"Resurrection_Main_Den";2017;"t98458";2
"9356";"Resurrection_Main_Den";2017;"t98522";2
"9357";"Resurrection_Main_Den";2017;"t99137";2
"9358";"Resurrection_Main_Den";2017;"t99160";2
"9359";"Resurrection_Main_Den";2017;"t99248";2
"9360";"Resurrection_Main_Den";2018;"t101814.10";2
"9361";"Resurrection_Main_Den";2018;"t101887.10";2
"9362";"Resurrection_Main_Den";2018;"t101917.10";2
"9363";"Resurrection_Main_Den";2018;"t101940.10";2
"9364";"Resurrection_Main_Den";2019;"t105494";2
"9365";"Resurrection_Main_Den";2019;"t105763";2
"9366";"Reykjavik_Den";2011;"s6074";2
"9367";"Reykjavik_Den";2011;"s6093";2
"9368";"Reykjavik_Den";2011;"s6129.1";2
"9369";"Reykjavik_Den";2011;"s6137";2
"9370";"Riverbend_Den";2011;"t72880";2
"9371";"Riverbend_Den";2012;"t75273";2
"9372";"Riverbend_Den";2012;"t75276";2
"9373";"Riverbend_Den";2012;"t75323";2
"9374";"Riverbend_Den";2012;"t75579";2
"9375";"Riverbend_Den";2012;"t75618";2
"9376";"Riverbend_Den";2012;"t75734";2
"9377";"Riverbend_Den";2012;"t76060";2
"9378";"Riverbend_Den";2012;"t76192";2
"9379";"Riverbend_Den";2012;"t76951";2
"9380";"Riverbend_Den";2012;"t77208";2
"9381";"Riverbend_Den";2012;"t77703";2
"9382";"Riverbend_Den";2012;"t77910";2
"9383";"Riverbend_Den";2013;"t80281";2
"9384";"Riverbend_Den";2013;"t80423";2
"9385";"Riverbend_Den";2013;"t80509";2
"9386";"Riverbend_Den";2013;"t80529";2
"9387";"Riverbend_Den";2013;"t80547";2
"9388";"Riverbend_Den";2013;"t80696";2
"9389";"Riverbend_Den";2013;"t80698";2
"9390";"Riverbend_Den";2013;"t80711";2
"9391";"Riverbend_Den";2013;"t80790";2
"9392";"Riverbend_Den";2013;"t80902";2
"9393";"Riverbend_Den";2013;"t80983";2
"9394";"Riverbend_Den";2013;"t81498";2
"9395";"Riverbend_Den";2013;"t81557";2
"9396";"Riverbend_Den";2013;"t81558";2
"9397";"Riverbend_Den";2013;"t81675";2
"9398";"Riverbend_Den";2013;"t81764";2
"9399";"Riverbend_Den";2013;"t81809";2
"9400";"Riverbend_Den";2013;"t81932";2
"9401";"Riverbend_Den";2013;"t82256";2
"9402";"Riverbend_Den";2014;"t85278";2
"9403";"Riverbend_Den";2014;"t86367";2
"9404";"Riverbend_Den";2014;"t86426";2
"9405";"Riverbend_Den";2014;"t86544";2
"9406";"Riverbend_Den";2015;"t90509";2
"9407";"Riverbend_Den";2015;"t90603";2
"9408";"Riverbend_Den";2015;"t90713";2
"9409";"Riverbend_Den";2015;"t91406";2
"9410";"Riverbend_Den";2015;"t91424";2
"9411";"Riverbend_Den";2015;"t91482";2
"9412";"Riverbend_Den";2015;"t91614";2
"9413";"Riverbend_Den";2015;"t91625";2
"9414";"Riverbend_Den";2015;"t91672";2
"9415";"Riverbend_Den";2015;"t91891";2
"9416";"Riverbend_Den";2016;"t93386";2
"9417";"Riverbend_Den";2016;"t93405";2
"9418";"Riverbend_Den";2016;"t93450";2
"9419";"Riverbend_Den";2016;"t97082";2
"9420";"Riverbend_Den";2016;"t97210";2
"9421";"Riverbend_Den";2016;"t97254";2
"9422";"Riverbend_Den";2016;"t97306";2
"9423";"Riverbend_Den";2016;"t97326";2
"9424";"Riverbend_Den";2016;"t97338";2
"9425";"Riverbend_Den";2016;"t97430";2
"9426";"Riverbend_Den";2016;"t97487";2
"9427";"Riverbend_Den";2016;"t97648";2
"9428";"Riverbend_Den";2016;"t97685";2
"9429";"Riverbend_Den";2016;"t97850";2
"9430";"Riverbend_Den";2016;"t97945";2
"9431";"Riverbend_Den";2016;"t97979";2
"9432";"Riverbend_Den";2016;"t98034";2
"9433";"Riverbend_Den";2016;"t98057";2
"9434";"Riverbend_Den";2016;"t98084";2
"9435";"Riverbend_Den";2022;"t131059";2
"9436";"Rocky_Point_Den";2010;"s1007";2
"9437";"Rocky_Point_Den";2010;"s1014";2
"9438";"Rocky_Point_Den";2010;"s1021";2
"9439";"Rocky_Point_Den";2010;"s1026";2
"9440";"Rocky_Point_Den";2010;"s1028";2
"9441";"Rocky_Point_Den";2010;"s1030";2
"9442";"Rocky_Point_Den";2010;"s1035";2
"9443";"Rocky_Point_Den";2010;"s1046";2
"9444";"Rocky_Point_Den";2010;"s1065";2
"9445";"Rocky_Point_Den";2010;"s1070";2
"9446";"Rocky_Point_Den";2010;"s1080";2
"9447";"Rocky_Point_Den";2010;"s1094";2
"9448";"Rocky_Point_Den";2010;"s1099";2
"9449";"Rocky_Point_Den";2010;"s1104";2
"9450";"Rocky_Point_Den";2010;"s1107";2
"9451";"Rocky_Point_Den";2010;"s1112";2
"9452";"Rocky_Point_Den";2010;"s1114";2
"9453";"Rocky_Point_Den";2010;"s1117";2
"9454";"Rocky_Point_Den";2010;"s1120";2
"9455";"Rocky_Point_Den";2010;"s1124";2
"9456";"Roosevelt's_Natal_Den_2014";2014;"t87005";2
"9457";"Roosevelt's_Natal_Den_2014";2014;"t87241";2
"9458";"Roosevelt's_Natal_Den_2014";2014;"t87294";2
"9459";"Roosevelt's_Natal_Den_2014";2015;"t91976";2
"9460";"Roosevelt's_Natal_Den_2014";2015;"t92483";2
"9461";"Roosevelt's_Natal_Den_2014";2015;"t92583";2
"9462";"Roosevelt's_Natal_Den_2014";2015;"t92806";2
"9463";"Roosevelt's_Natal_Den_2014";2015;"t92833";2
"9464";"Rousseau_Den";2013;"s12147";2
"9465";"Rousseau_Den";2014;"s14560";2
"9466";"Rousseau_Den";2014;"s14690";2
"9467";"Rousseau_Den";2014;"s14771";2
"9468";"Runway_Den";2009;"s1914";2
"9469";"Runway_Den";2009;"s1971";2
"9470";"Runway_Den";2009;"s2046";2
"9471";"Runway_Den";2009;"s2050";2
"9472";"Runway_Den";2009;"s2055";2
"9473";"Runway_Den";2009;"s2154";2
"9474";"Runway_Den";2009;"s2173";2
"9475";"Runway_Den";2019;"s109512";2
"9476";"Runway_Den";2019;"s109988";2
"9477";"Runway_Den";2020;"s114451.1";2
"9478";"Runway_Den";2020;"s114459.1";2
"9479";"Runway_Den";2020;"s114501.1";2
"9480";"Runway_Den";2021;"s114451";2
"9481";"Runway_Den";2021;"s114522";2
"9482";"Runway_Den";2021;"s114564";2
"9483";"Runway_Den_3";2019;"s109497";2
"9484";"Runway_Den_3";2020;"s114480.1";2
"9485";"Runway_Den_3";2020;"s114498.2";2
"9486";"Runway_Den_3";2020;"s114525.1";2
"9487";"Runway_Den_II";2008;"s1416";2
"9488";"Saito's_Den_2";2022;"S115969";2
"9489";"Saito's_Den_2";2022;"S115994";2
"9490";"Saito's_Den_2";2022;"S116147";2
"9491";"Saito's_Den_2";2022;"S116176";2
"9492";"Sawyer_Den";2010;"s4457";2
"9493";"Sawyer_Den";2010;"s4461";2
"9494";"Sawyer_Den";2010;"s4481";2
"9495";"Sawyer_Den";2010;"s4489";2
"9496";"Sawyer_Den";2010;"s4532";2
"9497";"Sawyer_Den";2010;"s4562";2
"9498";"Sawyer_Den";2010;"s4573";2
"9499";"Sawyer_Den";2010;"s4579";2
"9500";"Sawyer_Den";2010;"s4611";2
"9501";"Scenic_Den";2022;"S116200";2
"9502";"Schiphol_Den";2010;"s3152";2
"9503";"Schiphol_Den";2010;"s3192";2
"9504";"Schiphol_Den";2010;"s3208";2
"9505";"Schiphol_Den";2010;"s3220";2
"9506";"Schiphol_Den";2010;"s3226";2
"9507";"Schiphol_Den";2010;"s3228";2
"9508";"Schiphol_Den";2010;"s3235";2
"9509";"Schiphol_Den";2010;"s3236";2
"9510";"Schiphol_Den";2010;"s3243";2
"9511";"Schiphol_Den";2011;"s5945";2
"9512";"Schiphol_Den";2011;"s5952";2
"9513";"Schiphol_Den";2011;"s5972";2
"9514";"Schiphol_Den";2011;"s5975";2
"9515";"Schiphol_Den";2011;"s5999";2
"9516";"Schiphol_Den";2011;"s6006";2
"9517";"Schiphol_Den";2011;"s6008";2
"9518";"Schiphol_Den";2011;"s6099";2
"9519";"Schiphol_Den";2011;"s6105";2
"9520";"Schiphol_Den";2011;"s6109";2
"9521";"Schiphol_Den";2011;"s6120";2
"9522";"Schiphol_Den";2011;"s6128.7";2
"9523";"Schiphol_Den";2011;"s6135";2
"9524";"Schiphol_Den";2011;"s6158";2
"9525";"Schiphol_Den";2011;"s6195";2
"9526";"Schiphol_Den";2011;"s6212";2
"9527";"Schiphol_Den";2011;"s6238";2
"9528";"Schiphol_Den";2011;"s6257";2
"9529";"Schiphol_Den";2011;"s6298.1";2
"9530";"Schiphol_Den";2013;"s10071";2
"9531";"Schiphol_Den";2013;"s10291.1";2
"9532";"Schiphol_Den";2013;"s10483";2
"9533";"Schiphol_Den";2013;"s10497";2
"9534";"Schiphol_Den";2013;"s10539";2
"9535";"Schiphol_Den";2013;"s10540";2
"9536";"Schiphol_Den";2013;"s10570";2
"9537";"Schiphol_Den";2013;"s10608";2
"9538";"Schiphol_Den";2013;"s10626";2
"9539";"Schiphol_Den";2013;"s11353";2
"9540";"Schiphol_Den";2013;"s11404";2
"9541";"Schiphol_Den";2014;"s13202";2
"9542";"Schiphol_Den";2014;"s13205";2
"9543";"Schiphol_Den";2014;"s13216";2
"9544";"Schiphol_Den";2014;"s13220";2
"9545";"Schiphol_Den";2014;"s13237";2
"9546";"Schiphol_Den";2014;"s13253";2
"9547";"Schiphol_Den";2014;"s13272";2
"9548";"Schiphol_Den";2014;"s13321";2
"9549";"Schiphol_Den";2014;"s13323";2
"9550";"Schiphol_Den";2014;"s13430";2
"9551";"Schiphol_Den";2014;"s13433";2
"9552";"Schiphol_Den";2014;"s13471";2
"9553";"Schiphol_Den";2014;"s13506";2
"9554";"Schiphol_Den";2014;"s13507";2
"9555";"Schiphol_Den";2014;"s13522";2
"9556";"Schiphol_Den";2014;"s13531";2
"9557";"Schiphol_Den";2014;"s13537";2
"9558";"Schiphol_Den";2014;"s13540";2
"9559";"Schiphol_Den";2014;"s13550";2
"9560";"Schiphol_Den";2014;"s13552";2
"9561";"Schiphol_Den";2014;"s13557";2
"9562";"Schiphol_Den";2014;"s13576";2
"9563";"Schiphol_Den";2014;"s13584";2
"9564";"Schiphol_Den";2014;"s13621";2
"9565";"Schiphol_Den";2014;"s13622";2
"9566";"Schiphol_Den";2014;"s13628";2
"9567";"Schiphol_Den";2014;"s13637";2
"9568";"Schiphol_Den";2014;"s13645";2
"9569";"Schiphol_Den";2014;"s13706";2
"9570";"Schiphol_Den";2014;"s13750";2
"9571";"Schiphol_Den";2015;"s17109";2
"9572";"Schiphol_Den";2015;"s17140";2
"9573";"Schiphol_Den";2015;"s17141";2
"9574";"Schmuzty_Den";2013;"s12417";2
"9575";"Schmuzty_Den";2013;"s12423";2
"9576";"Scrapple_Den";2011;"s6272.1";2
"9577";"Seatac_Den";2009;"s2248";2
"9578";"Secluded_Den";2014;"t86897";2
"9579";"Silk_Natal_Den";2018;"s24093";2
"9580";"Silk_Natal_Den";2018;"s24149";2
"9581";"Singizi_Den";2014;"t87990";2
"9582";"Singizi_Den";2014;"t87995";2
"9583";"Singizi_Den";2014;"t88008";2
"9584";"Singizi_Den";2014;"t88030";2
"9585";"Singizi_Den";2014;"t88038";2
"9586";"Singizi_Den";2014;"t88048";2
"9587";"Singizi_Den";2014;"t88086";2
"9588";"Sleepy_Den";2019;"s110393";2
"9589";"Sleepy_Den";2019;"s110403";2
"9590";"Sleepy_Den";2019;"s110413";2
"9591";"Slytherin_Den";2010;"s3062";2
"9592";"Slytherin_Den";2010;"s3068";2
"9593";"Smoke_Monster_Den";2013;"s12073";2
"9594";"Smoke_Monster_Den";2013;"s12119";2
"9595";"Snowbird_Den";2009;"s3909";2
"9596";"Soda_Fountain_Den";2009;"s2300";2
"9597";"Some_Freaky_Lions_Den";2018;"s23878";2
"9598";"Some_Freaky_Lions_Den";2018;"s23880";2
"9599";"Some_Freaky_Lions_Den_3";2023;"S117673";2
"9600";"Some_Freaky_Lions_Den_3";2023;"s117898";2
"9601";"South_Den";2008;"s3337";2
"9602";"South_Den";2008;"s3351";2
"9603";"South_Den";2008;"s3352";2
"9604";"South_Den";2008;"s3355";2
"9605";"South_Den";2008;"s3357";2
"9606";"South_Den";2008;"s3381";2
"9607";"Special_Den";2019;"t105474";2
"9608";"Special_Den";2019;"t105483";2
"9609";"Special_Den";2019;"t105756";2
"9610";"Submarine_Den";2010;"s4077";2
"9611";"Submarine_Den";2010;"s4079";2
"9612";"Summit_Den";2014;"s15197";2
"9613";"Summit_Den";2014;"s15225";2
"9614";"Summit_Den";2014;"s15228";2
"9615";"Sunrise_Valley_Communal_Den/Natal_Den";2002;"t36063";2
"9616";"Sunrise_Valley_Communal_Den/Natal_Den";2002;"t36099";2
"9617";"Sunrise_Valley_Communal_Den/Natal_Den";2002;"t36291";2
"9618";"Sunrise_Valley_Communal_Den/Natal_Den";2002;"t36401";2
"9619";"Sunrise_Valley_Communal_Den/Natal_Den";2002;"t36433";2
"9620";"Sunrise_Valley_Communal_Den/Natal_Den";2003;"t39094";2
"9621";"Sunrise_Valley_Communal_Den/Natal_Den";2003;"t39116";2
"9622";"Sunrise_Valley_Communal_Den/Natal_Den";2003;"t39128";2
"9623";"Sunrise_Valley_Communal_Den/Natal_Den";2003;"t39129";2
"9624";"Sunrise_Valley_Communal_Den/Natal_Den";2003;"t39293";2
"9625";"Sunrise_Valley_Communal_Den/Natal_Den";2004;"t48590";2
"9626";"Sunrise_Valley_Communal_Den/Natal_Den";2004;"t48816";2
"9627";"Sunrise_Valley_Communal_Den/Natal_Den";2005;"t53369";2
"9628";"Sunrise_Valley_Communal_Den/Natal_Den";2005;"t53378";2
"9629";"Sunrise_Valley_Communal_Den/Natal_Den";2005;"t53395";2
"9630";"Sunrise_Valley_Communal_Den/Natal_Den";2005;"t53417";2
"9631";"Sunrise_Valley_Communal_Den/Natal_Den";2005;"t53494";2
"9632";"Sunrise_Valley_Communal_Den/Natal_Den";2005;"t53507";2
"9633";"Sunrise_Valley_Communal_Den/Natal_Den";2005;"t53525";2
"9634";"Sunrise_Valley_Communal_Den/Natal_Den";2005;"t53555";2
"9635";"Sunrise_Valley_Communal_Den/Natal_Den";2005;"t53557";2
"9636";"Sunrise_Valley_Communal_Den/Natal_Den";2005;"t53570";2
"9637";"Sunrise_Valley_Communal_Den/Natal_Den";2006;"t58621";2
"9638";"Sunrise_Valley_Communal_Den/Natal_Den";2006;"t58769";2
"9639";"Sunrise_Valley_Communal_Den/Natal_Den";2006;"t58852";2
"9640";"Sunrise_Valley_Communal_Den/Natal_Den";2006;"t58886";2
"9641";"Sunrise_Valley_Communal_Den/Natal_Den";2006;"t58920";2
"9642";"Sunrise_Valley_Communal_Den/Natal_Den";2006;"t58947";2
"9643";"Sunrise_Valley_Communal_Den/Natal_Den";2006;"t58970";2
"9644";"Sunrise_Valley_Communal_Den/Natal_Den";2006;"t59295";2
"9645";"Superstar_Den";2021;"s115521";2
"9646";"Superstar_Den_2";2021;"s115171";2
"9647";"Superstar_Den_3";2021;"s115503";2
"9648";"Suzi_Den";2009;"s3582";2
"9649";"Suzi_Den";2009;"s3584";2
"9650";"Suzi_Den";2009;"s3587";2
"9651";"Suzi_Den";2011;"s4925";2
"9652";"Suzi_Den";2011;"s4963";2
"9653";"Suzi_Den";2011;"s4974";2
"9654";"Suzi_Den";2011;"s4983";2
"9655";"Suzi_Den";2011;"s4985.1";2
"9656";"Suzi_Den";2011;"s5007";2
"9657";"Suzi_Den";2011;"s5082";2
"9658";"Suzi_Den_3";2017;"s21698";2
"9659";"Suzi_Den_3";2017;"s21964";2
"9660";"Suzi_Den_3";2017;"s21973";2
"9661";"Suzi_Den_3";2017;"s22001";2
"9662";"Suzi_Den_II";2009;"s3591";2
"9663";"Suzi_Den_II";2009;"s3601";2
"9664";"Swimming_Pool_Den";2023;"s118307";2
"9665";"Swimming_Pool_Den";2023;"s118340";2
"9666";"Swimming_Pool_Den";2023;"s118350";2
"9667";"Tangawizi_Den";2015;"t91195";2
"9668";"Tangawizi_Den";2015;"t91652";2
"9669";"Temple_of_Artemis_Den";2014;"s14939";2
"9670";"Temple_of_Artemis_Den";2014;"s15019";2
"9671";"Temple_of_Artemis_Den";2014;"s15031";2
"9672";"Texarkana_Den";2010;"s1079";2
"9673";"Texarkana_Den";2010;"s1087";2
"9674";"Texarkana_Den";2010;"s1105";2
"9675";"Texarkana_Den";2010;"s1113";2
"9676";"Texarkana_Den";2010;"s1116";2
"9677";"Texarkana_Den";2010;"s1118";2
"9678";"Texarkana_Den";2010;"s1121";2
"9679";"Texarkana_Den";2010;"s1123";2
"9680";"Texarkana_Den";2010;"s1126";2
"9681";"Texarkana_Den";2010;"s1130";2
"9682";"Texarkana_Den";2010;"s1134";2
"9683";"The_Hatch_Den";2009;"s3707";2
"9684";"The_Hatch_Den";2009;"s3713";2
"9685";"The_Hatch_Den";2011;"s5259";2
"9686";"The_Hatch_Den";2011;"s5266";2
"9687";"The_Hatch_Den";2011;"s5271";2
"9688";"The_Hatch_Den";2011;"s5275";2
"9689";"The_Hatch_Den";2011;"s5276.1";2
"9690";"The_Hatch_Den";2011;"s5279";2
"9691";"The_Hatch_Den";2011;"s5281";2
"9692";"The_Hatch_Den";2011;"s5830";2
"9693";"The_Hatch_Den";2012;"s8636";2
"9694";"The_Hatch_Den";2012;"s8639";2
"9695";"The_Hatch_Den";2012;"s8641";2
"9696";"The_Hatch_Den";2012;"s8647";2
"9697";"The_Hatch_Den";2012;"s8676";2
"9698";"The_Hatch_Den";2012;"s8724";2
"9699";"The_Hatch_Den";2012;"s8728";2
"9700";"The_Hatch_Den";2012;"s8778";2
"9701";"The_Hatch_Den";2012;"s8785";2
"9702";"The_Hatch_Den";2012;"s9359";2
"9703";"The_Hatch_Den";2012;"s9398";2
"9704";"The_Hatch_Den";2012;"s9399";2
"9705";"The_Hatch_Den";2013;"s11486";2
"9706";"The_Hatch_Den";2013;"s11492";2
"9707";"The_Hatch_Den";2013;"s11494";2
"9708";"The_Hatch_Den";2013;"s11495";2
"9709";"The_Hatch_Den";2013;"s11497";2
"9710";"The_Staff_Den";2011;"s4831";2
"9711";"The_Staff_Den";2011;"s4851";2
"9712";"The_Staff_Den";2011;"s4871";2
"9713";"The_Staff_Den";2013;"s11498.1";2
"9714";"Tigris_Den";2014;"s12760";2
"9715";"Tijuana_Den";2009;"s752";2
"9716";"Tijuana_Den";2009;"s769";2
"9717";"Tijuana_Den";2009;"s775";2
"9718";"Tijuana_Den";2009;"s830";2
"9719";"Tijuana_Den";2009;"s841";2
"9720";"Tijuana_Den";2009;"s846";2
"9721";"Tijuana_Den";2010;"s1150";2
"9722";"Tijuana_Den";2020;"s110978";2
"9723";"Tumo_Hill_Den";2003;"t38853";2
"9724";"Tumo_Hill_Den";2003;"t39000";2
"9725";"Twix_Den";2011;"s5047";2
"9726";"Twix_Den";2015;"s17712";2
"9727";"Twix_Den";2015;"s17717";2
"9728";"Twix_Den";2015;"s17722";2
"9729";"Twix_Den";2016;"s18137";2
"9730";"Twix_Den";2016;"s18168";2
"9731";"Twix_Den";2016;"s18191.1";2
"9732";"Twix_Den";2016;"s18201";2
"9733";"Twix_Den";2016;"s18212";2
"9734";"Twix_Den";2016;"s18217";2
"9735";"Twix_Den";2016;"s18221";2
"9736";"Twix_Den";2016;"s18224";2
"9737";"Twix_Den";2016;"s18225";2
"9738";"Twix_Den";2016;"s18241";2
"9739";"Twix_Den";2016;"s18252";2
"9740";"Twix_Den";2016;"s18263";2
"9741";"Twix_Den";2016;"s18274";2
"9742";"Twix_Den";2016;"s18275";2
"9743";"Twix_Den";2016;"s18278";2
"9744";"Twix_Den";2016;"s18287";2
"9745";"Twix_Den";2016;"s18307";2
"9746";"Twix_Den";2016;"s18309.1";2
"9747";"Twix_Den";2016;"s18337";2
"9748";"Twix_Den";2016;"s18365";2
"9749";"Twix_Den";2016;"s18372";2
"9750";"Twix_Den";2016;"s18373";2
"9751";"Twix_Den";2016;"s18451";2
"9752";"Twix_Den_2";2020;"s110762";2
"9753";"Twix_Den_2";2020;"s110780";2
"9754";"Twix_Den_2";2020;"s110785.1";2
"9755";"Twix_Den_2";2020;"s110866";2
"9756";"Twix_Den_2";2020;"s110872";2
"9757";"Twix_Den_2";2020;"s110904";2
"9758";"Twix_Den_2";2020;"s110913";2
"9759";"Ugli_Den";2015;"s16812";2
"9760";"Ugli_Den";2015;"s17259";2
"9761";"Ugli_Den";2015;"s17266";2
"9762";"Ugli_Den";2015;"s17276";2
"9763";"Ugli_Den";2017;"s21711";2
"9764";"Uji_Den";2014;"s13925";2
"9765";"Uji_Den";2014;"s13929";2
"9766";"Uji_Den";2014;"s13933";2
"9767";"Uproar_Den";2016;"s20429";2
"9768";"Uproar_Den";2016;"t20435.1";2
"9769";"Vaasa_Den";2012;"s8065";2
"9770";"Vaasa_Den";2012;"s8087";2
"9771";"Vandalism_Den";2010;"s1203";2
"9772";"Vandalism_Den";2010;"s1205";2
"9773";"Vandalism_Den";2010;"s1216";2
"9774";"Vandalism_Den";2010;"s1225";2
"9775";"Vandalism_Den";2010;"s1226";2
"9776";"Villa_Den";2019;"t107385";2
"9777";"Villa_Den";2019;"t107429";2
"9778";"Wanderlust_Den";2008;"s1426";2
"9779";"Wanderlust_Den";2008;"s1432";2
"9780";"Wapi_Dave_Den";2018;"s24097";2
"9781";"Wapi_Dave_Den";2018;"s24610";2
"9782";"Wapi_Dave_Den";2018;"s24614";2
"9783";"Wapi_Dave_Den";2018;"s24636";2
"9784";"Wapi_Dave_Den";2018;"s24639";2
"9785";"Wapi_Dave_Den";2019;"s25050";2
"9786";"Wapi_Dave_Den";2019;"s25060";2
"9787";"Wapi_Dave_Den";2019;"s25070";2
"9788";"Wapi_Dave_Den";2019;"s25079";2
"9789";"Wapi_Dave_Den";2019;"s25082";2
"9790";"Wapi_Dave_Den";2019;"s25086";2
"9791";"Wapi_Dave_Den";2019;"s25091";2
"9792";"Wapi_Dave_Den";2019;"s25117";2
"9793";"Wapi_Dave_Den";2022;"S116352";2
"9794";"Wayland_Den";2008;"t64040";2
"9795";"Wayland_Den";2008;"t64119";2
"9796";"Wayland_Den";2008;"t64140";2
"9797";"Wayland_Den";2008;"t64204";2
"9798";"Whooping_Cami_Den";2014;"s13073";2
"9799";"Whooping_Cami_Den";2014;"s13085";2
"9800";"Whooping_Cami_Den";2014;"s13116";2
"9801";"Whooping_Cami_Den";2014;"s13146";2
"9802";"Whooping_Cami_Den";2014;"s13160";2
"9803";"Whooping_Cami_Den";2014;"s13171";2
"9804";"Whooping_Cami_Den";2014;"s13176";2
"9805";"Whooping_Cami_Den";2015;"s16011";2
"9806";"Whooping_Cami_Den";2015;"s16040";2
"9807";"Whooping_Cami_Den";2015;"s16059";2
"9808";"Whooping_Cami_Den";2015;"s16238";2
"9809";"Whooping_Cami_Den";2015;"s16295";2
"9810";"Whooping_Cami_Den";2015;"s16304";2
"9811";"Whooping_Cami_Den";2015;"s16323";2
"9812";"Whooping_Cami_Den";2015;"s16380";2
"9813";"Whooping_Cami_Den";2015;"s16588";2
"9814";"Wicked_Den";2007;"t60963";2
"9815";"Wild_Berry_Den";2023;"s117105";2
"9816";"Wild_Berry_Den";2023;"s117107";2
"9817";"Windsor_Den";2011;"s7666";2
"9818";"Windsor_Den";2011;"s7683";2
"9819";"Windsor_Den";2011;"s7695";2
"9820";"Windsor_Den";2011;"s7696";2
"9821";"Windsor_Den";2012;"s9447";2
"9822";"Windsor_Den";2012;"s9469";2
"9823";"Windsor_Den";2012;"s9495";2
"9824";"Windsor_Den";2012;"s9527";2
"9825";"Windsor_Den";2012;"s9529";2
"9826";"Windsor_Den";2012;"s9570";2
"9827";"Windsor_Den";2012;"s9588";2
"9828";"Windsor_Den";2012;"s9600";2
"9829";"Windsor_Den";2012;"s9601";2
"9830";"Windsor_Den";2012;"s9621";2
"9831";"Windsor_Den";2012;"s9626";2
"9832";"Windsor_Den";2012;"s9803";2
"9833";"Windsor_Den";2013;"s12665";2
"9834";"Windsor_Den";2014;"s12690";2
"9835";"Windsor_Den";2014;"s12698";2
"9836";"Windsor_Den";2014;"s12699";2
"9837";"Windsor_Den";2014;"s12703";2
"9838";"Windsor_Den";2014;"s12712";2
"9839";"Windsor_Den";2014;"s12721";2
"9840";"Windsor_Den";2014;"s12725";2
"9841";"Windsor_Den";2014;"s12751";2
"9842";"Windsor_Den";2014;"s12776";2
"9843";"Windsor_Den";2014;"s12801";2
"9844";"Windsor_Den";2015;"s17776";2
"9845";"Windsor_Den";2015;"s17863";2
"9846";"Windsor_Den";2016;"s20877";2
"9847";"Windsor_Den";2016;"s20900";2
"9848";"Windsor_Den";2017;"s21243";2
"9849";"Yoplait_Den";2014;"t86932";2
"9850";"Yoplait_Den";2014;"t87004";2
"9851";"Yoplait_Den";2014;"t87122";2
"9852";"Zeus_Den";2014;"s14953";2
"9853";"Zeus_Den";2014;"s14960";2
"9854";"Zeus_Den";2014;"s14967";2
"9855";"Zeus_Den";2014;"s14984";2
"9856";"Zeus_Den";2014;"s14995";2
"9857";"Zeus_Den";2014;"s15005";2
"9858";"3_Broomsticks_Den";2010;"s3185";1
"9859";"ARBA_Natal_Den";2016;"s20352";1
"9860";"Aardwolf_Communal_Den";2001;"t29821.4";1
"9861";"Aardwolf_Communal_Den";2004;"t43495";1
"9862";"Aardwolf_Communal_Den";2004;"t43655";1
"9863";"Aardwolf_Communal_Den";2004;"t43788";1
"9864";"Aardwolf_Communal_Den";2004;"t43872";1
"9865";"Aardwolf_Communal_Den";2004;"t43907";1
"9866";"Aardwolf_Communal_Den";2006;"t59327";1
"9867";"Aardwolf_Communal_Den";2006;"t59328";1
"9868";"Aardwolf_Communal_Den";2011;"t73936";1
"9869";"Aardwolf_Communal_Den";2011;"t73985";1
"9870";"Aardwolf_Communal_Den";2011;"t74042";1
"9871";"Aardwolf_Communal_Den";2011;"t74055";1
"9872";"Aardwolf_Communal_Den";2011;"t74057";1
"9873";"Aardwolf_Communal_Den";2011;"t74076";1
"9874";"Aardwolf_Communal_Den";2011;"t74077";1
"9875";"Aardwolf_Communal_Den";2011;"t74082";1
"9876";"Aardwolf_Communal_Den";2011;"t74099";1
"9877";"Aardwolf_Communal_Den";2011;"t74103";1
"9878";"Aardwolf_Communal_Den";2011;"t74109";1
"9879";"Aardwolf_Communal_Den";2011;"t74114";1
"9880";"Aardwolf_Communal_Den";2011;"t74122";1
"9881";"Aardwolf_Communal_Den";2011;"t74131";1
"9882";"Aardwolf_Communal_Den";2011;"t74147";1
"9883";"Aardwolf_Communal_Den";2013;"t84998";1
"9884";"Aarhus_Den";2011;"s6156";1
"9885";"Acacia_Den";2021;"t120111";1
"9886";"Airstrip_Den";2008;"s1325";1
"9887";"Airstrip_Den";2008;"s1333";1
"9888";"Airstrip_Den";2008;"s1562";1
"9889";"Airstrip_Den";2008;"s1605";1
"9890";"Airstrip_Den";2008;"s1615";1
"9891";"Airstrip_Den";2008;"s1643";1
"9892";"Airstrip_Den";2008;"s1645";1
"9893";"Airstrip_Den";2008;"s1646";1
"9894";"Airstrip_Den";2008;"s1659";1
"9895";"Airstrip_Den";2008;"s1692";1
"9896";"Airstrip_Den";2008;"s1698";1
"9897";"Airstrip_Den";2008;"s1700";1
"9898";"Airstrip_Den";2008;"s1702";1
"9899";"Airstrip_Den";2008;"s1704";1
"9900";"Airstrip_Den";2008;"s1710";1
"9901";"Airstrip_Den";2008;"s1711";1
"9902";"Airstrip_Den";2008;"s1714";1
"9903";"Airstrip_Den";2009;"s2233";1
"9904";"Alamo_Den";2011;"s7416";1
"9905";"Alamo_Den";2011;"s7436";1
"9906";"Alamo_Den";2011;"s7482";1
"9907";"Alamo_Natal_Den";2010;"t71004";1
"9908";"Alamo_Natal_Den";2010;"t71006";1
"9909";"Alamo_Natal_Den";2011;"t73061";1
"9910";"Alamo_Natal_Den";2011;"t73656";1
"9911";"Albatross_Den";2015;"s17089";1
"9912";"Albatross_Den";2015;"s17094";1
"9913";"Albatross_Den";2015;"s17106";1
"9914";"Albatross_Den";2015;"s17118";1
"9915";"Albatross_Den";2015;"s17126";1
"9916";"Albatross_Den";2015;"s17165.1";1
"9917";"Albatross_Den";2015;"s17179";1
"9918";"All_Hallows'_Eve_Den";2019;"s109014.1";1
"9919";"All_Hallows'_Eve_Den";2019;"s24902";1
"9920";"Amazon_Den";2009;"s412";1
"9921";"Angry_Ele_Den";2017;"s21290";1
"9922";"Angry_Ele_Den";2017;"s21788";1
"9923";"Aqua's_Natal_Den_2014";2014;"t86036";1
"9924";"Aqua's_Natal_Den_2014";2014;"t86126";1
"9925";"Aqua's_Natal_Den_2014";2014;"t86131";1
"9926";"Aqua's_Natal_Den_2014";2014;"t86147";1
"9927";"Aqua's_Natal_Den_2014";2014;"t86161";1
"9928";"Aqua's_Natal_Den_2014";2014;"t86176";1
"9929";"Aqua's_Natal_Den_2014";2014;"t86202";1
"9930";"Aqua's_Natal_Den_2014";2014;"t86273";1
"9931";"Aqua's_Natal_Den_2014";2014;"t86286";1
"9932";"Aqua's_Natal_Den_2014";2014;"t86300";1
"9933";"Aqua's_Natal_Den_2014";2014;"t86323";1
"9934";"Aqua's_Natal_Den_2014";2014;"t86352";1
"9935";"Aqua's_Natal_Den_2014";2014;"t86357";1
"9936";"Aqua's_Natal_Den_2014";2014;"t86396";1
"9937";"Aqua's_Natal_Den_2014";2014;"t86433";1
"9938";"Aqua's_Natal_Den_2014";2014;"t86444";1
"9939";"Aqua's_Natal_Den_2014";2014;"t86521";1
"9940";"Aqua's_Natal_Den_2014";2014;"t86590";1
"9941";"Aqua's_Natal_Den_2014";2014;"t86653";1
"9942";"Aqua's_Natal_Den_2014";2014;"t86675";1
"9943";"Aqua's_Natal_Den_2014";2014;"t86686";1
"9944";"Aqua's_Natal_Den_2014";2014;"t86697";1
"9945";"Aqua's_Natal_Den_2014";2014;"t86714";1
"9946";"Aqua's_Natal_Den_2014";2014;"t86743";1
"9947";"Aqua's_Natal_Den_2014";2014;"t87670";1
"9948";"Aqua's_Natal_Den_2014";2014;"t87759";1
"9949";"Argon's_Natal_Den_2014";2014;"t87495";1
"9950";"Argon's_Natal_Den_2014";2014;"t87632";1
"9951";"Argon's_Natal_Den_2014";2014;"t88866";1
"9952";"Arson_Den";2010;"s1187";1
"9953";"Arson_Den";2010;"s1195";1
"9954";"Arson_Den";2010;"s1206";1
"9955";"Barbie_Party_Den";2015;"t92418";1
"9956";"Barbie_Party_Den";2015;"t92492";1
"9957";"Barbie_Party_Den";2015;"t92500";1
"9958";"Barbie_Party_Den";2015;"t92558";1
"9959";"Base_Natal_Den/Communal_Den";2003;"t37746";1
"9960";"Base_Natal_Den/Communal_Den";2003;"t37765";1
"9961";"Bastion_Den";2016;"s20297";1
"9962";"Beanie_Baby_Den";2023;"s118060";1
"9963";"Beanie_Baby_Den";2023;"s132069";1
"9964";"Beanie_Baby_Den";2023;"s132188";1
"9965";"Beanie_Baby_Den";2023;"s132191";1
"9966";"Beanie_Baby_Den";2023;"s132202";1
"9967";"Belgrade_Den";2012;"s8322";1
"9968";"Belgrade_Den";2012;"s8324";1
"9969";"Benedict_Den";2011;"s6679.1";1
"9970";"Benedict_Den";2011;"s6773";1
"9971";"Benedict_Den";2011;"s6814";1
"9972";"Benedict_Den";2011;"s6822";1
"9973";"Bergen_Den";2011;"s6888";1
"9974";"Big_Bush_Communal_Den";2017;"t99418";1
"9975";"Big_Bush_Communal_Den";2019;"t111680";1
"9976";"Big_Bush_Den";2011;"t74962";1
"9977";"Big_Bush_Den";2011;"t74973";1
"9978";"Big_Bush_Den";2011;"t74996";1
"9979";"Big_Bush_Den";2011;"t75002";1
"9980";"Big_Bush_Den";2011;"t75017";1
"9981";"Big_Bush_Den";2011;"t75168";1
"9982";"Big_Bush_Den";2012;"t75182";1
"9983";"Big_Bush_Den";2012;"t77363";1
"9984";"Big_Bush_Den";2012;"t77514";1
"9985";"Big_Bush_Den";2012;"t77572";1
"9986";"Big_Bush_Den";2012;"t77597";1
"9987";"Big_Bush_Den";2012;"t77621";1
"9988";"Big_Bush_Den";2012;"t77931";1
"9989";"Big_Sky_Den";2019;"s110217";1
"9990";"Big_Sky_Den";2023;"s116713.1";1
"9991";"Big_Sky_Den_2";2023;"s116581";1
"9992";"Bird_Bath_Den";2023;"S117480";1
"9993";"Bird_Bath_Den";2023;"S117501";1
"9994";"Bird_Bath_Den";2023;"s116979";1
"9995";"Bird_Bath_Den";2023;"s117039";1
"9996";"Bird_Bath_Den";2023;"s117070";1
"9997";"Biscuits_n'_Gravy_Den";2013;"s11076";1
"9998";"Biscuits_n'_Gravy_Den";2013;"s11085";1
"9999";"Boone_Den";2010;"s4407";1
"10000";"Boone_Den";2010;"s4412";1
"10001";"Boone_Den";2010;"s4423";1
"10002";"Boone_Den";2010;"s4439";1
"10003";"Boone_Den";2010;"s4443";1
"10004";"Boone_Den";2010;"s4445";1
"10005";"Boone_Den";2010;"s4450";1
"10006";"Bordello_Den";2013;"s10090";1
"10007";"Boulevard_Den";2005;"t55678.1";1
"10008";"Boulevard_Den";2006;"t55925";1
"10009";"Boulevard_Den";2008;"t63147";1
"10010";"Boulevard_Den";2008;"t63162";1
"10011";"Boulevard_Den";2008;"t63216";1
"10012";"Boulevard_Den";2008;"t63261";1
"10013";"Boulevard_Den";2008;"t63386";1
"10014";"Boulevard_Den";2008;"t63763";1
"10015";"Boulevard_Den";2008;"t63809";1
"10016";"Boulevard_Den";2008;"t63929";1
"10017";"Bright_Eyes_Den";2014;"s14294";1
"10018";"Bright_Eyes_Den";2017;"s22344";1
"10019";"Bubula_Den";2013;"s12493";1
"10020";"Bubula_Den";2013;"s12498";1
"10021";"Budapest_Den";2012;"s8377";1
"10022";"Budapest_Den";2012;"s8378";1
"10023";"Budget_Den";2023;"s118152";1
"10024";"Budget_Den";2023;"s118153";1
"10025";"Budget_Den";2023;"s118163";1
"10026";"Budget_Den";2023;"s118178";1
"10027";"Budget_Den";2023;"s118196";1
"10028";"Budget_Den_2";2023;"s118113";1
"10029";"Buffalo_Den";2022;"s115920";1
"10030";"Buffalo_Den";2022;"s115929";1
"10031";"Buffalo_Den";2022;"s115935";1
"10032";"Buffalo_Den";2022;"s115944";1
"10033";"CERN_Den";2008;"s249";1
"10034";"CERN_Den";2008;"s260";1
"10035";"CERN_Den";2008;"s263";1
"10036";"CERN_Den";2008;"s280";1
"10037";"CERN_Den";2009;"s314";1
"10038";"CERN_Den";2009;"s339";1
"10039";"CERN_Den";2009;"s353";1
"10040";"CERN_Den";2009;"s373";1
"10041";"Cannibal_Cami_Den";2015;"s16350";1
"10042";"Cannibal_Cami_Den";2015;"s16576";1
"10043";"Cannibal_Cami_Den";2015;"s16644";1
"10044";"Cannibal_Cami_Den";2015;"s16653";1
"10045";"Cannibal_Cami_Den";2015;"s16947";1
"10046";"Cash_Den";2014;"t87698";1
"10047";"Cash_Den";2014;"t87926";1
"10048";"Cash_Den";2014;"t87956";1
"10049";"Cash_Den";2014;"t88057";1
"10050";"Cash_Den";2014;"t88217";1
"10051";"Cash_Den";2014;"t88256";1
"10052";"Cash_Den";2014;"t88304";1
"10053";"Cash_Den";2014;"t88318";1
"10054";"Cash_Den";2014;"t88340";1
"10055";"Cash_Den";2014;"t88375";1
"10056";"Cash_Den";2014;"t88607";1
"10057";"Cash_Den";2014;"t89327";1
"10058";"Cash_Den";2014;"t89378";1
"10059";"Cash_Den";2014;"t89392";1
"10060";"Cash_Den";2014;"t89606";1
"10061";"Central_Park_Communal_Den";2012;"t79453";1
"10062";"Central_Park_Communal_Den";2012;"t79455";1
"10063";"Central_Park_Communal_Den";2012;"t79671";1
"10064";"Central_Park_Communal_Den";2012;"t79876";1
"10065";"Central_Park_Communal_Den";2012;"t79950";1
"10066";"Central_Park_Communal_Den";2013;"t80157";1
"10067";"Central_Park_Communal_Den";2013;"t80229";1
"10068";"Central_Park_Communal_Den";2013;"t80459";1
"10069";"Central_Park_Communal_Den";2013;"t81839";1
"10070";"Central_Park_Communal_Den";2013;"t81999";1
"10071";"Central_Park_Communal_Den";2013;"t82177";1
"10072";"Central_Park_Communal_Den";2013;"t82350";1
"10073";"Central_Park_Communal_Den";2013;"t82532";1
"10074";"Central_Park_Communal_Den";2016;"t95846";1
"10075";"Central_Park_Communal_Den";2016;"t95870";1
"10076";"Central_Park_Communal_Den";2016;"t95873";1
"10077";"Central_Park_Communal_Den";2016;"t95905";1
"10078";"Central_Park_Communal_Den";2016;"t95928";1
"10079";"Central_Park_Communal_Den";2016;"t95930";1
"10080";"Central_Park_Communal_Den";2016;"t95951";1
"10081";"Central_Park_Communal_Den";2016;"t95969";1
"10082";"Central_Park_Communal_Den";2016;"t95988";1
"10083";"Central_Park_Communal_Den";2016;"t96016";1
"10084";"Central_Park_Communal_Den";2016;"t96031";1
"10085";"Central_Park_Communal_Den";2016;"t96085";1
"10086";"Central_Park_Communal_Den";2016;"t96118";1
"10087";"Central_Park_Communal_Den";2016;"t96151";1
"10088";"Central_Park_Communal_Den";2016;"t96326";1
"10089";"Central_Park_Communal_Den";2016;"t96356";1
"10090";"Central_Park_Communal_Den";2016;"t96398";1
"10091";"Central_Park_Communal_Den";2018;"t102778";1
"10092";"Challah_Den";2019;"s110386";1
"10093";"Challah_Den";2019;"s110392";1
"10094";"Challah_Den";2019;"s110397";1
"10095";"Changra_Den";2023;"s117083";1
"10096";"Changra_Den_2";2023;"s117123";1
"10097";"Chex_Den";2011;"s6782";1
"10098";"Chex_Den";2011;"s6844";1
"10099";"Circe_Den";2021;"s114635";1
"10100";"Circe_Den";2021;"s115135";1
"10101";"Cliff_Den";2016;"t95645";1
"10102";"Cliff_Den";2016;"t95752";1
"10103";"Cliff_Den";2016;"t96059";1
"10104";"Cliff_Den";2016;"t96120";1
"10105";"Cliff_Den";2016;"t96149";1
"10106";"Cliff_Den";2018;"t104165";1
"10107";"Cliff_Den";2018;"t104168";1
"10108";"Cliff_Den";2018;"t104677";1
"10109";"Cliff_Den";2018;"t104990";1
"10110";"Cliff_Den";2018;"t104997";1
"10111";"Cliff_Den";2019;"t105887";1
"10112";"Cliff_Den";2019;"t106312";1
"10113";"Cliff_Den";2019;"t107077";1
"10114";"Cliff_Den";2019;"t107082";1
"10115";"Cliff_Den";2019;"t107089";1
"10116";"Cliff_Den";2019;"t107123";1
"10117";"Cliff_Den";2019;"t107257";1
"10118";"Cliff_Den";2019;"t107284";1
"10119";"Cliff_Den";2019;"t107314";1
"10120";"Cliff_Den";2019;"t107370";1
"10121";"Cliff_Den";2019;"t107402";1
"10122";"Cliff_Den";2019;"t107455";1
"10123";"Cliff_Den";2019;"t107489";1
"10124";"Cliff_Den";2019;"t107540";1
"10125";"Cliff_Den";2019;"t107562";1
"10126";"Cliff_Den";2019;"t107568";1
"10127";"Cliff_Den";2019;"t108066";1
"10128";"Cliff_Den";2019;"t108107";1
"10129";"Cliff_Den_2";2019;"t106016";1
"10130";"Cliff_Den_2";2019;"t106030";1
"10131";"Cliff_Den_2";2019;"t106176";1
"10132";"Cliff_Den_2";2019;"t106246";1
"10133";"Cliff_Den_2";2019;"t106891";1
"10134";"Cliff_Den_2";2019;"t106927";1
"10135";"Cliff_Den_2";2019;"t106993";1
"10136";"Cliff_Den_2";2019;"t107438";1
"10137";"Cliff_Den_2";2019;"t107520";1
"10138";"Cliff_Den_2";2019;"t107547";1
"10139";"Cliff_Den_2";2019;"t108171";1
"10140";"Cliff_Den_2";2019;"t108260";1
"10141";"Cliff_Den_2";2019;"t108278";1
"10142";"Coincidence_D";2008;"s190";1
"10143";"Coincidence_D";2008;"s201";1
"10144";"Coincidence_D";2008;"s203";1
"10145";"Coincidence_D";2008;"s208";1
"10146";"Coincidence_D";2008;"s224";1
"10147";"Coincidence_D";2008;"s250";1
"10148";"Coincidence_D";2008;"s257";1
"10149";"Coincidence_Den_2";2023;"s117455";1
"10150";"Colossus_of_Rhodes_Den";2015;"s15415";1
"10151";"Colossus_of_Rhodes_Den";2015;"s15441";1
"10152";"Colossus_of_Rhodes_Den";2015;"s15461";1
"10153";"Colossus_of_Rhodes_Den";2016;"s19913";1
"10154";"Colossus_of_Rhodes_Den";2016;"s20203.3";1
"10155";"Colossus_of_Rhodes_Den";2016;"s20208.1";1
"10156";"Confusing_Den";2019;"t108160";1
"10157";"Confusing_Den_3";2019;"t108225";1
"10158";"Confusing_Den_3";2019;"t108226";1
"10159";"Confusing_Den_3";2019;"t108254.1";1
"10160";"Confusing_Den_3";2019;"t108332";1
"10161";"Confusing_Den_3";2019;"t108459";1
"10162";"Copenhagen_Den";2011;"s6113";1
"10163";"Copenhagen_Den";2011;"s7049";1
"10164";"Crepes_Den";2011;"s6609";1
"10165";"Crocodile_Den";2008;"t62732";1
"10166";"Crocodile_Den";2010;"t69920";1
"10167";"Croton_Edge_Communal_Den";2009;"t66229";1
"10168";"Croton_Edge_Communal_Den";2009;"t66249";1
"10169";"Croton_Edge_Communal_Den";2009;"t66255";1
"10170";"Croton_Edge_Communal_Den";2009;"t66329";1
"10171";"Croton_Edge_Communal_Den";2009;"t66347";1
"10172";"Croton_Edge_Communal_Den";2009;"t67620";1
"10173";"Croton_Edge_Communal_Den";2010;"t68029";1
"10174";"Croton_Edge_Communal_Den";2010;"t70604";1
"10175";"Croton_Edge_Communal_Den";2010;"t70667";1
"10176";"Croton_Edge_Communal_Den";2010;"t70963";1
"10177";"Croton_Edge_Communal_Den";2010;"t70976";1
"10178";"Croton_Edge_Communal_Den";2010;"t71772";1
"10179";"Croton_Edge_Communal_Den";2010;"t71798";1
"10180";"Croton_Edge_Communal_Den";2011;"t74113";1
"10181";"Croton_Edge_Communal_Den";2011;"t74130";1
"10182";"Croton_Edge_Communal_Den";2011;"t74163";1
"10183";"Croton_Edge_Communal_Den";2011;"t74423";1
"10184";"Croton_Edge_Communal_Den";2011;"t74463";1
"10185";"Croton_Edge_Communal_Den";2011;"t74565";1
"10186";"Croton_Edge_Communal_Den";2011;"t74569";1
"10187";"Croton_Edge_Communal_Den";2011;"t74602";1
"10188";"Croton_Edge_Communal_Den";2011;"t74636";1
"10189";"Croton_Edge_Communal_Den";2011;"t74646";1
"10190";"Croton_Edge_Communal_Den";2011;"t74656";1
"10191";"Croton_Edge_Communal_Den";2011;"t74683";1
"10192";"Croton_Edge_Communal_Den";2011;"t74686";1
"10193";"Croton_Edge_Communal_Den";2011;"t74703";1
"10194";"Croton_Edge_Communal_Den";2011;"t74726";1
"10195";"Croton_Edge_Communal_Den";2011;"t74785";1
"10196";"Croton_Edge_Communal_Den";2011;"t74790";1
"10197";"Croton_Edge_Communal_Den";2011;"t74807";1
"10198";"Croton_Edge_Communal_Den";2011;"t74812";1
"10199";"Croton_Edge_Communal_Den";2011;"t74824";1
"10200";"Croton_Edge_Communal_Den";2012;"t78129";1
"10201";"Croton_Edge_Communal_Den";2012;"t78148";1
"10202";"Croton_Edge_Communal_Den";2012;"t78234";1
"10203";"Croton_Edge_Communal_Den";2012;"t78294";1
"10204";"Croton_Edge_Communal_Den";2012;"t78330";1
"10205";"Croton_Edge_Communal_Den";2012;"t78355";1
"10206";"Croton_Edge_Communal_Den";2012;"t78366";1
"10207";"Croton_Edge_Communal_Den";2012;"t78386";1
"10208";"Croton_Edge_Communal_Den";2012;"t79313";1
"10209";"Croton_Edge_Communal_Den";2012;"t79525";1
"10210";"Croton_Edge_Communal_Den";2012;"t79848";1
"10211";"Croton_Edge_Communal_Den";2019;"t111555";1
"10212";"Crunk_Den";2014;"s14320";1
"10213";"Crunk_Den";2018;"s23457";1
"10214";"Crunk_Den";2018;"s23623";1
"10215";"Crunk_Den_8";2022;"S116267";1
"10216";"Crunk_Den_8";2022;"S116271";1
"10217";"Crunk_Den_II";2018;"s24322";1
"10218";"Culvert_City_Den";2018;"s24074";1
"10219";"Culvert_City_Den";2018;"s24087";1
"10220";"Culvert_City_Den";2023;"s118358";1
"10221";"Culvert_City_Den";2023;"s118359";1
"10222";"Culvert_City_Den";2023;"s118362";1
"10223";"DOC_Communal_Den";2014;"t87058";1
"10224";"DOC_Communal_Den";2014;"t87081";1
"10225";"DOC_Communal_Den";2014;"t87146";1
"10226";"DOC_Communal_Den";2014;"t87174";1
"10227";"DOC_Communal_Den";2014;"t87229";1
"10228";"DOC_Communal_Den";2014;"t87900";1
"10229";"DOC_Communal_Den";2014;"t88191";1
"10230";"DOC_Communal_Den";2014;"t88193";1
"10231";"DOC_Communal_Den";2014;"t88776";1
"10232";"DOC_Communal_Den";2014;"t88795";1
"10233";"DOC_Communal_Den";2014;"t89533";1
"10234";"DOC_Communal_Den";2014;"t89563";1
"10235";"DOC_Communal_Den";2014;"t89582";1
"10236";"DOC_Communal_Den";2014;"t89583";1
"10237";"DOC_Communal_Den";2014;"t89608";1
"10238";"DOC_Communal_Den";2014;"t89627";1
"10239";"DOC_Communal_Den";2014;"t89641";1
"10240";"DOC_Communal_Den";2014;"t89653";1
"10241";"DOC_Communal_Den";2014;"t89666";1
"10242";"DOC_Communal_Den";2014;"t89676";1
"10243";"DOC_Communal_Den";2014;"t89685";1
"10244";"DOC_Communal_Den";2014;"t89702";1
"10245";"DOC_Communal_Den";2014;"t89705";1
"10246";"DOC_Communal_Den";2014;"t89741";1
"10247";"DOC_Communal_Den";2015;"t89776";1
"10248";"DOC_Communal_Den";2015;"t89812";1
"10249";"DOC_Communal_Den";2015;"t89913";1
"10250";"DOC_Communal_Den";2015;"t90040";1
"10251";"DOC_Communal_Den";2015;"t90064";1
"10252";"DOC_Communal_Den";2016;"t96932";1
"10253";"DOC_Communal_Den";2016;"t96961";1
"10254";"DOC_Communal_Den";2016;"t97182";1
"10255";"DOC_Communal_Den";2016;"t97325";1
"10256";"DOC_Communal_Den";2016;"t97356";1
"10257";"DOC_Communal_Den";2016;"t97411";1
"10258";"DOC_Communal_Den";2016;"t97457";1
"10259";"DOC_Communal_Den";2016;"t97479";1
"10260";"DOC_Communal_Den";2016;"t97619";1
"10261";"DOC_Communal_Den";2016;"t97652";1
"10262";"DOC_Communal_Den";2016;"t97803";1
"10263";"DOC_Den_2";2014;"t87456";1
"10264";"DOC_Den_2";2014;"t87459";1
"10265";"DOC_Den_2";2014;"t87490";1
"10266";"DOC_Den_2";2014;"t88056";1
"10267";"DOC_Den_2";2014;"t88892";1
"10268";"DOC_Den_2";2014;"t88981";1
"10269";"DOC_Den_2";2014;"t89026";1
"10270";"DOC_Den_2";2014;"t89153";1
"10271";"DOC_Den_2";2014;"t89212";1
"10272";"DOC_Den_2";2014;"t89299";1
"10273";"DOC_Den_2";2014;"t89476";1
"10274";"DOC_Den_2";2016;"t97131";1
"10275";"DOC_Den_2";2016;"t97185";1
"10276";"DOC_Den_2";2016;"t97405";1
"10277";"DOC_Den_2";2017;"t100398";1
"10278";"DOC_Den_2";2017;"t100407";1
"10279";"DOC_Den_2";2017;"t100443";1
"10280";"DOC_Den_2";2017;"t100493";1
"10281";"DOC_Den_2";2017;"t100494";1
"10282";"DOC_Den_2";2017;"t100503";1
"10283";"DOC_Den_2";2017;"t100527";1
"10284";"DOC_Den_2";2017;"t100533";1
"10285";"DOC_Den_2";2017;"t100543";1
"10286";"DOC_Den_2";2017;"t100547";1
"10287";"DOC_Den_2";2017;"t100552";1
"10288";"DOC_Den_2";2017;"t100554";1
"10289";"DOC_Den_2";2017;"t100587";1
"10290";"DOC_Den_2";2017;"t100604";1
"10291";"DOC_Den_2";2017;"t100727";1
"10292";"DOC_Den_2";2017;"t101086";1
"10293";"Dave's_Den";2010;"t70026";1
"10294";"Dave's_Den";2010;"t70114";1
"10295";"Dave's_Den";2010;"t70142";1
"10296";"Dave's_Den";2010;"t70419";1
"10297";"Dave's_Den";2011;"t72372.1";1
"10298";"Dave's_Den";2011;"t72375";1
"10299";"Dave's_Den";2011;"t72560";1
"10300";"Dave's_Den";2011;"t73146";1
"10301";"Dave's_Den";2011;"t73148";1
"10302";"Dave's_Den";2011;"t73196";1
"10303";"Dave's_Den";2011;"t73276";1
"10304";"Dave's_Den";2011;"t73777";1
"10305";"Dave's_Den";2011;"t73900";1
"10306";"Dave's_Den";2011;"t73910";1
"10307";"Dave's_Den";2012;"t78084";1
"10308";"Dave's_Den";2012;"t78219";1
"10309";"Dave's_Den";2012;"t78394";1
"10310";"Dave's_Den";2012;"t78469";1
"10311";"Dave's_Den";2012;"t78511";1
"10312";"Dave's_Den";2012;"t78660";1
"10313";"Dave's_Den";2012;"t78752";1
"10314";"Dave's_Den";2012;"t78993";1
"10315";"Dave's_Den";2012;"t79011";1
"10316";"Dave's_Den";2013;"t82731";1
"10317";"Dave's_Den";2013;"t82949";1
"10318";"Dave's_Den";2013;"t82973";1
"10319";"Dave's_Den";2013;"t83155";1
"10320";"Dave's_Den";2013;"t83307";1
"10321";"Dave's_Den";2014;"t86122";1
"10322";"Dave's_Den";2014;"t86258";1
"10323";"Dave's_Den";2014;"t86335";1
"10324";"Dave's_Den";2014;"t86343";1
"10325";"Dave's_Den";2014;"t86369";1
"10326";"Dave's_Den";2014;"t86647";1
"10327";"Dave's_Den";2014;"t86807";1
"10328";"Dave's_Den";2014;"t86824";1
"10329";"Dave's_Den";2014;"t86892";1
"10330";"Dave's_Den";2014;"t86894";1
"10331";"Dave's_Den";2014;"t86908";1
"10332";"Dave's_Den";2014;"t86920";1
"10333";"Dave's_Den";2014;"t88226";1
"10334";"Dave's_Den";2014;"t88361";1
"10335";"Dave's_Den";2015;"t90961";1
"10336";"Dave's_Den";2015;"t91056";1
"10337";"Dave's_Den";2015;"t91173";1
"10338";"Dave's_Den";2015;"t91175";1
"10339";"Dave's_Den";2015;"t91201";1
"10340";"Dave's_Den";2015;"t91242";1
"10341";"Dave's_Den";2015;"t91448";1
"10342";"Dave's_Den";2016;"t95328";1
"10343";"Dave's_Den";2016;"t95545";1
"10344";"Dave's_Den";2016;"t95584";1
"10345";"Dave's_Den";2016;"t95593";1
"10346";"Dave's_Den";2016;"t95598";1
"10347";"Dave_Den";2014;"t86120";1
"10348";"Dave_Den";2017;"t98424";1
"10349";"Dave_Den";2017;"t98504";1
"10350";"Dave_Den";2017;"t98524";1
"10351";"Dave_Den";2017;"t98533";1
"10352";"Dave_Den";2017;"t98557";1
"10353";"Dave_Den";2017;"t98575";1
"10354";"Dave_Den";2017;"t98583";1
"10355";"Dave_Den";2017;"t98594";1
"10356";"Dave_Den";2019;"t111596";1
"10357";"Dave_Den";2019;"t111626";1
"10358";"Dave_Den";2022;"t132484";1
"10359";"Dawn_Den";2019;"s109696";1
"10360";"Dawn_Den";2022;"s115734";1
"10361";"Dawn_Den_2";2019;"s109738";1
"10362";"Dawn_Den_2";2022;"S116164";1
"10363";"DeGaulle_Den";2009;"s1766";1
"10364";"DeGaulle_Den";2009;"s1768";1
"10365";"DeGaulle_Den";2009;"s1776";1
"10366";"DeGaulle_Den";2009;"s1793";1
"10367";"DeGaulle_Den";2009;"s1816";1
"10368";"DeGaulle_Den";2009;"s1861";1
"10369";"DeGaulle_Den";2009;"s1864";1
"10370";"DeGaulle_Den";2009;"s1867";1
"10371";"DeGaulle_Den";2009;"s1896";1
"10372";"DeGaulle_Den";2009;"s1899";1
"10373";"DeGaulle_Den";2013;"s10166";1
"10374";"DeGaulle_Den";2013;"s10701";1
"10375";"DeGaulle_Den";2013;"s10868.1";1
"10376";"DeGaulle_Den";2013;"s10878";1
"10377";"DeGaulle_Den";2013;"s10904";1
"10378";"DeGaulle_Den";2013;"s10913";1
"10379";"DeGaulle_Den";2013;"s10931";1
"10380";"DeGaulle_Den";2013;"s10946";1
"10381";"DeGaulle_Den";2013;"s10953";1
"10382";"DeGaulle_Den";2013;"s10954";1
"10383";"DeGaulle_Den";2013;"s10981";1
"10384";"DeGaulle_Den";2013;"s10989";1
"10385";"DeGaulle_Den";2013;"s10996";1
"10386";"DeGaulle_Den";2019;"s109108";1
"10387";"DeGaulle_Den";2019;"s109139";1
"10388";"DeGaulle_Den";2019;"s109186";1
"10389";"DeGaulle_Den";2019;"s109398";1
"10390";"DeGaulle_Den";2019;"s109404";1
"10391";"DeGaulle_Den";2019;"s24922";1
"10392";"DeGaulle_Den";2023;"s132151";1
"10393";"DeGaulle_Den";2023;"s132204";1
"10394";"DeGaulle_Den";2023;"s132238";1
"10395";"DeGaulle_Den";2023;"s132258";1
"10396";"DeGaulle_Den";2023;"s132260";1
"10397";"DeGaulle_Den_II";2009;"s1903";1
"10398";"DeGaulle_Den_II";2009;"s1905";1
"10399";"Defenestrate_Den";2015;"s15547";1
"10400";"Defenestrate_Den";2015;"s15552";1
"10401";"Defenestrate_Den";2015;"s15584";1
"10402";"Defenestrate_Den";2015;"s16682";1
"10403";"Defenestrate_Den";2015;"s16690";1
"10404";"Defenestrate_Den";2015;"s16698";1
"10405";"Defenestrate_Den";2015;"s16710";1
"10406";"Defenestrate_Den";2015;"s16711";1
"10407";"Defenestrate_Den";2015;"s16716";1
"10408";"Defenestrate_Den";2015;"s16720";1
"10409";"Defenestrate_Den";2015;"s17365";1
"10410";"Defenestrate_Den";2015;"s17371";1
"10411";"Defenestrate_Den";2015;"s17438";1
"10412";"Defenestrate_Den";2015;"s17482";1
"10413";"Defenestrate_Den";2015;"s17505";1
"10414";"Defenestrate_Den";2015;"s17522";1
"10415";"Defenestrate_Den";2015;"s17626";1
"10416";"Defenestrate_Den";2015;"s17715";1
"10417";"Defenestrate_Den";2016;"s18158";1
"10418";"Democracy_Den";2015;"t90236";1
"10419";"Democracy_Den";2015;"t90255";1
"10420";"Democracy_Den";2015;"t90283";1
"10421";"Democracy_Den";2015;"t90379";1
"10422";"Democracy_Den";2015;"t90389";1
"10423";"Den_One_Creek_Den_Complex";2011;"t73707";1
"10424";"Den_One_Creek_Den_Complex";2011;"t73726";1
"10425";"Den_One_Creek_Den_Complex";2017;"t100463";1
"10426";"Den_One_Creek_Den_Complex";2017;"t98206";1
"10427";"Den_of_Perfection";2006;"t59155";1
"10428";"Den_of_Perfection";2006;"t59355";1
"10429";"Den_of_Perfection";2006;"t59367";1
"10430";"Den_of_Perfection";2006;"t59592";1
"10431";"Den_of_Perfection";2006;"t59606";1
"10432";"Den_of_Perfection";2006;"t59621";1
"10433";"Dharma_Den";2010;"s4248";1
"10434";"Dharma_Den";2010;"s4329";1
"10435";"Diagon_Alley_Den";2010;"s3155";1
"10436";"Diagon_Alley_Den";2010;"s3158";1
"10437";"Diagon_Alley_Den";2017;"s22481.1";1
"10438";"Dicks_Den";2014;"t86090";1
"10439";"Dicks_Den";2014;"t86105";1
"10440";"Dicks_Den";2014;"t86133";1
"10441";"Dicks_Den";2014;"t86319";1
"10442";"Dicks_Den";2014;"t86498";1
"10443";"Dicks_Den";2014;"t86586";1
"10444";"Dicks_Den";2014;"t86776";1
"10445";"Dicks_Den";2014;"t87111";1
"10446";"Dicks_Den";2014;"t87133";1
"10447";"Dicks_Den";2014;"t87707";1
"10448";"Dicks_Den";2014;"t87721";1
"10449";"Dicks_Den";2014;"t88085";1
"10450";"Dicks_Den";2014;"t88293";1
"10451";"Dicks_Den";2014;"t88306";1
"10452";"Dicks_Den";2014;"t88376";1
"10453";"Dicks_Den";2014;"t88639";1
"10454";"Dicks_Den";2014;"t88664";1
"10455";"Dicks_Den";2014;"t88671";1
"10456";"Dicks_Den";2014;"t88748";1
"10457";"Dicks_Den";2014;"t88755";1
"10458";"Dicks_Den";2014;"t88773";1
"10459";"Dicks_Den";2014;"t88775";1
"10460";"Dicks_Den";2014;"t88796";1
"10461";"Dicks_Den";2014;"t88857";1
"10462";"Dicks_Den";2014;"t88869";1
"10463";"Dicks_Den";2015;"t92434";1
"10464";"Dicks_Den";2017;"t100383";1
"10465";"Dicks_Den";2017;"t100542";1
"10466";"Dicks_Den";2017;"t100563";1
"10467";"Dicks_Den";2017;"t100565";1
"10468";"Dicks_Den";2017;"t100572";1
"10469";"Dicks_Den";2017;"t100581";1
"10470";"Dicks_Den";2017;"t100631";1
"10471";"Dicks_Den";2017;"t100633";1
"10472";"Dicks_Den";2017;"t100664";1
"10473";"Dicks_Den";2017;"t100687";1
"10474";"Dicks_Den";2017;"t100715";1
"10475";"Dicks_Den";2017;"t100731";1
"10476";"Dicks_Den";2017;"t100742";1
"10477";"Dicks_Den";2017;"t101306";1
"10478";"Dicks_Den";2017;"t101400";1
"10479";"Dicks_Den";2017;"t101417";1
"10480";"Dicks_Den";2017;"t101426";1
"10481";"Dicks_Den";2017;"t98395";1
"10482";"Disappointment_Den";2008;"s1317";1
"10483";"Doom's_Day_Den";2003;"t38854";1
"10484";"Doom's_Day_Den";2003;"t39828";1
"10485";"Doom's_Day_Den_2";2019;"t105646";1
"10486";"Doom's_Day_Den_2";2019;"t107202";1
"10487";"Driving_under_the_Influence_Den";2011;"s7364.1";1
"10488";"Dudu_Den";2010;"s4438";1
"10489";"Dudu_Den";2015;"s15345";1
"10490";"Dudu_Den";2015;"s15351";1
"10491";"Elm_Street_Den";2009;"s3644";1
"10492";"Embezzlement_Den";2011;"s7346";1
"10493";"Emma_Natal_Den_2_2012";2012;"s8526";1
"10494";"Emma_Natal_Den_2_2012";2012;"s8568";1
"10495";"Euphrates_Den";2015;"s16265.1";1
"10496";"FML_Den";2010;"s4447";1
"10497";"FML_Den";2010;"s4460";1
"10498";"FML_Den";2010;"s4467";1
"10499";"FML_Den";2013;"s11933";1
"10500";"FML_Den";2013;"s11935";1
"10501";"FML_Den";2013;"s11937";1
"10502";"FML_Den";2013;"s11946";1
"10503";"FML_Den";2013;"s11950";1
"10504";"FML_Den";2013;"s11951";1
"10505";"FML_Den";2013;"s11956";1
"10506";"FML_Den";2013;"s11960";1
"10507";"FML_Den";2013;"s11961";1
"10508";"FML_Den";2013;"s11971";1
"10509";"FML_Den";2013;"s11973";1
"10510";"FML_Den";2013;"s11983";1
"10511";"FML_Den";2013;"s11985";1
"10512";"FML_Den";2013;"s11990";1
"10513";"FML_Den";2013;"s11993.1";1
"10514";"FML_Den";2013;"s11994";1
"10515";"FML_Den";2013;"s12002";1
"10516";"FML_Den";2013;"s12011";1
"10517";"FML_Den";2013;"s12012";1
"10518";"FML_Den";2013;"s12012.2";1
"10519";"FML_Den";2013;"s12012.5";1
"10520";"FML_Den";2013;"s12016";1
"10521";"FML_Den";2013;"s12017";1
"10522";"FML_Den";2013;"s12024";1
"10523";"FML_Den";2013;"s12025";1
"10524";"FML_Den";2013;"s12030";1
"10525";"FML_Den";2013;"s12031";1
"10526";"FML_Den";2013;"s12034";1
"10527";"FML_Den";2013;"s12037";1
"10528";"FML_Den";2013;"s12038";1
"10529";"FML_Den";2013;"s12053";1
"10530";"FML_Den";2013;"s12057";1
"10531";"FML_Den";2013;"s12062";1
"10532";"FML_Den";2013;"s12064";1
"10533";"FML_Den";2013;"s12074";1
"10534";"FML_Den";2013;"s12099";1
"10535";"FML_Den";2013;"s12114";1
"10536";"FML_Den";2014;"s14880";1
"10537";"FML_Den";2016;"s20231";1
"10538";"FML_Den";2018;"s23937";1
"10539";"FML_Den";2018;"s23967";1
"10540";"FML_Den";2018;"s23984";1
"10541";"FM_Den";2005;"t52759";1
"10542";"FM_Den";2005;"t53013";1
"10543";"Fever_Tree_Natal_Den/Communal_Den_Complex";2002;"t34346";1
"10544";"Fever_Tree_Natal_Den/Communal_Den_Complex";2002;"t34882";1
"10545";"Fever_Tree_Natal_Den/Communal_Den_Complex";2002;"t34913";1
"10546";"Fever_Tree_Natal_Den/Communal_Den_Complex";2002;"t34915";1
"10547";"Fever_Tree_Natal_Den/Communal_Den_Complex";2002;"t35026";1
"10548";"Fever_Tree_Natal_Den/Communal_Den_Complex";2002;"t35066";1
"10549";"Fever_Tree_Natal_Den/Communal_Den_Complex";2002;"t35206";1
"10550";"Fever_Tree_Natal_Den/Communal_Den_Complex";2002;"t35321";1
"10551";"Fever_Tree_Natal_Den/Communal_Den_Complex";2002;"t35323";1
"10552";"Fever_Tree_Natal_Den/Communal_Den_Complex";2002;"t35348";1
"10553";"Fever_Tree_Natal_Den/Communal_Den_Complex";2002;"t35369";1
"10554";"Fever_Tree_Natal_Den/Communal_Den_Complex";2002;"t35389";1
"10555";"Fever_Tree_Natal_Den/Communal_Den_Complex";2002;"t35390";1
"10556";"Fever_Tree_Natal_Den/Communal_Den_Complex";2002;"t35464";1
"10557";"Fever_Tree_Natal_Den/Communal_Den_Complex";2003;"t36908";1
"10558";"Fever_Tree_Natal_Den/Communal_Den_Complex";2003;"t36919";1
"10559";"Fever_Tree_Natal_Den/Communal_Den_Complex";2003;"t37066";1
"10560";"Fever_Tree_Natal_Den/Communal_Den_Complex";2003;"t37320";1
"10561";"Fever_Tree_Natal_Den/Communal_Den_Complex";2003;"t37934";1
"10562";"Fever_Tree_Natal_Den/Communal_Den_Complex";2003;"t37989";1
"10563";"Fever_Tree_Natal_Den/Communal_Den_Complex";2003;"t37994";1
"10564";"Fever_Tree_Natal_Den/Communal_Den_Complex";2003;"t38070";1
"10565";"Fever_Tree_Natal_Den/Communal_Den_Complex";2003;"t38215";1
"10566";"Fever_Tree_Natal_Den/Communal_Den_Complex";2003;"t38238";1
"10567";"Fever_Tree_Natal_Den/Communal_Den_Complex";2003;"t39387";1
"10568";"Fever_Tree_Natal_Den/Communal_Den_Complex";2003;"t40324";1
"10569";"Fever_Tree_Natal_Den/Communal_Den_Complex";2003;"t40343";1
"10570";"Fever_Tree_Natal_Den/Communal_Den_Complex";2004;"t43481";1
"10571";"Fever_Tree_Natal_Den/Communal_Den_Complex";2004;"t48977";1
"10572";"Fever_Tree_Natal_Den/Communal_Den_Complex";2004;"t49011";1
"10573";"Fever_Tree_Natal_Den/Communal_Den_Complex";2004;"t49157";1
"10574";"Fever_Tree_Natal_Den/Communal_Den_Complex";2004;"t49169";1
"10575";"Fever_Tree_Natal_Den/Communal_Den_Complex";2004;"t49362";1
"10576";"Fever_Tree_Natal_Den/Communal_Den_Complex";2004;"t49363";1
"10577";"Fever_Tree_Natal_Den/Communal_Den_Complex";2005;"t54214";1
"10578";"Fever_Tree_Natal_Den/Communal_Den_Complex";2005;"t54223";1
"10579";"Fever_Tree_Natal_Den/Communal_Den_Complex";2005;"t54293";1
"10580";"Fever_Tree_Natal_Den/Communal_Den_Complex";2005;"t54498";1
"10581";"Fever_Tree_Natal_Den/Communal_Den_Complex";2005;"t54514";1
"10582";"Fever_Tree_Natal_Den/Communal_Den_Complex";2005;"t55504";1
"10583";"Fever_Tree_Natal_Den/Communal_Den_Complex";2005;"t55517";1
"10584";"Fever_Tree_Natal_Den/Communal_Den_Complex";2005;"t55572";1
"10585";"Fever_Tree_Natal_Den/Communal_Den_Complex";2005;"t55611";1
"10586";"Fever_Tree_Natal_Den/Communal_Den_Complex";2005;"t55682";1
"10587";"Fever_Tree_Natal_Den/Communal_Den_Complex";2005;"t55691";1
"10588";"Fever_Tree_Natal_Den/Communal_Den_Complex";2005;"t55729";1
"10589";"Fever_Tree_Natal_Den/Communal_Den_Complex";2005;"t55745";1
"10590";"Fever_Tree_Natal_Den/Communal_Den_Complex";2005;"t55776";1
"10591";"Fever_Tree_Natal_Den/Communal_Den_Complex";2006;"t55927";1
"10592";"Fever_Tree_Natal_Den/Communal_Den_Complex";2006;"t55929";1
"10593";"Fever_Tree_Natal_Den/Communal_Den_Complex";2006;"t55941";1
"10594";"Fever_Tree_Natal_Den/Communal_Den_Complex";2006;"t55965";1
"10595";"Fever_Tree_Natal_Den/Communal_Den_Complex";2006;"t56059";1
"10596";"Fever_Tree_Natal_Den/Communal_Den_Complex";2006;"t56134";1
"10597";"Fever_Tree_Natal_Den/Communal_Den_Complex";2006;"t56156";1
"10598";"Fever_Tree_Natal_Den/Communal_Den_Complex";2006;"t56301";1
"10599";"Fig_Tree_Den_2";2007;"t60628";1
"10600";"Flapjack_Den";2013;"s10106";1
"10601";"Flapjack_Den";2013;"s10814";1
"10602";"Flashforward_Den";2012;"s8857";1
"10603";"Flashforward_Den";2012;"s9072.1";1
"10604";"Flashforward_Den";2012;"s9082";1
"10605";"Flashforward_Den";2012;"s9089";1
"10606";"Flashforward_Den";2012;"s9093";1
"10607";"Flashforward_Den";2012;"s9106";1
"10608";"Flashforward_Den";2012;"s9110";1
"10609";"Flashforward_Den";2012;"s9116";1
"10610";"Flashforward_Den";2012;"s9118";1
"10611";"Flashforward_Den";2012;"s9119";1
"10612";"Flashforward_Den";2012;"s9121";1
"10613";"Flashforward_Den";2012;"s9124";1
"10614";"Flashforward_Den";2012;"s9130";1
"10615";"Flashforward_Den";2012;"s9131";1
"10616";"Flashforward_Den";2012;"s9132";1
"10617";"Flashforward_Den";2012;"s9178";1
"10618";"Flashforward_Den";2012;"s9181";1
"10619";"Flashforward_Den";2012;"s9187";1
"10620";"Flashforward_Den";2012;"s9196";1
"10621";"Flashforward_Den";2012;"s9204";1
"10622";"Flashforward_Den";2012;"s9210";1
"10623";"Flashforward_Den";2012;"s9212";1
"10624";"Flashforward_Den";2012;"s9230";1
"10625";"Flashforward_Den";2012;"s9231";1
"10626";"Flashforward_Den";2012;"s9251";1
"10627";"Flashforward_Den";2012;"s9290";1
"10628";"Flashforward_Den";2012;"s9291";1
"10629";"Flashforward_Den";2012;"s9316";1
"10630";"Flintstone_Den";2015;"t93003";1
"10631";"Flintstone_Den";2017;"t100511";1
"10632";"Flintstone_Den";2017;"t100737";1
"10633";"Flintstone_Den";2017;"t101264";1
"10634";"Flintstone_Den";2017;"t101356";1
"10635";"Flintstone_Den";2017;"t101382";1
"10636";"Foggy_Den";2019;"s109771";1
"10637";"Foggy_Den";2019;"s109776";1
"10638";"Foggy_Den";2019;"s109781";1
"10639";"Foggy_Den";2019;"s109787";1
"10640";"Frittata_Den";2011;"s6746";1
"10641";"Frittata_Den";2011;"s6755";1
"10642";"Frittata_Den";2011;"s6811";1
"10643";"Frittata_Den";2011;"s6816";1
"10644";"Gardenia_Den";2014;"t86512";1
"10645";"Gardenia_Den";2014;"t86554";1
"10646";"Gardenia_Den";2014;"t86584";1
"10647";"Gila_River_Den";2009;"s875";1
"10648";"Gila_River_Den";2009;"s887";1
"10649";"Gila_River_Den";2009;"s891";1
"10650";"Gila_River_Den";2009;"s893";1
"10651";"Gila_River_Den";2009;"s895";1
"10652";"Gila_River_Den";2009;"s911";1
"10653";"Gila_River_Den_II";2010;"s1290";1
"10654";"Gila_River_Den_II";2010;"s1310";1
"10655";"Grand_Theft_Auto_Den";2010;"s1182";1
"10656";"Grand_Theft_Auto_Den";2011;"s7366";1
"10657";"Green_Den";2006;"t58257";1
"10658";"Green_Den";2006;"t58304";1
"10659";"Greenland_Den";2019;"t108534";1
"10660";"Grits_Den";2011;"s6575";1
"10661";"Grits_Den";2011;"s6599";1
"10662";"Grits_Den";2011;"s6617";1
"10663";"Grits_Den";2011;"s6661";1
"10664";"Grits_Den";2011;"s6697.1";1
"10665";"Grits_Den";2013;"s10010";1
"10666";"Grits_Den";2013;"s10085";1
"10667";"Grits_Den";2013;"s10650";1
"10668";"Grits_Den";2013;"s10724";1
"10669";"Grits_Den";2013;"s10745";1
"10670";"Grits_Den";2013;"s10753";1
"10671";"Guava_Den";2015;"s16724";1
"10672";"Guava_Den";2015;"s16732";1
"10673";"Guava_Den";2015;"s16740.1";1
"10674";"Guava_Den";2015;"s16755";1
"10675";"Guava_Den";2015;"s16758";1
"10676";"Hallelujah_Den";2010;"s4352";1
"10677";"Hanging_Gardens_Den";2009;"s3480";1
"10678";"Hanging_Gardens_Den";2009;"s3517";1
"10679";"Hanging_Gardens_Den";2009;"s3556";1
"10680";"Hanging_Gardens_Den";2021;"s114678";1
"10681";"Heath_Den";2011;"s4696";1
"10682";"Heath_Den";2011;"s5134.2";1
"10683";"Heathrow_Den";2008;"s1550";1
"10684";"Heathrow_Den";2008;"s1551";1
"10685";"Hit_and_Run_Den";2011;"s7334";1
"10686";"Hit_and_Run_Den";2011;"s7345";1
"10687";"Hit_and_Run_Den";2011;"s7355.1";1
"10688";"Hit_and_Run_Den";2011;"s7356";1
"10689";"Hit_and_Run_Den";2011;"s7365.1";1
"10690";"Hit_and_Run_Den";2011;"s7374";1
"10691";"Hogshead_Den";2010;"s3156";1
"10692";"Holiday_Communal_Den";2006;"t59681";1
"10693";"Holiday_Communal_Den";2006;"t59709";1
"10694";"Holiday_Communal_Den";2006;"t59721";1
"10695";"Holiday_Communal_Den";2009;"t65997";1
"10696";"Holy_Grail_Den";2008;"s103";1
"10697";"Holy_Grail_Den";2008;"s60";1
"10698";"Holy_Grail_Den";2008;"s75";1
"10699";"Holy_Grail_Den";2009;"s468";1
"10700";"Holy_Grail_Den";2009;"s476";1
"10701";"Holy_Grail_Den";2009;"s482";1
"10702";"Holy_Grail_Den";2009;"s491";1
"10703";"Holy_Grail_Den";2009;"s521";1
"10704";"Holy_Grail_Den";2009;"s578";1
"10705";"Holy_Grail_Den";2009;"s637";1
"10706";"Holy_Grail_Den";2009;"s681";1
"10707";"Holy_Grail_Den";2011;"s7549.3";1
"10708";"Holy_Grail_Den";2011;"s7553";1
"10709";"Holy_Grail_Den";2011;"s7554";1
"10710";"Holy_Grail_Den";2011;"s7556";1
"10711";"Holy_Grail_Den";2011;"s7561";1
"10712";"Holy_Grail_Den";2013;"s12210";1
"10713";"Holy_Grail_Den";2013;"s12213";1
"10714";"Holy_Grail_Den";2013;"s12342";1
"10715";"Holy_Grail_Den";2013;"s12384";1
"10716";"Holy_Grail_Den";2013;"s12386";1
"10717";"Holy_Grail_Den";2013;"s12395";1
"10718";"Holy_Grail_Den_II";2008;"s134";1
"10719";"Holy_Grail_Den_II";2008;"s147";1
"10720";"Holy_Grail_Den_II";2008;"s1488";1
"10721";"Holy_Grail_Den_II";2008;"s161";1
"10722";"Homicide_Den";2010;"s1194";1
"10723";"Houdini_Den";2016;"s19000";1
"10724";"Houdini_Den";2016;"s19018";1
"10725";"Houdini_Den";2016;"s19066";1
"10726";"Houdini_Den";2016;"s19133";1
"10727";"Houdini_Den";2016;"s19135";1
"10728";"Houdini_Den";2016;"s19136";1
"10729";"Houdini_Den";2016;"s19141";1
"10730";"Houdini_Den";2016;"s19149";1
"10731";"Houdini_Den";2016;"s19152";1
"10732";"Houdini_Den";2016;"s20328";1
"10733";"Houdini_Den";2016;"s20347";1
"10734";"Hullabaloo_Den";2016;"s20415";1
"10735";"Hullabaloo_Den";2016;"s20421";1
"10736";"Hullabaloo_Den";2016;"s20425";1
"10737";"Hullabaloo_Den";2016;"s20428";1
"10738";"Hurley_Den";2010;"s4400";1
"10739";"Hydra_Den";2009;"s3753";1
"10740";"Hydra_Den";2009;"s3755";1
"10741";"IAT_Den";2009;"s2436";1
"10742";"IAT_Den";2010;"s3207";1
"10743";"IAT_Den";2010;"s3211";1
"10744";"IAT_Den";2015;"s17200";1
"10745";"IAT_Den";2017;"s22877";1
"10746";"Ilvermorny_Den";2016;"s20027";1
"10747";"Ilvermorny_Den";2016;"s20032";1
"10748";"Ilvermorny_Den";2016;"s20078";1
"10749";"J_Fab_Den";2017;"s22401";1
"10750";"J_Fab_Den";2017;"s22431";1
"10751";"Jackson's_Hole_Den";2010;"s3983";1
"10752";"Jackson's_Hole_Den";2014;"s15102.1";1
"10753";"Jalapeno_Den";2019;"s110362";1
"10754";"Judith_Den";2017;"s20994";1
"10755";"Kinda-See-Em_Den";2005;"t54278";1
"10756";"Kinda-See-Em_Den";2005;"t54408";1
"10757";"Kinda-See-Em_Den";2005;"t54585";1
"10758";"Kinda-See-Em_Den";2005;"t54682";1
"10759";"Kinda-See-Em_Den";2005;"t54803";1
"10760";"Kinda-See-Em_Den";2006;"t56496";1
"10761";"Kinda-See-Em_Den";2006;"t56561";1
"10762";"Kinda-See-Em_Den";2006;"t56627";1
"10763";"Kinda-See-Em_Den";2006;"t59070";1
"10764";"Kinda-See-Em_Den";2006;"t59116";1
"10765";"Kinda-See-Em_Den";2006;"t59273";1
"10766";"Kinda-See-Em_Den";2008;"t62334";1
"10767";"Kinda-See-Em_Den";2008;"t62354";1
"10768";"Kinda-See-Em_Den";2008;"t62364";1
"10769";"Kinda-See-Em_Den";2008;"t62379";1
"10770";"Kinda-See-Em_Den";2008;"t62443.1";1
"10771";"Kinda-See-Em_Den";2008;"t62569";1
"10772";"Kinda-See-Em_Den";2008;"t62751";1
"10773";"Kinda-See-Em_Den";2008;"t62780";1
"10774";"Kinda-See-Em_Den";2008;"t63138";1
"10775";"Kinda-See-Em_Den";2008;"t63394";1
"10776";"Kinda-See-Em_Den";2008;"t63516";1
"10777";"Kinda-See-Em_Den";2008;"t63547";1
"10778";"Kinda-See-Em_Den";2009;"t64895";1
"10779";"Kinda-See-Em_Den";2009;"t64925";1
"10780";"Kinda-See-Em_Den";2009;"t65011";1
"10781";"Kinda-See-Em_Den";2009;"t65029";1
"10782";"Kinda-See-Em_Den";2009;"t65196";1
"10783";"Kinda-See-Em_Den";2009;"t65222";1
"10784";"Kinda-See-Em_Den";2009;"t65234";1
"10785";"Kinda-See-Em_Den";2009;"t67597";1
"10786";"Kinda-See-Em_Den";2010;"t68232";1
"10787";"Kinda-See-Em_Den";2010;"t68340";1
"10788";"Kinda-See-Em_Den";2010;"t71126";1
"10789";"Kinda-See-Em_Den";2010;"t71174";1
"10790";"Kinda-See-Em_Den";2010;"t71193";1
"10791";"Kinda-See-Em_Den";2010;"t71403";1
"10792";"Kinda-See-Em_Den";2011;"t74015";1
"10793";"Kinda-See-Em_Den";2013;"t82697";1
"10794";"Kinda-See-Em_Den";2013;"t83153";1
"10795";"Kinda-See-Em_Den";2013;"t84381";1
"10796";"Kinda-See-Em_Den";2013;"t84402";1
"10797";"Kinda-See-Em_Den";2013;"t84494";1
"10798";"Kinda-See-Em_Den";2013;"t84581";1
"10799";"Kinda-See-Em_Den";2013;"t84753";1
"10800";"Kinda-See-Em_Den";2013;"t84787";1
"10801";"Kinda-See-Em_Den";2013;"t84798";1
"10802";"Kinda-See-Em_Den";2013;"t84864";1
"10803";"Kinda-See-Em_Den";2013;"t84963";1
"10804";"Kinda-See-Em_Den";2014;"t89372";1
"10805";"Kinda-See-Em_Den";2014;"t89562";1
"10806";"Kinda-See-Em_Den";2014;"t89724";1
"10807";"Kinda-See-Em_Den";2015;"t92109";1
"10808";"Kinda-See-Em_Den";2015;"t92154";1
"10809";"Kinda-See-Em_Den";2015;"t92217";1
"10810";"Kinda-See-Em_Den";2015;"t92248";1
"10811";"Kinda_See_Em_Den_Three";2014;"t88769";1
"10812";"Kinda_See_Em_Den_Two";2010;"t68856";1
"10813";"Kinda_See_Em_Den_Two";2010;"t71556";1
"10814";"Kinda_See_Em_Den_Two";2011;"t71941";1
"10815";"Kinda_See_Em_Den_Two";2011;"t71963";1
"10816";"Kinda_See_Em_Den_Two";2011;"t71980";1
"10817";"Kinda_See_Em_Den_Two";2011;"t72001";1
"10818";"Kinda_See_Em_Den_Two";2011;"t72126";1
"10819";"Kinda_See_Em_Den_Two";2011;"t72128";1
"10820";"Kinda_See_Em_Den_Two";2011;"t74014";1
"10821";"Kinda_See_Em_Den_Two";2012;"t76214";1
"10822";"Kinda_See_Em_Den_Two";2014;"t88971";1
"10823";"Kit_Kat_Den";2011;"s5126.1";1
"10824";"Kit_Kat_Den";2016;"s18469";1
"10825";"Kit_Kat_Den";2016;"s18508";1
"10826";"Kit_Kat_Den";2016;"s19544";1
"10827";"Kit_Kat_Den";2016;"s19731";1
"10828";"Kit_Kat_Den";2016;"s19743";1
"10829";"Kit_Kat_Den";2016;"s19757";1
"10830";"Kit_Kat_Den";2016;"s19782";1
"10831";"Kit_Kat_Den";2016;"s19797";1
"10832";"Kit_Kat_Den";2016;"s19831";1
"10833";"Kit_Kat_Den";2016;"s19835";1
"10834";"Kit_Kat_Den";2016;"s19836";1
"10835";"Kit_Kat_Den";2016;"s19840";1
"10836";"Kit_Kat_Den";2016;"s19895";1
"10837";"Kitchen_Natal_Den";2009;"t65784";1
"10838";"Kitchen_Natal_Den";2009;"t65790";1
"10839";"Kitchen_Natal_Den";2009;"t65853";1
"10840";"Kitchen_Natal_Den";2009;"t66100";1
"10841";"Kitchen_Natal_Den";2009;"t66158";1
"10842";"Kitchen_Natal_Den";2009;"t66186";1
"10843";"Kitchen_Natal_Den";2009;"t66189";1
"10844";"Kitchen_Natal_Den";2009;"t66223";1
"10845";"Kitchen_Natal_Den";2009;"t66270";1
"10846";"Kitchen_Natal_Den";2009;"t66274";1
"10847";"Kitchen_Natal_Den";2009;"t66449";1
"10848";"Kolding_Den";2011;"s6999";1
"10849";"Lala_Den";2006;"t58202";1
"10850";"Lala_Den";2006;"t58258";1
"10851";"Lala_Den";2006;"t58349";1
"10852";"Lala_Den";2006;"t58575";1
"10853";"Lazy_French_Den";2015;"t90936";1
"10854";"Library_of_Alexandria_Den";2015;"s15531";1
"10855";"Lighthouse_Den";2011;"s4909";1
"10856";"Lighthouse_Den";2013;"s11524";1
"10857";"Lighthouse_Den";2013;"s11566";1
"10858";"Lightning_Den";2011;"t72693";1
"10859";"Lilac_Breasted_Roller_Den";2022;"S116333";1
"10860";"Locke_Den";2010;"s4333";1
"10861";"Locke_Den";2010;"s4355";1
"10862";"Locke_Den";2010;"s4413";1
"10863";"Log_Cabin's_Culvert_Den";2023;"s117896";1
"10864";"Log_Cabin's_Culvert_Den";2023;"s117899";1
"10865";"Log_Cabin's_Culvert_Den";2023;"s117905";1
"10866";"Log_Cabin's_Culvert_Den";2023;"s117938";1
"10867";"Log_Cabin's_Culvert_Den";2023;"s117954";1
"10868";"Log_Cabin's_Culvert_Den";2023;"s117960";1
"10869";"Log_Cabin's_Culvert_Den";2023;"s118056";1
"10870";"Log_Cabin's_Culvert_Den";2023;"s118067";1
"10871";"Log_Cabin's_Culvert_Den";2023;"s118069";1
"10872";"Lone_Ranger_Natal_Den";2009;"t66224";1
"10873";"Lone_Ranger_Natal_Den";2010;"t71069";1
"10874";"Lone_Ranger_Natal_Den";2010;"t71696";1
"10875";"Love_Stinks_Den";2014;"t89034";1
"10876";"Lucky_Leopard_Den";2014;"t87999";1
"10877";"Lucky_Leopard_Den";2016;"t94437";1
"10878";"Lugga_Den";2017;"s21801";1
"10879";"Lugga_Den";2022;"s115904";1
"10880";"Lugga_Den";2022;"s115953";1
"10881";"Lugga_Den_II";2022;"S116332";1
"10882";"Lugga_Den_III";2022;"s115900";1
"10883";"Lugga_Den_lll";2017;"s21872";1
"10884";"Mag_Den";2010;"s3041";1
"10885";"Mag_Den";2010;"s3050";1
"10886";"Maggie_Den";2014;"t87858";1
"10887";"Magic_Bush_Den";2003;"t38777";1
"10888";"Magic_Bush_Den";2003;"t38805";1
"10889";"Magic_Bush_Den";2003;"t38822";1
"10890";"Magic_Bush_Den";2003;"t38846";1
"10891";"Magic_Bush_Den";2003;"t38970";1
"10892";"Magic_Bush_Den";2014;"t85101";1
"10893";"Magic_Bush_Den";2014;"t85138";1
"10894";"Magic_Bush_Den";2014;"t85217";1
"10895";"Magic_Bush_Den";2014;"t85246";1
"10896";"Malmö_Den";2012;"s7931";1
"10897";"Malmö_Den";2012;"s7946";1
"10898";"Malmö_Den";2012;"s7958";1
"10899";"Malmö_Den";2012;"s7967";1
"10900";"Malmö_Den";2012;"s7974";1
"10901";"Malmö_Den";2012;"s7977";1
"10902";"Malmö_Den";2012;"s7995";1
"10903";"Malmö_Den";2012;"s8090";1
"10904";"Mango_Den";2017;"s22035";1
"10905";"Mars_Den";2022;"S116000";1
"10906";"Meatloaf_Den";2015;"s17834";1
"10907";"Meatloaf_Den";2015;"s17845";1
"10908";"Meatloaf_Den";2015;"s17855";1
"10909";"Meatloaf_Den";2017;"s22989";1
"10910";"Meatloaf_Den";2017;"s22997";1
"10911";"Meatloaf_Den";2018;"s23017";1
"10912";"Meatloaf_Den";2018;"s23025";1
"10913";"Merry_Christmas_Den";2013;"s9895";1
"10914";"Mexicalli_Den";2012;"s9658";1
"10915";"Mexicalli_Den";2012;"s9660";1
"10916";"Milkyway_Den";2014;"t87472";1
"10917";"Milkyway_Den";2014;"t87494";1
"10918";"Mindy's_Den";2013;"s10118";1
"10919";"Mindy's_Den";2013;"s10120";1
"10920";"Mindy's_Den";2013;"s10128";1
"10921";"Mindy's_Den";2013;"s10131";1
"10922";"Mindy's_Den";2013;"s10148";1
"10923";"Mindy's_Den";2013;"s10162";1
"10924";"Mindy's_Den";2013;"s10872";1
"10925";"Mindy's_Den";2013;"s10911";1
"10926";"Moat_Den";2016;"s20260";1
"10927";"Moat_Den";2016;"s20261";1
"10928";"Moat_Den";2016;"s20271";1
"10929";"Moat_Den";2017;"s21083";1
"10930";"Moscow_Den";2011;"s6130.7";1
"10931";"Mountaineer_Den";2018;"t102056.10";1
"10932";"Mountaineer_Den";2018;"t102881";1
"10933";"Mr._Cluck's_Chicken_Shack_Den";2011;"s5298";1
"10934";"Mtafiti_Fisi_Good_Day_Den";2018;"s24062";1
"10935";"Muffin_Den";2013;"s11243";1
"10936";"Muffin_Den";2013;"s11258";1
"10937";"NUDI's_Den";2019;"t111335";1
"10938";"NUDI's_Den_2";2019;"t111510";1
"10939";"National_Cornchip_Day_Den";2013;"s9809";1
"10940";"National_Cornchip_Day_Den";2013;"s9953";1
"10941";"National_Cornchip_Day_Den";2013;"s9960";1
"10942";"National_Cornchip_Day_Den";2013;"s9961";1
"10943";"Nchoko_Den";2021;"s115549";1
"10944";"Nchoko_Den";2021;"s115580";1
"10945";"Nchoko_Den";2021;"s115587";1
"10946";"Nimekufa_Kindani_Den";2018;"t104654";1
"10947";"Nimekufa_Kindani_Den";2018;"t104686";1
"10948";"Nimekufa_Kindani_Den";2018;"t104696";1
"10949";"Nimekufa_Kindani_Den";2018;"t104734";1
"10950";"Nimekufa_Kindani_Den";2018;"t104763";1
"10951";"Nimekufa_Kindani_Den";2018;"t104780";1
"10952";"Nimekufa_Kindani_Den";2018;"t104814";1
"10953";"Nimekufa_Kindani_Den";2018;"t104904";1
"10954";"Nimekufa_Kindani_Den";2018;"t104947";1
"10955";"Nimekufa_Kindani_Den";2018;"t104989";1
"10956";"No_See_Em_Den";2004;"t44085";1
"10957";"No_See_Em_Den";2004;"t44439";1
"10958";"No_See_Em_Den";2004;"t44471";1
"10959";"No_See_Em_Den";2005;"t51496";1
"10960";"No_See_Em_Den";2005;"t51583";1
"10961";"No_See_Em_Den";2005;"t51647";1
"10962";"No_See_Em_Den";2005;"t51675";1
"10963";"No_See_Em_Den";2005;"t51784";1
"10964";"No_See_Em_Den";2005;"t51827";1
"10965";"No_See_Em_Den";2005;"t51894";1
"10966";"No_See_Em_Den";2005;"t51947";1
"10967";"No_See_Em_Den";2005;"t51949";1
"10968";"No_See_Em_Den";2005;"t51983";1
"10969";"No_See_Em_Den";2005;"t52316";1
"10970";"No_See_Em_Den";2005;"t52914";1
"10971";"No_See_Em_Den";2005;"t53304";1
"10972";"No_See_Em_Den";2005;"t53611";1
"10973";"No_See_Em_Den";2005;"t53722";1
"10974";"No_See_Em_Den";2005;"t53813";1
"10975";"No_See_Em_Den";2005;"t53889";1
"10976";"No_See_Em_Den";2005;"t53954";1
"10977";"No_See_Em_Den";2005;"t54005";1
"10978";"No_See_Em_Den";2005;"t54255";1
"10979";"No_See_Em_Den";2006;"t57362";1
"10980";"No_See_Em_Den";2006;"t57566";1
"10981";"No_See_Em_Den";2006;"t58974";1
"10982";"No_See_Em_Den";2008;"t63082";1
"10983";"No_See_Em_Den";2008;"t64555";1
"10984";"No_See_Em_Den";2009;"t66596";1
"10985";"No_See_Em_Den";2009;"t66744";1
"10986";"No_See_Em_Den";2009;"t67030";1
"10987";"No_See_Em_Den";2009;"t67065";1
"10988";"No_See_Em_Den";2009;"t67114";1
"10989";"No_See_Em_Den";2010;"t71336";1
"10990";"Nogales_Den";2015;"s17756";1
"10991";"Nogales_Den";2015;"s17764";1
"10992";"Nogales_Den";2015;"s17767";1
"10993";"Nogales_Den";2015;"s17776.1";1
"10994";"Nogales_Den";2019;"s110381";1
"10995";"Nomadic_Den";2015;"t92204";1
"10996";"Nyumba_Ndege_Den";2011;"s6265";1
"10997";"Nyumba_Ndege_Den";2011;"s6370";1
"10998";"Nyumba_Ndege_Den";2011;"s6402";1
"10999";"Oceanic_Den";2009;"s3820";1
"11000";"Oceanic_Den";2009;"s3855";1
"11001";"Oceanic_Den";2010;"s4301";1
"11002";"Oceanic_Den";2010;"s4434";1
"11003";"Oceanic_Den";2014;"s15101.3";1
"11004";"Oceanic_Den";2014;"s15177";1
"11005";"Oceanic_Den";2014;"s15214";1
"11006";"Oceanic_Den";2014;"s15251";1
"11007";"Oceanic_Den";2014;"s15288";1
"11008";"Oceanic_Den";2014;"s15294";1
"11009";"Oceanic_Den";2015;"s15329";1
"11010";"Oceanic_Den";2015;"s15337";1
"11011";"Oceanic_Den";2015;"s15353";1
"11012";"Oceanic_Den";2019;"s110189";1
"11013";"Ollivander's_Den";2010;"s3293";1
"11014";"Ollivander's_Den";2011;"s5955";1
"11015";"Ollivander's_Den";2016;"s20162";1
"11016";"Ollivander's_Den";2019;"s108994";1
"11017";"Ollivander's_Den";2019;"s108999";1
"11018";"Ollivander's_Den";2023;"s117179";1
"11019";"Ollivander's_Den";2023;"s117269";1
"11020";"Olosogon_West_Bank_Natal_Den";2002;"t34776";1
"11021";"Orchid_Den";2009;"s3720";1
"11022";"Orchid_Den";2009;"s3768";1
"11023";"Orchid_Den";2009;"s3937";1
"11024";"Orchid_Den";2009;"s3939";1
"11025";"Orchid_Den";2010;"s4011";1
"11026";"Orchid_Den";2010;"s4111";1
"11027";"Orchid_Den";2010;"s4144";1
"11028";"Orchid_Den";2010;"s4270";1
"11029";"Orchid_Den";2010;"s4273";1
"11030";"Orchid_Den";2010;"s4288";1
"11031";"Orchid_Den";2010;"s4295";1
"11032";"Orchid_Den";2010;"s4302";1
"11033";"Over_the_River_Den";2005;"t53833";1
"11034";"Over_the_River_Den";2005;"t53885";1
"11035";"Over_the_River_Den";2005;"t53946";1
"11036";"Oxytocin_Den";2012;"s9147";1
"11037";"Oxytocin_Den";2012;"s9152";1
"11038";"Oxytocin_Den";2012;"s9164";1
"11039";"Pancake_Den";2011;"s6772";1
"11040";"Paradise_Den";2003;"t40130";1
"11041";"Paradise_Den";2004;"t48930";1
"11042";"Paradise_Den";2009;"t66035";1
"11043";"Paradise_Den";2009;"t66071";1
"11044";"Pearl_Den";2010;"s4184";1
"11045";"Plantation_Den";2002;"t32095";1
"11046";"Plantation_Den";2002;"t32463";1
"11047";"Plantation_Den";2002;"t32501";1
"11048";"Plantation_Den";2002;"t34389";1
"11049";"Plantation_Den";2002;"t34628";1
"11050";"Plantation_Den";2002;"t35273";1
"11051";"Plantation_Den";2002;"t35692";1
"11052";"Plantation_Den";2002;"t35883";1
"11053";"Plantation_Den";2002;"t36098";1
"11054";"Plantation_Den";2003;"t36874";1
"11055";"Plantation_Den";2003;"t37068";1
"11056";"Plantation_Den";2003;"t37149";1
"11057";"Plantation_Den";2003;"t37264";1
"11058";"Plantation_Den";2003;"t38388";1
"11059";"Plantation_Den";2003;"t38564";1
"11060";"Plantation_Den";2003;"t39704";1
"11061";"Plantation_Den";2004;"t48194";1
"11062";"Plantation_Den";2004;"t48265";1
"11063";"Plantation_Den";2004;"t49340";1
"11064";"Plantation_Den";2004;"t49518";1
"11065";"Plantation_Den";2004;"t49558";1
"11066";"Plantation_Den";2004;"t50165";1
"11067";"Plantation_Den";2004;"t50305";1
"11068";"Plantation_Den";2007;"t60228";1
"11069";"Plantation_Den";2011;"t72298";1
"11070";"Plantation_Den";2013;"t82691";1
"11071";"Plantation_Den";2013;"t82726";1
"11072";"Polar_Bear_Den";2010;"s4294";1
"11073";"Polar_Bear_Den";2010;"s4319";1
"11074";"Polar_Bear_Den";2010;"s4402";1
"11075";"Polar_Bear_Den";2014;"s15015";1
"11076";"Polar_Bear_Den";2014;"s15018";1
"11077";"Pole_not_Pole_Den";2014;"t87758";1
"11078";"Portcullis_Den";2016;"s20683";1
"11079";"Pothole_Den";2012;"t78658";1
"11080";"Pothole_Den";2013;"t83089";1
"11081";"Pothole_Den";2013;"t83096";1
"11082";"Precipice_Den";2017;"s22567";1
"11083";"Precipice_Den";2017;"s22648";1
"11084";"Precipice_Den";2017;"s22699";1
"11085";"Precipice_Den";2017;"s22701";1
"11086";"Precipice_Den";2017;"s22706";1
"11087";"Precipice_Den";2017;"s22707";1
"11088";"Precipice_Den";2017;"s22722";1
"11089";"Precipice_Den";2017;"s22723";1
"11090";"Precipice_Den";2017;"s22736";1
"11091";"Precipice_Den_III";2018;"s23372";1
"11092";"Precipice_Den_ll";2017;"s22173";1
"11093";"Precipice_Den_ll";2017;"s22177";1
"11094";"Precipice_Den_ll";2018;"s23261";1
"11095";"Precipice_Den_ll";2018;"s23341";1
"11096";"Rang_Natal_Den";2017;"s22210";1
"11097";"Ranger_Den";2004;"t43952";1
"11098";"Ranger_Den";2004;"t43964";1
"11099";"Ranger_Den";2004;"t44051";1
"11100";"Ravenclaw_Den";2010;"s3080";1
"11101";"Redemption_Den";2009;"s2256";1
"11102";"Redemption_Den";2010;"s2477";1
"11103";"Redemption_Den";2010;"s2479";1
"11104";"Redemption_Den";2010;"s2485";1
"11105";"Redemption_Den";2010;"s2529";1
"11106";"Redemption_Den";2010;"s2563";1
"11107";"Redemption_Den";2010;"s2591";1
"11108";"Redemption_Den";2010;"s2604";1
"11109";"Redemption_Den";2010;"s2631";1
"11110";"Redemption_Den";2010;"s2634";1
"11111";"Redemption_Den";2010;"s2653";1
"11112";"Redemption_Den";2010;"s2662";1
"11113";"Redemption_Den";2010;"s2666";1
"11114";"Redemption_Den";2010;"s2668";1
"11115";"Redemption_Den";2010;"s2779";1
"11116";"Redemption_Den";2010;"s2792";1
"11117";"Reese's_Den";2011;"s4953";1
"11118";"Resurrection_Communal_Den";2003;"t37828";1
"11119";"Resurrection_Communal_Den";2011;"t72928";1
"11120";"Resurrection_Communal_Den";2011;"t73091";1
"11121";"Resurrection_Communal_Den";2011;"t73608";1
"11122";"Resurrection_Communal_Den";2011;"t73691";1
"11123";"Resurrection_Communal_Den";2011;"t74931";1
"11124";"Resurrection_Communal_Den";2011;"t74951";1
"11125";"Resurrection_Communal_Den";2011;"t74954.4";1
"11126";"Resurrection_Communal_Den";2015;"t92758";1
"11127";"Resurrection_Communal_Den";2015;"t92776";1
"11128";"Resurrection_Communal_Den";2015;"t92844";1
"11129";"Resurrection_Main_Den";2015;"t90927";1
"11130";"Resurrection_Main_Den";2015;"t93316";1
"11131";"Resurrection_Main_Den";2015;"t93346";1
"11132";"Resurrection_Main_Den";2017;"t100197";1
"11133";"Resurrection_Main_Den";2017;"t99151";1
"11134";"Resurrection_Main_Den";2017;"t99323";1
"11135";"Resurrection_Main_Den";2017;"t99676";1
"11136";"Resurrection_Main_Den";2017;"t99728";1
"11137";"Resurrection_Main_Den";2018;"t101873.10";1
"11138";"Reykjavik_Den";2011;"s6126";1
"11139";"Reykjavik_Den";2011;"s6129.6";1
"11140";"Rivendell_Den";2010;"s4380";1
"11141";"Rivendell_Den";2010;"s4381";1
"11142";"Rivendell_Den";2010;"s4382";1
"11143";"Rivendell_Den";2010;"s4386";1
"11144";"Rivendell_Den";2010;"s4387";1
"11145";"Riverbend_Den";2012;"t75296";1
"11146";"Riverbend_Den";2012;"t75335";1
"11147";"Riverbend_Den";2012;"t75356";1
"11148";"Riverbend_Den";2012;"t75529";1
"11149";"Riverbend_Den";2012;"t75679";1
"11150";"Riverbend_Den";2012;"t75782";1
"11151";"Riverbend_Den";2012;"t75794";1
"11152";"Riverbend_Den";2012;"t75910";1
"11153";"Riverbend_Den";2012;"t75948";1
"11154";"Riverbend_Den";2012;"t76050";1
"11155";"Riverbend_Den";2012;"t76623";1
"11156";"Riverbend_Den";2012;"t77167";1
"11157";"Riverbend_Den";2012;"t77863";1
"11158";"Riverbend_Den";2013;"t80208";1
"11159";"Riverbend_Den";2013;"t80222";1
"11160";"Riverbend_Den";2013;"t80226";1
"11161";"Riverbend_Den";2013;"t80598";1
"11162";"Riverbend_Den";2013;"t80599";1
"11163";"Riverbend_Den";2013;"t80613";1
"11164";"Riverbend_Den";2013;"t80673";1
"11165";"Riverbend_Den";2013;"t80714";1
"11166";"Riverbend_Den";2013;"t80718";1
"11167";"Riverbend_Den";2013;"t80895";1
"11168";"Riverbend_Den";2013;"t81059";1
"11169";"Riverbend_Den";2013;"t81330";1
"11170";"Riverbend_Den";2013;"t81364";1
"11171";"Riverbend_Den";2013;"t81440";1
"11172";"Riverbend_Den";2013;"t81453";1
"11173";"Riverbend_Den";2013;"t81459";1
"11174";"Riverbend_Den";2013;"t81595";1
"11175";"Riverbend_Den";2013;"t81630";1
"11176";"Riverbend_Den";2013;"t81658";1
"11177";"Riverbend_Den";2013;"t81711";1
"11178";"Riverbend_Den";2013;"t81787";1
"11179";"Riverbend_Den";2013;"t81816";1
"11180";"Riverbend_Den";2013;"t81826";1
"11181";"Riverbend_Den";2013;"t81876";1
"11182";"Riverbend_Den";2013;"t81901";1
"11183";"Riverbend_Den";2013;"t81939";1
"11184";"Riverbend_Den";2013;"t82453";1
"11185";"Riverbend_Den";2013;"t82638";1
"11186";"Riverbend_Den";2014;"t85302";1
"11187";"Riverbend_Den";2014;"t86183";1
"11188";"Riverbend_Den";2014;"t86234";1
"11189";"Riverbend_Den";2014;"t86564";1
"11190";"Riverbend_Den";2014;"t86576";1
"11191";"Riverbend_Den";2014;"t86594";1
"11192";"Riverbend_Den";2015;"t90134";1
"11193";"Riverbend_Den";2015;"t90239";1
"11194";"Riverbend_Den";2015;"t90613";1
"11195";"Riverbend_Den";2015;"t90763";1
"11196";"Riverbend_Den";2015;"t90767";1
"11197";"Riverbend_Den";2015;"t90780";1
"11198";"Riverbend_Den";2015;"t90781";1
"11199";"Riverbend_Den";2015;"t91727";1
"11200";"Riverbend_Den";2015;"t91903";1
"11201";"Riverbend_Den";2015;"t93325";1
"11202";"Riverbend_Den";2016;"t93465";1
"11203";"Riverbend_Den";2016;"t93538";1
"11204";"Riverbend_Den";2016;"t97281";1
"11205";"Riverbend_Den";2016;"t97641";1
"11206";"Riverbend_Den";2016;"t97921";1
"11207";"Riverbend_Den";2016;"t98004";1
"11208";"Riverbend_Den";2016;"t98049";1
"11209";"Riverbend_Den";2016;"t98060";1
"11210";"Riverbend_Den";2017;"t98144";1
"11211";"Riverbend_Den";2022;"t131061";1
"11212";"Rocky_Point_Den";2010;"s1089";1
"11213";"Rocky_Point_Den";2010;"s1093";1
"11214";"Roosevelt's_Natal_Den_2014";2014;"t86045";1
"11215";"Roosevelt's_Natal_Den_2014";2014;"t86901";1
"11216";"Roosevelt's_Natal_Den_2014";2014;"t86927";1
"11217";"Roosevelt's_Natal_Den_2014";2014;"t87090";1
"11218";"Roosevelt's_Natal_Den_2014";2014;"t87121";1
"11219";"Roosevelt's_Natal_Den_2014";2014;"t87413";1
"11220";"Roosevelt's_Natal_Den_2014";2014;"t87462";1
"11221";"Roosevelt's_Natal_Den_2014";2015;"t92071";1
"11222";"Roosevelt's_Natal_Den_2014";2015;"t92612";1
"11223";"Rousseau_Den";2014;"s14556";1
"11224";"Rousseau_Den";2014;"s14622";1
"11225";"Rousseau_Den";2014;"s14751";1
"11226";"Rousseau_Den";2014;"s14822";1
"11227";"Runway_Den";2009;"s1951";1
"11228";"Runway_Den";2009;"s1996";1
"11229";"Runway_Den";2009;"s2042";1
"11230";"Runway_Den";2020;"s110602";1
"11231";"Runway_Den";2020;"s114455.1";1
"11232";"Runway_Den";2020;"s114470.1";1
"11233";"Runway_Den";2020;"s114474.1";1
"11234";"Runway_Den";2021;"s114498";1
"11235";"Runway_Den";2021;"s114602";1
"11236";"Runway_Den";2021;"s114835";1
"11237";"Runway_Den_3";2019;"s109507";1
"11238";"Runway_Den_3";2020;"s114473.1";1
"11239";"Runway_Den_3";2020;"s114474.2";1
"11240";"Runway_Den_3";2020;"s114482.1";1
"11241";"Runway_Den_3";2020;"s114488.1";1
"11242";"Runway_Den_II";2008;"s1408";1
"11243";"Saito's_Den_2";2022;"S116099";1
"11244";"Saito's_Den_2";2022;"S116137";1
"11245";"Saito's_Den_2";2022;"s116046";1
"11246";"Sawyer_Den";2010;"s4422";1
"11247";"Sawyer_Den";2010;"s4424";1
"11248";"Sawyer_Den";2010;"s4442";1
"11249";"Sawyer_Den";2010;"s4463";1
"11250";"Sawyer_Den";2010;"s4478";1
"11251";"Sawyer_Den";2015;"s15377";1
"11252";"Scenic_Den";2022;"S116220";1
"11253";"Schiphol_Den";2010;"s3142";1
"11254";"Schiphol_Den";2010;"s3143";1
"11255";"Schiphol_Den";2010;"s3153";1
"11256";"Schiphol_Den";2010;"s3217";1
"11257";"Schiphol_Den";2011;"s6032";1
"11258";"Schiphol_Den";2011;"s6119";1
"11259";"Schiphol_Den";2011;"s6168";1
"11260";"Schiphol_Den";2011;"s6213";1
"11261";"Schiphol_Den";2013;"s10047";1
"11262";"Schiphol_Den";2013;"s10048";1
"11263";"Schiphol_Den";2013;"s10049";1
"11264";"Schiphol_Den";2013;"s10060";1
"11265";"Schiphol_Den";2013;"s10065";1
"11266";"Schiphol_Den";2013;"s10075";1
"11267";"Schiphol_Den";2013;"s10082";1
"11268";"Schiphol_Den";2013;"s10083";1
"11269";"Schiphol_Den";2013;"s10107";1
"11270";"Schiphol_Den";2013;"s10130";1
"11271";"Schiphol_Den";2013;"s10143";1
"11272";"Schiphol_Den";2013;"s10145";1
"11273";"Schiphol_Den";2013;"s10552";1
"11274";"Schiphol_Den";2013;"s10623";1
"11275";"Schiphol_Den";2013;"s10634";1
"11276";"Schiphol_Den";2013;"s10869";1
"11277";"Schiphol_Den";2013;"s11379";1
"11278";"Schiphol_Den";2013;"s9995";1
"11279";"Schiphol_Den";2013;"s9997";1
"11280";"Schiphol_Den";2013;"s9998";1
"11281";"Schiphol_Den";2013;"s9999";1
"11282";"Schiphol_Den";2014;"s13206";1
"11283";"Schiphol_Den";2014;"s13209";1
"11284";"Schiphol_Den";2014;"s13231";1
"11285";"Schiphol_Den";2014;"s13256";1
"11286";"Schiphol_Den";2014;"s13259";1
"11287";"Schiphol_Den";2014;"s13268";1
"11288";"Schiphol_Den";2014;"s13280";1
"11289";"Schiphol_Den";2014;"s13330";1
"11290";"Schiphol_Den";2014;"s13340";1
"11291";"Schiphol_Den";2014;"s13369";1
"11292";"Schiphol_Den";2014;"s13388";1
"11293";"Schiphol_Den";2014;"s13399";1
"11294";"Schiphol_Den";2014;"s13485";1
"11295";"Schiphol_Den";2014;"s13623";1
"11296";"Schiphol_Den";2014;"s13629";1
"11297";"Schiphol_Den";2014;"s13686";1
"11298";"Schiphol_Den";2014;"s13689";1
"11299";"Schiphol_Den";2014;"s13770";1
"11300";"Schmuck_Den";2013;"s12457";1
"11301";"Scrapple_Den";2011;"s6266";1
"11302";"Scrapple_Den";2011;"s6311";1
"11303";"Scrapple_Den";2011;"s6464";1
"11304";"Scrapple_Den";2011;"s6600";1
"11305";"Scrapple_Den";2011;"s6766";1
"11306";"Scrapple_Den";2011;"s6770";1
"11307";"Scrapple_Den";2011;"s6776";1
"11308";"Silk_Natal_Den";2018;"s24135";1
"11309";"Silk_Natal_Den";2018;"s24137.1";1
"11310";"Silk_Natal_Den";2018;"s24138";1
"11311";"Silk_Natal_Den";2018;"s24544";1
"11312";"Singizi_Den";2014;"t87815";1
"11313";"Singizi_Den";2014;"t87831";1
"11314";"Singizi_Den";2014;"t87842";1
"11315";"Singizi_Den";2014;"t87859";1
"11316";"Singizi_Den";2014;"t87962";1
"11317";"Slytherin_Den";2010;"s3074";1
"11318";"Soda_Fountain_Den";2009;"s2294";1
"11319";"Soda_Fountain_Den";2009;"s2301";1
"11320";"Some_Freaky_Lions_Den";2018;"s23816";1
"11321";"Some_Freaky_Lions_Den";2018;"s23891";1
"11322";"Some_Freaky_Lions_Den_3";2023;"s117858";1
"11323";"Some_Freaky_Lions_Den_3";2023;"s117862";1
"11324";"Some_Freaky_Lions_Den_3";2023;"s117869";1
"11325";"Some_Freaky_Lions_Den_3";2023;"s117876";1
"11326";"Some_Freaky_Lions_Den_3";2023;"s117915";1
"11327";"Some_Freaky_Lions_Den_3";2023;"s117921";1
"11328";"Some_Freaky_Lions_Den_3";2023;"s117930";1
"11329";"South_Den";2008;"s3371";1
"11330";"South_Den";2008;"s3376";1
"11331";"South_Den";2023;"s116551";1
"11332";"Special_Den";2019;"t105712";1
"11333";"Sugar_Daddy_Den";2015;"t92218";1
"11334";"Sugar_Daddy_Den";2015;"t92237";1
"11335";"Summer_Den";2005;"t53370";1
"11336";"Summit_Den";2014;"s15206";1
"11337";"Summit_Den";2014;"s15212";1
"11338";"Summit_Den";2014;"s15220";1
"11339";"Summit_Den";2014;"s15236";1
"11340";"Sunrise_Valley_Communal_Den/Natal_Den";2002;"t35856.1";1
"11341";"Sunrise_Valley_Communal_Den/Natal_Den";2002;"t35951";1
"11342";"Sunrise_Valley_Communal_Den/Natal_Den";2002;"t35988";1
"11343";"Sunrise_Valley_Communal_Den/Natal_Den";2002;"t36160";1
"11344";"Sunrise_Valley_Communal_Den/Natal_Den";2002;"t36217";1
"11345";"Sunrise_Valley_Communal_Den/Natal_Den";2002;"t36227";1
"11346";"Sunrise_Valley_Communal_Den/Natal_Den";2002;"t36266";1
"11347";"Sunrise_Valley_Communal_Den/Natal_Den";2002;"t36415";1
"11348";"Sunrise_Valley_Communal_Den/Natal_Den";2003;"t39169";1
"11349";"Sunrise_Valley_Communal_Den/Natal_Den";2003;"t39271";1
"11350";"Sunrise_Valley_Communal_Den/Natal_Den";2003;"t39275";1
"11351";"Sunrise_Valley_Communal_Den/Natal_Den";2003;"t39312";1
"11352";"Sunrise_Valley_Communal_Den/Natal_Den";2004;"t48547";1
"11353";"Sunrise_Valley_Communal_Den/Natal_Den";2004;"t48557";1
"11354";"Sunrise_Valley_Communal_Den/Natal_Den";2004;"t48567";1
"11355";"Sunrise_Valley_Communal_Den/Natal_Den";2004;"t48627";1
"11356";"Sunrise_Valley_Communal_Den/Natal_Den";2004;"t48688";1
"11357";"Sunrise_Valley_Communal_Den/Natal_Den";2005;"t53566";1
"11358";"Sunrise_Valley_Communal_Den/Natal_Den";2005;"t54864";1
"11359";"Sunrise_Valley_Communal_Den/Natal_Den";2005;"t54883";1
"11360";"Sunrise_Valley_Communal_Den/Natal_Den";2005;"t54900";1
"11361";"Sunrise_Valley_Communal_Den/Natal_Den";2005;"t54947";1
"11362";"Sunrise_Valley_Communal_Den/Natal_Den";2005;"t55033";1
"11363";"Sunrise_Valley_Communal_Den/Natal_Den";2005;"t55035";1
"11364";"Sunrise_Valley_Communal_Den/Natal_Den";2005;"t55049";1
"11365";"Sunrise_Valley_Communal_Den/Natal_Den";2005;"t55073";1
"11366";"Sunrise_Valley_Communal_Den/Natal_Den";2005;"t55076";1
"11367";"Sunrise_Valley_Communal_Den/Natal_Den";2005;"t55095";1
"11368";"Sunrise_Valley_Communal_Den/Natal_Den";2006;"t58490";1
"11369";"Sunrise_Valley_Communal_Den/Natal_Den";2006;"t58509";1
"11370";"Sunrise_Valley_Communal_Den/Natal_Den";2006;"t58552";1
"11371";"Sunrise_Valley_Communal_Den/Natal_Den";2006;"t58562";1
"11372";"Sunrise_Valley_Communal_Den/Natal_Den";2006;"t58653";1
"11373";"Sunrise_Valley_Communal_Den/Natal_Den";2006;"t58700";1
"11374";"Sunrise_Valley_Communal_Den/Natal_Den";2006;"t58861";1
"11375";"Sunrise_Valley_Communal_Den/Natal_Den";2006;"t58875";1
"11376";"Sunrise_Valley_Communal_Den/Natal_Den";2006;"t58907";1
"11377";"Superstar_Den_2";2021;"s115539";1
"11378";"Superstar_Den_3";2021;"s115498";1
"11379";"Superstar_Den_3";2021;"s115510";1
"11380";"Suzi_Den";2009;"s3581";1
"11381";"Suzi_Den";2009;"s3585";1
"11382";"Suzi_Den";2011;"s4950";1
"11383";"Suzi_Den";2011;"s5097";1
"11384";"Suzi_Den";2011;"s5175";1
"11385";"Suzi_Den";2011;"s5181";1
"11386";"Suzi_Den";2023;"s132446";1
"11387";"Suzi_Den";2023;"s132451";1
"11388";"Suzi_Den_3";2017;"s21660";1
"11389";"Suzi_Den_3";2017;"s21692";1
"11390";"Suzi_Den_3";2017;"s21716";1
"11391";"Suzi_Den_3";2017;"s21731";1
"11392";"Suzi_Den_II";2011;"s5058";1
"11393";"Suzi_Den_III";2020;"s110835";1
"11394";"Swimming_Pool_Den";2023;"s118290";1
"11395";"Swimming_Pool_Den";2023;"s118293";1
"11396";"Swimming_Pool_Den";2023;"s118297";1
"11397";"Swimming_Pool_Den";2023;"s132582";1
"11398";"Tailies_Den";2011;"s5318";1
"11399";"Tallinn_Den";2011;"s6034";1
"11400";"Tangawizi_Den";2015;"t91062";1
"11401";"Tangawizi_Den";2015;"t91093";1
"11402";"Tangawizi_Den";2015;"t91096";1
"11403";"Tangawizi_Den";2015;"t91158";1
"11404";"Tangawizi_Den";2015;"t91394";1
"11405";"Temple_of_Artemis_Den";2014;"s15049";1
"11406";"The_Hatch_Den";2009;"s3714";1
"11407";"The_Hatch_Den";2011;"s5213";1
"11408";"The_Hatch_Den";2011;"s5254";1
"11409";"The_Hatch_Den";2011;"s5769";1
"11410";"The_Hatch_Den";2011;"s5789";1
"11411";"The_Hatch_Den";2011;"s5796";1
"11412";"The_Hatch_Den";2011;"s5868";1
"11413";"The_Hatch_Den";2011;"s5918";1
"11414";"The_Hatch_Den";2011;"s5928";1
"11415";"The_Hatch_Den";2012;"s8600";1
"11416";"The_Hatch_Den";2012;"s8603";1
"11417";"The_Hatch_Den";2012;"s8621";1
"11418";"The_Hatch_Den";2012;"s8625";1
"11419";"The_Hatch_Den";2012;"s8677";1
"11420";"The_Hatch_Den";2012;"s8691";1
"11421";"The_Hatch_Den";2012;"s9358";1
"11422";"The_Hatch_Den";2013;"s11408";1
"11423";"The_Hatch_Den";2013;"s11491";1
"11424";"The_Hatch_Den";2013;"s11663";1
"11425";"The_Hatch_Den";2013;"s11669";1
"11426";"The_Hatch_Den";2013;"s11682";1
"11427";"The_Hatch_Den";2013;"s11687";1
"11428";"The_Hatch_Den";2013;"s11703";1
"11429";"The_Hatch_Den";2013;"s11707";1
"11430";"The_Hatch_Den";2013;"s11711";1
"11431";"The_Hatch_Den";2013;"s11713";1
"11432";"The_Staff_Den";2013;"s11487";1
"11433";"The_Staff_Den";2013;"s11496";1
"11434";"Tigris_Den";2014;"s12815";1
"11435";"Tigris_Den";2014;"s12869";1
"11436";"Tijuana_Den";2009;"s750";1
"11437";"Tijuana_Den";2009;"s773";1
"11438";"Tijuana_Den";2009;"s791";1
"11439";"Tijuana_Den";2009;"s823";1
"11440";"Tijuana_Den";2020;"s110990";1
"11441";"Tiny_Violet_Princess_Den";2016;"s20830";1
"11442";"Tumo_Hill_Den";2003;"t38886";1
"11443";"Tumo_Hill_Den";2003;"t38911";1
"11444";"Tumo_Hill_Den";2003;"t38929";1
"11445";"Tumo_Hill_Den";2005;"t52211";1
"11446";"Tumo_Hill_Den";2005;"t52274";1
"11447";"Tumo_Hill_Den";2005;"t52292";1
"11448";"Tumo_Hill_Den";2005;"t52334";1
"11449";"Tumo_Hill_Den";2005;"t52755";1
"11450";"Tumo_Hill_Den";2005;"t52756";1
"11451";"Twix_Den";2015;"s17728";1
"11452";"Twix_Den";2015;"s17738";1
"11453";"Twix_Den";2016;"s18186";1
"11454";"Twix_Den";2016;"s18314";1
"11455";"Twix_Den";2016;"s18315";1
"11456";"Twix_Den";2016;"s18342";1
"11457";"Twix_Den";2016;"s18351";1
"11458";"Twix_Den";2016;"s18352";1
"11459";"Twix_Den";2016;"s18369";1
"11460";"Twix_Den";2016;"s18399";1
"11461";"Twix_Den";2016;"s18415";1
"11462";"Twix_Den";2016;"s18426";1
"11463";"Twix_Den_2";2020;"s110796";1
"11464";"Twix_Den_2";2020;"s110809";1
"11465";"Twix_Den_2";2020;"s110838";1
"11466";"Twix_Den_2";2020;"s110894";1
"11467";"Twix_Den_2";2020;"s110944";1
"11468";"Twix_Den_2";2020;"s110958";1
"11469";"Ugli_Den";2015;"s16800";1
"11470";"Ugli_Den";2015;"s16805";1
"11471";"Ugli_Den";2015;"s17284";1
"11472";"Ugli_Den";2015;"s17285";1
"11473";"Ugli_Den";2015;"s17287";1
"11474";"Ugli_Den";2015;"s17295";1
"11475";"Ugli_Den";2017;"s21572.1";1
"11476";"Ugli_Den";2017;"s21697";1
"11477";"Ugli_Den";2017;"s21714";1
"11478";"Uproar_Den";2016;"s20817.1";1
"11479";"Vaasa_Den";2011;"s6916";1
"11480";"Vaasa_Den";2012;"s8073";1
"11481";"Vandalism_Den";2010;"s1200";1
"11482";"Vandalism_Den";2010;"s1215";1
"11483";"Villa_Den";2019;"t107353";1
"11484";"Villa_Den";2019;"t107356";1
"11485";"WAFL_Natal_Den";2018;"s23844";1
"11486";"Wapi_Dave_Den";2018;"s24127";1
"11487";"Wapi_Dave_Den";2019;"s25080";1
"11488";"Wapi_Dave_Den";2019;"s25115";1
"11489";"Wapi_Dave_Den";2022;"S116361";1
"11490";"Waverly_Den";2008;"t63871";1
"11491";"Wayland_Den";2008;"t64129";1
"11492";"Wayland_Den";2008;"t64159";1
"11493";"Wayland_Den";2009;"t65981";1
"11494";"Whooping_Cami_Den";2015;"s16069";1
"11495";"Whooping_Cami_Den";2015;"s16107";1
"11496";"Whooping_Cami_Den";2015;"s16291";1
"11497";"Whooping_Cami_Den";2015;"s16853";1
"11498";"Whooping_Cami_Den";2015;"s16859";1
"11499";"Whooping_Cami_Den";2015;"s16887";1
"11500";"Whooping_Cami_Den";2015;"s16903";1
"11501";"Whooping_Cami_Den";2015;"s16918";1
"11502";"Whooping_Cami_Den";2015;"s16925";1
"11503";"Wicked_Den";2007;"t60915";1
"11504";"Windsor_Den";2011;"s7659";1
"11505";"Windsor_Den";2012;"s9542";1
"11506";"Windsor_Den";2012;"s9559.1";1
"11507";"Windsor_Den";2012;"s9578";1
"11508";"Windsor_Den";2012;"s9609";1
"11509";"Windsor_Den";2012;"s9616";1
"11510";"Windsor_Den";2012;"s9792";1
"11511";"Windsor_Den";2014;"s12696";1
"11512";"Windsor_Den";2015;"s17775";1
"11513";"Windsor_Den";2015;"s17780";1
"11514";"Windsor_Den";2015;"s17808";1
"11515";"Windsor_Den";2015;"s17814";1
"11516";"Windsor_Den";2016;"s20910";1
"11517";"Windsor_Den";2017;"s21263";1
"11518";"Yoplait_Den";2014;"t86942";1
"11519";"Yoplait_Den";2014;"t86946";1
"11520";"Yoplait_Den";2014;"t86977";1
"11521";"Yoplait_Den";2014;"t87042";1
"11522";"Yoplait_Den";2014;"t87045";1
"11523";"Zeus_Den";2014;"s14938";1
"11524";"Cash_Den";2014;"t88254";0
"11525";"Cliff_Den";2018;"t104852";0
"11526";"Colossus_of_Rhodes_Den";2016;"s20225";0
"11527";"Colossus_of_Rhodes_Den";2016;"s20230";0
"11528";"Colossus_of_Rhodes_Den";2016;"s20236";0
"11529";"DOC_Den_2";2014;"t88777";0
"11530";"Dicks_Den";2017;"t101299";0
"11531";"FML_Den";2016;"s19898.1";0
"11532";"FML_Den";2016;"s20216";0
"11533";"Kit_Kat_Den";2016;"s19799";0
"11534";"Nimekufa_Kindani_Den";2018;"t104777";0
"11535";"Oceanic_Den";2014;"s15241";0
