id;dob;dob_event_status;dob_event_data;dob_error;dob_notes;dfs;dfs_event_status;dfs_event_data;dfs_error;dfs_notes;dengrad;dengrad_event_status;dengrad_event_data;dengrad_error;dengrad_notes;weaned;weaned_event_status;weaned_event_data;weaned_error;weaned_notes;change_clan;change_clan_event_status;change_clan_event_data;change_clan_error;change_clan_notes;change_clan2;change_clan2_event_status;change_clan2_event_data;change_clan2_error;change_clan2_notes;change_clan3;change_clan3_event_status;change_clan3_event_data;change_clan3_error;change_clan3_notes;disappeared;disappeared_event_status;disappeared_event_data;disappeared_error;disappeared_notes,,,,,,
02;1977-01-01;;talek;;;1977-01-01;;;;;NA;;;;;NA;;;;;NA;;;;;NA;NA;NA;NA;NA;NA;NA;NA;NA;NA;1993-04-12;dls;inferred dead;;,,,,,,
03;1979-01-01;;talek;;;1979-01-01;;;;;NA;;;;;NA;;;;;NA;;;;;NA;NA;NA;NA;NA;NA;NA;NA;NA;NA;1988-10-08;dls;inferred dead;;,,,,,,
1019;NA;;unknown;;;1986-10-15;;;;;NA;;;;;NA;;;;;1986-10-15;dispersal;talek;;;NA;NA;NA;NA;NA;NA;NA;NA;NA;NA;1991-11-09;dls;inferred dead;;,,,,,,
1067;NA;;unknown;;;2016-03-05;;;;;NA;;;;;NA;;;;;NA;;;;;NA;NA;NA;NA;NA;NA;NA;NA;NA;NA;NA;;;;,,,,,,
11;NA;;talek;;;NA;;;;;NA;;;;;NA;;;;;NA;;;;;NA;NA;NA;NA;NA;NA;NA;NA;NA;NA;NA;dls;inferred dead;;,,,,,,
1361;2017-12-13;;kcm;;;2018-06-02;;;;;NA;;;;;NA;;;;;NA;;;;;NA;NA;NA;NA;NA;NA;NA;NA;NA;NA;2018-06-02;dead;hit by a car;;,,,,,,
137;NA;;fig.tree;;;1993-01-03;;;;;NA;;;;;NA;;;;;NA;;;;;NA;NA;NA;NA;NA;NA;NA;NA;NA;NA;1993-01-03;dls;;;check EventStatus and EventData,,,,,,
16;NA;;talek;;;NA;;;;;NA;;;;;NA;;;;;NA;;;;;NA;NA;NA;NA;NA;NA;NA;NA;NA;NA;NA;dls;inferred dead;;,,,,,,
1ear;NA;;unknown;;;1989-11-25;;;;;NA;;;;;NA;;;;;NA;;;;;NA;NA;NA;NA;NA;NA;NA;NA;NA;NA;1989-11-25;dls;fate unknown;;,,,,,,
23s;1983-06-01;;talek;;;1983-06-01;;;;;NA;;;;;NA;;;;;NA;;;;;NA;NA;NA;NA;NA;NA;NA;NA;NA;NA;1995-03-25;dls;lions;;,,,,,,
27;1979-07-01;;talek;;;1979-07-01;;;;;NA;;;;;NA;;;;;NA;;;;;NA;NA;NA;NA;NA;NA;NA;NA;NA;NA;1990-06-01;dls;inferred dead;;,,,,,,
31;NA;;talek;;;NA;;;;;NA;;;;;NA;;;;;NA;;;;;NA;NA;NA;NA;NA;NA;NA;NA;NA;NA;NA;dls;inferred dead;;,,,,,,
3fg;NA;;unknown;;;1996-07-29;;;;;NA;;;;;NA;;;;;NA;;;;;NA;NA;NA;NA;NA;NA;NA;NA;NA;NA;1996-08-07;dls;fate unknown;;,,,,,,
3qm;NA;;unknown;;;1990-06-27;;;;;NA;;;;;NA;;;;;NA;;;;;NA;NA;NA;NA;NA;NA;NA;NA;NA;NA;1990-06-30;dls;fate unknown;;,,,,,,
40;NA;;talek;;;NA;;;;;NA;;;;;NA;;;;;NA;;;;;NA;NA;NA;NA;NA;NA;NA;NA;NA;NA;NA;dls;inferred dead;;,,,,,,
406;NA;;scomfort;;;2001-02-27;;;;;NA;;;;;NA;;;;;NA;;;;;NA;NA;NA;NA;NA;NA;NA;NA;NA;NA;2001-02-27;;;;check EventStatus and EventData,,,,,,
44;1979-03-01;;talek;;;1979-03-01;;;;;NA;;;;;NA;;;;;NA;;;;;NA;NA;NA;NA;NA;NA;NA;NA;NA;NA;1979-03-01;dls;inferred dead;;This hyena disappeared prior to KEH beginning the project in 1988. We do not know what date. This date is a placeholder.,,,,,,
46;NA;;unknown;;;1979-03-01;;;;;NA;;;;;NA;;;;;1979-03-01;dispersal;talek;;;NA;NA;NA;NA;NA;NA;NA;NA;NA;NA;1989-10-03;dls;lions;;,,,,,,
63;NA;;talek;;;2009-09-01;;;;;NA;;;;;NA;;;;;NA;;;;;NA;NA;NA;NA;NA;NA;NA;NA;NA;NA;2009-09-01;dls;inferred dead;;check EventStatus and EventData,,,,,,
65;NA;;unknown;;;1980-08-01;;;;;NA;;;;;NA;;;;;1980-08-01;dispersal;talek;;;NA;NA;NA;NA;NA;NA;NA;NA;NA;NA;1990-12-06;dls;lions;;,,,,,,
66:9;NA;;unknown;;;1986-07-01;;;;;NA;;;;;NA;;;;;1986-07-01;dispersal;talek;;;NA;NA;NA;NA;NA;NA;NA;NA;NA;NA;1988-07-23;dls;fate unknown;;,,,,,,
67;1979-06-01;;talek;;;1979-11-01;;;;;NA;;;;;NA;;;;;NA;;;;;NA;NA;NA;NA;NA;NA;NA;NA;NA;NA;1989-12-16;dls;inferred dead;;,,,,,,
67sm;1985-09-01;;talek;;;1985-09-01;;;;;NA;;;;;NA;;;;;NA;;;;;NA;NA;NA;NA;NA;NA;NA;NA;NA;NA;1989-08-20;dls;dispersed;;,,,,,,
79;1981-07-01;;talek;;;1981-09-01;;;;;NA;;;;;NA;;;;;NA;;;;;NA;NA;NA;NA;NA;NA;NA;NA;NA;NA;1989-10-30;dls;lions;;,,,,,,
990;NA;;;;;2001-06-09;;;;;NA;;;;;NA;;;;;NA;;;;;NA;NA;NA;NA;NA;NA;NA;NA;NA;NA;2001-06-09;dls;;;,,,,,,
9b;NA;;unknown;;;1990-06-25;;;;;NA;;;;;NA;;;;;1990-06-25;dispersal;talek;;;NA;NA;NA;NA;NA;NA;NA;NA;NA;NA;1993-08-10;dls;dispersed;;,,,,,,
a102;NA;;unknown;;;2001-04-06;;;;;NA;;;;;NA;;;;;NA;;;;;NA;NA;NA;NA;NA;NA;NA;NA;NA;NA;NA;;;;,,,,,,
a103;NA;;unknown;;;2001-04-15;;;;;NA;;;;;NA;;;;;NA;;;;;NA;NA;NA;NA;NA;NA;NA;NA;NA;NA;2001-04-15;;;;check EventStatus and EventData,,,,,,
a1039;NA;;unknown;;;2015-01-17;;;;;NA;;;;;NA;;;;;NA;;;;;NA;NA;NA;NA;NA;NA;NA;NA;NA;NA;NA;dls;;;,,,,,,
a104;NA;;unknown;;;2001-04-15;;;;;NA;;;;;NA;;;;;NA;;;;;NA;NA;NA;NA;NA;NA;NA;NA;NA;NA;2001-04-15;;;;check EventStatus and EventData,,,,,,
a1041;NA;;unknown;;;2015-02-12;;;;;NA;;;;;NA;;;;;NA;;;;;NA;NA;NA;NA;NA;NA;NA;NA;NA;NA;NA;;;;,,,,,,
a1045;NA;;unknown;;;2015-03-16;;;;;NA;;;;;NA;;;;;NA;;;;;NA;NA;NA;NA;NA;NA;NA;NA;NA;NA;NA;;;;,,,,,,
a1048;NA;;unknown;;;2015-03-31;;;;;NA;;;;;NA;;;;;NA;;;;;NA;NA;NA;NA;NA;NA;NA;NA;NA;NA;NA;;;;,,,,,,
a105;NA;;unknown;;;2001-04-16;;;;;NA;;;;;NA;;;;;NA;;;;;NA;NA;NA;NA;NA;NA;NA;NA;NA;NA;2001-04-16;;;;check EventStatus and EventData,,,,,,
a1051;NA;;unknown;;;2015-04-07;;;;;NA;;;;;NA;;;;;NA;;;;;NA;NA;NA;NA;NA;NA;NA;NA;NA;NA;NA;;;;,,,,,,
a1053;NA;;unknown;;;2015-04-07;;;;;NA;;;;;NA;;;;;NA;;;;;NA;NA;NA;NA;NA;NA;NA;NA;NA;NA;NA;;;;,,,,,,
a1054;NA;;unknown;;;2015-04-18;;;;;NA;;;;;NA;;;;;NA;;;;;NA;NA;NA;NA;NA;NA;NA;NA;NA;NA;NA;;;;,,,,,,
a1055;NA;;unknown;;;2015-05-29;;;;;NA;;;;;NA;;;;;NA;;;;;NA;NA;NA;NA;NA;NA;NA;NA;NA;NA;NA;;;;,,,,,,
a1056;NA;;unknown;;;NA;;;;;NA;;;;;NA;;;;;NA;;;;;NA;NA;NA;NA;NA;NA;NA;NA;NA;NA;NA;;;;,,,,,,
a1057;NA;;unknown;;;2015-07-15;;;;;NA;;;;;NA;;;;;NA;;;;;NA;NA;NA;NA;NA;NA;NA;NA;NA;NA;2015-07-15;;;;check EventStatus and EventData,,,,,,
a1058;NA;;unknown;;;2015-12-08;;;;;NA;;;;;NA;;;;;NA;;;;;NA;NA;NA;NA;NA;NA;NA;NA;NA;NA;2015-12-08;;;;check EventStatus and EventData,,,,,,
a106;NA;;unknown;;;2001-04-24;;;;;NA;;;;;NA;;;;;NA;;;;;NA;NA;NA;NA;NA;NA;NA;NA;NA;NA;2001-04-24;;;;check EventStatus and EventData,,,,,,
a1060;NA;;unknown;;;2016-04-25;;;;;NA;;;;;NA;;;;;NA;;;;;NA;NA;NA;NA;NA;NA;NA;NA;NA;NA;2016-04-25;;;;check EventStatus and EventData,,,,,,
a1061;NA;;unknown;;;2016-05-01;;;;;NA;;;;;NA;;;;;NA;;;;;NA;NA;NA;NA;NA;NA;NA;NA;NA;NA;2016-05-01;dead;;;found as a skull,,,,,,
a1062;NA;;unknown;;;2016-08-19;;;;;NA;;;;;NA;;;;;NA;;;;;NA;NA;NA;NA;NA;NA;NA;NA;NA;NA;2016-10-08;;;;check EventStatus and EventData,,,,,,
a1063;NA;;unknown;;;2016-08-24;;;;;NA;;;;;NA;;;;;NA;;;;;NA;NA;NA;NA;NA;NA;NA;NA;NA;NA;2016-11-15;dls;;;check EventStatus and EventData,,,,,,
a1064;NA;;unknown;;;2016-07-14;;;;;NA;;;;;NA;;;;;NA;;;;;NA;NA;NA;NA;NA;NA;NA;NA;NA;NA;2016-07-14;;;;check EventStatus and EventData,,,,,,
a1068;NA;;unknown;;;2016-12-11;;;;;NA;;;;;NA;;;;;NA;;;;;NA;NA;NA;NA;NA;NA;NA;NA;NA;NA;2016-12-11;;;;check EventStatus and EventData,,,,,,
a107;NA;;unknown;;;2001-05-10;;;;;NA;;;;;NA;;;;;NA;;;;;NA;NA;NA;NA;NA;NA;NA;NA;NA;NA;2001-05-10;;;;check EventStatus and EventData,,,,,,
a1071;NA;;unknown;;;2016-12-11;;;;;NA;;;;;NA;;;;;NA;;;;;NA;NA;NA;NA;NA;NA;NA;NA;NA;NA;2016-12-29;;;;check EventStatus and EventData,,,,,,
a1072;NA;;unknown;;;2016-12-24;;;;;NA;;;;;NA;;;;;NA;;;;;NA;NA;NA;NA;NA;NA;NA;NA;NA;NA;2016-12-24;;;;check EventStatus and EventData,,,,,,
a1074;NA;;unknown;;;2017-01-15;;;;;NA;;;;;NA;;;;;NA;;;;;NA;NA;NA;NA;NA;NA;NA;NA;NA;NA;NA;;;;,,,,,,
a1075;NA;;unknown;;;2017-02-07;;;;;NA;;;;;NA;;;;;NA;;;;;NA;NA;NA;NA;NA;NA;NA;NA;NA;NA;NA;;;;,,,,,,
a1076;NA;;unknown;;;2017-03-06;;;;;NA;;;;;NA;;;;;NA;;;;;NA;NA;NA;NA;NA;NA;NA;NA;NA;NA;NA;;;;,,,,,,
a1077;NA;;unknown;;;2017-03-11;;;;;NA;;;;;NA;;;;;NA;;;;;NA;NA;NA;NA;NA;NA;NA;NA;NA;NA;NA;;;;,,,,,,
a1078;NA;;unknown;;;2017-07-05;;;;;NA;;;;;NA;;;;;NA;;;;;NA;NA;NA;NA;NA;NA;NA;NA;NA;NA;NA;;;;,,,,,,
a108;NA;;unknown;;;2001-05-12;;;;;NA;;;;;NA;;;;;NA;;;;;NA;NA;NA;NA;NA;NA;NA;NA;NA;NA;2001-05-12;;;;check EventStatus and EventData,,,,,,
a1080;NA;;unknown;;;2017-07-05;;;;;NA;;;;;NA;;;;;NA;;;;;NA;NA;NA;NA;NA;NA;NA;NA;NA;NA;NA;;;;,,,,,,
a1081;NA;;unknown;;;2017-07-09;;;;;NA;;;;;NA;;;;;NA;;;;;NA;NA;NA;NA;NA;NA;NA;NA;NA;NA;NA;;;;,,,,,,
a1082;NA;;unknown;;;2017-07-28;;;;;NA;;;;;NA;;;;;NA;;;;;NA;NA;NA;NA;NA;NA;NA;NA;NA;NA;NA;;;;,,,,,,
a1084;NA;;unknown;;;2017-08-27;;;;;NA;;;;;NA;;;;;NA;;;;;NA;NA;NA;NA;NA;NA;NA;NA;NA;NA;NA;;;;,,,,,,
a1085;NA;;unknown;;;2017-09-10;;;;;NA;;;;;NA;;;;;NA;;;;;NA;NA;NA;NA;NA;NA;NA;NA;NA;NA;NA;;;;,,,,,,
a1086;NA;;unknown;;;2017-07-08;;;;;NA;;;;;NA;;;;;NA;;;;;NA;NA;NA;NA;NA;NA;NA;NA;NA;NA;NA;;;;,,,,,,
a1087;NA;;unknown;;;2017-08-20;;;;;NA;;;;;NA;;;;;NA;;;;;NA;NA;NA;NA;NA;NA;NA;NA;NA;NA;NA;;;;,,,,,,
a1088;NA;;unknown;;;2017-08-20;;;;;NA;;;;;NA;;;;;NA;;;;;NA;NA;NA;NA;NA;NA;NA;NA;NA;NA;NA;;;;,,,,,,
a1089;NA;;unknown;;;2017-08-20;;;;;NA;;;;;NA;;;;;NA;;;;;NA;NA;NA;NA;NA;NA;NA;NA;NA;NA;NA;;;;,,,,,,
a1091;NA;;unknown;;;2017-08-13;;;;;NA;;;;;NA;;;;;NA;;;;;NA;NA;NA;NA;NA;NA;NA;NA;NA;NA;NA;;;;,,,,,,
a1092;NA;;unknown;;;2017-09-22;;;;;NA;;;;;NA;;;;;NA;;;;;NA;NA;NA;NA;NA;NA;NA;NA;NA;NA;NA;;;;,,,,,,
a1094;NA;;unknown;;;2017-11-04;;;;;NA;;;;;NA;;;;;NA;;;;;NA;NA;NA;NA;NA;NA;NA;NA;NA;NA;NA;;;;,,,,,,
a1095;NA;;unknown;;;2017-12-04;;;;;NA;;;;;NA;;;;;NA;;;;;NA;NA;NA;NA;NA;NA;NA;NA;NA;NA;NA;;;;,,,,,,
a1096;NA;;unknown;;;NA;;;;;NA;;;;;NA;;;;;NA;;;;;NA;NA;NA;NA;NA;NA;NA;NA;NA;NA;NA;;;;,,,,,,
a110;NA;;unknown;;;2001-06-10;;;;;NA;;;;;NA;;;;;NA;;;;;NA;NA;NA;NA;NA;NA;NA;NA;NA;NA;2001-06-10;;;;check EventStatus and EventData,,,,,,
a111;NA;;unknown;;;2001-06-10;;;;;NA;;;;;NA;;;;;NA;;;;;NA;NA;NA;NA;NA;NA;NA;NA;NA;NA;2001-06-10;;;;check EventStatus and EventData,,,,,,
a112;NA;;unknown;;;2001-06-13;;;;;NA;;;;;NA;;;;;NA;;;;;NA;NA;NA;NA;NA;NA;NA;NA;NA;NA;2001-06-15;;;;check EventStatus and EventData,,,,,,
a1123;NA;;unknown;;;2013-10-20;;;;;NA;;;;;NA;;;;;NA;;;;;NA;NA;NA;NA;NA;NA;NA;NA;NA;NA;NA;;;;,,,,,,
a113;NA;;unknown;;;2001-06-13;;;;;NA;;;;;NA;;;;;NA;;;;;NA;NA;NA;NA;NA;NA;NA;NA;NA;NA;2001-06-13;;;;check EventStatus and EventData,,,,,,
a114;NA;;unknown;;;2001-07-01;;;;;NA;;;;;NA;;;;;NA;;;;;NA;NA;NA;NA;NA;NA;NA;NA;NA;NA;2001-07-01;;;;check EventStatus and EventData,,,,,,
a36b;NA;;unknown;;;1999-02-18;;;;;NA;;;;;NA;;;;;NA;;;;;NA;NA;NA;NA;NA;NA;NA;NA;NA;NA;1999-02-18;dls;fate unknown;;,,,,,,
a43b;NA;;unknown;;;1999-05-19;;;;;NA;;;;;NA;;;;;NA;;;;;NA;NA;NA;NA;NA;NA;NA;NA;NA;NA;1999-05-19;dls;fate unknown;;,,,,,,
aaa;NA;;unknown;;;1998-09-12;;;;;NA;;;;;NA;;;;;1998-09-12;dispersal;talek;;;NA;NA;NA;NA;NA;NA;NA;NA;NA;NA;1999-09-08;dls;fate unknown;;,,,,,,
aaf1;NA;;unknown;;;1997-06-05;;;;;NA;;;;;NA;;;;;NA;;;;;NA;NA;NA;NA;NA;NA;NA;NA;NA;NA;1997-06-05;dead;;;,,,,,,
aaf2;NA;;unknown;;;1997-05-02;;;;;NA;;;;;NA;;;;;NA;;;;;NA;NA;NA;NA;NA;NA;NA;NA;NA;NA;1997-05-02;dead;;;,,,,,,
aang;2018-10-17;;serena.n;;;2019-02-05;;;;;2019-10-17;;;11;graduated by turning 1 yo;NA;;;;;NA;;;;;NA;NA;NA;NA;NA;NA;NA;NA;NA;NA;2022-10-24;dls;fate unknown;;,,,,,,
ab;1987-10-01;;talek;;;1988-06-26;;;;;NA;;;;;1988-10-22;;;;;NA;;;;;NA;NA;NA;NA;NA;NA;NA;NA;NA;NA;1989-07-18;dls;inferred dead;;,,,,,,
ab01;NA;;unknown;;;2006-05-29;;;;;NA;;;;;NA;;;;;NA;;;;;NA;NA;NA;NA;NA;NA;NA;NA;NA;NA;NA;;;;,,,,,,
ab02;NA;;unknown;;;2006-05-29;;;;;NA;;;;;NA;;;;;NA;;;;;NA;NA;NA;NA;NA;NA;NA;NA;NA;NA;NA;;;;,,,,,,
ab03;NA;;unknown;;;2006-05-29;;;;;NA;;;;;NA;;;;;NA;;;;;NA;NA;NA;NA;NA;NA;NA;NA;NA;NA;NA;;;;,,,,,,
ab04;NA;;unknown;;;2006-05-30;;;;;NA;;;;;NA;;;;;NA;;;;;NA;NA;NA;NA;NA;NA;NA;NA;NA;NA;NA;;;;,,,,,,
abat;2015-11-17;;serena.n;;;2016-02-06;;;;;2016-08-06;;;;DenGrad info not in table, instead taken from tblHyenas;2016-07-03;;;1;;NA;;;;;NA;NA;NA;NA;NA;NA;NA;NA;NA;NA;2016-12-28;dls;;;,,,,,
abby;2010-10-09;;serena.n;;;2010-11-06;;;;;NA;;;;;NA;dbw;;;;NA;;;;;NA;NA;NA;NA;NA;NA;NA;NA;NA;NA;2011-04-10;dls;fate unknown;;,,,,,,
abc;2019-01-07;;serena.n;;;2019-05-16;;;;;2019-11-09;;;2;;NA;;;;;NA;;;;;NA;NA;NA;NA;NA;NA;NA;NA;NA;NA;2020-01-20;dls;;;,,,,,,
abe;2004-04-14;;airstrip;;;2004-05-05;;;;;NA;;;;;NA;;;;;NA;;;;;NA;NA;NA;NA;NA;NA;NA;NA;NA;NA;2005-06-28;;;;check EventStatus and EventData,,,,,,
aber;2003-02-23;;mara.river;;;2002-04-13;;;;;NA;;;;;NA;;;;;NA;;;;;NA;NA;NA;NA;NA;NA;NA;NA;NA;NA;2003-02-23;dead;;;,,,,,,
abi;2010-01-10;;;;;NA;;;;;NA;;;;;NA;;;;;NA;;;;;NA;NA;NA;NA;NA;NA;NA;NA;NA;NA;NA;;;;,,,,,,
abid;NA;;unknown;;;2015-03-11;;;;;NA;;;;;NA;;;;;2015-03-11;dispersal;talek;;;2016-05-01;fission;kcm;;;NA;NA;NA;NA;NA;NA;dls;;;,,,,,,
aca;2007-10-24;;talek;;;2008-04-13;;;;;2008-07-20;;;0.5;;2008-09-26;;;21.5;;NA;;;;;NA;NA;NA;NA;NA;NA;NA;NA;NA;NA;2009-06-04;dls;inferred dead;;,,,,,,
acc;NA;;unknown;;;2012-02-13;;;;;NA;;;;;NA;;;;;2012-02-13;dispersal;mara.river;;;NA;NA;NA;NA;NA;NA;NA;NA;NA;NA;2013-08-25;dls;;;check EventStatus and EventData,,,,,,
ace;2022-11-19;;serena.s;;;2022-12-07;;;;;NA;;;;;NA;;;;;NA;;;;;NA;NA;NA;NA;NA;NA;NA;NA;NA;NA;2022-12-19;dls;;;,,,,,,
ach;NA;;fig.tree;;;1994-06-16;;;;;NA;;;;;NA;;;;;NA;;;;;NA;NA;NA;NA;NA;NA;NA;NA;NA;NA;1994-06-16;dls;fate unknown;;,,,,,,
acia;2011-11-19;;talek;;;2012-01-14;;;;;NA;dbg;;;;NA;dbw;;;;NA;;;;;NA;NA;NA;NA;NA;NA;NA;NA;NA;NA;2012-01-27;dls;inferred dead;;,,,,,,
acin;2013-12-22;;happy.zebra;;;2014-01-12;;;;;2014-11-23;;;;DenGrad info not in table, instead taken from tblHyenas;2014-10-08;;;0.5;;NA;;;;;NA;NA;NA;NA;NA;NA;NA;NA;NA;NA;2014-12-19;dead;starvation?;;,,,,,
acka;2022-05-06;;kcm;;;2022-08-11;;;;;NA;;;;;NA;;;;;NA;;;;;NA;NA;NA;NA;NA;NA;NA;NA;NA;NA;NA;;;;,,,,,,
acne;2015-06-06;;talek;;;2015-07-20;;;;;2016-03-17;;;1.5;;2016-09-07;;;1.5;;2016-05-01;fission;talek;;;NA;NA;NA;NA;NA;NA;NA;NA;NA;NA;NA;dls;;;,,,,,,
aco;2007-09-27;;mara.river;;;2008-02-28;;;;;NA;;;;;NA;;;;;NA;;;;;NA;NA;NA;NA;NA;NA;NA;NA;NA;NA;2013-05-14;dls;;;check EventStatus and EventData,,,,,,
acon;2009-12-18;;talek;;;2010-01-30;;;;;2010-08-03;;;0.5;;2010-08-20;;;10.5;;2013-08-30;dispersal;talek.e;;;NA;NA;NA;NA;NA;NA;NA;NA;NA;NA;2016-05-14;dls;fate unknown;;,,,,,,
acr;NA;;airstrip;;;2003-08-04;;;;;NA;;;;;NA;;;;;NA;;;;;NA;NA;NA;NA;NA;NA;NA;NA;NA;NA;2005-06-29;;;;check EventStatus and EventData,,,,,,
acro;2010-09-09;;serena.n;;;2010-10-16;;;;;NA;;;;;2011-03-11;;;;;NA;;;;;NA;NA;NA;NA;NA;NA;NA;NA;NA;NA;2011-05-10;dls;fate unknown;;check EventStatus and EventData,,,,,,
adam;NA;;unknown;;;1995-06-03;;;;;NA;;;;;NA;;;;;NA;;;;;NA;NA;NA;NA;NA;NA;NA;NA;NA;NA;1995-06-03;dls;fate unknown;;,,,,,,
add;2003-09-09;;talek.e;;;2003-10-07;;;;;NA;dbg;;;;NA;;;;;NA;;;;;NA;NA;NA;NA;NA;NA;NA;NA;NA;NA;2003-11-14;dls;fate unknown;;,,,,,,
ade;NA;;unknown;;;2001-11-09;;;;;NA;;;;;NA;;;;;2001-11-09;dispersal;talek;;;2002-05-01;fission;talek.e;;;NA;NA;NA;NA;NA;2004-05-04;dls;humans-speared;;,,,,,,
adl;2011-02-28;;happy.zebra;;;2011-03-28;;;;;NA;;;;;NA;;;;;NA;;;;;NA;NA;NA;NA;NA;NA;NA;NA;NA;NA;2011-04-26;dls;fate unknown;;,,,,,,
adm;2007-06-01;;oz valley;;;2008-11-01;;;;;NA;;;;;NA;;;;;NA;;;;;NA;NA;NA;NA;NA;NA;NA;NA;NA;NA;NA;;;;,,,,,,
adon;2001-03-20;;talek;;;2001-05-22;;;;;2001-10-08;;;0.5;;2001-12-06;;;1;;2016-05-01;fission;kcm;;;NA;NA;NA;NA;NA;NA;NA;NA;NA;NA;2017-12-03;dls;;;,,,,,,
adr;NA;;unknown;;;1994-06-17;;;;;NA;;;;;NA;;;;;NA;;;;;NA;NA;NA;NA;NA;NA;NA;NA;NA;NA;1994-06-17;dls;fate unknown;;,,,,,,
ads;2015-02-11;;talek;;;2015-05-15;;;;;2016-03-17;;;1;;2015-08-20;;;0.5;;2016-05-01;fission;talek;;;NA;NA;NA;NA;NA;NA;NA;NA;NA;NA;2018-09-08;dls;;;,,,,,,
ae;NA;;17km;;;2008-06-30;;;;;NA;;;;;NA;;;;;NA;;;;;NA;NA;NA;NA;NA;NA;NA;NA;NA;NA;2008-08-22;;;;check EventStatus and EventData,,,,,,
aero;2009-11-29;;mara.river;;;2010-09-02;;;;;NA;;;;;NA;;;;;NA;;;;;NA;NA;NA;NA;NA;NA;NA;NA;NA;NA;2010-09-02;dls;;;check EventStatus and EventData,,,,,,
af01;NA;;unknown;;;1997-05-11;;;;;NA;;;;;NA;;;;;NA;;;;;NA;NA;NA;NA;NA;NA;NA;NA;NA;NA;1997-05-11;dls;fate unknown;;,,,,,,
af02;NA;;unknown;;;1997-06-03;;;;;NA;;;;;NA;;;;;NA;;;;;NA;NA;NA;NA;NA;NA;NA;NA;NA;NA;1997-06-03;dls;fate unknown;;,,,,,,
af03;NA;;unknown;;;1998-01-21;;;;;NA;;;;;NA;;;;;NA;;;;;NA;NA;NA;NA;NA;NA;NA;NA;NA;NA;1998-01-26;dls;fate unknown;;,,,,,,
af04;NA;;unknown;;;1998-01-26;;;;;NA;;;;;NA;;;;;NA;;;;;NA;NA;NA;NA;NA;NA;NA;NA;NA;NA;1998-01-28;dls;fate unknown;;,,,,,,
af05;NA;;talek;;;1998-01-28;;;;;NA;;;;;NA;;;;;NA;;;;;NA;NA;NA;NA;NA;NA;NA;NA;NA;NA;1998-01-28;dls;fate unknown;;,,,,,,
af06;NA;;unknown;;;1998-02-02;;;;;NA;;;;;NA;;;;;NA;;;;;NA;NA;NA;NA;NA;NA;NA;NA;NA;NA;1999-05-03;dls;fate unknown;;,,,,,,
af07;NA;;unknown;;;1998-02-05;;;;;NA;;;;;NA;;;;;NA;;;;;NA;NA;NA;NA;NA;NA;NA;NA;NA;NA;1998-02-05;dls;fate unknown;;,,,,,,
af08;NA;;unknown;;;1998-02-20;;;;;NA;;;;;NA;;;;;NA;;;;;NA;NA;NA;NA;NA;NA;NA;NA;NA;NA;1998-02-20;dls;fate unknown;;,,,,,,
af09;NA;;unknown;;;1998-03-13;;;;;NA;;;;;NA;;;;;NA;;;;;NA;NA;NA;NA;NA;NA;NA;NA;NA;NA;1998-03-13;dls;fate unknown;;,,,,,,
af10;NA;;unknown;;;1998-03-29;;;;;NA;;;;;NA;;;;;NA;;;;;NA;NA;NA;NA;NA;NA;NA;NA;NA;NA;1998-03-29;dls;fate unknown;;,,,,,,
af1043;NA;;unknown;;;2015-03-06;;;;;NA;;;;;NA;;;;;NA;;;;;NA;NA;NA;NA;NA;NA;NA;NA;NA;NA;2015-03-06;;;;check EventStatus and EventData,,,,,,
af1046;NA;;unknown;;;2015-03-16;;;;;NA;;;;;NA;;;;;NA;;;;;NA;NA;NA;NA;NA;NA;NA;NA;NA;NA;2015-03-17;;;;check EventStatus and EventData,,,,,,
af1049;NA;;unknown;;;2015-05-30;;;;;NA;;;;;NA;;;;;NA;;;;;NA;NA;NA;NA;NA;NA;NA;NA;NA;NA;2015-05-30;;;;check EventStatus and EventData,,,,,,
af1052;NA;;unknown;;;2015-04-07;;;;;NA;;;;;NA;;;;;NA;;;;;NA;NA;NA;NA;NA;NA;NA;NA;NA;NA;2015-04-07;;;;check EventStatus and EventData,,,,,,
af1061;NA;;unknown;;;2016-05-01;;;;;NA;;;;;NA;;;;;NA;;;;;NA;NA;NA;NA;NA;NA;NA;NA;NA;NA;NA;;;;,,,,,,
af1078;NA;;unknown;;;2017-07-05;;;;;NA;;;;;NA;;;;;NA;;;;;NA;NA;NA;NA;NA;NA;NA;NA;NA;NA;NA;;;;,,,,,,
af1079;NA;;unknown;;;2017-07-05;;;;;NA;;;;;NA;;;;;NA;;;;;NA;NA;NA;NA;NA;NA;NA;NA;NA;NA;NA;;;;,,,,,,
af1080;NA;;unknown;;;2017-07-05;;;;;NA;;;;;NA;;;;;NA;;;;;NA;NA;NA;NA;NA;NA;NA;NA;NA;NA;NA;;;;,,,,,,
af11;NA;;unknown;;;1998-06-11;;;;;NA;;;;;NA;;;;;NA;;;;;NA;NA;NA;NA;NA;NA;NA;NA;NA;NA;1998-06-11;dls;fate unknown;;,,,,,,
af1104;NA;;unknown;;;2018-10-07;;;;;NA;;;;;NA;;;;;NA;;;;;NA;NA;NA;NA;NA;NA;NA;NA;NA;NA;NA;;;;,,,,,,
af1107;NA;;unknown;;;2019-03-02;;;;;NA;;;;;NA;;;;;NA;;;;;NA;NA;NA;NA;NA;NA;NA;NA;NA;NA;NA;;;;,,,,,,
af12;NA;;unknown;;;1998-06-13;;;;;NA;;;;;NA;;;;;NA;;;;;NA;NA;NA;NA;NA;NA;NA;NA;NA;NA;1998-06-13;dls;fate unknown;;,,,,,,
af13;NA;;unknown;;;1998-06-13;;;;;NA;;;;;NA;;;;;NA;;;;;NA;NA;NA;NA;NA;NA;NA;NA;NA;NA;1998-06-13;dls;fate unknown;;,,,,,,
af14;NA;;unknown;;;1998-08-24;;;;;NA;;;;;NA;;;;;NA;;;;;NA;NA;NA;NA;NA;NA;NA;NA;NA;NA;1998-08-24;dls;fate unknown;;,,,,,,
af15;NA;;unknown;;;1998-09-09;;;;;NA;;;;;NA;;;;;NA;;;;;NA;NA;NA;NA;NA;NA;NA;NA;NA;NA;1998-09-11;dls;fate unknown;;,,,,,,
af16;NA;;unknown;;;1998-09-09;;;;;NA;;;;;NA;;;;;NA;;;;;NA;NA;NA;NA;NA;NA;NA;NA;NA;NA;1998-09-09;dls;fate unknown;;,,,,,,
af17;NA;;unknown;;;1998-10-02;;;;;NA;;;;;NA;;;;;NA;;;;;NA;NA;NA;NA;NA;NA;NA;NA;NA;NA;1998-10-02;dls;fate unknown;;,,,,,,
af18;NA;;unknown;;;1998-10-11;;;;;NA;;;;;NA;;;;;NA;;;;;NA;NA;NA;NA;NA;NA;NA;NA;NA;NA;1998-10-11;dls;fate unknown;;,,,,,,
af19;NA;;unknown;;;1998-10-26;;;;;NA;;;;;NA;;;;;NA;;;;;NA;NA;NA;NA;NA;NA;NA;NA;NA;NA;1998-10-26;dls;fate unknown;;,,,,,,
af20;NA;;unknown;;;1998-11-07;;;;;NA;;;;;NA;;;;;NA;;;;;NA;NA;NA;NA;NA;NA;NA;NA;NA;NA;1998-11-07;dls;fate unknown;;,,,,,,
af21;NA;;unknown;;;1998-11-12;;;;;NA;;;;;NA;;;;;NA;;;;;NA;NA;NA;NA;NA;NA;NA;NA;NA;NA;1998-11-12;dls;fate unknown;;,,,,,,
af22;NA;;unknown;;;1998-11-14;;;;;NA;;;;;NA;;;;;NA;;;;;NA;NA;NA;NA;NA;NA;NA;NA;NA;NA;1998-11-14;dls;fate unknown;;,,,,,,
af23;NA;;unknown;;;1998-11-23;;;;;NA;;;;;NA;;;;;NA;;;;;NA;NA;NA;NA;NA;NA;NA;NA;NA;NA;1998-11-23;dls;fate unknown;;,,,,,,
af24;NA;;unknown;;;1999-05-03;;;;;NA;;;;;NA;;;;;NA;;;;;NA;NA;NA;NA;NA;NA;NA;NA;NA;NA;1999-05-03;dls;fate unknown;;,,,,,,
af25;NA;;unknown;;;1999-07-18;;;;;NA;;;;;NA;;;;;NA;;;;;NA;NA;NA;NA;NA;NA;NA;NA;NA;NA;1999-07-18;dls;fate unknown;;,,,,,,
af26;NA;;unknown;;;1999-07-03;;;;;NA;;;;;NA;;;;;NA;;;;;NA;NA;NA;NA;NA;NA;NA;NA;NA;NA;1999-07-08;dls;fate unknown;;,,,,,,
af27;NA;;unknown;;;1999-07-20;;;;;NA;;;;;NA;;;;;NA;;;;;NA;NA;NA;NA;NA;NA;NA;NA;NA;NA;1999-07-20;dls;fate unknown;;,,,,,,
af28;NA;;unknown;;;1999-08-02;;;;;NA;;;;;NA;;;;;NA;;;;;NA;NA;NA;NA;NA;NA;NA;NA;NA;NA;1999-08-02;dls;fate unknown;;,,,,,,
af29;NA;;unknown;;;1999-09-02;;;;;NA;;;;;NA;;;;;NA;;;;;NA;NA;NA;NA;NA;NA;NA;NA;NA;NA;1999-09-02;;;;check EventStatus and EventData,,,,,,
af30;NA;;unknown;;;1999-09-07;;;;;NA;;;;;NA;;;;;NA;;;;;NA;NA;NA;NA;NA;NA;NA;NA;NA;NA;1999-09-07;;;;check EventStatus and EventData,,,,,,
af31;NA;;unknown;;;1999-10-21;;;;;NA;;;;;NA;;;;;NA;;;;;NA;NA;NA;NA;NA;NA;NA;NA;NA;NA;1999-10-21;;;;check EventStatus and EventData,,,,,,
af32;NA;;unknown;;;1999-11-25;;;;;NA;;;;;NA;;;;;NA;;;;;NA;NA;NA;NA;NA;NA;NA;NA;NA;NA;1999-11-25;;;;check EventStatus and EventData,,,,,,
af33;NA;;unknown;;;1999-12-19;;;;;NA;;;;;NA;;;;;NA;;;;;NA;NA;NA;NA;NA;NA;NA;NA;NA;NA;1999-12-20;;;;check EventStatus and EventData,,,,,,
af332;NA;;unknown;;;2009-08-21;;;;;NA;;;;;NA;;;;;NA;;;;;NA;NA;NA;NA;NA;NA;NA;NA;NA;NA;NA;;;;,,,,,,
af34;NA;;unknown;;;2000-04-19;;;;;NA;;;;;NA;;;;;NA;;;;;NA;NA;NA;NA;NA;NA;NA;NA;NA;NA;2000-04-19;;;;check EventStatus and EventData,,,,,,
af341;NA;;unknown;;;2009-11-15;;;;;NA;;;;;NA;;;;;NA;;;;;NA;NA;NA;NA;NA;NA;NA;NA;NA;NA;NA;;;;,,,,,,
af35;NA;;unknown;;;2000-07-07;;;;;NA;;;;;NA;;;;;NA;;;;;NA;NA;NA;NA;NA;NA;NA;NA;NA;NA;2000-07-07;;;;check EventStatus and EventData,,,,,,
af36;NA;;unknown;;;2000-07-08;;;;;NA;;;;;NA;;;;;NA;;;;;NA;NA;NA;NA;NA;NA;NA;NA;NA;NA;2000-07-08;;;;check EventStatus and EventData,,,,,,
af37;NA;;unknown;;;2000-07-09;;;;;NA;;;;;NA;;;;;NA;;;;;NA;NA;NA;NA;NA;NA;NA;NA;NA;NA;2000-07-09;;;;check EventStatus and EventData,,,,,,
af38;NA;;unknown;;;2000-08-23;;;;;NA;;;;;NA;;;;;NA;;;;;NA;NA;NA;NA;NA;NA;NA;NA;NA;NA;2000-08-23;;;;check EventStatus and EventData,,,,,,
af39;NA;;unknown;;;2000-10-31;;;;;NA;;;;;NA;;;;;NA;;;;;NA;NA;NA;NA;NA;NA;NA;NA;NA;NA;2000-10-31;;;;check EventStatus and EventData,,,,,,
af394;NA;;unknown;;;2012-04-21;;;;;NA;;;;;NA;;;;;NA;;;;;NA;NA;NA;NA;NA;NA;NA;NA;NA;NA;NA;;;;,,,,,,
af395;NA;;unknown;;;2012-05-16;;;;;NA;;;;;NA;;;;;NA;;;;;NA;NA;NA;NA;NA;NA;NA;NA;NA;NA;NA;;;;,,,,,,
af396;NA;;unknown;;;2012-05-31;;;;;NA;;;;;NA;;;;;NA;;;;;NA;NA;NA;NA;NA;NA;NA;NA;NA;NA;NA;;;;,,,,,,
af397;NA;;unknown;;;2012-06-02;;;;;NA;;;;;NA;;;;;NA;;;;;NA;NA;NA;NA;NA;NA;NA;NA;NA;NA;NA;;;;,,,,,,
af40;NA;;unknown;;;2001-02-07;;;;;NA;;;;;NA;;;;;NA;;;;;NA;NA;NA;NA;NA;NA;NA;NA;NA;NA;2001-02-07;;;;check EventStatus and EventData,,,,,,
af41;NA;;unknown;;;2001-02-01;;;;;NA;;;;;NA;;;;;NA;;;;;NA;NA;NA;NA;NA;NA;NA;NA;NA;NA;2001-02-01;;;;check EventStatus and EventData,,,,,,
af42;NA;;unknown;;;2001-02-05;;;;;NA;;;;;NA;;;;;NA;;;;;NA;NA;NA;NA;NA;NA;NA;NA;NA;NA;2001-02-05;;;;check EventStatus and EventData,,,,,,
af43;NA;;unknown;;;2001-02-18;;;;;NA;;;;;NA;;;;;NA;;;;;NA;NA;NA;NA;NA;NA;NA;NA;NA;NA;2001-02-18;;;;check EventStatus and EventData,,,,,,
af44;NA;;unknown;;;2001-02-21;;;;;NA;;;;;NA;;;;;NA;;;;;NA;NA;NA;NA;NA;NA;NA;NA;NA;NA;2001-02-21;;;;check EventStatus and EventData,,,,,,
af45;NA;;unknown;;;2001-02-25;;;;;NA;;;;;NA;;;;;NA;;;;;NA;NA;NA;NA;NA;NA;NA;NA;NA;NA;2001-02-25;;;;check EventStatus and EventData,,,,,,
af46;NA;;unknown;;;2001-03-07;;;;;NA;;;;;NA;;;;;NA;;;;;NA;NA;NA;NA;NA;NA;NA;NA;NA;NA;2001-03-07;;;;check EventStatus and EventData,,,,,,
af460;NA;;unknown;;;2014-01-20;;;;;NA;;;;;NA;;;;;NA;;;;;NA;NA;NA;NA;NA;NA;NA;NA;NA;NA;NA;;;;,,,,,,
af48;NA;;unknown;;;2001-03-16;;;;;NA;;;;;NA;;;;;NA;;;;;NA;NA;NA;NA;NA;NA;NA;NA;NA;NA;2001-03-16;;;;check EventStatus and EventData,,,,,,
af49;NA;;unknown;;;2001-03-16;;;;;NA;;;;;NA;;;;;NA;;;;;NA;NA;NA;NA;NA;NA;NA;NA;NA;NA;2001-03-16;;;;check EventStatus and EventData,,,,,,
af490;NA;;unknown;;;2014-12-08;;;;;NA;;;;;NA;;;;;NA;;;;;NA;NA;NA;NA;NA;NA;NA;NA;NA;NA;NA;;;;,,,,,,
af496;NA;;unknown;;;2015-02-26;;;;;NA;;;;;NA;;;;;NA;;;;;NA;NA;NA;NA;NA;NA;NA;NA;NA;NA;NA;;;;,,,,,,
af50;NA;;unknown;;;2001-03-16;;;;;NA;;;;;NA;;;;;NA;;;;;NA;NA;NA;NA;NA;NA;NA;NA;NA;NA;2001-03-16;;;;check EventStatus and EventData,,,,,,
af51;NA;;unknown;;;2001-03-26;;;;;NA;;;;;NA;;;;;NA;;;;;NA;NA;NA;NA;NA;NA;NA;NA;NA;NA;2001-03-26;;;;check EventStatus and EventData,,,,,,
af515;NA;;unknown;;;2016-07-03;;;;;NA;;;;;NA;;;;;NA;;;;;NA;NA;NA;NA;NA;NA;NA;NA;NA;NA;NA;;;;,,,,,,
af52;NA;;unknown;;;2001-03-28;;;;;NA;;;;;NA;;;;;NA;;;;;NA;NA;NA;NA;NA;NA;NA;NA;NA;NA;2001-03-28;;;;check EventStatus and EventData,,,,,,
af53;NA;;unknown;;;2001-04-20;;;;;NA;;;;;NA;;;;;NA;;;;;NA;NA;NA;NA;NA;NA;NA;NA;NA;NA;2001-04-20;;;;check EventStatus and EventData,,,,,,
af54;NA;;unknown;;;2001-05-12;;;;;NA;;;;;NA;;;;;NA;;;;;NA;NA;NA;NA;NA;NA;NA;NA;NA;NA;2001-05-12;;;;check EventStatus and EventData,,,,,,
af546;NA;;unknown;;;2017-05-27;;;;;NA;;;;;NA;;;;;NA;;;;;NA;NA;NA;NA;NA;NA;NA;NA;NA;NA;NA;;;;,,,,,,
af55;NA;;unknown;;;2001-05-13;;;;;NA;;;;;NA;;;;;NA;;;;;NA;NA;NA;NA;NA;NA;NA;NA;NA;NA;2001-05-13;;;;check EventStatus and EventData,,,,,,
af56;NA;;unknown;;;2001-06-13;;;;;NA;;;;;NA;;;;;NA;;;;;NA;NA;NA;NA;NA;NA;NA;NA;NA;NA;2001-06-14;;;;check EventStatus and EventData,,,,,,
af564;NA;;unknown;;;2017-11-26;;;;;NA;;;;;NA;;;;;NA;;;;;NA;NA;NA;NA;NA;NA;NA;NA;NA;NA;NA;;;;,,,,,,
af568;NA;;unknown;;;2017-12-24;;;;;NA;;;;;NA;;;;;NA;;;;;NA;NA;NA;NA;NA;NA;NA;NA;NA;NA;NA;;;;,,,,,,
af57;NA;;unknown;;;2001-06-21;;;;;NA;;;;;NA;;;;;NA;;;;;NA;NA;NA;NA;NA;NA;NA;NA;NA;NA;2001-06-21;;;;check EventStatus and EventData,,,,,,
af58;NA;;unknown;;;2001-09-11;;;;;NA;;;;;NA;;;;;NA;;;;;NA;NA;NA;NA;NA;NA;NA;NA;NA;NA;2001-09-11;;;;check EventStatus and EventData,,,,,,
af59;NA;;unknown;;;2001-09-11;;;;;NA;;;;;NA;;;;;NA;;;;;NA;NA;NA;NA;NA;NA;NA;NA;NA;NA;2001-09-11;;;;check EventStatus and EventData,,,,,,
af60;NA;;unknown;;;2001-09-20;;;;;NA;;;;;NA;;;;;NA;;;;;NA;NA;NA;NA;NA;NA;NA;NA;NA;NA;2001-09-20;;;;check EventStatus and EventData,,,,,,
af61;NA;;unknown;;;2001-10-13;;;;;NA;;;;;NA;;;;;NA;;;;;NA;NA;NA;NA;NA;NA;NA;NA;NA;NA;2001-10-13;;;;check EventStatus and EventData,,,,,,
af615;NA;;unknown;;;2019-06-02;;;;;NA;;;;;NA;;;;;NA;;;;;NA;NA;NA;NA;NA;NA;NA;NA;NA;NA;NA;;;;,,,,,,
af617;NA;;unknown;;;2019-06-11;;;;;NA;;;;;NA;;;;;NA;;;;;NA;NA;NA;NA;NA;NA;NA;NA;NA;NA;NA;;;;,,,,,,
af62;NA;;unknown;;;2001-10-19;;;;;NA;;;;;NA;;;;;NA;;;;;NA;NA;NA;NA;NA;NA;NA;NA;NA;NA;2001-10-19;;;;check EventStatus and EventData,,,,,,
af63;NA;;unknown;;;2001-12-01;;;;;NA;;;;;NA;;;;;NA;;;;;NA;NA;NA;NA;NA;NA;NA;NA;NA;NA;2001-12-01;;;;check EventStatus and EventData,,,,,,
af630;NA;;unknown;;;2019-07-08;;;;;NA;;;;;NA;;;;;NA;;;;;NA;NA;NA;NA;NA;NA;NA;NA;NA;NA;NA;;;;,,,,,,
af64;NA;;unknown;;;2002-03-25;;;;;NA;;;;;NA;;;;;NA;;;;;NA;NA;NA;NA;NA;NA;NA;NA;NA;NA;2002-03-25;;;;check EventStatus and EventData,,,,,,
af65;NA;;unknown;;;1999-09-07;;;;;NA;;;;;NA;;;;;NA;;;;;NA;NA;NA;NA;NA;NA;NA;NA;NA;NA;1999-09-07;;;;check EventStatus and EventData,,,,,,
af652;NA;;unknown;;;2019-09-13;;;;;NA;;;;;NA;;;;;NA;;;;;NA;NA;NA;NA;NA;NA;NA;NA;NA;NA;NA;;;;,,,,,,
af66;NA;;unknown;;;2002-03-24;;;;;NA;;;;;NA;;;;;NA;;;;;NA;NA;NA;NA;NA;NA;NA;NA;NA;NA;2002-03-24;;;;check EventStatus and EventData,,,,,,
af662;NA;;unknown;;;2019-09-19;;;;;NA;;;;;NA;;;;;NA;;;;;NA;NA;NA;NA;NA;NA;NA;NA;NA;NA;NA;;;;,,,,,,
af67;NA;;unknown;;;2002-04-09;;;;;NA;;;;;NA;;;;;NA;;;;;NA;NA;NA;NA;NA;NA;NA;NA;NA;NA;2002-04-09;;;;check EventStatus and EventData,,,,,,
af679;NA;;unknown;;;2019-10-21;;;;;NA;;;;;NA;;;;;NA;;;;;NA;NA;NA;NA;NA;NA;NA;NA;NA;NA;NA;;;;,,,,,,
af68;NA;;unknown;;;2002-04-22;;;;;NA;;;;;NA;;;;;NA;;;;;NA;NA;NA;NA;NA;NA;NA;NA;NA;NA;2002-04-22;;;;check EventStatus and EventData,,,,,,
af69;NA;;unknown;;;2002-05-28;;;;;NA;;;;;NA;;;;;NA;;;;;NA;NA;NA;NA;NA;NA;NA;NA;NA;NA;2002-05-28;;;;check EventStatus and EventData,,,,,,
af70;NA;;unknown;;;2002-06-29;;;;;NA;;;;;NA;;;;;NA;;;;;NA;NA;NA;NA;NA;NA;NA;NA;NA;NA;2002-06-29;;;;check EventStatus and EventData,,,,,,
af71;NA;;unknown;;;2002-08-09;;;;;NA;;;;;NA;;;;;NA;;;;;NA;NA;NA;NA;NA;NA;NA;NA;NA;NA;2002-08-09;;;;check EventStatus and EventData,,,,,,
af72;NA;;unknown;;;2003-02-06;;;;;NA;;;;;NA;;;;;NA;;;;;NA;NA;NA;NA;NA;NA;NA;NA;NA;NA;2003-02-06;;;;check EventStatus and EventData,,,,,,
af73;NA;;unknown;;;2003-08-16;;;;;NA;;;;;NA;;;;;NA;;;;;NA;NA;NA;NA;NA;NA;NA;NA;NA;NA;2003-08-16;;;;check EventStatus and EventData,,,,,,
af74;NA;;unknown;;;2003-11-02;;;;;NA;;;;;NA;;;;;NA;;;;;NA;NA;NA;NA;NA;NA;NA;NA;NA;NA;2003-11-02;;;;check EventStatus and EventData,,,,,,
af745;NA;;unknown;;;2022-11-08;;;;;NA;;;;;NA;;;;;NA;;;;;NA;NA;NA;NA;NA;NA;NA;NA;NA;NA;NA;;;;,,,,,,
af75;NA;;unknown;;;2003-11-19;;;;;NA;;;;;NA;;;;;NA;;;;;NA;NA;NA;NA;NA;NA;NA;NA;NA;NA;2003-11-19;;;;check EventStatus and EventData,,,,,,
af77;NA;;unknown;;;2004-05-20;;;;;NA;;;;;NA;;;;;NA;;;;;NA;NA;NA;NA;NA;NA;NA;NA;NA;NA;2004-05-20;;;;check EventStatus and EventData,,,,,,
af78;NA;;unknown;;;2004-07-27;;;;;NA;;;;;NA;;;;;NA;;;;;NA;NA;NA;NA;NA;NA;NA;NA;NA;NA;2004-07-27;;;;check EventStatus and EventData,,,,,,
af79;NA;;unknown;;;2004-10-16;;;;;NA;;;;;NA;;;;;NA;;;;;NA;NA;NA;NA;NA;NA;NA;NA;NA;NA;2004-10-16;;;;check EventStatus and EventData,,,,,,
af80;NA;;unknown;;;2004-10-28;;;;;NA;;;;;NA;;;;;NA;;;;;NA;NA;NA;NA;NA;NA;NA;NA;NA;NA;2004-10-28;;;;check EventStatus and EventData,,,,,,
af83;NA;;unknown;;;2005-06-16;;;;;NA;;;;;NA;;;;;NA;;;;;NA;NA;NA;NA;NA;NA;NA;NA;NA;NA;2005-06-16;;;;check EventStatus and EventData,,,,,,
af93;NA;;unknown;;;2007-02-24;;;;;NA;;;;;NA;;;;;NA;;;;;NA;NA;NA;NA;NA;NA;NA;NA;NA;NA;NA;;;;,,,,,,
af94;NA;;unknown;;;2007-03-10;;;;;NA;;;;;NA;;;;;NA;;;;;NA;NA;NA;NA;NA;NA;NA;NA;NA;NA;NA;;;;,,,,,,
af95;NA;;unknown;;;2007-03-29;;;;;NA;;;;;NA;;;;;NA;;;;;NA;NA;NA;NA;NA;NA;NA;NA;NA;NA;NA;;;;,,,,,,
af96;NA;;unknown;;;2007-04-28;;;;;NA;;;;;NA;;;;;NA;;;;;NA;NA;NA;NA;NA;NA;NA;NA;NA;NA;NA;;;;,,,,,,
af97;NA;;unknown;;;2007-05-01;;;;;NA;;;;;NA;;;;;NA;;;;;NA;NA;NA;NA;NA;NA;NA;NA;NA;NA;NA;;;;,,,,,,
af98;NA;;unknown;;;2007-06-09;;;;;NA;;;;;NA;;;;;NA;;;;;NA;NA;NA;NA;NA;NA;NA;NA;NA;NA;NA;;;;,,,,,,
afro;2021-08-18;;cool.beans;;;2021-10-21;;;;;2022-08-18;;;6;Graduated based on DOB;NA;;;;;NA;;;;;NA;NA;NA;NA;NA;NA;NA;NA;NA;NA;NA;;;;,,,,,,
ag;2007-10-23;;mara.river;;;2008-02-28;;;;;NA;;;;;NA;;;;;NA;;;;;NA;NA;NA;NA;NA;NA;NA;NA;NA;NA;2013-08-25;dls;;;check EventStatus and EventData,,,,,,
agat;2019-02-12;;talek;;;2019-03-10;;;;DFS approved by KEH, do not change;2020-02-12;error;;27.5;Graduated based on DOB;NA;;;;;NA;;;;;NA;NA;NA;NA;NA;NA;NA;NA;NA;NA;2020-07-25;dls;;;,,,,,
agi;NA;;airstrip;;;2003-08-04;;;;;NA;;;;;NA;;;;;NA;;;;;NA;NA;NA;NA;NA;NA;NA;NA;NA;NA;2005-07-10;;;;check EventStatus and EventData,,,,,,
agl;NA;;lakeview;;;2003-08-17;;;;;NA;;;;;NA;;;;;NA;;;;;NA;NA;NA;NA;NA;NA;NA;NA;NA;NA;2003-08-17;;;;check EventStatus and EventData,,,,,,
aglc;2003-06-10;;airstrip;;;2003-08-17;;;;;NA;;;;;NA;;;;;NA;;;;;NA;NA;NA;NA;NA;NA;NA;NA;NA;NA;2003-08-17;;;;check EventStatus and EventData,,,,,,
agp;1991-11-06;;talek;;;1991-12-27;;;;;1992-07-18;;;0.5;;1993-04-09;;;;;1995-07-30;dispersal;unknown;;;NA;NA;NA;NA;NA;NA;NA;NA;NA;NA;1996-06-12;dls;;;,,,,,,
ahb;NA;;oz valley;;;2008-11-01;;;;;NA;;;;;NA;;;;;NA;;;;;NA;NA;NA;NA;NA;NA;NA;NA;NA;NA;NA;;;;,,,,,,
ahi;2013-01-25;;talek;;;2013-02-16;;;;DFS sibling was sighted, AHI is assumed according to tblLH protocol;2013-08-26;;;5;;2013-10-23;;;3.5;;NA;;;;;NA;NA;NA;NA;NA;NA;NA;NA;NA;NA;2015-07-31;dls;;;,,,,,
ahus;NA;;unknown;;;2016-08-30;;;;;NA;;;;;NA;;;;;2016-08-30;dispersal;talek;;;NA;NA;NA;NA;NA;NA;NA;NA;NA;NA;2016-12-21;dls;dispersed;;,,,,,,
aj;NA;;musiara;;;2009-10-19;;;;;NA;;;;;NA;;;;;NA;;;;;NA;NA;NA;NA;NA;NA;NA;NA;NA;NA;NA;;;;,,,,,,
akba;2013-01-12;;fig.tree;;;2013-02-04;;;;;NA;;;;;NA;;;;;NA;;;;;NA;NA;NA;NA;NA;NA;NA;NA;NA;NA;2014-11-07;dls;;;check EventStatus and EventData,,,,,,
al;NA;;unknown;;;2001-12-14;;;;;NA;;;;;NA;;;;;NA;;;;;NA;NA;NA;NA;NA;NA;NA;NA;NA;NA;2009-12-18;;;;check EventStatus and EventData,,,,,,
al 517;NA;;;;;NA;;;;;NA;;;;;NA;;;;;NA;;;;;NA;NA;NA;NA;NA;NA;NA;NA;NA;NA;NA;;;;,,,,,,
al 526;NA;;;;;NA;;;;;NA;;;;;NA;;;;;NA;;;;;NA;NA;NA;NA;NA;NA;NA;NA;NA;NA;NA;;;;,,,,,,
al 583;NA;;;;;NA;;;;;NA;;;;;NA;;;;;NA;;;;;NA;NA;NA;NA;NA;NA;NA;NA;NA;NA;NA;;;;,,,,,,
al 584;NA;;;;;NA;;;;;NA;;;;;NA;;;;;NA;;;;;NA;NA;NA;NA;NA;NA;NA;NA;NA;NA;NA;;;;,,,,,,
al0001;NA;;unknown;;;2012-10-23;;;;;NA;;;;;NA;;;;;NA;;;;;NA;NA;NA;NA;NA;NA;NA;NA;NA;NA;NA;;;;,,,,,,
al0002;NA;;unknown;;;2012-10-23;;;;;NA;;;;;NA;;;;;NA;;;;;NA;NA;NA;NA;NA;NA;NA;NA;NA;NA;NA;;;;,,,,,,
al01;NA;;unknown;;;1997-06-29;;;;;NA;;;;;NA;;;;;NA;;;;;NA;NA;NA;NA;NA;NA;NA;NA;NA;NA;1997-06-29;dls;fate unknown;;,,,,,,
al02;NA;;unknown;;;1998-04-20;;;;;NA;;;;;NA;;;;;NA;;;;;NA;NA;NA;NA;NA;NA;NA;NA;NA;NA;1998-04-20;dls;fate unknown;;,,,,,,
al03;NA;;unknown;;;1998-09-11;;;;;NA;;;;;NA;;;;;NA;;;;;NA;NA;NA;NA;NA;NA;NA;NA;NA;NA;1998-09-11;dls;fate unknown;;,,,,,,
al04;NA;;unknown;;;1998-09-28;;;;;NA;;;;;NA;;;;;NA;;;;;NA;NA;NA;NA;NA;NA;NA;NA;NA;NA;1998-09-28;dls;fate unknown;;,,,,,,
al05;NA;;unknown;;;1998-10-04;;;;;NA;;;;;NA;;;;;NA;;;;;NA;NA;NA;NA;NA;NA;NA;NA;NA;NA;1998-10-04;dls;fate unknown;;,,,,,,
al06;NA;;unknown;;;1998-10-04;;;;;NA;;;;;NA;;;;;NA;;;;;NA;NA;NA;NA;NA;NA;NA;NA;NA;NA;1998-10-04;dls;fate unknown;;,,,,,,
al07;NA;;unknown;;;1998-10-04;;;;;NA;;;;;NA;;;;;NA;;;;;NA;NA;NA;NA;NA;NA;NA;NA;NA;NA;1998-10-04;dls;fate unknown;;,,,,,,
al08;NA;;unknown;;;1998-10-05;;;;;NA;;;;;NA;;;;;NA;;;;;NA;NA;NA;NA;NA;NA;NA;NA;NA;NA;1998-10-05;dls;fate unknown;;,,,,,,
al09;NA;;unknown;;;1998-10-05;;;;;NA;;;;;NA;;;;;NA;;;;;NA;NA;NA;NA;NA;NA;NA;NA;NA;NA;1998-10-05;dls;fate unknown;;,,,,,,
al10;NA;;unknown;;;1998-10-07;;;;;NA;;;;;NA;;;;;NA;;;;;NA;NA;NA;NA;NA;NA;NA;NA;NA;NA;1998-10-07;dls;fate unknown;;,,,,,,
al1005;NA;;unknown;;;2012-12-26;;;;;NA;;;;;NA;;;;;NA;;;;;NA;NA;NA;NA;NA;NA;NA;NA;NA;NA;2013-11-04;;;;check EventStatus and EventData,,,,,,
al1007;NA;;ucb;;;2013-02-13;;;;;NA;;;;;NA;;;;;NA;;;;;NA;NA;NA;NA;NA;NA;NA;NA;NA;NA;NA;;;;,,,,,,
al1008;NA;;ucb;;;2013-02-24;;;;;NA;;;;;NA;;;;;NA;;;;;NA;NA;NA;NA;NA;NA;NA;NA;NA;NA;2013-02-24;;;;check EventStatus and EventData,,,,,,
al1009;NA;;unknown;;;2013-02-27;;;;;NA;;;;;NA;;;;;NA;;;;;NA;NA;NA;NA;NA;NA;NA;NA;NA;NA;2013-02-27;dls;;;check EventStatus and EventData,,,,,,
al101;NA;;unknown;;;2001-04-01;;;;;NA;;;;;NA;;;;;NA;;;;;NA;NA;NA;NA;NA;NA;NA;NA;NA;NA;2001-04-01;;;;check EventStatus and EventData,,,,,,
al1012;NA;;unknown;;;2013-05-19;;;;;NA;;;;;NA;;;;;NA;;;;;NA;NA;NA;NA;NA;NA;NA;NA;NA;NA;2013-05-19;;;;check EventStatus and EventData,,,,,,
al1013;NA;;unknown;;;2013-03-18;;;;;NA;;;;;NA;;;;;NA;;;;;NA;NA;NA;NA;NA;NA;NA;NA;NA;NA;2013-03-18;;;;check EventStatus and EventData,,,,,,
al1015;NA;;unknown;;;2013-06-07;;;;;NA;;;;;NA;;;;;NA;;;;;NA;NA;NA;NA;NA;NA;NA;NA;NA;NA;2013-06-07;;;;check EventStatus and EventData,,,,,,
al1017;NA;;unknown;;;2013-07-06;;;;;NA;;;;;NA;;;;;NA;;;;;NA;NA;NA;NA;NA;NA;NA;NA;NA;NA;2013-07-06;dls;;;check EventStatus and EventData,,,,,,
al1023;NA;;unknown;;;2013-10-22;;;;;NA;;;;;NA;;;;;NA;;;;;NA;NA;NA;NA;NA;NA;NA;NA;NA;NA;2013-10-22;dls;;;check EventStatus and EventData,,,,,,
al1025;NA;;unknown;;;2013-11-17;;;;;NA;;;;;NA;;;;;NA;;;;;NA;NA;NA;NA;NA;NA;NA;NA;NA;NA;2013-11-17;dls;;;check EventStatus and EventData,,,,,,
al1028;NA;;unknown;;;2014-03-22;;;;;NA;;;;;NA;;;;;NA;;;;;NA;NA;NA;NA;NA;NA;NA;NA;NA;NA;2016-01-16;;;;check EventStatus and EventData,,,,,,
al1030;NA;;unknown;;;2014-04-24;;;;;NA;;;;;NA;;;;;NA;;;;;NA;NA;NA;NA;NA;NA;NA;NA;NA;NA;2014-04-24;;;;check EventStatus and EventData,,,,,,
al1033;NA;;unknown;;;NA;;;;;NA;;;;;NA;;;;;NA;;;;;NA;NA;NA;NA;NA;NA;NA;NA;NA;NA;NA;;;;,,,,,,
al1034;NA;;unknown;;;2014-07-01;;;;;NA;;;;;NA;;;;;NA;;;;;NA;NA;NA;NA;NA;NA;NA;NA;NA;NA;2014-07-01;;;;check EventStatus and EventData,,,,,,
al1035;NA;;unknown;;;NA;;;;;NA;;;;;NA;;;;;NA;;;;;NA;NA;NA;NA;NA;NA;NA;NA;NA;NA;NA;;;;,,,,,,
al1036;NA;;unknown;;;2014-11-12;;;;;NA;;;;;NA;;;;;NA;;;;;NA;NA;NA;NA;NA;NA;NA;NA;NA;NA;2015-01-06;;;;check EventStatus and EventData,,,,,,
al1037;NA;;unknown;;;2015-01-15;;;;;NA;;;;;NA;;;;;NA;;;;;NA;NA;NA;NA;NA;NA;NA;NA;NA;NA;2015-03-31;;;;check EventStatus and EventData,,,,,,
al1038;NA;;unknown;;;2015-01-26;;;;;NA;;;;;NA;;;;;NA;;;;;NA;NA;NA;NA;NA;NA;NA;NA;NA;NA;2015-01-26;dls;;;check EventStatus and EventData,,,,,,
al1039;NA;;unknown;;;2015-01-17;;;;;NA;;;;;NA;;;;;NA;;;;;NA;NA;NA;NA;NA;NA;NA;NA;NA;NA;NA;;;;,,,,,,
al1040;NA;;;;;NA;;;;;NA;;;;;NA;;;;;NA;;;;;NA;NA;NA;NA;NA;NA;NA;NA;NA;NA;NA;;;;,,,,,,
al1041;NA;;;;;2015-02-12;;;;;NA;;;;;NA;;;;;NA;;unknown;;;NA;NA;NA;NA;NA;NA;NA;NA;NA;NA;2015-02-12;;;;check EventStatus and EventData,,,,,,
al1042;NA;;unknown;;;NA;;;;;NA;;;;;NA;;;;;NA;;;;;NA;NA;NA;NA;NA;NA;NA;NA;NA;NA;NA;;;;,,,,,,
al1045;NA;;;;;2015-03-16;;;;;NA;;;;;NA;;;;;NA;;unknown;;;NA;NA;NA;NA;NA;NA;NA;NA;NA;NA;2015-03-16;;;;check EventStatus and EventData,,,,,,
al1047;NA;;unknown;;;2014-10-07;;;;;NA;;;;;NA;;;;;NA;;;;;NA;NA;NA;NA;NA;NA;NA;NA;NA;NA;2014-10-07;;;;check EventStatus and EventData,,,,,,
al1048;NA;;unknown;;;2015-03-31;;;;;NA;;;;;NA;;;;;NA;;;;;NA;NA;NA;NA;NA;NA;NA;NA;NA;NA;NA;;;;,,,,,,
al1051;NA;;unknown;;;2015-04-07;;;;;NA;;;;;NA;;;;;NA;;;;;NA;NA;NA;NA;NA;NA;NA;NA;NA;NA;NA;;;;,,,,,,
al1053;NA;;unknown;;;2015-04-07;;;;;NA;;;;;NA;;;;;NA;;;;;NA;NA;NA;NA;NA;NA;NA;NA;NA;NA;NA;;;;,,,,,,
al1054;NA;;;;;2015-04-18;;;;;NA;;;;;NA;;;;;NA;;unknown;;;NA;NA;NA;NA;NA;NA;NA;NA;NA;NA;2015-04-18;;;;check EventStatus and EventData,,,,,,
al1055;NA;;;;;2015-05-29;;;;;NA;;;;;NA;;;;;NA;;unknown;;;NA;NA;NA;NA;NA;NA;NA;NA;NA;NA;2015-05-29;;;;check EventStatus and EventData,,,,,,
al1056;NA;;;;;2015-05-29;;;;;NA;;;;;NA;;;;;NA;;unknown;;;NA;NA;NA;NA;NA;NA;NA;NA;NA;NA;2015-05-29;;;;check EventStatus and EventData,,,,,,
al1057;NA;;unknown;;;2015-07-15;;;;;NA;;;;;NA;;;;;NA;;;;;NA;NA;NA;NA;NA;NA;NA;NA;NA;NA;NA;;;;,,,,,,
al1058;NA;;unknown;;;2015-12-08;;;;;NA;;;;;NA;;;;;NA;;;;;NA;NA;NA;NA;NA;NA;NA;NA;NA;NA;NA;;;;,,,,,,
al1060;NA;;unknown;;;2016-04-25;;;;;NA;;;;;NA;;;;;NA;;;;;NA;NA;NA;NA;NA;NA;NA;NA;NA;NA;NA;;;;,,,,,,
al1062;NA;;unknown;;;2016-08-19;;;;;NA;;;;;NA;;;;;NA;;;;;NA;NA;NA;NA;NA;NA;NA;NA;NA;NA;NA;;;;,,,,,,
al1063;NA;;unknown;;;2016-08-24;;;;;NA;;;;;NA;;;;;NA;;;;;NA;NA;NA;NA;NA;NA;NA;NA;NA;NA;NA;;;;,,,,,,
al1064;NA;;unknown;;;2016-07-14;;;;;NA;;;;;NA;;;;;NA;;;;;NA;NA;NA;NA;NA;NA;NA;NA;NA;NA;NA;;;;,,,,,,
al1065;NA;;unknown;;;2016-09-09;;;;;NA;;;;;NA;;;;;NA;;;;;NA;NA;NA;NA;NA;NA;NA;NA;NA;NA;2016-09-09;;;;check EventStatus and EventData,,,,,,
al1068;NA;;unknown;;;2016-12-11;;;;;NA;;;;;NA;;;;;NA;;;;;NA;NA;NA;NA;NA;NA;NA;NA;NA;NA;NA;;;;,,,,,,
al1072;NA;;unknown;;;2016-12-24;;;;;NA;;;;;NA;;;;;NA;;;;;NA;NA;NA;NA;NA;NA;NA;NA;NA;NA;NA;;;;,,,,,,
al1076;NA;;unknown;;;2017-03-06;;;;;NA;;;;;NA;;;;;NA;;;;;NA;NA;NA;NA;NA;NA;NA;NA;NA;NA;NA;;;;,,,,,,
al1077;NA;;unknown;;;2017-03-11;;;;;NA;;;;;NA;;;;;NA;;;;;NA;NA;NA;NA;NA;NA;NA;NA;NA;NA;NA;;;;,,,,,,
al1081;NA;;unknown;;;2017-07-09;;;;;NA;;;;;NA;;;;;NA;;;;;NA;NA;NA;NA;NA;NA;NA;NA;NA;NA;NA;;;;,,,,,,
al1082;NA;;unknown;;;2017-07-28;;;;;NA;;;;;NA;;;;;NA;;;;;NA;NA;NA;NA;NA;NA;NA;NA;NA;NA;NA;;;;,,,,,,
al1084;NA;;unknown;;;2017-08-27;;;;;NA;;;;;NA;;;;;NA;;;;;NA;NA;NA;NA;NA;NA;NA;NA;NA;NA;NA;;;;,,,,,,
al1085;NA;;unknown;;;2017-09-10;;;;;NA;;;;;NA;;;;;NA;;;;;NA;NA;NA;NA;NA;NA;NA;NA;NA;NA;NA;;;;,,,,,,
al1086;NA;;unknown;;;2017-07-08;;;;;NA;;;;;NA;;;;;NA;;;;;NA;NA;NA;NA;NA;NA;NA;NA;NA;NA;NA;;;;,,,,,,
al1087;NA;;unknown;;;2017-08-20;;;;;NA;;;;;NA;;;;;NA;;;;;NA;NA;NA;NA;NA;NA;NA;NA;NA;NA;NA;;;;,,,,,,
al1088;NA;;unknown;;;2017-08-20;;;;;NA;;;;;NA;;;;;NA;;;;;NA;NA;NA;NA;NA;NA;NA;NA;NA;NA;NA;;;;,,,,,,
al1089;NA;;unknown;;;2017-08-20;;;;;NA;;;;;NA;;;;;NA;;;;;NA;NA;NA;NA;NA;NA;NA;NA;NA;NA;NA;;;;,,,,,,
al1090;NA;;unknown;;;2017-08-24;;;;;NA;;;;;NA;;;;;NA;;;;;NA;NA;NA;NA;NA;NA;NA;NA;NA;NA;NA;;;;,,,,,,
al1091;NA;;unknown;;;2017-08-13;;;;;NA;;;;;NA;;;;;NA;;;;;NA;NA;NA;NA;NA;NA;NA;NA;NA;NA;NA;;;;,,,,,,
al1092;NA;;unknown;;;2017-09-22;;;;;NA;;;;;NA;;;;;NA;;;;;NA;NA;NA;NA;NA;NA;NA;NA;NA;NA;NA;;;;,,,,,,
al1094;NA;;unknown;;;2017-11-04;;;;;NA;;;;;NA;;;;;NA;;;;;NA;NA;NA;NA;NA;NA;NA;NA;NA;NA;NA;;;;,,,,,,
al1095;NA;;unknown;;;2017-12-04;;;;;NA;;;;;NA;;;;;NA;;;;;NA;NA;NA;NA;NA;NA;NA;NA;NA;NA;NA;;;;,,,,,,
al1096;NA;;unknown;;;2018-04-02;;;;;NA;;;;;NA;;;;;NA;;;;;NA;NA;NA;NA;NA;NA;NA;NA;NA;NA;NA;;;;,,,,,,
al11;NA;;unknown;;;1998-10-14;;;;;NA;;;;;NA;;;;;NA;;;;;NA;NA;NA;NA;NA;NA;NA;NA;NA;NA;1998-10-14;dls;fate unknown;;,,,,,,
al1103;NA;;unknown;;;2018-11-16;;;;;NA;;;;;NA;;;;;NA;;;;;NA;NA;NA;NA;NA;NA;NA;NA;NA;NA;NA;;;;,,,,,,
al1109;NA;;unknown;;;2019-03-11;;;;;NA;;;;;NA;;;;;NA;;;;;NA;NA;NA;NA;NA;NA;NA;NA;NA;NA;NA;;;;,,,,,,
al1114;NA;;unknown;;;2019-09-21;;;;;NA;;;;;NA;;;;;NA;;;;;NA;NA;NA;NA;NA;NA;NA;NA;NA;NA;NA;;;;,,,,,,
al1115;NA;;unknown;;;2019-09-03;;;;;NA;;;;;NA;;;;;NA;;;;;NA;NA;NA;NA;NA;NA;NA;NA;NA;NA;NA;;;;,,,,,,
al1116;NA;;unknown;;;2019-11-12;;;;;NA;;;;;NA;;;;;NA;;;;;NA;NA;NA;NA;NA;NA;NA;NA;NA;NA;NA;;;;,,,,,,
al1118;NA;;unknown;;;2019-12-24;;;;;NA;;;;;NA;;;;;NA;;;;;NA;NA;NA;NA;NA;NA;NA;NA;NA;NA;NA;;;;,,,,,,
al1120;NA;;unknown;;;2020-01-02;;;;;NA;;;;;NA;;;;;NA;;;;;NA;NA;NA;NA;NA;NA;NA;NA;NA;NA;NA;;;;,,,,,,
al1122;NA;;unknown;;;2020-01-13;;;;;NA;;;;;NA;;;;;NA;;;;;NA;NA;NA;NA;NA;NA;NA;NA;NA;NA;NA;;;;,,,,,,
al1124;NA;;;;;2021-03-27;;;;;NA;;;;;NA;;;;;NA;;;;;NA;NA;NA;NA;NA;NA;NA;NA;NA;NA;NA;;;;,,,,,,
al1125;NA;;;;;2021-03-27;;;;;NA;;;;;NA;;;;;NA;;;;;NA;NA;NA;NA;NA;NA;NA;NA;NA;NA;NA;;;;,,,,,,
al1126;NA;;;;;2021-03-25;;;;;NA;;;;;NA;;;;;NA;;;;;NA;NA;NA;NA;NA;NA;NA;NA;NA;NA;NA;;;;,,,,,,
al1129;NA;;;;;2021-06-03;;;;;NA;;;;;NA;;;;;NA;;;;;NA;NA;NA;NA;NA;NA;NA;NA;NA;NA;NA;;;;,,,,,,
al1130;NA;;;;;2021-07-12;;;;;NA;;;;;NA;;;;;NA;;;;;NA;NA;NA;NA;NA;NA;NA;NA;NA;NA;NA;;;;,,,,,,
al1132;NA;;;;;2021-08-09;;;;;NA;;;;;NA;;;;;NA;;;;;NA;NA;NA;NA;NA;NA;NA;NA;NA;NA;NA;;;;,,,,,,
al1134;NA;;;;;2021-08-12;;;;;NA;;;;;NA;;;;;NA;;;;;NA;NA;NA;NA;NA;NA;NA;NA;NA;NA;NA;;;;,,,,,,
al1135;NA;;;;;2021-08-27;;;;;NA;;;;;NA;;;;;NA;;;;;NA;NA;NA;NA;NA;NA;NA;NA;NA;NA;NA;;;;,,,,,,
al1136;NA;;;;;2021-09-15;;;;;NA;;;;;NA;;;;;NA;;;;;NA;NA;NA;NA;NA;NA;NA;NA;NA;NA;NA;;;;,,,,,,
al1137;NA;;;;;2021-08-13;;;;;NA;;;;;NA;;;;;NA;;;;;NA;NA;NA;NA;NA;NA;NA;NA;NA;NA;NA;;;;,,,,,,
al1138;NA;;;;;2022-06-08;;;;;NA;;;;;NA;;;;;NA;;;;;NA;NA;NA;NA;NA;NA;NA;NA;NA;NA;NA;;;;,,,,,,
al1139;NA;;;;;2022-06-08;;;;;NA;;;;;NA;;;;;NA;;;;;NA;NA;NA;NA;NA;NA;NA;NA;NA;NA;NA;;;;,,,,,,
al1140;NA;;unknown;;;NA;;;;;NA;;;;;NA;;;;;NA;;;;;NA;NA;NA;NA;NA;NA;NA;NA;NA;NA;NA;;;;,,,,,,
al1141;NA;;;;;2023-01-01;;;;;NA;;;;;NA;;;;;NA;;;;;NA;NA;NA;NA;NA;NA;NA;NA;NA;NA;NA;;;;,,,,,,
al1142;NA;;;;;2023-01-12;;;;;NA;;;;;NA;;;;;NA;;;;;NA;NA;NA;NA;NA;NA;NA;NA;NA;NA;NA;;;;,,,,,,
al1143;NA;;;;;2023-01-13;;;;;NA;;;;;NA;;;;;NA;;;;;NA;NA;NA;NA;NA;NA;NA;NA;NA;NA;NA;;;;,,,,,,
al1145;NA;;unknown;;;2023-05-14;;;;;NA;;;;;NA;;;;;NA;;;;;NA;NA;NA;NA;NA;NA;NA;NA;NA;NA;NA;;;;,,,,,,
al115;NA;;unknown;;;2001-08-19;;;;;NA;;;;;NA;;;;;NA;;;;;NA;NA;NA;NA;NA;NA;NA;NA;NA;NA;2001-08-19;;;;check EventStatus and EventData,,,,,,
al116;NA;;unknown;;;2001-09-23;;;;;NA;;;;;NA;;;;;NA;;;;;NA;NA;NA;NA;NA;NA;NA;NA;NA;NA;2001-09-23;;;;check EventStatus and EventData,,,,,,
al117;NA;;unknown;;;2001-09-20;;;;;NA;;;;;NA;;;;;NA;;;;;NA;NA;NA;NA;NA;NA;NA;NA;NA;NA;2001-09-20;;;;check EventStatus and EventData,,,,,,
al118;NA;;unknown;;;2001-10-19;;;;;NA;;;;;NA;;;;;NA;;;;;NA;NA;NA;NA;NA;NA;NA;NA;NA;NA;2001-10-19;;;;check EventStatus and EventData,,,,,,
al119;NA;;unknown;;;2001-11-01;;;;;NA;;;;;NA;;;;;NA;;;;;NA;NA;NA;NA;NA;NA;NA;NA;NA;NA;2001-11-01;;;;check EventStatus and EventData,,,,,,
al12;NA;;unknown;;;1998-10-11;;;;;NA;;;;;NA;;;;;NA;;;;;NA;NA;NA;NA;NA;NA;NA;NA;NA;NA;1998-10-11;dls;fate unknown;;,,,,,,
al120;NA;;unknown;;;2001-11-09;;;;;NA;;;;;NA;;;;;NA;;;;;NA;NA;NA;NA;NA;NA;NA;NA;NA;NA;2001-11-09;;;;check EventStatus and EventData,,,,,,
al121;NA;;unknown;;;2001-12-01;;;;;NA;;;;;NA;;;;;NA;;;;;NA;NA;NA;NA;NA;NA;NA;NA;NA;NA;2001-12-01;;;;check EventStatus and EventData,,,,,,
al122;NA;;unknown;;;2001-12-13;;;;;NA;;;;;NA;;;;;NA;;;;;NA;NA;NA;NA;NA;NA;NA;NA;NA;NA;2002-01-20;;;;check EventStatus and EventData,,,,,,
al124;NA;;unknown;;;2002-01-24;;;;;NA;;;;;NA;;;;;NA;;;;;NA;NA;NA;NA;NA;NA;NA;NA;NA;NA;2002-01-24;;;;check EventStatus and EventData,,,,,,
al125;NA;;unknown;;;2002-02-19;;;;;NA;;;;;NA;;;;;NA;;;;;NA;NA;NA;NA;NA;NA;NA;NA;NA;NA;2002-02-19;;;;check EventStatus and EventData,,,,,,
al126;NA;;unknown;;;2002-02-27;;;;;NA;;;;;NA;;;;;NA;;;;;NA;NA;NA;NA;NA;NA;NA;NA;NA;NA;2002-02-27;;;;check EventStatus and EventData,,,,,,
al127;NA;;unknown;;;2002-03-03;;;;;NA;;;;;NA;;;;;NA;;;;;NA;NA;NA;NA;NA;NA;NA;NA;NA;NA;2002-03-03;;;;check EventStatus and EventData,,,,,,
al128;NA;;unknown;;;2002-03-04;;;;;NA;;;;;NA;;;;;NA;;;;;NA;NA;NA;NA;NA;NA;NA;NA;NA;NA;2002-03-04;;;;check EventStatus and EventData,,,,,,
al129;NA;;unknown;;;2002-03-23;;;;;NA;;;;;NA;;;;;NA;;;;;NA;NA;NA;NA;NA;NA;NA;NA;NA;NA;2002-03-23;;;;check EventStatus and EventData,,,,,,
al13;NA;;unknown;;;1998-10-12;;;;;NA;;;;;NA;;;;;NA;;;;;NA;NA;NA;NA;NA;NA;NA;NA;NA;NA;1998-10-12;dls;fate unknown;;,,,,,,
al131;NA;;unknown;;;2002-04-06;;;;;NA;;;;;NA;;;;;NA;;;;;NA;NA;NA;NA;NA;NA;NA;NA;NA;NA;2002-04-06;;;;check EventStatus and EventData,,,,,,
al132;NA;;unknown;;;2002-06-24;;;;;NA;;;;;NA;;;;;NA;;;;;NA;NA;NA;NA;NA;NA;NA;NA;NA;NA;2002-06-24;;;;check EventStatus and EventData,,,,,,
al133;NA;;unknown;;;2002-08-10;;;;;NA;;;;;NA;;;;;NA;;;;;NA;NA;NA;NA;NA;NA;NA;NA;NA;NA;2002-08-10;;;;check EventStatus and EventData,,,,,,
al135;NA;;unknown;;;2002-09-09;;;;;NA;;;;;NA;;;;;NA;;;;;NA;NA;NA;NA;NA;NA;NA;NA;NA;NA;2002-09-09;;;;check EventStatus and EventData,,,,,,
al136;NA;;unknown;;;2002-09-08;;;;;NA;;;;;NA;;;;;NA;;;;;NA;NA;NA;NA;NA;NA;NA;NA;NA;NA;2002-09-10;;;;check EventStatus and EventData,,,,,,
al137;NA;;unknown;;;2002-09-15;;;;;NA;;;;;NA;;;;;NA;;;;;NA;NA;NA;NA;NA;NA;NA;NA;NA;NA;2002-09-15;;;;check EventStatus and EventData,,,,,,
al138;NA;;unknown;;;2002-09-19;;;;;NA;;;;;NA;;;;;NA;;;;;NA;NA;NA;NA;NA;NA;NA;NA;NA;NA;2002-10-20;;;;check EventStatus and EventData,,,,,,
al139;NA;;unknown;;;2002-10-25;;;;;NA;;;;;NA;;;;;NA;;;;;NA;NA;NA;NA;NA;NA;NA;NA;NA;NA;2002-10-25;;;;check EventStatus and EventData,,,,,,
al14;NA;;unknown;;;1998-10-12;;;;;NA;;;;;NA;;;;;NA;;;;;NA;NA;NA;NA;NA;NA;NA;NA;NA;NA;1998-10-12;dls;fate unknown;;,,,,,,
al140;NA;;unknown;;;2002-11-24;;;;;NA;;;;;NA;;;;;NA;;;;;NA;NA;NA;NA;NA;NA;NA;NA;NA;NA;2002-11-26;;;;check EventStatus and EventData,,,,,,
al141;NA;;unknown;;;2002-11-30;;;;;NA;;;;;NA;;;;;NA;;;;;NA;NA;NA;NA;NA;NA;NA;NA;NA;NA;2002-11-30;;;;check EventStatus and EventData,,,,,,
al143;NA;;unknown;;;2003-03-19;;;;;NA;;;;;NA;;;;;NA;;;;;NA;NA;NA;NA;NA;NA;NA;NA;NA;NA;2003-03-19;;;;check EventStatus and EventData,,,,,,
al144;NA;;unknown;;;2003-08-17;;;;;NA;;;;;NA;;;;;NA;;;;;NA;NA;NA;NA;NA;NA;NA;NA;NA;NA;2003-08-17;;;;check EventStatus and EventData,,,,,,
al145;NA;;unknown;;;2003-10-29;;;;;NA;;;;;NA;;;;;NA;;;;;NA;NA;NA;NA;NA;NA;NA;NA;NA;NA;2003-10-29;;;;check EventStatus and EventData,,,,,,
al146;NA;;unknown;;;2003-11-11;;;;;NA;;;;;NA;;;;;NA;;;;;NA;NA;NA;NA;NA;NA;NA;NA;NA;NA;2003-11-11;;;;check EventStatus and EventData,,,,,,
al147;NA;;unknown;;;2003-12-15;;;;;NA;;;;;NA;;;;;NA;;;;;NA;NA;NA;NA;NA;NA;NA;NA;NA;NA;2003-12-15;;;;check EventStatus and EventData,,,,,,
al148;NA;;unknown;;;2004-01-09;;;;;NA;;;;;NA;;;;;NA;;;;;NA;NA;NA;NA;NA;NA;NA;NA;NA;NA;2004-01-09;;;;check EventStatus and EventData,,,,,,
al149;NA;;unknown;;;2004-05-17;;;;;NA;;;;;NA;;;;;NA;;;;;NA;NA;NA;NA;NA;NA;NA;NA;NA;NA;2004-05-17;;;;check EventStatus and EventData,,,,,,
al15;NA;;unknown;;;1998-10-12;;;;;NA;;;;;NA;;;;;NA;;;;;NA;NA;NA;NA;NA;NA;NA;NA;NA;NA;1998-10-12;dls;fate unknown;;,,,,,,
al151;NA;;unknown;;;2004-08-06;;;;;NA;;;;;NA;;;;;NA;;;;;NA;NA;NA;NA;NA;NA;NA;NA;NA;NA;2004-08-06;;;;check EventStatus and EventData,,,,,,
al152;NA;;unknown;;;2004-10-04;;;;;NA;;;;;NA;;;;;NA;;;;;NA;NA;NA;NA;NA;NA;NA;NA;NA;NA;2004-10-04;;;;check EventStatus and EventData,,,,,,
al16;NA;;unknown;;;1998-10-12;;;;;NA;;;;;NA;;;;;NA;;;;;NA;NA;NA;NA;NA;NA;NA;NA;NA;NA;1998-10-12;dls;fate unknown;;,,,,,,
al17;NA;;talek;;;1998-10-13;;;;;NA;;;;;NA;;;;;NA;;;;;NA;NA;NA;NA;NA;NA;NA;NA;NA;NA;1998-10-13;dls;fate unknown;;,,,,,,
al174;NA;;;;;2002-10-28;;;;;NA;;;;;NA;;;;;NA;;;;;NA;NA;NA;NA;NA;NA;NA;NA;NA;NA;2002-10-28;;;;check EventStatus and EventData,,,,,,
al18;NA;;talek;;;1998-10-15;;;;;NA;;;;;NA;;;;;NA;;;;;NA;NA;NA;NA;NA;NA;NA;NA;NA;NA;1998-10-15;dls;fate unknown;;,,,,,,
al19;NA;;talek;;;1998-10-22;;;;;NA;;;;;NA;;;;;NA;;;;;NA;NA;NA;NA;NA;NA;NA;NA;NA;NA;1998-10-26;dls;fate unknown;;,,,,,,
al20;NA;;talek;;;1998-10-25;;;;;NA;;;;;NA;;;;;NA;;;;;NA;NA;NA;NA;NA;NA;NA;NA;NA;NA;1998-10-25;dls;fate unknown;;,,,,,,
al21;NA;;talek;;;1998-10-26;;;;;NA;;;;;NA;;;;;NA;;;;;NA;NA;NA;NA;NA;NA;NA;NA;NA;NA;1999-01-09;dls;fate unknown;;,,,,,,
al211;NA;;;;;2004-08-12;;;;;NA;;;;;NA;;;;;NA;;;;;NA;NA;NA;NA;NA;NA;NA;NA;NA;NA;2004-08-12;;;;check EventStatus and EventData,,,,,,
al23;NA;;talek;;;1998-11-02;;;;;NA;;;;;NA;;;;;NA;;;;;NA;NA;NA;NA;NA;NA;NA;NA;NA;NA;1998-11-02;dls;fate unknown;;,,,,,,
al24;NA;;talek;;;1998-11-03;;;;;NA;;;;;NA;;;;;NA;;;;;NA;NA;NA;NA;NA;NA;NA;NA;NA;NA;1998-11-03;dls;fate unknown;;,,,,,,
al25;NA;;talek;;;1998-11-04;;;;;NA;;;;;NA;;;;;NA;;;;;NA;NA;NA;NA;NA;NA;NA;NA;NA;NA;1998-11-04;dls;fate unknown;;,,,,,,
al26;NA;;talek;;;1998-11-06;;;;;NA;;;;;NA;;;;;NA;;;;;NA;NA;NA;NA;NA;NA;NA;NA;NA;NA;1998-11-06;dls;fate unknown;;,,,,,,
al27;NA;;talek;;;1998-11-07;;;;;NA;;;;;NA;;;;;NA;;;;;NA;NA;NA;NA;NA;NA;NA;NA;NA;NA;1998-11-07;dls;fate unknown;;,,,,,,
al28;NA;;talek;;;1998-11-07;;;;;NA;;;;;NA;;;;;NA;;;;;NA;NA;NA;NA;NA;NA;NA;NA;NA;NA;1998-11-07;dls;fate unknown;;,,,,,,
al281;NA;;unknown;;;2007-02-17;;;;;NA;;;;;NA;;;;;NA;;;;;NA;NA;NA;NA;NA;NA;NA;NA;NA;NA;NA;;;;,,,,,,
al284;NA;;unknown;;;2007-04-08;;;;;NA;;;;;NA;;;;;NA;;;;;NA;NA;NA;NA;NA;NA;NA;NA;NA;NA;NA;;;;,,,,,,
al29;NA;;talek;;;1998-11-10;;;;;NA;;;;;NA;;;;;NA;;;;;NA;NA;NA;NA;NA;NA;NA;NA;NA;NA;1998-11-10;dls;fate unknown;;,,,,,,
al290;NA;;unknown;;;2007-05-01;;;;;NA;;;;;NA;;;;;NA;;;;;NA;NA;NA;NA;NA;NA;NA;NA;NA;NA;NA;;;;,,,,,,
al294;NA;;unknown;;;2008-08-09;;;;;NA;;;;;NA;;;;;NA;;;;;NA;NA;NA;NA;NA;NA;NA;NA;NA;NA;NA;;;;,,,,,,
al298;NA;;unknown;;;2008-10-02;;;;;NA;;;;;NA;;;;;NA;;;;;NA;NA;NA;NA;NA;NA;NA;NA;NA;NA;NA;;;;,,,,,,
al299;NA;;unknown;;;2008-10-10;;;;;NA;;;;;NA;;;;;NA;;;;;NA;NA;NA;NA;NA;NA;NA;NA;NA;NA;NA;;;;,,,,,,
al30;NA;;talek;;;1998-11-12;;;;;NA;;;;;NA;;;;;NA;;;;;NA;NA;NA;NA;NA;NA;NA;NA;NA;NA;1998-11-12;dls;fate unknown;;,,,,,,
al300;NA;;unknown;;;2008-10-13;;;;;NA;;;;;NA;;;;;NA;;;;;NA;NA;NA;NA;NA;NA;NA;NA;NA;NA;NA;;;;,,,,,,
al302;NA;;unknown;;;2008-10-06;;;;;NA;;;;;NA;;;;;NA;;;;;NA;NA;NA;NA;NA;NA;NA;NA;NA;NA;NA;;;;,,,,,,
al303;NA;;unknown;;;2008-10-15;;;;;NA;;;;;NA;;;;;NA;;;;;NA;NA;NA;NA;NA;NA;NA;NA;NA;NA;NA;;;;,,,,,,
al304;NA;;unknown;;;2008-10-20;;;;;NA;;;;;NA;;;;;NA;;;;;NA;NA;NA;NA;NA;NA;NA;NA;NA;NA;NA;;;;,,,,,,
al306;NA;;unknown;;;2008-10-25;;;;;NA;;;;;NA;;;;;NA;;;;;NA;NA;NA;NA;NA;NA;NA;NA;NA;NA;NA;;;;,,,,,,
al308;NA;;unknown;;;2008-10-28;;;;;NA;;;;;NA;;;;;NA;;;;;NA;NA;NA;NA;NA;NA;NA;NA;NA;NA;NA;;;;,,,,,,
al309;NA;;unknown;;;2008-11-02;;;;;NA;;;;;NA;;;;;NA;;;;;NA;NA;NA;NA;NA;NA;NA;NA;NA;NA;NA;;;;,,,,,,
al31;NA;;talek;;;1998-11-14;;;;;NA;;;;;NA;;;;;NA;;;;;NA;NA;NA;NA;NA;NA;NA;NA;NA;NA;1998-11-14;dls;fate unknown;;,,,,,,
al310;NA;;unknown;;;2008-11-04;;;;;NA;;;;;NA;;;;;NA;;;;;NA;NA;NA;NA;NA;NA;NA;NA;NA;NA;NA;;;;,,,,,,
al313;NA;;unknown;;;NA;;;;;NA;;;;;NA;;;;;NA;;;;;NA;NA;NA;NA;NA;NA;NA;NA;NA;NA;NA;;;;,,,,,,
al314;NA;;unknown;;;NA;;;;;NA;;;;;NA;;;;;NA;;;;;NA;NA;NA;NA;NA;NA;NA;NA;NA;NA;NA;;;;,,,,,,
al315;NA;;unknown;;;NA;;;;;NA;;;;;NA;;;;;NA;;;;;NA;NA;NA;NA;NA;NA;NA;NA;NA;NA;NA;;;;,,,,,,
al316 ;NA;;unknown;;;2008-12-21;;;;;NA;;;;;NA;;;;;NA;;;;;NA;NA;NA;NA;NA;NA;NA;NA;NA;NA;NA;;;;,,,,,,
al317;NA;;unknown;;;2008-12-22;;;;;NA;;;;;NA;;;;;NA;;;;;NA;NA;NA;NA;NA;NA;NA;NA;NA;NA;NA;;;;,,,,,,
al318;NA;;unknown;;;2008-12-22;;;;;NA;;;;;NA;;;;;NA;;;;;NA;NA;NA;NA;NA;NA;NA;NA;NA;NA;NA;;;;,,,,,,
al319;NA;;unknown;;;2008-12-29;;;;;NA;;;;;NA;;;;;NA;;;;;NA;NA;NA;NA;NA;NA;NA;NA;NA;NA;NA;;;;,,,,,,
al32;NA;;talek;;;1998-11-25;;;;;NA;;;;;NA;;;;;NA;;;;;NA;NA;NA;NA;NA;NA;NA;NA;NA;NA;1998-11-25;dls;fate unknown;;,,,,,,
al320;NA;;unknown;;;2008-12-30;;;;;NA;;;;;NA;;;;;NA;;;;;NA;NA;NA;NA;NA;NA;NA;NA;NA;NA;NA;;;;,,,,,,
al321;NA;;unknown;;;2009-12-29;;;;;NA;;;;;NA;;;;;NA;;;;;NA;NA;NA;NA;NA;NA;NA;NA;NA;NA;NA;;;;,,,,,,
al322;NA;;unknown;;;2009-12-29;;;;;NA;;;;;NA;;;;;NA;;;;;NA;NA;NA;NA;NA;NA;NA;NA;NA;NA;NA;;;;,,,,,,
al323;NA;;unknown;;;2009-12-29;;;;;NA;;;;;NA;;;;;NA;;;;;NA;NA;NA;NA;NA;NA;NA;NA;NA;NA;NA;;;;,,,,,,
al324;NA;;unknown;;;2009-12-17;;;;;NA;;;;;NA;;;;;NA;;;;;NA;NA;NA;NA;NA;NA;NA;NA;NA;NA;NA;;;;,,,,,,
al326;NA;;unknown;;;2009-01-25;;;;;NA;;;;;NA;;;;;NA;;;;;NA;NA;NA;NA;NA;NA;NA;NA;NA;NA;NA;;;;,,,,,,
al328;NA;;unknown;;;2009-06-11;;;;;NA;;;;;NA;;;;;NA;;;;;NA;NA;NA;NA;NA;NA;NA;NA;NA;NA;NA;;;;,,,,,,
al329;NA;;unknown;;;2009-07-07;;;;;NA;;;;;NA;;;;;NA;;;;;NA;NA;NA;NA;NA;NA;NA;NA;NA;NA;NA;;;;,,,,,,
al33;NA;;talek;;;1998-11-22;;;;;NA;;;;;NA;;;;;NA;;;;;NA;NA;NA;NA;NA;NA;NA;NA;NA;NA;1998-11-22;dls;fate unknown;;,,,,,,
al331;NA;;unknown;;;2009-08-10;;;;;NA;;;;;NA;;;;;NA;;;;;NA;NA;NA;NA;NA;NA;NA;NA;NA;NA;NA;;;;,,,,,,
al333;NA;;unknown;;;2009-08-23;;;;;NA;;;;;NA;;;;;NA;;;;;NA;NA;NA;NA;NA;NA;NA;NA;NA;NA;NA;;;;,,,,,,
al337;NA;;unknown;;;2009-10-09;;;;;NA;;;;;NA;;;;;NA;;;;;NA;NA;NA;NA;NA;NA;NA;NA;NA;NA;NA;;;;,,,,,,
al34;NA;;talek;;;1999-02-06;;;;;NA;;;;;NA;;;;;NA;;;;;NA;NA;NA;NA;NA;NA;NA;NA;NA;NA;1999-02-06;dls;fate unknown;;,,,,,,
al340;NA;;unknown;;;2009-11-01;;;;;NA;;;;;NA;;;;;NA;;;;;NA;NA;NA;NA;NA;NA;NA;NA;NA;NA;NA;;;;,,,,,,
al342;NA;;unknown;;;2009-11-15;;;;;NA;;;;;NA;;;;;NA;;;;;NA;NA;NA;NA;NA;NA;NA;NA;NA;NA;NA;;;;,,,,,,
al348;NA;;unknown;;;2010-03-12;;;;;NA;;;;;NA;;;;;NA;;;;;NA;NA;NA;NA;NA;NA;NA;NA;NA;NA;NA;;;;,,,,,,
al349;NA;;unknown;;;2010-04-10;;;;;NA;;;;;NA;;;;;NA;;;;;NA;NA;NA;NA;NA;NA;NA;NA;NA;NA;NA;;;;,,,,,,
al35;NA;;talek;;;1999-02-06;;;;;NA;;;;;NA;;;;;NA;;;;;NA;NA;NA;NA;NA;NA;NA;NA;NA;NA;1999-02-06;dls;fate unknown;;,,,,,,
al350;NA;;unknown;;;2010-04-09;;;;;NA;;;;;NA;;;;;NA;;;;;NA;NA;NA;NA;NA;NA;NA;NA;NA;NA;NA;;;;,,,,,,
al351;NA;;unknown;;;2010-04-11;;;;;NA;;;;;NA;;;;;NA;;;;;NA;NA;NA;NA;NA;NA;NA;NA;NA;NA;NA;;;;,,,,,,
al352;NA;;unknown;;;2010-04-20;;;;;NA;;;;;NA;;;;;NA;;;;;NA;NA;NA;NA;NA;NA;NA;NA;NA;NA;NA;;;;,,,,,,
al353;NA;;unknown;;;2010-04-20;;;;;NA;;;;;NA;;;;;NA;;;;;NA;NA;NA;NA;NA;NA;NA;NA;NA;NA;NA;;;;,,,,,,
al354;NA;;unknown;;;2010-05-21;;;;;NA;;;;;NA;;;;;NA;;;;;NA;NA;NA;NA;NA;NA;NA;NA;NA;NA;NA;;;;,,,,,,
al355;NA;;unknown;;;2010-05-21;;;;;NA;;;;;NA;;;;;NA;;;;;NA;NA;NA;NA;NA;NA;NA;NA;NA;NA;NA;;;;,,,,,,
al356;NA;;unknown;;;2010-05-21;;;;;NA;;;;;NA;;;;;NA;;;;;NA;NA;NA;NA;NA;NA;NA;NA;NA;NA;NA;;;;,,,,,,
al357;NA;;unknown;;;2010-05-25;;;;;NA;;;;;NA;;;;;NA;;;;;NA;NA;NA;NA;NA;NA;NA;NA;NA;NA;NA;;;;,,,,,,
al358;NA;;unknown;;;2010-05-27;;;;;NA;;;;;NA;;;;;NA;;;;;NA;NA;NA;NA;NA;NA;NA;NA;NA;NA;NA;;;;,,,,,,
al359;NA;;unknown;;;2010-05-27;;;;;NA;;;;;NA;;;;;NA;;;;;NA;NA;NA;NA;NA;NA;NA;NA;NA;NA;NA;;;;,,,,,,
al36;NA;;talek;;;1999-02-09;;;;;NA;;;;;NA;;;;;NA;;;;;NA;NA;NA;NA;NA;NA;NA;NA;NA;NA;1999-02-09;dls;fate unknown;;,,,,,,
al360;NA;;unknown;;;2010-06-18;;;;;NA;;;;;NA;;;;;NA;;;;;NA;NA;NA;NA;NA;NA;NA;NA;NA;NA;NA;;;;,,,,,,
al361;NA;;unknown;;;2010-06-19;;;;;NA;;;;;NA;;;;;NA;;;;;NA;NA;NA;NA;NA;NA;NA;NA;NA;NA;NA;;;;,,,,,,
al362;NA;;unknown;;;2010-06-19;;;;;NA;;;;;NA;;;;;NA;;;;;NA;NA;NA;NA;NA;NA;NA;NA;NA;NA;NA;;;;,,,,,,
al363;NA;;unknown;;;2010-06-19;;;;;NA;;;;;NA;;;;;NA;;;;;NA;NA;NA;NA;NA;NA;NA;NA;NA;NA;NA;;;;,,,,,,
al364;NA;;unknown;;;2010-06-24;;;;;NA;;;;;NA;;;;;NA;;;;;NA;NA;NA;NA;NA;NA;NA;NA;NA;NA;NA;;;;,,,,,,
al365;NA;;unknown;;;2010-07-05;;;;;NA;;;;;NA;;;;;NA;;;;;NA;NA;NA;NA;NA;NA;NA;NA;NA;NA;NA;;;;,,,,,,
al366;NA;;unknown;;;2010-11-09;;;;;NA;;;;;NA;;;;;NA;;;;;NA;NA;NA;NA;NA;NA;NA;NA;NA;NA;NA;;;;,,,,,,
al367;NA;;unknown;;;2010-07-21;;;;;NA;;;;;NA;;;;;NA;;;;;NA;NA;NA;NA;NA;NA;NA;NA;NA;NA;NA;;;;,,,,,,
al368;NA;;unknown;;;2010-07-31;;;;;NA;;;;;NA;;;;;NA;;;;;NA;NA;NA;NA;NA;NA;NA;NA;NA;NA;NA;;;;,,,,,,
al369;NA;;unknown;;;2010-07-31;;;;;NA;;;;;NA;;;;;NA;;;;;NA;NA;NA;NA;NA;NA;NA;NA;NA;NA;NA;;;;,,,,,,
al37;NA;;talek;;;1999-02-19;;;;;NA;;;;;NA;;;;;NA;;;;;NA;NA;NA;NA;NA;NA;NA;NA;NA;NA;1999-02-19;dls;fate unknown;;,,,,,,
al370;NA;;unknown;;;2010-07-31;;;;;NA;;;;;NA;;;;;NA;;;;;NA;NA;NA;NA;NA;NA;NA;NA;NA;NA;NA;;;;,,,,,,
al371;NA;;unknown;;;2010-08-15;;;;;NA;;;;;NA;;;;;NA;;;;;NA;NA;NA;NA;NA;NA;NA;NA;NA;NA;NA;;;;,,,,,,
al372;NA;;unknown;;;2010-08-19;;;;;NA;;;;;NA;;;;;NA;;;;;NA;NA;NA;NA;NA;NA;NA;NA;NA;NA;NA;;;;,,,,,,
al373;NA;;unknown;;;2010-08-19;;;;;NA;;;;;NA;;;;;NA;;;;;NA;NA;NA;NA;NA;NA;NA;NA;NA;NA;NA;;;;,,,,,,
al374;NA;;unknown;;;2010-12-18;;;;;NA;;;;;NA;;;;;NA;;;;;NA;NA;NA;NA;NA;NA;NA;NA;NA;NA;NA;;;;,,,,,,
al375;NA;;unknown;;;2011-02-08;;;;;NA;;;;;NA;;;;;NA;;;;;NA;NA;NA;NA;NA;NA;NA;NA;NA;NA;NA;;;;,,,,,,
al376;NA;;unknown;;;2011-02-16;;;;;NA;;;;;NA;;;;;NA;;;;;NA;NA;NA;NA;NA;NA;NA;NA;NA;NA;NA;;;;,,,,,,
al378;NA;;unknown;;;2011-05-12;;;;;NA;;;;;NA;;;;;NA;;;;;NA;NA;NA;NA;NA;NA;NA;NA;NA;NA;NA;;;;,,,,,,
al379;NA;;unknown;;;2011-04-08;;;;;NA;;;;;NA;;;;;NA;;;;;NA;NA;NA;NA;NA;NA;NA;NA;NA;NA;NA;;;;,,,,,,
al38;NA;;talek;;;1999-04-14;;;;;NA;;;;;NA;;;;;NA;;;;;NA;NA;NA;NA;NA;NA;NA;NA;NA;NA;1999-04-14;dls;fate unknown;;,,,,,,
al380;NA;;unknown;;;2011-05-16;;;;;NA;;;;;NA;;;;;NA;;;;;NA;NA;NA;NA;NA;NA;NA;NA;NA;NA;NA;;;;,,,,,,
al381;NA;;unknown;;;2011-06-02;;;;;NA;;;;;NA;;;;;NA;;;;;NA;NA;NA;NA;NA;NA;NA;NA;NA;NA;NA;;;;,,,,,,
al383;NA;;;;;NA;;;;;NA;;;;;NA;;;;;NA;;;;;NA;NA;NA;NA;NA;NA;NA;NA;NA;NA;NA;;;;,,,,,,
al384;NA;;unknown;;;2011-06-08;;;;;NA;;;;;NA;;;;;NA;;;;;NA;NA;NA;NA;NA;NA;NA;NA;NA;NA;NA;;;;,,,,,,
al388;NA;;unknown;;;2011-09-15;;;;;NA;;;;;NA;;;;;NA;;;;;NA;NA;NA;NA;NA;NA;NA;NA;NA;NA;NA;;;;,,,,,,
al389;NA;;unknown;;;2011-09-18;;;;;NA;;;;;NA;;;;;NA;;;;;NA;NA;NA;NA;NA;NA;NA;NA;NA;NA;NA;;;;,,,,,,
al39;NA;;talek;;;1999-04-16;;;;;NA;;;;;NA;;;;;NA;;;;;NA;NA;NA;NA;NA;NA;NA;NA;NA;NA;1999-04-16;dls;fate unknown;;,,,,,,
al392;NA;;unknown;;;2012-02-13;;;;;NA;;;;;NA;;;;;NA;;;;;NA;NA;NA;NA;NA;NA;NA;NA;NA;NA;NA;;;;,,,,,,
al398;NA;;unknown;;;2012-06-15;;;;;NA;;;;;NA;;;;;NA;;;;;NA;NA;NA;NA;NA;NA;NA;NA;NA;NA;NA;;;;,,,,,,
al399;NA;;unknown;;;2012-06-27;;;;;NA;;;;;NA;;;;;NA;;;;;NA;NA;NA;NA;NA;NA;NA;NA;NA;NA;NA;;;;,,,,,,
al40;NA;;talek;;;1999-05-03;;;;;NA;;;;;NA;;;;;NA;;;;;NA;NA;NA;NA;NA;NA;NA;NA;NA;NA;1999-05-03;dls;fate unknown;;,,,,,,
al400;NA;;unknown;;;2012-06-30;;;;;NA;;;;;NA;;;;;NA;;;;;NA;NA;NA;NA;NA;NA;NA;NA;NA;NA;NA;;;;,,,,,,
al402;NA;;unknown;;;2012-07-25;;;;;NA;;;;;NA;;;;;NA;;;;;NA;NA;NA;NA;NA;NA;NA;NA;NA;NA;NA;;;;,,,,,,
al404;NA;;unknown;;;2012-08-02;;;;;NA;;;;;NA;;;;;NA;;;;;NA;NA;NA;NA;NA;NA;NA;NA;NA;NA;NA;;;;,,,,,,
al406;NA;;unknown;;;2012-08-11;;;;;NA;;;;;NA;;;;;NA;;;;;NA;NA;NA;NA;NA;NA;NA;NA;NA;NA;NA;;;;,,,,,,
al407;NA;;unknown;;;2012-08-13;;;;;NA;;;;;NA;;;;;NA;;;;;NA;NA;NA;NA;NA;NA;NA;NA;NA;NA;NA;;;;,,,,,,
al408;NA;;unknown;;;2012-08-13;;;;;NA;;;;;NA;;;;;NA;;;;;NA;NA;NA;NA;NA;NA;NA;NA;NA;NA;NA;;;;,,,,,,
al409;NA;;unknown;;;2012-08-23;;;;;NA;;;;;NA;;;;;NA;;;;;NA;NA;NA;NA;NA;NA;NA;NA;NA;NA;NA;;;;,,,,,,
al41;NA;;talek;;;1999-05-08;;;;;NA;;;;;NA;;;;;NA;;;;;NA;NA;NA;NA;NA;NA;NA;NA;NA;NA;1999-05-08;dls;fate unknown;;,,,,,,
al410;NA;;unknown;;;2012-08-19;;;;;NA;;;;;NA;;;;;NA;;;;;NA;NA;NA;NA;NA;NA;NA;NA;NA;NA;NA;;;;,,,,,,
al413;NA;;unknown;;;2012-09-18;;;;;NA;;;;;NA;;;;;NA;;;;;NA;NA;NA;NA;NA;NA;NA;NA;NA;NA;NA;;;;,,,,,,
al414;NA;;unknown;;;2012-07-01;;;;;NA;;;;;NA;;;;;NA;;;;;NA;NA;NA;NA;NA;NA;NA;NA;NA;NA;NA;;;;,,,,,,
al415;NA;;unknown;;;2012-10-11;;;;;NA;;;;;NA;;;;;NA;;;;;NA;NA;NA;NA;NA;NA;NA;NA;NA;NA;NA;;;;,,,,,,
al417;NA;;unknown;;;2012-11-11;;;;;NA;;;;;NA;;;;;NA;;;;;NA;NA;NA;NA;NA;NA;NA;NA;NA;NA;NA;;;;,,,,,,
al42;NA;;talek;;;1999-05-08;;;;;NA;;;;;NA;;;;;NA;;;;;NA;NA;NA;NA;NA;NA;NA;NA;NA;NA;1999-05-08;dls;fate unknown;;,,,,,,
al421;NA;;unknown;;;2013-02-03;;;;;NA;;;;;NA;;;;;NA;;;;;NA;NA;NA;NA;NA;NA;NA;NA;NA;NA;NA;;;;,,,,,,
al422;NA;;unknown;;;2013-02-07;;;;;NA;;;;;NA;;;;;NA;;;;;NA;NA;NA;NA;NA;NA;NA;NA;NA;NA;NA;;;;,,,,,,
al423;NA;;unknown;;;2013-02-16;;;;;NA;;;;;NA;;;;;NA;;;;;NA;NA;NA;NA;NA;NA;NA;NA;NA;NA;NA;;;;,,,,,,
al424;NA;;unknown;;;2013-02-16;;;;;NA;;;;;NA;;;;;NA;;;;;NA;NA;NA;NA;NA;NA;NA;NA;NA;NA;NA;;;;,,,,,,
al425;NA;;unknown;;;2013-02-24;;;;;NA;;;;;NA;;;;;NA;;;;;NA;NA;NA;NA;NA;NA;NA;NA;NA;NA;NA;;;;,,,,,,
al426;NA;;unknown;;;2013-02-24;;;;;NA;;;;;NA;;;;;NA;;;;;NA;NA;NA;NA;NA;NA;NA;NA;NA;NA;NA;;;;,,,,,,
al427;NA;;unknown;;;2013-04-29;;;;;NA;;;;;NA;;;;;NA;;;;;NA;NA;NA;NA;NA;NA;NA;NA;NA;NA;NA;;;;,,,,,,
al428;NA;;unknown;;;2013-03-05;;;;;NA;;;;;NA;;;;;NA;;;;;NA;NA;NA;NA;NA;NA;NA;NA;NA;NA;NA;;;;,,,,,,
al429;NA;;unknown;;;2013-07-11;;;;;NA;;;;;NA;;;;;NA;;;;;NA;NA;NA;NA;NA;NA;NA;NA;NA;NA;NA;;;;,,,,,,
al43;NA;;talek;;;1999-04-30;;;;;NA;;;;;NA;;;;;NA;;;;;NA;NA;NA;NA;NA;NA;NA;NA;NA;NA;1999-04-30;dls;fate unknown;;,,,,,,
al430;NA;;unknown;;;2013-07-17;;;;;NA;;;;;NA;;;;;NA;;;;;NA;NA;NA;NA;NA;NA;NA;NA;NA;NA;NA;;;;,,,,,,
al433;NA;;unknown;;;2013-08-21;;;;;NA;;;;;NA;;;;;NA;;;;;NA;NA;NA;NA;NA;NA;NA;NA;NA;NA;NA;;;;,,,,,,
al437;NA;;;;;NA;;;;;NA;;;;;NA;;;;;NA;;;;;NA;NA;NA;NA;NA;NA;NA;NA;NA;NA;NA;;;;,,,,,,
al438;NA;;unknown;;;2013-09-09;;;;;NA;;;;;NA;;;;;NA;;;;;NA;NA;NA;NA;NA;NA;NA;NA;NA;NA;NA;;;;,,,,,,
al439;NA;;unknown;;;2013-08-27;;;;;NA;;;;;NA;;;;;NA;;;;;NA;NA;NA;NA;NA;NA;NA;NA;NA;NA;NA;;;;,,,,,,
al44;NA;;talek;;;1999-06-20;;;;;NA;;;;;NA;;;;;NA;;;;;NA;NA;NA;NA;NA;NA;NA;NA;NA;NA;1999-06-20;dls;fate unknown;;,,,,,,
al441;NA;;unknown;;;2013-11-03;;;;;NA;;;;;NA;;;;;NA;;;;;NA;NA;NA;NA;NA;NA;NA;NA;NA;NA;NA;;;;,,,,,,
al442;NA;;unknown;;;2013-11-10;;;;;NA;;;;;NA;;;;;NA;;;;;NA;NA;NA;NA;NA;NA;NA;NA;NA;NA;NA;;;;,,,,,,
al443;NA;;unknown;;;2013-10-30;;;;;NA;;;;;NA;;;;;NA;;;;;NA;NA;NA;NA;NA;NA;NA;NA;NA;NA;NA;;;;,,,,,,
al444;NA;;unknown;;;2013-10-30;;;;;NA;;;;;NA;;;;;NA;;;;;NA;NA;NA;NA;NA;NA;NA;NA;NA;NA;NA;;;;,,,,,,
al445;NA;;unknown;;;2013-12-03;;;;;NA;;;;;NA;;;;;NA;;;;;NA;NA;NA;NA;NA;NA;NA;NA;NA;NA;NA;;;;,,,,,,
al448;NA;;unknown;;;2013-12-02;;;;;NA;;;;;NA;;;;;NA;;;;;NA;NA;NA;NA;NA;NA;NA;NA;NA;NA;NA;;;;,,,,,,
al45;NA;;talek;;;1999-06-22;;;;;NA;;;;;NA;;;;;NA;;;;;NA;NA;NA;NA;NA;NA;NA;NA;NA;NA;1999-06-24;dls;fate unknown;;,,,,,,
al450;NA;;unknown;;;2013-12-24;;;;;NA;;;;;NA;;;;;NA;;;;;NA;NA;NA;NA;NA;NA;NA;NA;NA;NA;NA;;;;,,,,,,
al452;NA;;unknown;;;2013-11-10;;;;;NA;;;;;NA;;;;;NA;;;;;NA;NA;NA;NA;NA;NA;NA;NA;NA;NA;NA;;;;,,,,,,
al454;NA;;unknown;;;2013-12-26;;;;;NA;;;;;NA;;;;;NA;;;;;NA;NA;NA;NA;NA;NA;NA;NA;NA;NA;NA;;;;,,,,,,
al455;NA;;unknown;;;2013-12-20;;;;;NA;;;;;NA;;;;;NA;;;;;NA;NA;NA;NA;NA;NA;NA;NA;NA;NA;NA;;;;,,,,,,
al456;NA;;unknown;;;2014-01-09;;;;;NA;;;;;NA;;;;;NA;;;;;NA;NA;NA;NA;NA;NA;NA;NA;NA;NA;NA;;;;,,,,,,
al46;NA;;talek;;;1999-06-25;;;;;NA;;;;;NA;;;;;NA;;;;;NA;NA;NA;NA;NA;NA;NA;NA;NA;NA;1999-06-25;dls;fate unknown;;,,,,,,
al461;NA;;unknown;;;2014-05-21;;;;;NA;;;;;NA;;;;;NA;;;;;NA;NA;NA;NA;NA;NA;NA;NA;NA;NA;NA;;;;,,,,,,
al462;NA;;unknown;;;2014-05-21;;;;;NA;;;;;NA;;;;;NA;;;;;NA;NA;NA;NA;NA;NA;NA;NA;NA;NA;NA;;;;,,,,,,
al463;NA;;unknown;;;2014-05-21;;;;;NA;;;;;NA;;;;;NA;;;;;NA;NA;NA;NA;NA;NA;NA;NA;NA;NA;NA;;;;,,,,,,
al464;NA;;unknown;;;2014-05-21;;;;;NA;;;;;NA;;;;;NA;;;;;NA;NA;NA;NA;NA;NA;NA;NA;NA;NA;NA;;;;,,,,,,
al465;NA;;unknown;;;2014-05-21;;;;;NA;;;;;NA;;;;;NA;;;;;NA;NA;NA;NA;NA;NA;NA;NA;NA;NA;NA;;;;,,,,,,
al466;NA;;unknown;;;2014-04-24;;;;;NA;;;;;NA;;;;;NA;;;;;NA;NA;NA;NA;NA;NA;NA;NA;NA;NA;NA;;;;,,,,,,
al467;NA;;unknown;;;2014-05-29;;;;;NA;;;;;NA;;;;;NA;;;;;NA;NA;NA;NA;NA;NA;NA;NA;NA;NA;NA;;;;,,,,,,
al468;NA;;unknown;;;2014-05-29;;;;;NA;;;;;NA;;;;;NA;;;;;NA;NA;NA;NA;NA;NA;NA;NA;NA;NA;NA;;;;,,,,,,
al469;NA;;unknown;;;2014-06-15;;;;;NA;;;;;NA;;;;;NA;;;;;NA;NA;NA;NA;NA;NA;NA;NA;NA;NA;NA;;;;,,,,,,
al47;NA;;talek;;;1999-06-27;;;;;NA;;;;;NA;;;;;NA;;;;;NA;NA;NA;NA;NA;NA;NA;NA;NA;NA;1999-06-27;dls;fate unknown;;,,,,,,
al470;NA;;unknown;;;2014-05-10;;;;;NA;;;;;NA;;;;;NA;;;;;NA;NA;NA;NA;NA;NA;NA;NA;NA;NA;NA;;;;,,,,,,
al471;NA;;unknown;;;2014-06-24;;;;;NA;;;;;NA;;;;;NA;;;;;NA;NA;NA;NA;NA;NA;NA;NA;NA;NA;NA;;;;,,,,,,
al472;NA;;unknown;;;2014-07-15;;;;;NA;;;;;NA;;;;;NA;;;;;NA;NA;NA;NA;NA;NA;NA;NA;NA;NA;NA;;;;,,,,,,
al473;NA;;unknown;;;2014-07-15;;;;;NA;;;;;NA;;;;;NA;;;;;NA;NA;NA;NA;NA;NA;NA;NA;NA;NA;NA;;;;,,,,,,
al474;NA;;unknown;;;2014-07-20;;;;;NA;;;;;NA;;;;;NA;;;;;NA;NA;NA;NA;NA;NA;NA;NA;NA;NA;NA;;;;,,,,,,
al475;NA;;unknown;;;2014-08-07;;;;;NA;;;;;NA;;;;;NA;;;;;NA;NA;NA;NA;NA;NA;NA;NA;NA;NA;NA;;;;,,,,,,
al476;NA;;unknown;;;2014-06-26;;;;;NA;;;;;NA;;;;;NA;;;;;NA;NA;NA;NA;NA;NA;NA;NA;NA;NA;NA;;;;,,,,,,
al477;NA;;unknown;;;2014-09-24;;;;;NA;;;;;NA;;;;;NA;;;;;NA;NA;NA;NA;NA;NA;NA;NA;NA;NA;NA;;;;,,,,,,
al478;NA;;unknown;;;2014-10-21;;;;;NA;;;;;NA;;;;;NA;;;;;NA;NA;NA;NA;NA;NA;NA;NA;NA;NA;NA;;;;,,,,,,
al479;NA;;unknown;;;2014-10-20;;;;;NA;;;;;NA;;;;;NA;;;;;NA;NA;NA;NA;NA;NA;NA;NA;NA;NA;NA;;;;,,,,,,
al48;NA;;talek;;;1999-07-18;;;;;NA;;;;;NA;;;;;NA;;;;;NA;NA;NA;NA;NA;NA;NA;NA;NA;NA;1999-07-18;dls;fate unknown;;,,,,,,
al480;NA;;unknown;;;2009-03-21;;;;;NA;;;;;NA;;;;;NA;;;;;NA;NA;NA;NA;NA;NA;NA;NA;NA;NA;2009-03-21;dls;fate unknown;;,,,,,,
al481;NA;;unknown;;;2014-11-17;;;;;NA;;;;;NA;;;;;NA;;;;;NA;NA;NA;NA;NA;NA;NA;NA;NA;NA;NA;;;;,,,,,,
al482;NA;;unknown;;;2014-11-06;;;;;NA;;;;;NA;;;;;NA;;;;;NA;NA;NA;NA;NA;NA;NA;NA;NA;NA;NA;;;;,,,,,,
al483;NA;;unknown;;;2014-12-05;;;;;NA;;;;;NA;;;;;NA;;;;;NA;NA;NA;NA;NA;NA;NA;NA;NA;NA;NA;;;;,,,,,,
al484;NA;;unknown;;;2014-12-09;;;;;NA;;;;;NA;;;;;NA;;;;;NA;NA;NA;NA;NA;NA;NA;NA;NA;NA;NA;;;;,,,,,,
al485;NA;;unknown;;;2014-12-18;;;;;NA;;;;;NA;;;;;NA;;;;;NA;NA;NA;NA;NA;NA;NA;NA;NA;NA;NA;;;;,,,,,,
al486;NA;;unknown;;;2014-12-18;;;;;NA;;;;;NA;;;;;NA;;;;;NA;NA;NA;NA;NA;NA;NA;NA;NA;NA;NA;;;;,,,,,,
al488;NA;;unknown;;;2014-12-17;;;;;NA;;;;;NA;;;;;NA;;;;;NA;NA;NA;NA;NA;NA;NA;NA;NA;NA;NA;;;;,,,,,,
al489;NA;;unknown;;;NA;;;;;NA;;;;;NA;;;;;NA;;;;;NA;NA;NA;NA;NA;NA;NA;NA;NA;NA;NA;;;;,,,,,,
al49;NA;;talek;;;1999-07-21;;;;;NA;;;;;NA;;;;;NA;;;;;NA;NA;NA;NA;NA;NA;NA;NA;NA;NA;1999-07-21;dls;fate unknown;;,,,,,,
al491;NA;;unknown;;;2015-01-16;;;;;NA;;;;;NA;;;;;NA;;;;;NA;NA;NA;NA;NA;NA;NA;NA;NA;NA;NA;;;;,,,,,,
al492;NA;;unknown;;;2015-01-09;;;;;NA;;;;;NA;;;;;NA;;;;;NA;NA;NA;NA;NA;NA;NA;NA;NA;NA;NA;;;;,,,,,,
al493;NA;;unknown;;;2015-02-13;;;;;NA;;;;;NA;;;;;NA;;;;;NA;NA;NA;NA;NA;NA;NA;NA;NA;NA;NA;;;;,,,,,,
al495;NA;;unknown;;;2015-02-25;;;;;NA;;;;;NA;;;;;NA;;;;;NA;NA;NA;NA;NA;NA;NA;NA;NA;NA;NA;;;;,,,,,,
al497;NA;;unknown;;;2015-03-03;;;;;NA;;;;;NA;;;;;NA;;;;;NA;NA;NA;NA;NA;NA;NA;NA;NA;NA;NA;;;;,,,,,,
al498;NA;;unknown;;;2015-03-12;;;;;NA;;;;;NA;;;;;NA;;;;;NA;NA;NA;NA;NA;NA;NA;NA;NA;NA;NA;;;;,,,,,,
al499;NA;;unknown;;;2015-01-29;;;;;NA;;;;;NA;;;;;NA;;;;;NA;NA;NA;NA;NA;NA;NA;NA;NA;NA;NA;;;;,,,,,,
al50;NA;;talek;;;1999-07-21;;;;;NA;;;;;NA;;;;;NA;;;;;NA;NA;NA;NA;NA;NA;NA;NA;NA;NA;1999-07-21;dls;fate unknown;;,,,,,,
al500;NA;;unknown;;;2015-01-29;;;;;NA;;;;;NA;;;;;NA;;;;;NA;NA;NA;NA;NA;NA;NA;NA;NA;NA;NA;;;;,,,,,,
al502;NA;;unknown;;;2015-04-26;;;;;NA;;;;;NA;;;;;NA;;;;;NA;NA;NA;NA;NA;NA;NA;NA;NA;NA;NA;;;;,,,,,,
al503;NA;;unknown;;;2015-04-28;;;;;NA;;;;;NA;;;;;NA;;;;;NA;NA;NA;NA;NA;NA;NA;NA;NA;NA;NA;;;;,,,,,,
al504;NA;;unknown;;;2015-04-30;;;;;NA;;;;;NA;;;;;NA;;;;;NA;NA;NA;NA;NA;NA;NA;NA;NA;NA;NA;;;;,,,,,,
al507;NA;;unknown;;;2015-05-29;;;;;NA;;;;;NA;;;;;NA;;;;;NA;NA;NA;NA;NA;NA;NA;NA;NA;NA;NA;;;;,,,,,,
al509;NA;;unknown;;;2015-06-03;;;;;NA;;;;;NA;;;;;NA;;;;;NA;NA;NA;NA;NA;NA;NA;NA;NA;NA;NA;;;;,,,,,,
al51;NA;;talek;;;1999-07-29;;;;;NA;;;;;NA;;;;;NA;;;;;NA;NA;NA;NA;NA;NA;NA;NA;NA;NA;1999-07-29;dls;fate unknown;;,,,,,,
al511;NA;;unknown;;;2015-07-22;;;;;NA;;;;;NA;;;;;NA;;;;;NA;NA;NA;NA;NA;NA;NA;NA;NA;NA;NA;;;;,,,,,,
al512;NA;;unknown;;;2015-08-06;;;;;NA;;;;;NA;;;;;NA;;;;;NA;NA;NA;NA;NA;NA;NA;NA;NA;NA;NA;;;;,,,,,,
al513;NA;;unknown;;;2016-06-30;;;;;NA;;;;;NA;;;;;NA;;;;;NA;NA;NA;NA;NA;NA;NA;NA;NA;NA;NA;;;;,,,,,,
al514;NA;;unknown;;;2016-07-03;;;;;NA;;;;;NA;;;;;NA;;;;;NA;NA;NA;NA;NA;NA;NA;NA;NA;NA;NA;;;;,,,,,,
al517;NA;;unknown;;;2016-07-07;;;;;NA;;;;;NA;;;;;NA;;;;;NA;NA;NA;NA;NA;NA;NA;NA;NA;NA;NA;;;;,,,,,,
al52;NA;;talek;;;1999-08-04;;;;;NA;;;;;NA;;;;;NA;;;;;NA;NA;NA;NA;NA;NA;NA;NA;NA;NA;1999-09-07;dls;fate unknown;;,,,,,,
al526;NA;;unknown;;;2016-09-11;;;;;NA;;;;;NA;;;;;NA;;;;;NA;NA;NA;NA;NA;NA;NA;NA;NA;NA;NA;;;;,,,,,,
al528;NA;;unknown;;;2016-11-20;;;;;NA;;;;;NA;;;;;NA;;;;;NA;NA;NA;NA;NA;NA;NA;NA;NA;NA;NA;;;;,,,,,,
al53;NA;;talek;;;1999-08-12;;;;;NA;;;;;NA;;;;;NA;;;;;NA;NA;NA;NA;NA;NA;NA;NA;NA;NA;1999-08-14;dls;fate unknown;;,,,,,,
al530;NA;;unknown;;;2016-12-18;;;;;NA;;;;;NA;;;;;NA;;;;;NA;NA;NA;NA;NA;NA;NA;NA;NA;NA;NA;;;;,,,,,,
al533;NA;;unknown;;;2017-01-28;;;;;NA;;;;;NA;;;;;NA;;;;;NA;NA;NA;NA;NA;NA;NA;NA;NA;NA;NA;;;;,,,,,,
al534;NA;;unknown;;;2017-01-28;;;;;NA;;;;;NA;;;;;NA;;;;;NA;NA;NA;NA;NA;NA;NA;NA;NA;NA;NA;;;;,,,,,,
al535;NA;;unknown;;;2017-02-16;;;;;NA;;;;;NA;;;;;NA;;;;;NA;NA;NA;NA;NA;NA;NA;NA;NA;NA;NA;;;;,,,,,,
al536;NA;;unknown;;;2017-02-14;;;;;NA;;;;;NA;;;;;NA;;;;;NA;NA;NA;NA;NA;NA;NA;NA;NA;NA;NA;;;;,,,,,,
al537;NA;;unknown;;;2017-05-11;;;;;NA;;;;;NA;;;;;NA;;;;;NA;NA;NA;NA;NA;NA;NA;NA;NA;NA;NA;;;;,,,,,,
al538;NA;;unknown;;;2017-05-05;;;;;NA;;;;;NA;;;;;NA;;;;;NA;NA;NA;NA;NA;NA;NA;NA;NA;NA;NA;;;;,,,,,,
al539;NA;;unknown;;;2017-05-24;;;;;NA;;;;;NA;;;;;NA;;;;;NA;NA;NA;NA;NA;NA;NA;NA;NA;NA;NA;;;;,,,,,,
al54;NA;;talek;;;1999-08-13;;;;;NA;;;;;NA;;;;;NA;;;;;NA;NA;NA;NA;NA;NA;NA;NA;NA;NA;1999-08-14;dls;fate unknown;;,,,,,,
al541;NA;;unknown;;;2017-05-15;;;;;NA;;;;;NA;;;;;NA;;;;;NA;NA;NA;NA;NA;NA;NA;NA;NA;NA;NA;;;;,,,,,,
al542;NA;;unknown;;;2017-04-03;;;;;NA;;;;;NA;;;;;NA;;;;;NA;NA;NA;NA;NA;NA;NA;NA;NA;NA;NA;;;;,,,,,,
al543;NA;;unknown;;;2017-04-23;;;;;NA;;;;;NA;;;;;NA;;;;;NA;NA;NA;NA;NA;NA;NA;NA;NA;NA;NA;;;;,,,,,,
al544;NA;;unknown;;;2017-02-25;;;;;NA;;;;;NA;;;;;NA;;;;;NA;NA;NA;NA;NA;NA;NA;NA;NA;NA;NA;;;;,,,,,,
al547;NA;;unknown;;;2017-07-29;;;;;NA;;;;;NA;;;;;NA;;;;;NA;NA;NA;NA;NA;NA;NA;NA;NA;NA;NA;;;;,,,,,,
al548;NA;;unknown;;;2017-05-21;;;;;NA;;;;;NA;;;;;NA;;;;;NA;NA;NA;NA;NA;NA;NA;NA;NA;NA;NA;;;;,,,,,,
al549;NA;;unknown;;;2017-06-10;;;;;NA;;;;;NA;;;;;NA;;;;;NA;NA;NA;NA;NA;NA;NA;NA;NA;NA;NA;;;;,,,,,,
al55;NA;;talek;;;1999-08-14;;;;;NA;;;;;NA;;;;;NA;;;;;NA;NA;NA;NA;NA;NA;NA;NA;NA;NA;1999-08-14;dls;fate unknown;;,,,,,,
al551;NA;;unknown;;;2017-10-18;;;;;NA;;;;;NA;;;;;NA;;;;;NA;NA;NA;NA;NA;NA;NA;NA;NA;NA;NA;;;;,,,,,,
al552;NA;;unknown;;;2017-10-10;;;;;NA;;;;;NA;;;;;NA;;;;;NA;NA;NA;NA;NA;NA;NA;NA;NA;NA;NA;;;;,,,,,,
al553;NA;;unknown;;;2017-09-21;;;;;NA;;;;;NA;;;;;NA;;;;;NA;NA;NA;NA;NA;NA;NA;NA;NA;NA;NA;;;;,,,,,,
al554;NA;;unknown;;;2017-11-04;;;;;NA;;;;;NA;;;;;NA;;;;;NA;NA;NA;NA;NA;NA;NA;NA;NA;NA;NA;;;;,,,,,,
al555;NA;;unknown;;;2017-11-04;;;;;NA;;;;;NA;;;;;NA;;;;;NA;NA;NA;NA;NA;NA;NA;NA;NA;NA;NA;;;;,,,,,,
al556;NA;;unknown;;;2017-11-20;;;;;NA;;;;;NA;;;;;NA;;;;;NA;NA;NA;NA;NA;NA;NA;NA;NA;NA;NA;;;;,,,,,,
al557;NA;;unknown;;;2017-11-20;;;;;NA;;;;;NA;;;;;NA;;;;;NA;NA;NA;NA;NA;NA;NA;NA;NA;NA;NA;;;;,,,,,,
al558;NA;;unknown;;;2017-12-01;;;;;NA;;;;;NA;;;;;NA;;;;;NA;NA;NA;NA;NA;NA;NA;NA;NA;NA;NA;;;;,,,,,,
al559;NA;;unknown;;;2017-12-01;;;;;NA;;;;;NA;;;;;NA;;;;;NA;NA;NA;NA;NA;NA;NA;NA;NA;NA;NA;;;;,,,,,,
al56;NA;;talek;;;1999-08-13;;;;;NA;;;;;NA;;;;;NA;;;;;NA;NA;NA;NA;NA;NA;NA;NA;NA;NA;1999-08-13;dls;fate unknown;;,,,,,,
al560;NA;;unknown;;;2017-12-05;;;;;NA;;;;;NA;;;;;NA;;;;;NA;NA;NA;NA;NA;NA;NA;NA;NA;NA;NA;;;;,,,,,,
al561;NA;;unknown;;;2017-12-11;;;;;NA;;;;;NA;;;;;NA;;;;;NA;NA;NA;NA;NA;NA;NA;NA;NA;NA;NA;;;;,,,,,,
al562;NA;;unknown;;;2017-12-03;;;;;NA;;;;;NA;;;;;NA;;;;;NA;NA;NA;NA;NA;NA;NA;NA;NA;NA;NA;;;;,,,,,,
al563;NA;;unknown;;;2017-11-17;;;;;NA;;;;;NA;;;;;NA;;;;;NA;NA;NA;NA;NA;NA;NA;NA;NA;NA;NA;;;;,,,,,,
al565;NA;;unknown;;;2017-11-26;;;;;NA;;;;;NA;;;;;NA;;;;;NA;NA;NA;NA;NA;NA;NA;NA;NA;NA;NA;;;;,,,,,,
al566;NA;;unknown;;;2017-12-17;;;;;NA;;;;;NA;;;;;NA;;;;;NA;NA;NA;NA;NA;NA;NA;NA;NA;NA;NA;;;;,,,,,,
al567;NA;;unknown;;;2017-12-21;;;;;NA;;;;;NA;;;;;NA;;;;;NA;NA;NA;NA;NA;NA;NA;NA;NA;NA;NA;;;;,,,,,,
al569;NA;;unknown;;;2018-02-13;;;;;NA;;;;;NA;;;;;NA;;;;;NA;NA;NA;NA;NA;NA;NA;NA;NA;NA;NA;;;;,,,,,,
al57;NA;;talek;;;1999-08-15;;;;;NA;;;;;NA;;;;;NA;;;;;NA;NA;NA;NA;NA;NA;NA;NA;NA;NA;1999-08-15;dls;fate unknown;;,,,,,,
al570;NA;;unknown;;;2018-02-20;;;;;NA;;;;;NA;;;;;NA;;;;;NA;NA;NA;NA;NA;NA;NA;NA;NA;NA;NA;;;;,,,,,,
al571;NA;;unknown;;;2018-02-07;;;;;NA;;;;;NA;;;;;NA;;;;;NA;NA;NA;NA;NA;NA;NA;NA;NA;NA;NA;;;;,,,,,,
al572;NA;;unknown;;;2018-02-09;;;;;NA;;;;;NA;;;;;NA;;;;;NA;NA;NA;NA;NA;NA;NA;NA;NA;NA;NA;;;;,,,,,,
al573;NA;;unknown;;;2018-02-09;;;;;NA;;;;;NA;;;;;NA;;;;;NA;NA;NA;NA;NA;NA;NA;NA;NA;NA;NA;;;;,,,,,,
al574;NA;;unknown;;;2018-02-09;;;;;NA;;;;;NA;;;;;NA;;;;;NA;NA;NA;NA;NA;NA;NA;NA;NA;NA;NA;;;;,,,,,,
al575;NA;;unknown;;;2018-02-09;;;;;NA;;;;;NA;;;;;NA;;;;;NA;NA;NA;NA;NA;NA;NA;NA;NA;NA;NA;;;;,,,,,,
al576;NA;;unknown;;;2018-02-22;;;;;NA;;;;;NA;;;;;NA;;;;;NA;NA;NA;NA;NA;NA;NA;NA;NA;NA;NA;;;;,,,,,,
al577;NA;;unknown;;;2018-05-28;;;;;NA;;;;;NA;;;;;NA;;;;;NA;NA;NA;NA;NA;NA;NA;NA;NA;NA;NA;;;;,,,,,,
al578;NA;;unknown;;;2018-06-05;;;;;NA;;;;;NA;;;;;NA;;;;;NA;NA;NA;NA;NA;NA;NA;NA;NA;NA;NA;;;;,,,,,,
al579;NA;;unknown;;;2018-08-05;;;;;NA;;;;;NA;;;;;NA;;;;;NA;NA;NA;NA;NA;NA;NA;NA;NA;NA;NA;;;;,,,,,,
al58;NA;;talek;;;1999-08-11;;;;;NA;;;;;NA;;;;;NA;;;;;NA;NA;NA;NA;NA;NA;NA;NA;NA;NA;1999-08-11;dls;fate unknown;;,,,,,,
al580;NA;;unknown;;;2018-08-12;;;;;NA;;;;;NA;;;;;NA;;;;;NA;NA;NA;NA;NA;NA;NA;NA;NA;NA;NA;;;;,,,,,,
al583;NA;;unknown;;;2018-10-21;;;;;NA;;;;;NA;;;;;NA;;;;;NA;NA;NA;NA;NA;NA;NA;NA;NA;NA;NA;;;;,,,,,,
al584;NA;;unknown;;;2018-10-21;;;;;NA;;;;;NA;;;;;NA;;;;;NA;NA;NA;NA;NA;NA;NA;NA;NA;NA;NA;;;;,,,,,,
al585;NA;;unknown;;;2018-08-10;;;;;NA;;;;;NA;;;;;NA;;;;;NA;NA;NA;NA;NA;NA;NA;NA;NA;NA;NA;;;;,,,,,,
al586;NA;;unknown;;;2018-10-06;;;;;NA;;;;;NA;;;;;NA;;;;;NA;NA;NA;NA;NA;NA;NA;NA;NA;NA;NA;;;;,,,,,,
al587;NA;;unknown;;;2018-10-15;;;;;NA;;;;;NA;;;;;NA;;;;;NA;NA;NA;NA;NA;NA;NA;NA;NA;NA;NA;;;;,,,,,,
al588;NA;;unknown;;;2018-11-10;;;;;NA;;;;;NA;;;;;NA;;;;;NA;NA;NA;NA;NA;NA;NA;NA;NA;NA;NA;;;;,,,,,,
al589;NA;;unknown;;;2018-12-15;;;;;NA;;;;;NA;;;;;NA;;;;;NA;NA;NA;NA;NA;NA;NA;NA;NA;NA;NA;;;;,,,,,,
al59;NA;;talek;;;1999-08-15;;;;;NA;;;;;NA;;;;;NA;;;;;NA;NA;NA;NA;NA;NA;NA;NA;NA;NA;1999-08-15;dls;fate unknown;;,,,,,,
al590;NA;;unknown;;;2018-12-15;;;;;NA;;;;;NA;;;;;NA;;;;;NA;NA;NA;NA;NA;NA;NA;NA;NA;NA;NA;;;;,,,,,,
al591;NA;;unknown;;;2018-12-18;;;;;NA;;;;;NA;;;;;NA;;;;;NA;NA;NA;NA;NA;NA;NA;NA;NA;NA;NA;;;;,,,,,,
al592;NA;;unknown;;;2018-10-01;;;;;NA;;;;;NA;;;;;NA;;;;;NA;NA;NA;NA;NA;NA;NA;NA;NA;NA;NA;;;;,,,,,,
al593;NA;;unknown;;;2019-01-30;;;;;NA;;;;;NA;;;;;NA;;;;;NA;NA;NA;NA;NA;NA;NA;NA;NA;NA;NA;;;;,,,,,,
al595;NA;;unknown;;;2019-02-20;;;;;NA;;;;;NA;;;;;NA;;;;;NA;NA;NA;NA;NA;NA;NA;NA;NA;NA;NA;;;;,,,,,,
al596;NA;;unknown;;;2019-02-20;;;;;NA;;;;;NA;;;;;NA;;;;;NA;NA;NA;NA;NA;NA;NA;NA;NA;NA;NA;;;;,,,,,,
al597;NA;;unknown;;;2019-03-14;;;;;NA;;;;;NA;;;;;NA;;;;;NA;NA;NA;NA;NA;NA;NA;NA;NA;NA;NA;;;;,,,,,,
al598;NA;;unknown;;;2019-03-07;;;;;NA;;;;;NA;;;;;NA;;;;;NA;NA;NA;NA;NA;NA;NA;NA;NA;NA;NA;;;;,,,,,,
al60;NA;;talek;;;1999-08-15;;;;;NA;;;;;NA;;;;;NA;;;;;NA;NA;NA;NA;NA;NA;NA;NA;NA;NA;1999-08-15;dls;fate unknown;;,,,,,,
al600;NA;;unknown;;;2019-04-08;;;;;NA;;;;;NA;;;;;NA;;;;;NA;NA;NA;NA;NA;NA;NA;NA;NA;NA;NA;;;;,,,,,,
al601;NA;;unknown;;;2019-04-16;;;;;NA;;;;;NA;;;;;NA;;;;;NA;NA;NA;NA;NA;NA;NA;NA;NA;NA;NA;;;;,,,,,,
al602;NA;;unknown;;;2019-04-24;;;;;NA;;;;;NA;;;;;NA;;;;;NA;NA;NA;NA;NA;NA;NA;NA;NA;NA;NA;;;;,,,,,,
al603;NA;;unknown;;;2019-04-30;;;;;NA;;;;;NA;;;;;NA;;;;;NA;NA;NA;NA;NA;NA;NA;NA;NA;NA;NA;;;;,,,,,,
al604;NA;;unknown;;;2019-05-01;;;;;NA;;;;;NA;;;;;NA;;;;;NA;NA;NA;NA;NA;NA;NA;NA;NA;NA;NA;;;;,,,,,,
al605;NA;;unknown;;;2019-05-01;;;;;NA;;;;;NA;;;;;NA;;;;;NA;NA;NA;NA;NA;NA;NA;NA;NA;NA;NA;;;;,,,,,,
al606;NA;;unknown;;;2019-04-14;;;;;NA;;;;;NA;;;;;NA;;;;;NA;NA;NA;NA;NA;NA;NA;NA;NA;NA;NA;;;;,,,,,,
al607;NA;;unknown;;;2019-05-07;;;;;NA;;;;;NA;;;;;NA;;;;;NA;NA;NA;NA;NA;NA;NA;NA;NA;NA;NA;;;;,,,,,,
al608;NA;;unknown;;;2019-05-13;;;;;NA;;;;;NA;;;;;NA;;;;;NA;NA;NA;NA;NA;NA;NA;NA;NA;NA;NA;;;;,,,,,,
al609;NA;;unknown;;;2019-05-16;;;;;NA;;;;;NA;;;;;NA;;;;;NA;NA;NA;NA;NA;NA;NA;NA;NA;NA;NA;;;;,,,,,,
al61;NA;;talek;;;1999-08-20;;;;;NA;;;;;NA;;;;;NA;;;;;NA;NA;NA;NA;NA;NA;NA;NA;NA;NA;1999-08-20;dls;fate unknown;;,,,,,,
al612;NA;;unknown;;;2019-05-15;;;;;NA;;;;;NA;;;;;NA;;;;;NA;NA;NA;NA;NA;NA;NA;NA;NA;NA;NA;;;;,,,,,,
al613;NA;;unknown;;;2019-05-17;;;;;NA;;;;;NA;;;;;NA;;;;;NA;NA;NA;NA;NA;NA;NA;NA;NA;NA;NA;;;;,,,,,,
al614;NA;;unknown;;;2019-05-20;;;;;NA;;;;;NA;;;;;NA;;;;;NA;NA;NA;NA;NA;NA;NA;NA;NA;NA;NA;;;;,,,,,,
al616;NA;;unknown;;;2019-06-05;;;;;NA;;;;;NA;;;;;NA;;;;;NA;NA;NA;NA;NA;NA;NA;NA;NA;NA;NA;;;;,,,,,,
al618;NA;;unknown;;;2019-06-11;;;;;NA;;;;;NA;;;;;NA;;;;;NA;NA;NA;NA;NA;NA;NA;NA;NA;NA;NA;;;;,,,,,,
al619;NA;;unknown;;;2019-06-11;;;;;NA;;;;;NA;;;;;NA;;;;;NA;NA;NA;NA;NA;NA;NA;NA;NA;NA;NA;;;;,,,,,,
al62;NA;;talek;;;1999-08-28;;;;;NA;;;;;NA;;;;;NA;;;;;NA;NA;NA;NA;NA;NA;NA;NA;NA;NA;1999-08-28;dls;fate unknown;;,,,,,,
al621;NA;;unknown;;;2019-06-12;;;;;NA;;;;;NA;;;;;NA;;;;;NA;NA;NA;NA;NA;NA;NA;NA;NA;NA;NA;;;;,,,,,,
al622;NA;;unknown;;;2019-06-12;;;;;NA;;;;;NA;;;;;NA;;;;;NA;NA;NA;NA;NA;NA;NA;NA;NA;NA;NA;;;;,,,,,,
al623;NA;;unknown;;;2019-06-13;;;;;NA;;;;;NA;;;;;NA;;;;;NA;NA;NA;NA;NA;NA;NA;NA;NA;NA;NA;;;;,,,,,,
al624;NA;;unknown;;;2019-05-20;;;;;NA;;;;;NA;;;;;NA;;;;;NA;NA;NA;NA;NA;NA;NA;NA;NA;NA;NA;;;;,,,,,,
al626;NA;;unknown;;;2019-06-15;;;;;NA;;;;;NA;;;;;NA;;;;;NA;NA;NA;NA;NA;NA;NA;NA;NA;NA;NA;;;;,,,,,,
al627;NA;;unknown;;;2019-07-04;;;;;NA;;;;;NA;;;;;NA;;;;;NA;NA;NA;NA;NA;NA;NA;NA;NA;NA;NA;;;;,,,,,,
al629;NA;;unknown;;;2019-07-08;;;;;NA;;;;;NA;;;;;NA;;;;;NA;NA;NA;NA;NA;NA;NA;NA;NA;NA;NA;;;;,,,,,,
al63;NA;;talek;;;1999-09-04;;;;;NA;;;;;NA;;;;;NA;;;;;NA;NA;NA;NA;NA;NA;NA;NA;NA;NA;1999-09-04;dls;fate unknown;;,,,,,,
al631;NA;;unknown;;;2019-07-08;;;;;NA;;;;;NA;;;;;NA;;;;;NA;NA;NA;NA;NA;NA;NA;NA;NA;NA;NA;;;;,,,,,,
al632;NA;;unknown;;;2019-07-14;;;;;NA;;;;;NA;;;;;NA;;;;;NA;NA;NA;NA;NA;NA;NA;NA;NA;NA;NA;;;;,,,,,,
al633;NA;;unknown;;;2019-07-14;;;;;NA;;;;;NA;;;;;NA;;;;;NA;NA;NA;NA;NA;NA;NA;NA;NA;NA;NA;;;;,,,,,,
al634;NA;;unknown;;;2019-07-14;;;;;NA;;;;;NA;;;;;NA;;;;;NA;NA;NA;NA;NA;NA;NA;NA;NA;NA;NA;;;;,,,,,,
al635;NA;;unknown;;;2019-07-14;;;;;NA;;;;;NA;;;;;NA;;;;;NA;NA;NA;NA;NA;NA;NA;NA;NA;NA;NA;;;;,,,,,,
al636;NA;;unknown;;;2019-09-16;;;;;NA;;;;;NA;;;;;NA;;;;;NA;NA;NA;NA;NA;NA;NA;NA;NA;NA;NA;;;;,,,,,,
al637;NA;;unknown;;;2019-07-16;;;;;NA;;;;;NA;;;;;NA;;;;;NA;NA;NA;NA;NA;NA;NA;NA;NA;NA;NA;;;;,,,,,,
al638;NA;;unknown;;;2019-07-18;;;;;NA;;;;;NA;;;;;NA;;;;;NA;NA;NA;NA;NA;NA;NA;NA;NA;NA;NA;;;;,,,,,,
al639;NA;;unknown;;;2019-07-20;;;;;NA;;;;;NA;;;;;NA;;;;;NA;NA;NA;NA;NA;NA;NA;NA;NA;NA;NA;;;;,,,,,,
al64;NA;;;;;1999-09-02;;;;;NA;;;;;NA;;;;;NA;;;;;NA;NA;NA;NA;NA;NA;NA;NA;NA;NA;1999-09-02;;;;check EventStatus and EventData,,,,,,
al641;NA;;unknown;;;2019-07-22;;;;;NA;;;;;NA;;;;;NA;;;;;NA;NA;NA;NA;NA;NA;NA;NA;NA;NA;NA;;;;,,,,,,
al642;NA;;unknown;;;2019-07-17;;;;;NA;;;;;NA;;;;;NA;;;;;NA;NA;NA;NA;NA;NA;NA;NA;NA;NA;NA;;;;,,,,,,
al643;NA;;unknown;;;2019-07-21;;;;;NA;;;;;NA;;;;;NA;;;;;NA;NA;NA;NA;NA;NA;NA;NA;NA;NA;NA;;;;,,,,,,
al644;NA;;unknown;;;2019-07-25;;;;;NA;;;;;NA;;;;;NA;;;;;NA;NA;NA;NA;NA;NA;NA;NA;NA;NA;NA;;;;,,,,,,
al645;NA;;unknown;;;2019-07-29;;;;;NA;;;;;NA;;;;;NA;;;;;NA;NA;NA;NA;NA;NA;NA;NA;NA;NA;NA;;;;,,,,,,
al646;NA;;unknown;;;2019-07-29;;;;;NA;;;;;NA;;;;;NA;;;;;NA;NA;NA;NA;NA;NA;NA;NA;NA;NA;NA;;;;,,,,,,
al647;NA;;unknown;;;2019-08-19;;;;;NA;;;;;NA;;;;;NA;;;;;NA;NA;NA;NA;NA;NA;NA;NA;NA;NA;NA;;;;,,,,,,
al648;NA;;unknown;;;2019-09-08;;;;;NA;;;;;NA;;;;;NA;;;;;NA;NA;NA;NA;NA;NA;NA;NA;NA;NA;NA;;;;,,,,,,
al649;NA;;unknown;;;2019-09-10;;;;;NA;;;;;NA;;;;;NA;;;;;NA;NA;NA;NA;NA;NA;NA;NA;NA;NA;NA;;;;,,,,,,
al65;NA;;;;;1999-09-07;;;;;NA;;;;;NA;;;;;NA;;;;;NA;NA;NA;NA;NA;NA;NA;NA;NA;NA;1999-09-08;;;;check EventStatus and EventData,,,,,,
al651;NA;;unknown;;;2019-09-13;;;;;NA;;;;;NA;;;;;NA;;;;;NA;NA;NA;NA;NA;NA;NA;NA;NA;NA;NA;;;;,,,,,,
al653;NA;;unknown;;;2019-09-14;;;;;NA;;;;;NA;;;;;NA;;;;;NA;NA;NA;NA;NA;NA;NA;NA;NA;NA;NA;;;;,,,,,,
al654;NA;;unknown;;;2019-09-15;;;;;NA;;;;;NA;;;;;NA;;;;;NA;NA;NA;NA;NA;NA;NA;NA;NA;NA;NA;;;;,,,,,,
al655;NA;;unknown;;;2019-09-16;;;;;NA;;;;;NA;;;;;NA;;;;;NA;NA;NA;NA;NA;NA;NA;NA;NA;NA;NA;;;;,,,,,,
al656;NA;;unknown;;;2019-09-15;;;;;NA;;;;;NA;;;;;NA;;;;;NA;NA;NA;NA;NA;NA;NA;NA;NA;NA;NA;;;;,,,,,,
al657;NA;;unknown;;;2019-09-16;;;;;NA;;;;;NA;;;;;NA;;;;;NA;NA;NA;NA;NA;NA;NA;NA;NA;NA;NA;;;;,,,,,,
al658;NA;;unknown;;;2019-09-20;;;;;NA;;;;;NA;;;;;NA;;;;;NA;NA;NA;NA;NA;NA;NA;NA;NA;NA;NA;;;;,,,,,,
al659;NA;;unknown;;;2019-09-20;;;;;NA;;;;;NA;;;;;NA;;;;;NA;NA;NA;NA;NA;NA;NA;NA;NA;NA;NA;;;;,,,,,,
al660;NA;;unknown;;;2019-09-20;;;;;NA;;;;;NA;;;;;NA;;;;;NA;NA;NA;NA;NA;NA;NA;NA;NA;NA;NA;;;;,,,,,,
al661;NA;;unknown;;;2019-09-20;;;;;NA;;;;;NA;;;;;NA;;;;;NA;NA;NA;NA;NA;NA;NA;NA;NA;NA;NA;;;;,,,,,,
al663;NA;;unknown;;;2019-09-21;;;;;NA;;;;;NA;;;;;NA;;;;;NA;NA;NA;NA;NA;NA;NA;NA;NA;NA;NA;;;;,,,,,,
al664;NA;;unknown;;;2019-09-21;;;;;NA;;;;;NA;;;;;NA;;;;;NA;NA;NA;NA;NA;NA;NA;NA;NA;NA;NA;;;;,,,,,,
al665;NA;;unknown;;;2019-09-21;;;;;NA;;;;;NA;;;;;NA;;;;;NA;NA;NA;NA;NA;NA;NA;NA;NA;NA;NA;;;;,,,,,,
al666;NA;;unknown;;;2019-09-22;;;;;NA;;;;;NA;;;;;NA;;;;;NA;NA;NA;NA;NA;NA;NA;NA;NA;NA;NA;;;;,,,,,,
al667;NA;;unknown;;;2019-09-24;;;;;NA;;;;;NA;;;;;NA;;;;;NA;NA;NA;NA;NA;NA;NA;NA;NA;NA;NA;;;;,,,,,,
al668;NA;;unknown;;;2019-09-25;;;;;NA;;;;;NA;;;;;NA;;;;;NA;NA;NA;NA;NA;NA;NA;NA;NA;NA;NA;;;;,,,,,,
al669;NA;;unknown;;;2019-10-04;;;;;NA;;;;;NA;;;;;NA;;;;;NA;NA;NA;NA;NA;NA;NA;NA;NA;NA;NA;;;;,,,,,,
al67;NA;;;;;1999-09-21;;;;;NA;;;;;NA;;;;;NA;;;;;NA;NA;NA;NA;NA;NA;NA;NA;NA;NA;1999-10-20;;;;check EventStatus and EventData,,,,,,
al670;NA;;unknown;;;2019-10-05;;;;;NA;;;;;NA;;;;;NA;;;;;NA;NA;NA;NA;NA;NA;NA;NA;NA;NA;NA;;;;,,,,,,
al671;NA;;unknown;;;2019-10-07;;;;;NA;;;;;NA;;;;;NA;;;;;NA;NA;NA;NA;NA;NA;NA;NA;NA;NA;NA;;;;,,,,,,
al672;NA;;unknown;;;2019-10-08;;;;;NA;;;;;NA;;;;;NA;;;;;NA;NA;NA;NA;NA;NA;NA;NA;NA;NA;NA;;;;,,,,,,
al673;NA;;unknown;;;2019-10-08;;;;;NA;;;;;NA;;;;;NA;;;;;NA;NA;NA;NA;NA;NA;NA;NA;NA;NA;NA;;;;,,,,,,
al674;NA;;unknown;;;2019-10-09;;;;;NA;;;;;NA;;;;;NA;;;;;NA;NA;NA;NA;NA;NA;NA;NA;NA;NA;NA;;;;,,,,,,
al676;NA;;unknown;;;2019-10-10;;;;;NA;;;;;NA;;;;;NA;;;;;NA;NA;NA;NA;NA;NA;NA;NA;NA;NA;NA;;;;,,,,,,
al677;NA;;unknown;;;2019-10-15;;;;;NA;;;;;NA;;;;;NA;;;;;NA;NA;NA;NA;NA;NA;NA;NA;NA;NA;NA;;;;,,,,,,
al678;NA;;unknown;;;2019-10-14;;;;;NA;;;;;NA;;;;;NA;;;;;NA;NA;NA;NA;NA;NA;NA;NA;NA;NA;NA;;;;,,,,,,
al68;NA;;;;;1999-09-21;;;;;NA;;;;;NA;;;;;NA;;;;;NA;NA;NA;NA;NA;NA;NA;NA;NA;NA;1999-09-21;;;;check EventStatus and EventData,,,,,,
al680;NA;;unknown;;;2019-10-21;;;;;NA;;;;;NA;;;;;NA;;;;;NA;NA;NA;NA;NA;NA;NA;NA;NA;NA;NA;;;;,,,,,,
al681;NA;;unknown;;;2019-10-27;;;;;NA;;;;;NA;;;;;NA;;;;;NA;NA;NA;NA;NA;NA;NA;NA;NA;NA;NA;;;;,,,,,,
al682;NA;;unknown;;;2019-10-25;;;;;NA;;;;;NA;;;;;NA;;;;;NA;NA;NA;NA;NA;NA;NA;NA;NA;NA;NA;;;;,,,,,,
al683;NA;;unknown;;;2019-11-03;;;;;NA;;;;;NA;;;;;NA;;;;;NA;NA;NA;NA;NA;NA;NA;NA;NA;NA;NA;;;;,,,,,,
al684;NA;;unknown;;;2019-11-04;;;;;NA;;;;;NA;;;;;NA;;;;;NA;NA;NA;NA;NA;NA;NA;NA;NA;NA;NA;;;;,,,,,,
al685;NA;;unknown;;;2019-11-04;;;;;NA;;;;;NA;;;;;NA;;;;;NA;NA;NA;NA;NA;NA;NA;NA;NA;NA;NA;;;;,,,,,,
al686;NA;;unknown;;;2019-11-09;;;;;NA;;;;;NA;;;;;NA;;;;;NA;NA;NA;NA;NA;NA;NA;NA;NA;NA;NA;;;;,,,,,,
al687;NA;;unknown;;;2019-11-15;;;;;NA;;;;;NA;;;;;NA;;;;;NA;NA;NA;NA;NA;NA;NA;NA;NA;NA;NA;;;;,,,,,,
al688;NA;;unknown;;;2019-11-15;;;;;NA;;;;;NA;;;;;NA;;;;;NA;NA;NA;NA;NA;NA;NA;NA;NA;NA;NA;;;;,,,,,,
al689;NA;;unknown;;;2019-12-30;;;;;NA;;;;;NA;;;;;NA;;;;;NA;NA;NA;NA;NA;NA;NA;NA;NA;NA;NA;;;;,,,,,,
al69;NA;;;;;1999-09-22;;;;;NA;;;;;NA;;;;;NA;;;;;NA;NA;NA;NA;NA;NA;NA;NA;NA;NA;1999-09-22;;;;check EventStatus and EventData,,,,,,
al690;NA;;unknown;;;2019-12-30;;;;;NA;;;;;NA;;;;;NA;;;;;NA;NA;NA;NA;NA;NA;NA;NA;NA;NA;NA;;;;,,,,,,
al691;NA;;unknown;;;2020-02-25;;;;;NA;;;;;NA;;;;;NA;;;;;NA;NA;NA;NA;NA;NA;NA;NA;NA;NA;NA;;;;,,,,,,
al693;NA;;;;;2020-06-22;;;;;NA;;;;;NA;;;;;NA;;;;;NA;NA;NA;NA;NA;NA;NA;NA;NA;NA;NA;;;;,,,,,,
al694;NA;;;;;2020-09-25;;;;;NA;;;;;NA;;;;;NA;;;;;NA;NA;NA;NA;NA;NA;NA;NA;NA;NA;NA;;;;,,,,,,
al696;NA;;;;;2020-11-21;;;;;NA;;;;;NA;;;;;NA;;;;;NA;NA;NA;NA;NA;NA;NA;NA;NA;NA;NA;;;;,,,,,,
al698;NA;;;;;2021-01-26;;;;;NA;;;;;NA;;;;;NA;;;;;NA;NA;NA;NA;NA;NA;NA;NA;NA;NA;NA;;;;,,,,,,
al699;NA;;;;;2021-01-26;;;;;NA;;;;;NA;;;;;NA;;;;;NA;NA;NA;NA;NA;NA;NA;NA;NA;NA;NA;;;;,,,,,,
al70;NA;;;;;1999-09-14;;;;;NA;;;;;NA;;;;;NA;;;;;NA;NA;NA;NA;NA;NA;NA;NA;NA;NA;1999-09-14;;;;check EventStatus and EventData,,,,,,
al700;NA;;;;;2021-01-29;;;;;NA;;;;;NA;;;;;NA;;;;;NA;NA;NA;NA;NA;NA;NA;NA;NA;NA;NA;;;;,,,,,,
al701;NA;;;;;2021-05-17;;;;;NA;;;;;NA;;;;;NA;;;;;NA;NA;NA;NA;NA;NA;NA;NA;NA;NA;NA;;;;,,,,,,
al702;NA;;;;;2021-05-26;;;;;NA;;;;;NA;;;;;NA;;;;;NA;NA;NA;NA;NA;NA;NA;NA;NA;NA;NA;;;;,,,,,,
al703;NA;;;;;2021-05-26;;;;;NA;;;;;NA;;;;;NA;;;;;NA;NA;NA;NA;NA;NA;NA;NA;NA;NA;NA;;;;,,,,,,
al704;NA;;;;;2021-05-27;;;;;NA;;;;;NA;;;;;NA;;;;;NA;NA;NA;NA;NA;NA;NA;NA;NA;NA;NA;;;;,,,,,,
al705;NA;;;;;2021-05-28;;;;;NA;;;;;NA;;;;;NA;;;;;NA;NA;NA;NA;NA;NA;NA;NA;NA;NA;NA;;;;,,,,,,
al706;NA;;;;;2021-05-28;;;;;NA;;;;;NA;;;;;NA;;;;;NA;NA;NA;NA;NA;NA;NA;NA;NA;NA;NA;;;;,,,,,,
al707;NA;;;;;2021-05-28;;;;;NA;;;;;NA;;;;;NA;;;;;NA;NA;NA;NA;NA;NA;NA;NA;NA;NA;NA;;;;,,,,,,
al709;NA;;;;;2021-07-14;;;;;NA;;;;;NA;;;;;NA;;;;;NA;NA;NA;NA;NA;NA;NA;NA;NA;NA;NA;;;;,,,,,,
al71;NA;;;;;1999-10-14;;;;;NA;;;;;NA;;;;;NA;;;;;NA;NA;NA;NA;NA;NA;NA;NA;NA;NA;1999-10-14;;;;check EventStatus and EventData,,,,,,
al710;NA;;;;;2021-07-01;;;;;NA;;;;;NA;;;;;NA;;;;;NA;NA;NA;NA;NA;NA;NA;NA;NA;NA;NA;;;;,,,,,,
al711;NA;;;;;2021-07-22;;;;;NA;;;;;NA;;;;;NA;;;;;NA;NA;NA;NA;NA;NA;NA;NA;NA;NA;NA;;;;,,,,,,
al712;NA;;;;;2021-08-07;;;;;NA;;;;;NA;;;;;NA;;;;;NA;NA;NA;NA;NA;NA;NA;NA;NA;NA;NA;;;;,,,,,,
al716;NA;;;;;2021-11-07;;;;;NA;;;;;NA;;;;;NA;;;;;NA;NA;NA;NA;NA;NA;NA;NA;NA;NA;NA;;;;,,,,,,
al719;NA;;;;;2022-01-06;;;;;NA;;;;;NA;;;;;NA;;;;;NA;NA;NA;NA;NA;NA;NA;NA;NA;NA;NA;;;;,,,,,,
al72;NA;;;;;1999-11-04;;;;;NA;;;;;NA;;;;;NA;;;;;NA;NA;NA;NA;NA;NA;NA;NA;NA;NA;1999-11-04;;;;check EventStatus and EventData,,,,,,
al720;NA;;;;;2022-01-27;;;;;NA;;;;;NA;;;;;NA;;;;;NA;NA;NA;NA;NA;NA;NA;NA;NA;NA;NA;;;;,,,,,,
al721;NA;;;;;2022-01-28;;;;;NA;;;;;NA;;;;;NA;;;;;NA;NA;NA;NA;NA;NA;NA;NA;NA;NA;NA;;;;,,,,,,
al722;NA;;;;;2022-02-03;;;;;NA;;;;;NA;;;;;NA;;;;;NA;NA;NA;NA;NA;NA;NA;NA;NA;NA;NA;;;;,,,,,,
al726;NA;;;;;2022-07-11;;;;;NA;;;;;NA;;;;;NA;;;;;NA;NA;NA;NA;NA;NA;NA;NA;NA;NA;NA;;;;,,,,,,
al727;NA;;;;;2022-07-11;;;;;NA;;;;;NA;;;;;NA;;;;;NA;NA;NA;NA;NA;NA;NA;NA;NA;NA;NA;;;;,,,,,,
al728;NA;;;;;2022-07-19;;;;;NA;;;;;NA;;;;;NA;;;;;NA;NA;NA;NA;NA;NA;NA;NA;NA;NA;NA;;;;,,,,,,
al729;NA;;;;;2022-07-19;;;;;NA;;;;;NA;;;;;NA;;;;;NA;NA;NA;NA;NA;NA;NA;NA;NA;NA;NA;;;;,,,,,,
al73;NA;;;;;1999-11-12;;;;;NA;;;;;NA;;;;;NA;;;;;NA;NA;NA;NA;NA;NA;NA;NA;NA;NA;2000-01-02;;;;check EventStatus and EventData,,,,,,
al730;NA;;;;;2022-07-21;;;;;NA;;;;;NA;;;;;NA;;;;;NA;NA;NA;NA;NA;NA;NA;NA;NA;NA;NA;;;;,,,,,,
al731;NA;;;;;2022-07-23;;;;;NA;;;;;NA;;;;;NA;;;;;NA;NA;NA;NA;NA;NA;NA;NA;NA;NA;NA;;;;,,,,,,
al732;NA;;;;;2022-07-24;;;;;NA;;;;;NA;;;;;NA;;;;;NA;NA;NA;NA;NA;NA;NA;NA;NA;NA;NA;;;;,,,,,,
al734;NA;;;;;2022-08-04;;;;;NA;;;;;NA;;;;;NA;;;;;NA;NA;NA;NA;NA;NA;NA;NA;NA;NA;NA;;;;,,,,,,
al735;NA;;;;;2022-08-05;;;;;NA;;;;;NA;;;;;NA;;;;;NA;NA;NA;NA;NA;NA;NA;NA;NA;NA;NA;;;;,,,,,,
al736;NA;;;;;2022-08-05;;;;;NA;;;;;NA;;;;;NA;;;;;NA;NA;NA;NA;NA;NA;NA;NA;NA;NA;NA;;;;,,,,,,
al737;NA;;;;;2022-08-06;;;;;NA;;;;;NA;;;;;NA;;;;;NA;NA;NA;NA;NA;NA;NA;NA;NA;NA;NA;;;;,,,,,,
al738;NA;;;;;2022-08-19;;;;;NA;;;;;NA;;;;;NA;;;;;NA;NA;NA;NA;NA;NA;NA;NA;NA;NA;NA;;;;,,,,,,
al739;NA;;;;;2022-08-19;;;;;NA;;;;;NA;;;;;NA;;;;;NA;NA;NA;NA;NA;NA;NA;NA;NA;NA;NA;;;;,,,,,,
al74;NA;;;;;1999-11-09;;;;;NA;;;;;NA;;;;;NA;;;;;NA;NA;NA;NA;NA;NA;NA;NA;NA;NA;1999-11-26;;;;check EventStatus and EventData,,,,,,
al740;NA;;;;;2022-08-27;;;;;NA;;;;;NA;;;;;NA;;;;;NA;NA;NA;NA;NA;NA;NA;NA;NA;NA;NA;;;;,,,,,,
al741;NA;;;;;2022-07-22;;;;;NA;;;;;NA;;;;;NA;;;;;NA;NA;NA;NA;NA;NA;NA;NA;NA;NA;NA;;;;,,,,,,
al742;NA;;;;;2022-08-12;;;;;NA;;;;;NA;;;;;NA;;;;;NA;NA;NA;NA;NA;NA;NA;NA;NA;NA;NA;;;;,,,,,,
al743;NA;;;;;2022-08-17;;;;;NA;;;;;NA;;;;;NA;;;;;NA;NA;NA;NA;NA;NA;NA;NA;NA;NA;NA;;;;,,,,,,
al744;NA;;unknown;;;2022-10-24;;;;;NA;;;;;NA;;;;;NA;;;;;NA;NA;NA;NA;NA;NA;NA;NA;NA;NA;NA;;;;,,,,,,
al746;NA;;unknown;;;2022-12-07;;;;;NA;;;;;NA;;;;;NA;;;;;NA;NA;NA;NA;NA;NA;NA;NA;NA;NA;NA;;;;,,,,,,
al75;NA;;;;;1999-11-29;;;;;NA;;;;;NA;;;;;NA;;;;;NA;NA;NA;NA;NA;NA;NA;NA;NA;NA;1999-11-29;;;;check EventStatus and EventData,,,,,,
al76;NA;;;;;1999-12-05;;;;;NA;;;;;NA;;;;;NA;;;;;NA;NA;NA;NA;NA;NA;NA;NA;NA;NA;1999-12-17;;;;check EventStatus and EventData,,,,,,
al77;NA;;;;;1999-12-14;;;;;NA;;;;;NA;;;;;NA;;;;;NA;NA;NA;NA;NA;NA;NA;NA;NA;NA;1999-12-14;;;;check EventStatus and EventData,,,,,,
al78;NA;;;;;2000-04-06;;;;;NA;;;;;NA;;;;;NA;;;;;NA;NA;NA;NA;NA;NA;NA;NA;NA;NA;2000-04-06;;;;check EventStatus and EventData,,,,,,
al79;NA;;;;;2000-06-20;;;;;NA;;;;;NA;;;;;NA;;;;;NA;NA;NA;NA;NA;NA;NA;NA;NA;NA;2000-06-20;;;;check EventStatus and EventData,,,,,,
al80;NA;;;;;2000-07-08;;;;;NA;;;;;NA;;;;;NA;;;;;NA;NA;NA;NA;NA;NA;NA;NA;NA;NA;2001-01-03;;;;check EventStatus and EventData,,,,,,
al81;NA;;;;;2000-07-04;;;;;NA;;;;;NA;;;;;NA;;;;;NA;NA;NA;NA;NA;NA;NA;NA;NA;NA;2001-02-11;;;;check EventStatus and EventData,,,,,,
al82;NA;;;;;2001-02-18;;;;;NA;;;;;NA;;;;;NA;;;;;NA;NA;NA;NA;NA;NA;NA;NA;NA;NA;2001-02-18;;;;check EventStatus and EventData,,,,,,
al83;NA;;;;;2001-02-18;;;;;NA;;;;;NA;;;;;NA;;;;;NA;NA;NA;NA;NA;NA;NA;NA;NA;NA;2001-02-18;;;;check EventStatus and EventData,,,,,,
al84;NA;;;;;2001-02-18;;;;;NA;;;;;NA;;;;;NA;;;;;NA;NA;NA;NA;NA;NA;NA;NA;NA;NA;2001-02-18;;;;check EventStatus and EventData,,,,,,
al85;NA;;;;;2001-02-21;;;;;NA;;;;;NA;;;;;NA;;;;;NA;NA;NA;NA;NA;NA;NA;NA;NA;NA;2001-02-21;;;;check EventStatus and EventData,,,,,,
al86;NA;;;;;2001-02-21;;;;;NA;;;;;NA;;;;;NA;;;;;NA;NA;NA;NA;NA;NA;NA;NA;NA;NA;2001-02-21;;;;check EventStatus and EventData,,,,,,
al87;NA;;;;;2001-03-07;;;;;NA;;;;;NA;;;;;NA;;;;;NA;NA;NA;NA;NA;NA;NA;NA;NA;NA;2001-03-07;;;;check EventStatus and EventData,,,,,,
al88;NA;;;;;2001-03-08;;;;;NA;;;;;NA;;;;;NA;;;;;NA;NA;NA;NA;NA;NA;NA;NA;NA;NA;2001-03-08;;;;check EventStatus and EventData,,,,,,
al89;NA;;;;;2001-03-10;;;;;NA;;;;;NA;;;;;NA;;;;;NA;NA;NA;NA;NA;NA;NA;NA;NA;NA;2001-03-10;;;;check EventStatus and EventData,,,,,,
al90;NA;;;;;2001-03-10;;;;;NA;;;;;NA;;;;;NA;;;;;NA;NA;NA;NA;NA;NA;NA;NA;NA;NA;2001-03-10;;;;check EventStatus and EventData,,,,,,
al91;NA;;;;;2001-03-16;;;;;NA;;;;;NA;;;;;NA;;;;;NA;NA;NA;NA;NA;NA;NA;NA;NA;NA;2001-03-16;;;;check EventStatus and EventData,,,,,,
al92;NA;;;;;2001-03-16;;;;;NA;;;;;NA;;;;;NA;;;;;NA;NA;NA;NA;NA;NA;NA;NA;NA;NA;2001-03-16;;;;check EventStatus and EventData,,,,,,
al93;NA;;;;;2001-03-16;;;;;NA;;;;;NA;;;;;NA;;;;;NA;NA;NA;NA;NA;NA;NA;NA;NA;NA;2001-03-16;;;;check EventStatus and EventData,,,,,,
al94;NA;;;;;2001-03-16;;;;;NA;;;;;NA;;;;;NA;;;;;NA;NA;NA;NA;NA;NA;NA;NA;NA;NA;2001-03-16;;;;check EventStatus and EventData,,,,,,
al95;NA;;;;;2001-03-21;;;;;NA;;;;;NA;;;;;NA;;;;;NA;NA;NA;NA;NA;NA;NA;NA;NA;NA;2001-03-24;;;;check EventStatus and EventData,,,,,,
al96;NA;;;;;2001-03-24;;;;;NA;;;;;NA;;;;;NA;;;;;NA;NA;NA;NA;NA;NA;NA;NA;NA;NA;2001-03-24;;;;check EventStatus and EventData,,,,,,
al97;NA;;;;;2001-03-25;;;;;NA;;;;;NA;;;;;NA;;;;;NA;NA;NA;NA;NA;NA;NA;NA;NA;NA;2001-03-25;;;;check EventStatus and EventData,,,,,,
al98;NA;;;;;2001-03-30;;;;;NA;;;;;NA;;;;;NA;;;;;NA;NA;NA;NA;NA;NA;NA;NA;NA;NA;2001-03-30;;;;check EventStatus and EventData,,,,,,
al99;NA;;;;;2001-03-27;;;;;NA;;;;;NA;;;;;NA;;;;;NA;NA;NA;NA;NA;NA;NA;NA;NA;NA;2001-03-27;;;;check EventStatus and EventData,,,,,,
alb;NA;;talek;;;1998-10-14;;;;;NA;;;;;NA;;;;;NA;;;;;NA;NA;NA;NA;NA;NA;NA;NA;NA;NA;1998-10-14;dls;fate unknown;;,,,,,,
alba;2018-11-14;;pond;;;2018-11-25;;;;;2019-11-14;;;0;Graduated based on DOB;NA;;;;;NA;;;;;NA;NA;NA;NA;NA;NA;NA;NA;NA;NA;NA;;;;,,,,,,
albe;NA;;fig.tree;;;2012-10-18;;;;;NA;;;;;NA;;;;;NA;;;;;NA;NA;NA;NA;NA;NA;NA;NA;NA;NA;2014-12-10;dls;;;check EventStatus and EventData,,,,,,
alc;2008-07-15;;olare;;;2008-08-19;;;;;NA;;;;;NA;;;;;NA;;;;;NA;NA;NA;NA;NA;NA;NA;NA;NA;NA;NA;;;;,,,,,,
alde;2010-11-01;;talek;;;2010-12-13;;;;;2011-06-08;;;1;;2011-08-10;;;1;;NA;;;;;NA;NA;NA;NA;NA;NA;NA;NA;NA;NA;2013-03-21;dls;dispersed;;,,,,,,
alee;2019-09-15;;talek;;;2019-11-15;;;;;NA;;;;;NA;;;;;NA;;;;;NA;NA;NA;NA;NA;NA;NA;NA;NA;NA;2020-01-05;dls;;;,,,,,,
alex;NA;;talek;;;1996-09-09;;;;;NA;;;;;NA;;;;;1996-09-09;dispersal;;;;NA;NA;NA;NA;NA;NA;NA;NA;NA;NA;1996-12-02;dls;fate unknown;;,,,,,,
alf;2008-03-15;;olare;;;2008-08-17;;;;;NA;;;;;NA;;;;;NA;;;;;NA;NA;NA;NA;NA;NA;NA;NA;NA;NA;2008-09-27;;;;check EventStatus and EventData,,,,,,
alfe;2009-01-05;;talek;;;2009-01-25;;;;;2009-08-02;;;1;;2010-01-15;;;11.5;;2016-05-01;fission;pond;;;NA;NA;NA;NA;NA;NA;NA;NA;NA;NA;2020-09-01;dls;;;,,,,,,
alg;NA;;fig.tree;;;1994-06-12;;;;;NA;;;;;NA;;;;;NA;;;;;NA;NA;NA;NA;NA;NA;NA;NA;NA;NA;1994-06-12;dls;fate unknown;;,,,,,,
algr;NA;;;;;2019-04-08;;;;;NA;;;;;NA;;;;;2019-04-08;dispersal;talek;;;NA;NA;NA;NA;NA;NA;NA;NA;NA;NA;2020-11-21;dls;;;,,,,,,
ali;1997-08-04;;talek;;;1997-09-07;;;;;1998-08-18;;;11.5;;1998-06-21;;;6.5;;2016-05-01;fission;talek;;;NA;NA;NA;NA;NA;NA;NA;NA;NA;NA;2018-02-06;dls;;;,,,,,,
alie;2014-04-20;;happy.zebra;;;2014-05-15;;;;;2014-11-26;;;;DenGrad info not in table, instead taken from tblHyenas;NA;;;;;NA;;;;;NA;NA;NA;NA;NA;NA;NA;NA;NA;NA;2015-10-14;dls;;;,,,,,
all;2001-08-06;;talek;;;2001-08-12;;;;;NA;;;;;NA;dbw;;;;NA;;;;;NA;NA;NA;NA;NA;NA;NA;NA;NA;NA;2002-01-22;dls;inferred dead;;,,,,,,
alls;2011-11-16;;talek;;;2012-01-06;;;;;2012-07-04;;;0;;2012-09-23;;;10;;NA;;;;;NA;NA;NA;NA;NA;NA;NA;NA;NA;NA;2013-05-04;dls;inferred dead;;,,,,,,
alo;NA;;talek;;;1995-12-28;;;;;NA;;;;;NA;;;;;NA;;;;;NA;NA;NA;NA;NA;NA;NA;NA;NA;NA;1996-06-24;dls;fate unknown;;,,,,,,
alph;NA;;fig.tree;;;1996-12-08;;;;;NA;;;;;NA;;;;;NA;;;;;NA;NA;NA;NA;NA;NA;NA;NA;NA;NA;1996-12-08;dls;dispersed;;,,,,,,
alrw;2011-11-17;;mara.river;;;2012-02-28;;;;;NA;;;;;NA;;;;;NA;;;;;NA;NA;NA;NA;NA;NA;NA;NA;NA;NA;NA;dls;;;,,,,,,
alta;2013-03-26;;talek;;;2013-06-10;;;;;NA;dbg;;;;NA;dbw;;;;NA;;;;;NA;NA;NA;NA;NA;NA;NA;NA;NA;NA;2013-11-01;dls;inferred dead;;,,,,,,
alum;2003-07-26;;talek;;;2003-09-23;;;;;2004-03-03;;;0.5;;2004-03-16;;;7.5;;NA;;;;;NA;NA;NA;NA;NA;NA;NA;NA;NA;NA;2008-04-26;dls;dispersed;;,,,,,,
alv;NA;;talek;;;1987-08-01;;;;;NA;;;;;NA;;;;;NA;;;;;NA;NA;NA;NA;NA;NA;NA;NA;NA;NA;1988-07-31;dls;fate unknown;;,,,,,,
alvr;NA;;mara.river;;;2013-07-29;;;;;NA;;;;;NA;;;;;NA;;;;;NA;NA;NA;NA;NA;NA;NA;NA;NA;NA;NA;dls;;;,,,,,,
am01;NA;;talek;;;1995-10-11;;;;;NA;;;;;NA;;;;;NA;;;;;NA;NA;NA;NA;NA;NA;NA;NA;NA;NA;1995-10-11;dls;fate unknown;;,,,,,,
am02;NA;;talek;;;1995-10-11;;;;;NA;;;;;NA;;;;;NA;;;;;NA;NA;NA;NA;NA;NA;NA;NA;NA;NA;1995-10-11;dls;fate unknown;;,,,,,,
am03;NA;;talek;;;1995-11-01;;;;;NA;;;;;NA;;;;;NA;;;;;NA;NA;NA;NA;NA;NA;NA;NA;NA;NA;1995-11-01;dls;fate unknown;;,,,,,,
am04;NA;;talek;;;1995-11-01;;;;;NA;;;;;NA;;;;;NA;;;;;NA;NA;NA;NA;NA;NA;NA;NA;NA;NA;1995-11-01;dls;fate unknown;;,,,,,,
am05;NA;;talek;;;1995-11-01;;;;;NA;;;;;NA;;;;;NA;;;;;NA;NA;NA;NA;NA;NA;NA;NA;NA;NA;1995-11-01;dls;fate unknown;;,,,,,,
am06;NA;;talek;;;1995-12-21;;;;;NA;;;;;NA;;;;;NA;;;;;NA;NA;NA;NA;NA;NA;NA;NA;NA;NA;1995-12-21;dls;fate unknown;;,,,,,,
am07;NA;;talek;;;1997-05-07;;;;;NA;;;;;NA;;;;;NA;;;;;NA;NA;NA;NA;NA;NA;NA;NA;NA;NA;1997-05-07;dls;fate unknown;;,,,,,,
am08;NA;;talek;;;1997-05-07;;;;;NA;;;;;NA;;;;;NA;;;;;NA;NA;NA;NA;NA;NA;NA;NA;NA;NA;1997-05-07;dls;fate unknown;;,,,,,,
am09;NA;;talek;;;1997-05-11;;;;;NA;;;;;NA;;;;;NA;;;;;NA;NA;NA;NA;NA;NA;NA;NA;NA;NA;1997-05-11;dls;fate unknown;;,,,,,,
am1;NA;;;;;2011-03-15;;;;;NA;;;;;NA;;;;;NA;;;;;NA;NA;NA;NA;NA;NA;NA;NA;NA;NA;NA;;;;,,,,,,
am10;NA;;talek;;;1997-05-11;;;;;NA;;;;;NA;;;;;NA;;;;;NA;NA;NA;NA;NA;NA;NA;NA;NA;NA;1997-05-11;dls;dispersed;;,,,,,,
am102;NA;;;;;2001-05-05;;;;;NA;;;;;NA;;;;;NA;;;;;NA;NA;NA;NA;NA;NA;NA;NA;NA;NA;2003-04-18;;;;check EventStatus and EventData,,,,,,
am1028;NA;;;;;2014-03-22;;;;;NA;;;;;NA;;;;;NA;;;;;NA;NA;NA;NA;NA;NA;NA;NA;NA;NA;NA;;;;,,,,,,
am11;NA;;talek;;;1997-06-03;;;;;NA;;;;;NA;;;;;NA;;;;;NA;NA;NA;NA;NA;NA;NA;NA;NA;NA;1997-06-03;dls;fate unknown;;,,,,,,
am1110;NA;;;;;2013-03-03;;;;;NA;;;;;NA;;;;;NA;;;;;NA;NA;NA;NA;NA;NA;NA;NA;NA;NA;NA;;;;,,,,,,
am116;NA;;;;;2001-06-15;;;;;NA;;;;;NA;;;;;NA;;;;;NA;NA;NA;NA;NA;NA;NA;NA;NA;NA;2001-06-15;;;;check EventStatus and EventData,,,,,,
am117;NA;;;;;2001-08-25;;;;;NA;;;;;NA;;;;;NA;;;;;NA;NA;NA;NA;NA;NA;NA;NA;NA;NA;2001-08-25;;;;check EventStatus and EventData,,,,,,
am118;NA;;;;;2001-09-03;;;;;NA;;;;;NA;;;;;NA;;;;;NA;NA;NA;NA;NA;NA;NA;NA;NA;NA;2001-09-03;;;;check EventStatus and EventData,,,,,,
am119;NA;;;;;2001-09-16;;;;;NA;;;;;NA;;;;;NA;;;;;NA;NA;NA;NA;NA;NA;NA;NA;NA;NA;2001-09-16;;;;check EventStatus and EventData,,,,,,
am12;NA;;talek;;;1997-06-27;;;;;NA;;;;;NA;;;;;NA;;;;;NA;NA;NA;NA;NA;NA;NA;NA;NA;NA;1997-06-27;dls;fate unknown;;,,,,,,
am120;NA;;;;;2001-09-16;;;;;NA;;;;;NA;;;;;NA;;;;;NA;NA;NA;NA;NA;NA;NA;NA;NA;NA;2001-09-16;;;;check EventStatus and EventData,,,,,,
am121;NA;;;;;2001-09-22;;;;;NA;;;;;NA;;;;;NA;;;;;NA;NA;NA;NA;NA;NA;NA;NA;NA;NA;2001-09-22;;;;check EventStatus and EventData,,,,,,
am122;NA;;;;;2001-09-25;;;;;NA;;;;;NA;;;;;NA;;;;;NA;NA;NA;NA;NA;NA;NA;NA;NA;NA;2001-09-25;;;;check EventStatus and EventData,,,,,,
am123;NA;;;;;2001-09-27;;;;;NA;;;;;NA;;;;;NA;;;;;NA;NA;NA;NA;NA;NA;NA;NA;NA;NA;2001-09-27;;;;check EventStatus and EventData,,,,,,
am125;NA;;;;;2001-10-19;;;;;NA;;;;;NA;;;;;NA;;;;;NA;NA;NA;NA;NA;NA;NA;NA;NA;NA;2001-10-20;;;;check EventStatus and EventData,,,,,,
am126;NA;;;;;2001-10-19;;;;;NA;;;;;NA;;;;;NA;;;;;NA;NA;NA;NA;NA;NA;NA;NA;NA;NA;2001-10-19;;;;check EventStatus and EventData,,,,,,
am127;NA;;;;;2001-10-26;;;;;NA;;;;;NA;;;;;NA;;;;;NA;NA;NA;NA;NA;NA;NA;NA;NA;NA;2001-10-26;;;;check EventStatus and EventData,,,,,,
am128;NA;;;;;2001-11-09;;;;;NA;;;;;NA;;;;;NA;;;;;NA;NA;NA;NA;NA;NA;NA;NA;NA;NA;NA;;;;,,,,,,
am129;NA;;;;;2001-11-13;;;;;NA;;;;;NA;;;;;NA;;;;;NA;NA;NA;NA;NA;NA;NA;NA;NA;NA;2001-11-13;;;;check EventStatus and EventData,,,,,,
am13;NA;;talek;;;1997-06-28;;;;;NA;;;;;NA;;;;;NA;;;;;NA;NA;NA;NA;NA;NA;NA;NA;NA;NA;1997-06-28;dls;fate unknown;;,,,,,,
am130;NA;;;;;2001-11-13;;;;;NA;;;;;NA;;;;;NA;;;;;NA;NA;NA;NA;NA;NA;NA;NA;NA;NA;2001-11-13;;;;check EventStatus and EventData,,,,,,
am131;NA;;;;;2001-11-14;;;;;NA;;;;;NA;;;;;NA;;;;;NA;NA;NA;NA;NA;NA;NA;NA;NA;NA;2001-11-14;;;;check EventStatus and EventData,,,,,,
am132;NA;;;;;2001-11-15;;;;;NA;;;;;NA;;;;;NA;;;;;NA;NA;NA;NA;NA;NA;NA;NA;NA;NA;2001-11-15;;;;check EventStatus and EventData,,,,,,
am133;NA;;;;;2001-11-18;;;;;NA;;;;;NA;;;;;NA;;;;;NA;NA;NA;NA;NA;NA;NA;NA;NA;NA;2001-11-18;;;;check EventStatus and EventData,,,,,,
am134;NA;;;;;2001-11-18;;;;;NA;;;;;NA;;;;;NA;;;;;NA;NA;NA;NA;NA;NA;NA;NA;NA;NA;2001-11-18;;;;check EventStatus and EventData,,,,,,
am135;NA;;;;;2001-11-23;;;;;NA;;;;;NA;;;;;NA;;;;;NA;NA;NA;NA;NA;NA;NA;NA;NA;NA;2001-11-23;;;;check EventStatus and EventData,,,,,,
am136;NA;;;;;2001-12-01;;;;;NA;;;;;NA;;;;;NA;;;;;NA;NA;NA;NA;NA;NA;NA;NA;NA;NA;2001-12-01;;;;check EventStatus and EventData,,,,,,
am137;NA;;;;;2001-12-02;;;;;NA;;;;;NA;;;;;NA;;;;;NA;NA;NA;NA;NA;NA;NA;NA;NA;NA;2002-04-26;;;;check EventStatus and EventData,,,,,,
am138;NA;;;;;2001-12-08;;;;;NA;;;;;NA;;;;;NA;;;;;NA;NA;NA;NA;NA;NA;NA;NA;NA;NA;2001-12-08;;;;check EventStatus and EventData,,,,,,
am139;NA;;;;;2001-12-08;;;;;NA;;;;;NA;;;;;NA;;;;;NA;NA;NA;NA;NA;NA;NA;NA;NA;NA;2001-12-08;;;;check EventStatus and EventData,,,,,,
am14;NA;;talek;;;1997-07-01;;;;;NA;;;;;NA;;;;;NA;;;;;NA;NA;NA;NA;NA;NA;NA;NA;NA;NA;1997-07-01;dls;fate unknown;;,,,,,,
am140;NA;;;;;2001-12-06;;;;;NA;;;;;NA;;;;;NA;;;;;NA;NA;NA;NA;NA;NA;NA;NA;NA;NA;2001-12-06;;;;check EventStatus and EventData,,,,,,
am141;NA;;;;;2001-12-07;;;;;NA;;;;;NA;;;;;NA;;;;;NA;NA;NA;NA;NA;NA;NA;NA;NA;NA;2001-12-07;;;;check EventStatus and EventData,,,,,,
am142;NA;;;;;NA;;;;;NA;;;;;NA;;;;;NA;;;;;NA;NA;NA;NA;NA;NA;NA;NA;NA;NA;NA;;;;,,,,,,
am144;NA;;;;;NA;;;;;NA;;;;;NA;;;;;NA;;;;;NA;NA;NA;NA;NA;NA;NA;NA;NA;NA;NA;;;;,,,,,,
am145;NA;;;;;2002-01-16;;;;;NA;;;;;NA;;;;;NA;;;;;NA;NA;NA;NA;NA;NA;NA;NA;NA;NA;2002-01-16;;;;check EventStatus and EventData,,,,,,
am146;NA;;;;;2002-01-22;;;;;NA;;;;;NA;;;;;NA;;;;;NA;NA;NA;NA;NA;NA;NA;NA;NA;NA;2002-01-22;;;;check EventStatus and EventData,,,,,,
am147;NA;;;;;2002-01-22;;;;;NA;;;;;NA;;;;;NA;;;;;NA;NA;NA;NA;NA;NA;NA;NA;NA;NA;2002-01-22;;;;check EventStatus and EventData,,,,,,
am148;NA;;;;;2002-01-22;;;;;NA;;;;;NA;;;;;NA;;;;;NA;NA;NA;NA;NA;NA;NA;NA;NA;NA;2002-01-22;;;;check EventStatus and EventData,,,,,,
am149;NA;;;;;2002-01-24;;;;;NA;;;;;NA;;;;;NA;;;;;NA;NA;NA;NA;NA;NA;NA;NA;NA;NA;2002-01-24;;;;check EventStatus and EventData,,,,,,
am15;NA;;talek;;;1997-07-20;;;;;NA;;;;;NA;;;;;NA;;;;;NA;NA;NA;NA;NA;NA;NA;NA;NA;NA;1997-07-20;dls;fate unknown;;,,,,,,
am150;NA;;;;;2002-01-29;;;;;NA;;;;;NA;;;;;NA;;;;;NA;NA;NA;NA;NA;NA;NA;NA;NA;NA;2002-01-29;;;;check EventStatus and EventData,,,,,,
am151;NA;;;;;2002-01-27;;;;;NA;;;;;NA;;;;;NA;;;;;NA;NA;NA;NA;NA;NA;NA;NA;NA;NA;2002-01-27;;;;check EventStatus and EventData,,,,,,
am152;NA;;;;;2002-02-23;;;;;NA;;;;;NA;;;;;NA;;;;;NA;NA;NA;NA;NA;NA;NA;NA;NA;NA;2002-02-23;;;;check EventStatus and EventData,,,,,,
am153;NA;;;;;2002-02-27;;;;;NA;;;;;NA;;;;;NA;;;;;NA;NA;NA;NA;NA;NA;NA;NA;NA;NA;2002-02-27;;;;check EventStatus and EventData,,,,,,
am154;NA;;;;;2002-02-28;;;;;NA;;;;;NA;;;;;NA;;;;;NA;NA;NA;NA;NA;NA;NA;NA;NA;NA;2002-09-02;;;;check EventStatus and EventData,,,,,,
am155;NA;;;;;2002-03-06;;;;;NA;;;;;NA;;;;;NA;;;;;NA;NA;NA;NA;NA;NA;NA;NA;NA;NA;2003-07-13;;;;check EventStatus and EventData,,,,,,
am156;NA;;;;;2002-03-07;;;;;NA;;;;;NA;;;;;NA;;;;;NA;NA;NA;NA;NA;NA;NA;NA;NA;NA;2002-03-07;;;;check EventStatus and EventData,,,,,,
am157;NA;;;;;2002-03-07;;;;;NA;;;;;NA;;;;;NA;;;;;NA;NA;NA;NA;NA;NA;NA;NA;NA;NA;2002-03-07;;;;check EventStatus and EventData,,,,,,
am158;NA;;;;;2002-03-15;;;;;NA;;;;;NA;;;;;NA;;;;;NA;NA;NA;NA;NA;NA;NA;NA;NA;NA;2002-03-15;;;;check EventStatus and EventData,,,,,,
am159;NA;;;;;2002-03-18;;;;;NA;;;;;NA;;;;;NA;;;;;NA;NA;NA;NA;NA;NA;NA;NA;NA;NA;2002-03-18;;;;check EventStatus and EventData,,,,,,
am16;NA;;talek;;;1997-07-25;;;;;NA;;;;;NA;;;;;NA;;;;;NA;NA;NA;NA;NA;NA;NA;NA;NA;NA;1997-07-25;dls;fate unknown;;,,,,,,
am160;NA;;;;;2002-03-18;;;;;NA;;;;;NA;;;;;NA;;;;;NA;NA;NA;NA;NA;NA;NA;NA;NA;NA;2002-03-18;;;;check EventStatus and EventData,,,,,,
am161;NA;;;;;2002-03-23;;;;;NA;;;;;NA;;;;;NA;;;;;NA;NA;NA;NA;NA;NA;NA;NA;NA;NA;2002-03-23;;;;check EventStatus and EventData,,,,,,
am162;NA;;;;;2002-03-24;;;;;NA;;;;;NA;;;;;NA;;;;;NA;NA;NA;NA;NA;NA;NA;NA;NA;NA;2002-03-24;;;;check EventStatus and EventData,,,,,,
am163;NA;;;;;2002-03-25;;;;;NA;;;;;NA;;;;;NA;;;;;NA;NA;NA;NA;NA;NA;NA;NA;NA;NA;2002-03-25;;;;check EventStatus and EventData,,,,,,
am164;NA;;;;;2002-03-25;;;;;NA;;;;;NA;;;;;NA;;;;;NA;NA;NA;NA;NA;NA;NA;NA;NA;NA;2002-03-25;;;;check EventStatus and EventData,,,,,,
am165;NA;;;;;2002-03-24;;;;;NA;;;;;NA;;;;;NA;;;;;NA;NA;NA;NA;NA;NA;NA;NA;NA;NA;2002-03-24;;;;check EventStatus and EventData,,,,,,
am166;NA;;;;;2002-04-10;;;;;NA;;;;;NA;;;;;NA;;;;;NA;NA;NA;NA;NA;NA;NA;NA;NA;NA;2002-04-10;;;;check EventStatus and EventData,,,,,,
am167;NA;;;;;2002-04-15;;;;;NA;;;;;NA;;;;;NA;;;;;NA;NA;NA;NA;NA;NA;NA;NA;NA;NA;2002-04-15;;;;check EventStatus and EventData,,,,,,
am168;NA;;;;;2002-04-22;;;;;NA;;;;;NA;;;;;NA;;;;;NA;NA;NA;NA;NA;NA;NA;NA;NA;NA;2002-04-22;;;;check EventStatus and EventData,,,,,,
am169;NA;;;;;2002-05-22;;;;;NA;;;;;NA;;;;;NA;;;;;NA;NA;NA;NA;NA;NA;NA;NA;NA;NA;2002-05-22;;;;check EventStatus and EventData,,,,,,
am17;NA;;talek;;;1997-08-08;;;;;NA;;;;;NA;;;;;NA;;;;;NA;NA;NA;NA;NA;NA;NA;NA;NA;NA;1997-08-08;dls;fate unknown;;,,,,,,
am170;NA;;;;;2002-05-30;;;;;NA;;;;;NA;;;;;NA;;;;;NA;NA;NA;NA;NA;NA;NA;NA;NA;NA;2002-05-30;;;;check EventStatus and EventData,,,,,,
am171;NA;;;;;2002-05-30;;;;;NA;;;;;NA;;;;;NA;;;;;NA;NA;NA;NA;NA;NA;NA;NA;NA;NA;2002-05-30;;;;check EventStatus and EventData,,,,,,
am172;NA;;;;;2002-08-16;;;;;NA;;;;;NA;;;;;NA;;;;;NA;NA;NA;NA;NA;NA;NA;NA;NA;NA;2002-08-16;;;;check EventStatus and EventData,,,,,,
am173;NA;;;;;2002-09-12;;;;;NA;;;;;NA;;;;;NA;;;;;NA;NA;NA;NA;NA;NA;NA;NA;NA;NA;2002-09-20;;;;check EventStatus and EventData,,,,,,
am174;NA;;;;;2002-09-19;;;;;NA;;;;;NA;;;;;NA;;;;;NA;NA;NA;NA;NA;NA;NA;NA;NA;NA;2002-09-19;;;;check EventStatus and EventData,,,,,,
am175;NA;;;;;2002-09-19;;;;;NA;;;;;NA;;;;;NA;;;;;NA;NA;NA;NA;NA;NA;NA;NA;NA;NA;2002-09-19;;;;check EventStatus and EventData,,,,,,
am177;NA;;;;;2002-12-02;;;;;NA;;;;;NA;;;;;NA;;;;;NA;NA;NA;NA;NA;NA;NA;NA;NA;NA;2002-12-02;;;;check EventStatus and EventData,,,,,,
am179;NA;;;;;2003-02-10;;;;;NA;;;;;NA;;;;;NA;;;;;NA;NA;NA;NA;NA;NA;NA;NA;NA;NA;2004-01-06;;;;check EventStatus and EventData,,,,,,
am18;NA;;talek;;;1997-08-08;;;;;NA;;;;;NA;;;;;NA;;;;;NA;NA;NA;NA;NA;NA;NA;NA;NA;NA;1997-08-08;dls;fate unknown;;,,,,,,
am180;NA;;;;;2003-02-12;;;;;NA;;;;;NA;;;;;NA;;;;;NA;NA;NA;NA;NA;NA;NA;NA;NA;NA;2003-02-12;;;;check EventStatus and EventData,,,,,,
am181;NA;;;;;2003-02-12;;;;;NA;;;;;NA;;;;;NA;;;;;NA;NA;NA;NA;NA;NA;NA;NA;NA;NA;2003-02-12;;;;check EventStatus and EventData,,,,,,
am182;NA;;;;;2003-02-06;;;;;NA;;;;;NA;;;;;NA;;;;;NA;NA;NA;NA;NA;NA;NA;NA;NA;NA;2003-02-06;;;;check EventStatus and EventData,,,,,,
am183;NA;;;;;2003-02-06;;;;;NA;;;;;NA;;;;;NA;;;;;NA;NA;NA;NA;NA;NA;NA;NA;NA;NA;2003-02-06;;;;check EventStatus and EventData,,,,,,
am186;NA;;;;;2003-05-09;;;;;NA;;;;;NA;;;;;NA;;;;;NA;NA;NA;NA;NA;NA;NA;NA;NA;NA;2003-05-09;;;;check EventStatus and EventData,,,,,,
am187;NA;;;;;2003-05-09;;;;;NA;;;;;NA;;;;;NA;;;;;NA;NA;NA;NA;NA;NA;NA;NA;NA;NA;2003-05-09;;;;check EventStatus and EventData,,,,,,
am188;NA;;;;;2003-07-02;;;;;NA;;;;;NA;;;;;NA;;;;;NA;NA;NA;NA;NA;NA;NA;NA;NA;NA;2003-07-02;;;;check EventStatus and EventData,,,,,,
am189;NA;;;;;2003-07-12;;;;;NA;;;;;NA;;;;;NA;;;;;NA;NA;NA;NA;NA;NA;NA;NA;NA;NA;2003-07-17;;;;check EventStatus and EventData,,,,,,
am19;NA;;talek;;;1997-08-08;;;;;NA;;;;;NA;;;;;NA;;;;;NA;NA;NA;NA;NA;NA;NA;NA;NA;NA;1997-08-08;dls;fate unknown;;,,,,,,
am190;NA;;;;;2003-07-17;;;;;NA;;;;;NA;;;;;NA;;;;;NA;NA;NA;NA;NA;NA;NA;NA;NA;NA;2003-07-17;;;;check EventStatus and EventData,,,,,,
am191;NA;;;;;2003-07-19;;;;;NA;;;;;NA;;;;;NA;;;;;NA;NA;NA;NA;NA;NA;NA;NA;NA;NA;2003-07-19;;;;check EventStatus and EventData,,,,,,
am194;NA;;;;;2003-08-25;;;;;NA;;;;;NA;;;;;NA;;;;;NA;NA;NA;NA;NA;NA;NA;NA;NA;NA;2004-11-08;;;;check EventStatus and EventData,,,,,,
am195;NA;;;;;2003-09-09;;;;;NA;;;;;NA;;;;;NA;;;;;NA;NA;NA;NA;NA;NA;NA;NA;NA;NA;2003-09-09;;;;check EventStatus and EventData,,,,,,
am196;NA;;;;;2003-09-09;;;;;NA;;;;;NA;;;;;NA;;;;;NA;NA;NA;NA;NA;NA;NA;NA;NA;NA;2003-09-09;;;;check EventStatus and EventData,,,,,,
am197;NA;;;;;2003-09-09;;;;;NA;;;;;NA;;;;;NA;;;;;NA;NA;NA;NA;NA;NA;NA;NA;NA;NA;2003-09-09;;;;check EventStatus and EventData,,,,,,
am198;NA;;;;;2003-09-11;;;;;NA;;;;;NA;;;;;NA;;;;;NA;NA;NA;NA;NA;NA;NA;NA;NA;NA;2003-09-11;;;;check EventStatus and EventData,,,,,,
am20;NA;;talek;;;1997-01-26;;;;;NA;;;;;NA;;;;;NA;;;;;NA;NA;NA;NA;NA;NA;NA;NA;NA;NA;1998-06-26;dls;fate unknown;;,,,,,,
am200;NA;;;;;2003-09-24;;;;;NA;;;;;NA;;;;;NA;;;;;NA;NA;NA;NA;NA;NA;NA;NA;NA;NA;2003-09-24;;;;check EventStatus and EventData,,,,,,
am201;NA;;;;;2003-11-18;;;;;NA;;;;;NA;;;;;NA;;;;;NA;NA;NA;NA;NA;NA;NA;NA;NA;NA;2003-11-18;;;;check EventStatus and EventData,,,,,,
am202;NA;;;;;2003-11-19;;;;;NA;;;;;NA;;;;;NA;;;;;NA;NA;NA;NA;NA;NA;NA;NA;NA;NA;2004-02-18;;;;check EventStatus and EventData,,,,,,
am203;NA;;;;;2003-11-24;;;;;NA;;;;;NA;;;;;NA;;;;;NA;NA;NA;NA;NA;NA;NA;NA;NA;NA;2003-11-24;;;;check EventStatus and EventData,,,,,,
am205;NA;;;;;2004-01-08;;;;;NA;;;;;NA;;;;;NA;;;;;NA;NA;NA;NA;NA;NA;NA;NA;NA;NA;2004-01-08;;;;check EventStatus and EventData,,,,,,
am206;NA;;;;;2004-01-09;;;;;NA;;;;;NA;;;;;NA;;;;;NA;NA;NA;NA;NA;NA;NA;NA;NA;NA;2004-11-30;;;;check EventStatus and EventData,,,,,,
am207;NA;;;;;2004-01-27;;;;;NA;;;;;NA;;;;;NA;;;;;NA;NA;NA;NA;NA;NA;NA;NA;NA;NA;2004-03-09;;;;check EventStatus and EventData,,,,,,
am209;NA;;;;;2004-05-23;;;;;NA;;;;;NA;;;;;NA;;;;;NA;NA;NA;NA;NA;NA;NA;NA;NA;NA;2004-05-23;;;;check EventStatus and EventData,,,,,,
am21;NA;;talek;;;1998-01-22;;;;;NA;;;;;NA;;;;;NA;;;;;NA;NA;NA;NA;NA;NA;NA;NA;NA;NA;1998-01-22;dls;fate unknown;;,,,,,,
am211;NA;;;;;2004-08-03;;;;;NA;;;;;NA;;;;;NA;;;;;NA;NA;NA;NA;NA;NA;NA;NA;NA;NA;2004-08-18;;;;check EventStatus and EventData,,,,,,
am212;NA;;;;;2004-09-08;;;;;NA;;;;;NA;;;;;NA;;;;;NA;NA;NA;NA;NA;NA;NA;NA;NA;NA;2004-09-08;;;;check EventStatus and EventData,,,,,,
am215;NA;;;;;2004-10-04;;;;;NA;;;;;NA;;;;;NA;;;;;NA;NA;NA;NA;NA;NA;NA;NA;NA;NA;2004-10-05;;;;check EventStatus and EventData,,,,,,
am216;NA;;;;;2004-10-13;;;;;NA;;;;;NA;;;;;NA;;;;;NA;NA;NA;NA;NA;NA;NA;NA;NA;NA;2004-10-13;;;;check EventStatus and EventData,,,,,,
am217;NA;;;;;2004-10-25;;;;;NA;;;;;NA;;;;;NA;;;;;NA;NA;NA;NA;NA;NA;NA;NA;NA;NA;2004-11-09;;;;check EventStatus and EventData,,,,,,
am218;NA;;;;;2004-10-25;;;;;NA;;;;;NA;;;;;NA;;;;;NA;NA;NA;NA;NA;NA;NA;NA;NA;NA;2004-10-31;;;;check EventStatus and EventData,,,,,,
am219;NA;;;;;2004-10-27;;;;;NA;;;;;NA;;;;;NA;;;;;NA;NA;NA;NA;NA;NA;NA;NA;NA;NA;2004-10-27;;;;check EventStatus and EventData,,,,,,
am22;NA;;talek;;;1998-02-02;;;;;NA;;;;;NA;;;;;NA;;;;;NA;NA;NA;NA;NA;NA;NA;NA;NA;NA;1998-02-02;dls;fate unknown;;,,,,,,
am220;NA;;;;;2004-10-15;;;;;NA;;;;;NA;;;;;NA;;;;;NA;NA;NA;NA;NA;NA;NA;NA;NA;NA;2005-05-24;;;;check EventStatus and EventData,,,,,,
am221;NA;;;;;2004-10-28;;;;;NA;;;;;NA;;;;;NA;;;;;NA;NA;NA;NA;NA;NA;NA;NA;NA;NA;2004-10-28;;;;check EventStatus and EventData,,,,,,
am222;NA;;;;;2004-10-28;;;;;NA;;;;;NA;;;;;NA;;;;;NA;NA;NA;NA;NA;NA;NA;NA;NA;NA;2004-10-28;;;;check EventStatus and EventData,,,,,,
am223;NA;;;;;2004-10-28;;;;;NA;;;;;NA;;;;;NA;;;;;NA;NA;NA;NA;NA;NA;NA;NA;NA;NA;2004-10-28;;;;check EventStatus and EventData,,,,,,
am224;NA;;;;;2004-11-21;;;;;NA;;;;;NA;;;;;NA;;;;;NA;NA;NA;NA;NA;NA;NA;NA;NA;NA;2004-11-22;;;;check EventStatus and EventData,,,,,,
am225;NA;;;;;2004-11-21;;;;;NA;;;;;NA;;;;;NA;;;;;NA;NA;NA;NA;NA;NA;NA;NA;NA;NA;2004-11-23;;;;check EventStatus and EventData,,,,,,
am226;NA;;;;;2004-12-02;;;;;NA;;;;;NA;;;;;NA;;;;;NA;NA;NA;NA;NA;NA;NA;NA;NA;NA;2004-12-02;;;;check EventStatus and EventData,,,,,,
am228;NA;;;;;2004-12-30;;;;;NA;;;;;NA;;;;;NA;;;;;NA;NA;NA;NA;NA;NA;NA;NA;NA;NA;2005-06-05;;;;check EventStatus and EventData,,,,,,
am229;NA;;;;;2005-01-06;;;;;NA;;;;;NA;;;;;NA;;;;;NA;NA;NA;NA;NA;NA;NA;NA;NA;NA;2005-02-08;;;;check EventStatus and EventData,,,,,,
am23;NA;;talek;;;1998-02-05;;;;;NA;;;;;NA;;;;;NA;;;;;NA;NA;NA;NA;NA;NA;NA;NA;NA;NA;1998-02-05;dls;fate unknown;;,,,,,,
am230;NA;;;;;2005-01-10;;;;;NA;;;;;NA;;;;;NA;;;;;NA;NA;NA;NA;NA;NA;NA;NA;NA;NA;2005-08-07;;;;check EventStatus and EventData,,,,,,
am235;NA;;;;;2005-08-05;;;;;NA;;;;;NA;;;;;NA;;;;;NA;NA;NA;NA;NA;NA;NA;NA;NA;NA;2005-08-05;;;;check EventStatus and EventData,,,,,,
am24;NA;;talek;;;1998-07-09;;;;;NA;;;;;NA;;;;;NA;;;;;NA;NA;NA;NA;NA;NA;NA;NA;NA;NA;1998-07-09;dls;fate unknown;;,,,,,,
am25;NA;;talek;;;1998-08-20;;;;;NA;;;;;NA;;;;;NA;;;;;NA;NA;NA;NA;NA;NA;NA;NA;NA;NA;1998-08-22;dls;fate unknown;;,,,,,,
am26;NA;;talek;;;1998-09-09;;;;;NA;;;;;NA;;;;;NA;;;;;NA;NA;NA;NA;NA;NA;NA;NA;NA;NA;1998-09-09;dls;fate unknown;;,,,,,,
am27;NA;;talek;;;1998-09-09;;;;;NA;;;;;NA;;;;;NA;;;;;NA;NA;NA;NA;NA;NA;NA;NA;NA;NA;1998-09-09;dls;fate unknown;;,,,,,,
am279;NA;;unknown;;;2007-01-24;;;;;NA;;;;;NA;;;;;NA;;;;;NA;NA;NA;NA;NA;NA;NA;NA;NA;NA;NA;;;;,,,,,,
am28;NA;;talek;;;1998-09-09;;;;;NA;;;;;NA;;;;;NA;;;;;NA;NA;NA;NA;NA;NA;NA;NA;NA;NA;1998-09-09;dls;fate unknown;;,,,,,,
am280;NA;;unknown;;;2007-01-29;;;;;NA;;;;;NA;;;;;NA;;;;;NA;NA;NA;NA;NA;NA;NA;NA;NA;NA;NA;;;;,,,,,,
am282;NA;;unknown;;;2007-03-23;;;;;NA;;;;;NA;;;;;NA;;;;;NA;NA;NA;NA;NA;NA;NA;NA;NA;NA;NA;;;;,,,,,,
am283;NA;;unknown;;;2007-03-24;;;;;NA;;;;;NA;;;;;NA;;;;;NA;NA;NA;NA;NA;NA;NA;NA;NA;NA;NA;;;;,,,,,,
am285;NA;;unknown;;;2007-04-27;;;;;NA;;;;;NA;;;;;NA;;;;;NA;NA;NA;NA;NA;NA;NA;NA;NA;NA;NA;;;;,,,,,,
am286;NA;;unknown;;;2007-04-28;;;;;NA;;;;;NA;;;;;NA;;;;;NA;NA;NA;NA;NA;NA;NA;NA;NA;NA;NA;;;;,,,,,,
am287;NA;;unknown;;;2007-04-29;;;;;NA;;;;;NA;;;;;NA;;;;;NA;NA;NA;NA;NA;NA;NA;NA;NA;NA;NA;;;;,,,,,,
am288;NA;;unknown;;;2007-04-30;;;;;NA;;;;;NA;;;;;NA;;;;;NA;NA;NA;NA;NA;NA;NA;NA;NA;NA;NA;;;;,,,,,,
am289;NA;;unknown;;;2007-05-01;;;;;NA;;;;;NA;;;;;NA;;;;;NA;NA;NA;NA;NA;NA;NA;NA;NA;NA;NA;;;;,,,,,,
am29;NA;;talek;;;1998-09-10;;;;;NA;;;;;NA;;;;;NA;;;;;NA;NA;NA;NA;NA;NA;NA;NA;NA;NA;1998-09-10;dls;fate unknown;;,,,,,,
am291;NA;;unknown;;;2007-05-03;;;;;NA;;;;;NA;;;;;NA;;;;;NA;NA;NA;NA;NA;NA;NA;NA;NA;NA;NA;;;;,,,,,,
am292;NA;;unknown;;;2007-05-09;;;;;NA;;;;;NA;;;;;NA;;;;;NA;NA;NA;NA;NA;NA;NA;NA;NA;NA;NA;;;;,,,,,,
am293;NA;;unknown;;;2007-11-15;;;;;NA;;;;;NA;;;;;NA;;;;;NA;NA;NA;NA;NA;NA;NA;NA;NA;NA;NA;;;;,,,,,,
am2a;NA;;talek;;;1998-06-13;;;;;NA;;;;;NA;;;;;NA;;;;;NA;NA;NA;NA;NA;NA;NA;NA;NA;NA;1998-06-13;dls;fate unknown;;,,,,,,
am2b;NA;;talek;;;1998-06-24;;;;;NA;;;;;NA;;;;;NA;;;;;NA;NA;NA;NA;NA;NA;NA;NA;NA;NA;1998-06-24;dls;fate unknown;;,,,,,,
am30;NA;;talek;;;1998-09-10;;;;;NA;;;;;NA;;;;;NA;;;;;NA;NA;NA;NA;NA;NA;NA;NA;NA;NA;1998-09-10;dls;fate unknown;;,,,,,,
am305;NA;;unknown;;;2008-10-25;;;;;NA;;;;;NA;;;;;NA;;;;;NA;NA;NA;NA;NA;NA;NA;NA;NA;NA;NA;;;;,,,,,,
am306;NA;;;;;2008-10-26;;;;;NA;;;;;NA;;;;;NA;;;;;NA;NA;NA;NA;NA;NA;NA;NA;NA;NA;2008-10-26;;;;check EventStatus and EventData,,,,,,
am31;NA;;talek;;;1998-09-10;;;;;NA;;;;;NA;;;;;NA;;;;;NA;NA;NA;NA;NA;NA;NA;NA;NA;NA;1998-09-10;dls;fate unknown;;,,,,,,
am311;NA;;unknown;;;2008-11-07;;;;;NA;;;;;NA;;;;;NA;;;;;NA;NA;NA;NA;NA;NA;NA;NA;NA;NA;NA;;;;,,,,,,
am312;NA;;unknown;;;2008-12-05;;;;;NA;;;;;NA;;;;;NA;;;;;NA;NA;NA;NA;NA;NA;NA;NA;NA;NA;NA;;;;,,,,,,
am32;NA;;talek;;;1998-09-11;;;;;NA;;;;;NA;;;;;NA;;;;;NA;NA;NA;NA;NA;NA;NA;NA;NA;NA;1998-09-11;dls;fate unknown;;,,,,,,
am33;NA;;talek;;;1998-10-01;;;;;NA;;;;;NA;;;;;NA;;;;;NA;NA;NA;NA;NA;NA;NA;NA;NA;NA;1998-10-01;dls;fate unknown;;,,,,,,
am330;NA;;unknown;;;2009-07-20;;;;;NA;;;;;NA;;;;;NA;;;;;NA;NA;NA;NA;NA;NA;NA;NA;NA;NA;NA;;;;,,,,,,
am334;NA;;unknown;;;NA;;;;;NA;;;;;NA;;;;;NA;;;;;NA;NA;NA;NA;NA;NA;NA;NA;NA;NA;NA;;;;,,,,,,
am335;NA;;unknown;;;2009-10-05;;;;;NA;;;;;NA;;;;;NA;;;;;NA;NA;NA;NA;NA;NA;NA;NA;NA;NA;NA;;;;,,,,,,
am336;NA;;unknown;;;2009-09-17;;;;;NA;;;;;NA;;;;;NA;;;;;NA;NA;NA;NA;NA;NA;NA;NA;NA;NA;NA;;;;,,,,,,
am34;NA;;talek;;;1998-10-12;;;;;NA;;;;;NA;;;;;NA;;;;;NA;NA;NA;NA;NA;NA;NA;NA;NA;NA;1998-10-12;dls;fate unknown;;,,,,,,
am35;NA;;talek;;;1998-10-22;;;;;NA;;;;;NA;;;;;NA;;;;;NA;NA;NA;NA;NA;NA;NA;NA;NA;NA;1998-10-22;dls;fate unknown;;,,,,,,
am36;NA;;talek;;;1998-10-23;;;;;NA;;;;;NA;;;;;NA;;;;;NA;NA;NA;NA;NA;NA;NA;NA;NA;NA;1998-10-23;dls;fate unknown;;,,,,,,
am37;NA;;talek;;;1998-10-27;;;;;NA;;;;;NA;;;;;NA;;;;;NA;NA;NA;NA;NA;NA;NA;NA;NA;NA;1998-10-27;dls;fate unknown;;,,,,,,
am38;NA;;talek;;;1998-11-06;;;;;NA;;;;;NA;;;;;NA;;;;;NA;NA;NA;NA;NA;NA;NA;NA;NA;NA;1998-11-11;dls;fate unknown;;,,,,,,
am39;NA;;talek;;;1998-12-01;;;;;NA;;;;;NA;;;;;NA;;;;;NA;NA;NA;NA;NA;NA;NA;NA;NA;NA;1998-12-01;dls;fate unknown;;,,,,,,
am40;NA;;talek;;;1998-11-29;;;;;NA;;;;;NA;;;;;NA;;;;;NA;NA;NA;NA;NA;NA;NA;NA;NA;NA;1998-11-29;dls;fate unknown;;,,,,,,
am41;NA;;talek;;;1998-12-02;;;;;NA;;;;;NA;;;;;NA;;;;;NA;NA;NA;NA;NA;NA;NA;NA;NA;NA;1998-12-02;dls;fate unknown;;,,,,,,
am42;NA;;talek;;;1998-12-08;;;;;NA;;;;;NA;;;;;NA;;;;;NA;NA;NA;NA;NA;NA;NA;NA;NA;NA;1998-12-08;dls;fate unknown;;,,,,,,
am43;NA;;talek;;;1998-12-10;;;;;NA;;;;;NA;;;;;NA;;;;;NA;NA;NA;NA;NA;NA;NA;NA;NA;NA;1999-01-10;dls;fate unknown;;,,,,,,
am45;NA;;talek;;;1998-12-31;;;;;NA;;;;;NA;;;;;NA;;;;;NA;NA;NA;NA;NA;NA;NA;NA;NA;NA;1998-12-31;dls;fate unknown;;,,,,,,
am46;NA;;talek;;;1999-01-04;;;;;NA;;;;;NA;;;;;NA;;;;;NA;NA;NA;NA;NA;NA;NA;NA;NA;NA;1999-01-04;dls;fate unknown;;,,,,,,
am47;NA;;talek;;;1999-01-27;;;;;NA;;;;;NA;;;;;NA;;;;;NA;NA;NA;NA;NA;NA;NA;NA;NA;NA;1999-01-27;dls;fate unknown;;,,,,,,
am49;NA;;talek;;;1999-02-13;;;;;NA;;;;;NA;;;;;NA;;;;;NA;NA;NA;NA;NA;NA;NA;NA;NA;NA;1999-02-13;dls;fate unknown;;,,,,,,
am51;NA;;talek;;;1999-02-15;;;;;NA;;;;;NA;;;;;NA;;;;;NA;NA;NA;NA;NA;NA;NA;NA;NA;NA;1999-02-15;dls;fate unknown;;,,,,,,
am52;NA;;talek;;;1999-04-20;;;;;NA;;;;;NA;;;;;NA;;;;;NA;NA;NA;NA;NA;NA;NA;NA;NA;NA;1999-04-20;dls;fate unknown;;,,,,,,
am53;NA;;talek;;;1999-08-09;;;;;NA;;;;;NA;;;;;NA;;;;;NA;NA;NA;NA;NA;NA;NA;NA;NA;NA;1999-09-04;dls;dispersed;;,,,,,,
am54;NA;;;;;1999-08-14;;;;;NA;;;;;NA;;;;;NA;;;;;NA;NA;NA;NA;NA;NA;NA;NA;NA;NA;1999-08-18;;;;check EventStatus and EventData,,,,,,
am55;NA;;talek;;;1999-08-17;;;;;NA;;;;;NA;;;;;NA;;;;;NA;NA;NA;NA;NA;NA;NA;NA;NA;NA;1999-08-17;dls;dispersed;;,,,,,,
am56;NA;;talek;;;1999-08-28;;;;;NA;;;;;NA;;;;;NA;;;;;NA;NA;NA;NA;NA;NA;NA;NA;NA;NA;1999-08-28;dls;dispersed;;,,,,,,
am57;NA;;talek;;;1999-08-28;;;;;NA;;;;;NA;;;;;NA;;;;;NA;NA;NA;NA;NA;NA;NA;NA;NA;NA;1999-08-28;dls;dispersed;;,,,,,,
am58;NA;;;;;1999-09-10;;;;;NA;;;;;NA;;;;;NA;;;;;NA;NA;NA;NA;NA;NA;NA;NA;NA;NA;1999-10-26;;;;check EventStatus and EventData,,,,,,
am59;NA;;;;;1999-09-28;;;;;NA;;;;;NA;;;;;NA;;;;;NA;NA;NA;NA;NA;NA;NA;NA;NA;NA;1999-09-28;;;;check EventStatus and EventData,,,,,,
am5a;NA;;talek;;;1995-12-02;;;;;NA;;;;;NA;;;;;NA;;;;;NA;NA;NA;NA;NA;NA;NA;NA;NA;NA;1995-12-02;dls;fate unknown;;,,,,,,
am60;NA;;;;;1999-09-29;;;;;NA;;;;;NA;;;;;NA;;;;;NA;NA;NA;NA;NA;NA;NA;NA;NA;NA;1999-09-29;;;;check EventStatus and EventData,,,,,,
am61;NA;;;;;1999-10-26;;;;;NA;;;;;NA;;;;;NA;;;;;NA;NA;NA;NA;NA;NA;NA;NA;NA;NA;1999-10-26;;;;check EventStatus and EventData,,,,,,
am62;NA;;;;;1999-11-25;;;;;NA;;;;;NA;;;;;NA;;;;;NA;NA;NA;NA;NA;NA;NA;NA;NA;NA;1999-11-25;;;;check EventStatus and EventData,,,,,,
am63;NA;;;;;1999-12-04;;;;;NA;;;;;NA;;;;;NA;;;;;NA;NA;NA;NA;NA;NA;NA;NA;NA;NA;1999-12-13;;;;check EventStatus and EventData,,,,,,
am65;NA;;;;;1999-11-26;;;;;NA;;;;;NA;;;;;NA;;;;;NA;NA;NA;NA;NA;NA;NA;NA;NA;NA;1999-12-06;;;;check EventStatus and EventData,,,,,,
am66;NA;;;;;1999-12-10;;;;;NA;;;;;NA;;;;;NA;;;;;NA;NA;NA;NA;NA;NA;NA;NA;NA;NA;1999-12-17;;;;check EventStatus and EventData,,,,,,
am67;NA;;;;;2000-01-08;;;;;NA;;;;;NA;;;;;NA;;;;;NA;NA;NA;NA;NA;NA;NA;NA;NA;NA;2000-01-08;;;;check EventStatus and EventData,,,,,,
am68;NA;;;;;2000-02-19;;;;;NA;;;;;NA;;;;;NA;;;;;NA;NA;NA;NA;NA;NA;NA;NA;NA;NA;2000-02-19;;;;check EventStatus and EventData,,,,,,
am69;NA;;;;;2000-04-03;;;;;NA;;;;;NA;;;;;NA;;;;;NA;NA;NA;NA;NA;NA;NA;NA;NA;NA;2000-04-03;;;;check EventStatus and EventData,,,,,,
am71;NA;;;;;2000-07-06;;;;;NA;;;;;NA;;;;;NA;;;;;NA;NA;NA;NA;NA;NA;NA;NA;NA;NA;2000-07-06;;;;check EventStatus and EventData,,,,,,
am72;NA;;;;;2000-07-06;;;;;NA;;;;;NA;;;;;NA;;;;;NA;NA;NA;NA;NA;NA;NA;NA;NA;NA;2000-07-06;;;;check EventStatus and EventData,,,,,,
am73;NA;;;;;2000-07-06;;;;;NA;;;;;NA;;;;;NA;;;;;NA;NA;NA;NA;NA;NA;NA;NA;NA;NA;2000-07-06;;;;check EventStatus and EventData,,,,,,
am74;NA;;;;;2000-07-07;;;;;NA;;;;;NA;;;;;NA;;;;;NA;NA;NA;NA;NA;NA;NA;NA;NA;NA;2000-07-07;;;;check EventStatus and EventData,,,,,,
am75;NA;;;;;2000-10-13;;;;;NA;;;;;NA;;;;;NA;;;;;NA;NA;NA;NA;NA;NA;NA;NA;NA;NA;2000-10-13;;;;check EventStatus and EventData,,,,,,
am76;NA;;;;;2000-10-21;;;;;NA;;;;;NA;;;;;NA;;;;;NA;NA;NA;NA;NA;NA;NA;NA;NA;NA;2000-10-21;;;;check EventStatus and EventData,,,,,,
am77;NA;;;;;2000-10-22;;;;;NA;;;;;NA;;;;;NA;;;;;NA;NA;NA;NA;NA;NA;NA;NA;NA;NA;2000-10-22;;;;check EventStatus and EventData,,,,,,
am78;NA;;;;;2000-10-22;;;;;NA;;;;;NA;;;;;NA;;;;;NA;NA;NA;NA;NA;NA;NA;NA;NA;NA;2000-10-31;;;;check EventStatus and EventData,,,,,,
am79;NA;;;;;2000-12-05;;;;;NA;;;;;NA;;;;;NA;;;;;NA;NA;NA;NA;NA;NA;NA;NA;NA;NA;2000-12-05;;;;check EventStatus and EventData,,,,,,
am80;NA;;;;;2000-12-11;;;;;NA;;;;;NA;;;;;NA;;;;;NA;NA;NA;NA;NA;NA;NA;NA;NA;NA;2000-12-11;;;;check EventStatus and EventData,,,,,,
am81;NA;;;;;2000-12-11;;;;;NA;;;;;NA;;;;;NA;;;;;NA;NA;NA;NA;NA;NA;NA;NA;NA;NA;2000-12-11;;;;check EventStatus and EventData,,,,,,
am82;NA;;;;;2001-02-05;;;;;NA;;;;;NA;;;;;NA;;;;;NA;NA;NA;NA;NA;NA;NA;NA;NA;NA;2001-02-05;;;;check EventStatus and EventData,,,,,,
am84;NA;;;;;2001-02-12;;;;;NA;;;;;NA;;;;;NA;;;;;NA;NA;NA;NA;NA;NA;NA;NA;NA;NA;2001-02-12;;;;check EventStatus and EventData,,,,,,
am85;NA;;;;;2001-02-15;;;;;NA;;;;;NA;;;;;NA;;;;;NA;NA;NA;NA;NA;NA;NA;NA;NA;NA;2001-02-15;;;;check EventStatus and EventData,,,,,,
am86;NA;;;;;2001-02-22;;;;;NA;;;;;NA;;;;;NA;;;;;NA;NA;NA;NA;NA;NA;NA;NA;NA;NA;2001-05-15;;;;check EventStatus and EventData,,,,,,
am87;NA;;;;;2001-02-25;;;;;NA;;;;;NA;;;;;NA;;;;;NA;NA;NA;NA;NA;NA;NA;NA;NA;NA;2001-02-25;;;;check EventStatus and EventData,,,,,,
am88;NA;;;;;2001-02-26;;;;;NA;;;;;NA;;;;;NA;;;;;NA;NA;NA;NA;NA;NA;NA;NA;NA;NA;2001-02-26;;;;check EventStatus and EventData,,,,,,
am89;NA;;;;;2001-02-27;;;;;NA;;;;;NA;;;;;NA;;;;;NA;NA;NA;NA;NA;NA;NA;NA;NA;NA;2001-02-27;;;;check EventStatus and EventData,,,,,,
am90;NA;;;;;2001-03-10;;;;;NA;;;;;NA;;;;;NA;;;;;NA;NA;NA;NA;NA;NA;NA;NA;NA;NA;2001-03-10;;;;check EventStatus and EventData,,,,,,
am91;NA;;;;;2001-03-10;;;;;NA;;;;;NA;;;;;NA;;;;;NA;NA;NA;NA;NA;NA;NA;NA;NA;NA;2001-03-10;;;;check EventStatus and EventData,,,,,,
am92;NA;;;;;2001-03-13;;;;;NA;;;;;NA;;;;;NA;;;;;NA;NA;NA;NA;NA;NA;NA;NA;NA;NA;2001-03-13;;;;check EventStatus and EventData,,,,,,
am93;NA;;;;;2001-03-18;;;;;NA;;;;;NA;;;;;NA;;;;;NA;NA;NA;NA;NA;NA;NA;NA;NA;NA;2001-03-18;;;;check EventStatus and EventData,,,,,,
am94;NA;;;;;2001-03-20;;;;;NA;;;;;NA;;;;;NA;;;;;NA;NA;NA;NA;NA;NA;NA;NA;NA;NA;2001-03-20;;;;check EventStatus and EventData,,,,,,
am95;NA;;;;;2001-03-22;;;;;NA;;;;;NA;;;;;NA;;;;;NA;NA;NA;NA;NA;NA;NA;NA;NA;NA;2001-03-22;;;;check EventStatus and EventData,,,,,,
am96;NA;;;;;2001-03-25;;;;;NA;;;;;NA;;;;;NA;;;;;NA;NA;NA;NA;NA;NA;NA;NA;NA;NA;2001-03-25;;;;check EventStatus and EventData,,,,,,
am97;NA;;;;;2001-03-28;;;;;NA;;;;;NA;;;;;NA;;;;;NA;NA;NA;NA;NA;NA;NA;NA;NA;NA;2001-03-28;;;;check EventStatus and EventData,,,,,,
am98;NA;;;;;2001-04-15;;;;;NA;;;;;NA;;;;;NA;;;;;NA;NA;NA;NA;NA;NA;NA;NA;NA;NA;2001-04-15;;;;check EventStatus and EventData,,,,,,
am99;NA;;;;;2001-04-16;;;;;NA;;;;;NA;;;;;NA;;;;;NA;NA;NA;NA;NA;NA;NA;NA;NA;NA;2001-04-16;;;;check EventStatus and EventData,,,,,,
ama;2004-09-20;;airstrip;;;2004-10-20;;;;;NA;;;;;NA;;;;;NA;;;;;NA;NA;NA;NA;NA;NA;NA;NA;NA;NA;NA;;;;,,,,,,
amar;1995-01-25;;talek;;;1995-01-31;;;;;1995-10-24;;;0.5;;1996-07-15;;;;;2002-05-01;fission;talek.e;;;NA;NA;NA;NA;NA;NA;NA;NA;NA;NA;2003-06-13;dls;inferred dead;;,,,,,,
amaz;2009-02-15;;talek;;;2009-06-03;;;;;2009-11-19;;;5.5;;2009-09-29;;;15;;2016-05-01;fission;talek;;;NA;NA;NA;NA;NA;NA;NA;NA;NA;NA;NA;dls;;;,,,,,,
amb;NA;;amboselia;;;2003-08-05;;;;;NA;;;;;NA;;;;;NA;;;;;NA;NA;NA;NA;NA;NA;NA;NA;NA;NA;2005-07-08;;;;check EventStatus and EventData,,,,,,
ambe;2003-04-14;;oltukai;;;2003-08-05;;;;;NA;;;;;NA;;;;;NA;;;;;NA;NA;NA;NA;NA;NA;NA;NA;NA;NA;NA;;;;,,,,,,
ambl;2009-06-15;;mara.river;;;NA;;;;;NA;;;;;NA;;;;;NA;;;;;NA;NA;NA;NA;NA;NA;NA;NA;NA;NA;NA;dls;;;,,,,,,
amh;2009-07-19;;talek;;;2009-08-06;;;;;NA;dbg;;;;NA;dbw;;;;NA;;;;;NA;NA;NA;NA;NA;NA;NA;NA;NA;NA;2010-04-15;dls;inferred dead;;,,,,,,
amn;2021-09-18;;serena.s;;;2021-10-28;;;;;NA;;;;;NA;;;;;NA;;;;;NA;NA;NA;NA;NA;NA;NA;NA;NA;NA;2022-02-09;dls;;;,,,,,,
amoe;NA;;lakeview;;;2003-08-17;;;;;NA;;;;;NA;;;;;NA;;;;;NA;NA;NA;NA;NA;NA;NA;NA;NA;NA;2003-08-17;;;;check EventStatus and EventData,,,,,,
amon;2005-05-04;;airstrip;;;2005-05-06;;;;;NA;;;;;NA;dbw;;;;NA;;;;;NA;NA;NA;NA;NA;NA;NA;NA;NA;NA;2005-06-26;dls;;;,,,,,,
amor;2019-09-28;;serena.n;;;2019-10-25;;;;;2020-09-28;error;;17;Cub automatically den graduated based on birthdate, error term skewed due to pandemic;NA;;;;;NA;;;;;NA;NA;NA;NA;NA;NA;NA;NA;NA;NA;2021-03-18;dls;;;,,,,,
amrl;2016-05-07;;serena.s;;;2016-07-16;;;;;2017-02-22;;;;DenGrad info not in table, instead taken from tblHyenas;2017-06-24;;;2.5;;NA;;;;;NA;NA;NA;NA;NA;NA;NA;NA;NA;NA;2018-03-12;dls;;;,,,,,
ams;NA;;serena.n;;;2010-10-20;;;;;NA;;;;;NA;;;;;NA;;;;;NA;NA;NA;NA;NA;NA;NA;NA;NA;NA;2015-10-31;dls;fate unknown;;,,,,,,
amta;2015-01-31;;happy.zebra;;;2015-03-12;;;;;NA;;;;;NA;dbw;;;;NA;;;;;NA;NA;NA;NA;NA;NA;NA;NA;NA;NA;2015-06-28;dead; pike killed amanita, there is video of the kill;;,,,,,
ana;2012-12-02;;serena.n;;;2012-12-27;;;;;2013-06-26;;;;DenGrad info not in table, instead taken from tblHyenas;2013-11-05;;;;;NA;;;;;NA;NA;NA;NA;NA;NA;NA;NA;NA;NA;NA;dls;;;,,,,,
anan;2022-03-02;;cool.beans;;;2022-05-23;;;;;NA;;;;;NA;;;;;NA;;;;;NA;NA;NA;NA;NA;NA;NA;NA;NA;NA;NA;;;;,,,,,,
anc;NA;;talek;;;1991-05-09;;;;;NA;;;;;NA;;;;;NA;;;;;NA;NA;NA;NA;NA;NA;NA;NA;NA;NA;1991-05-09;dls;fate unknown;;,,,,,,
and;NA;;talek;;;1986-09-25;;;;;NA;;;;;NA;;;;;NA;;;;;NA;NA;NA;NA;NA;NA;NA;NA;NA;NA;1989-01-28;dls;dispersed;;,,,,,,
anda;2019-08-16;;talek;;;2019-09-20;;;;;2020-08-16;error;;29.5;Graduated based on DOB;NA;;;;;NA;;;;;NA;NA;NA;NA;NA;NA;NA;NA;NA;NA;2021-03-26;dls;;;,,,,,,
ande;2013-09-26;;talek;;;2013-11-07;;;;;NA;dbg;;;;NA;dbw;;;;NA;;;;;NA;NA;NA;NA;NA;NA;NA;NA;NA;NA;2013-11-14;dls;inferred dead;;,,,,,,
andi;2018-10-09;;pond;;;2018-11-12;;;;;NA;;;;;NA;;;;;NA;;;;;NA;NA;NA;NA;NA;NA;NA;NA;NA;NA;2019-06-13;dls;;;,,,,,,
ando;2013-02-16;;happy.zebra;;;2013-03-11;;;;;2013-10-06;;;;DenGrad info not in table, instead taken from tblHyenas;2013-09-27;;;12;;NA;;;;;NA;NA;NA;NA;NA;NA;NA;NA;NA;NA;NA;dls;;;,,,,,
andr;2002-03-08;;talek;;;2002-04-26;;;;;2002-11-10;;;3;;2002-12-08;;;2.5;;NA;;;;;NA;NA;NA;NA;NA;NA;NA;NA;NA;NA;2002-12-18;dls;inferred dead;;,,,,,,
ang;NA;;talek;;;1996-11-12;;;;;NA;;;;;NA;;;;;NA;;;;;NA;NA;NA;NA;NA;NA;NA;NA;NA;NA;1996-11-12;dls;fate unknown;;,,,,,,
ange;2016-12-12;;pond;;;2017-03-13;;;;;2017-09-23;;;;DenGrad info not in table, instead taken from tblHyenas;2017-09-24;;;11.5;;NA;;;;;NA;NA;NA;NA;NA;NA;NA;NA;NA;NA;2018-02-26;dls;;;,,,,,
angi;NA;;serena.n;;;2008-07-25;;;;;NA;;;;;NA;;;;;NA;;;;;NA;NA;NA;NA;NA;NA;NA;NA;NA;NA;2017-01-26;dls;;;,,,,,,
angk;2010-10-09;;serena.n;;;2010-11-06;;;;;2011-10-09;;;;DenGrad info not in table, instead taken from tblHyenas;2011-08-06;;;;;NA;;;;;NA;NA;NA;NA;NA;NA;NA;NA;NA;NA;2011-08-26;dls;;;,,,,,
ani;1999-11-17;;talek;;;1999-12-05;;;;;2000-07-03;;;0.5;;2000-08-28;;;3;;NA;;;;;NA;NA;NA;NA;NA;NA;NA;NA;NA;NA;2001-05-11;dls;inferred dead;;,,,,,,
anne;2020-10-15;;happy.zebra;;Age estimated as the cub was too old to accurately tell when we found it;2021-05-29;;;;;2021-10-15;error;;16.5;Cub automatically den graduated based on birthdate;NA;;;;;NA;;;;;NA;NA;NA;NA;NA;NA;NA;NA;NA;NA;NA;;;;,,,,,,
annr;NA;;happy.zebra;;;2012-10-18;;;;;NA;;;;;NA;;;;;NA;;;;;NA;NA;NA;NA;NA;NA;NA;NA;NA;NA;2015-07-21;dls;;;,,,,,,
ant;NA;;talek;;;2012-01-06;;;;;NA;;;;;NA;;;;;NA;;;;;NA;NA;NA;NA;NA;NA;NA;NA;NA;NA;2012-02-26;dls;inferred dead;;,,,,,,
anth;2009-11-30;;happy.zebra;;;2009-12-24;;;;;NA;;;;;NA;;;;;NA;;;;;NA;NA;NA;NA;NA;NA;NA;NA;NA;NA;2010-06-27;dls;;;,,,,,,
antj;2013-10-22;;serena.n;;;2013-11-28;;;;;2014-06-10;;;;DenGrad info not in table, instead taken from tblHyenas;2014-09-12;;;2.5;;NA;;;;;NA;NA;NA;NA;NA;NA;NA;NA;NA;NA;2017-05-21;dls;;;,,,,,
anub;2016-01-25;;serena.s;;;2016-06-25;;;;;2017-02-22;;;;DenGrad info not in table, instead taken from tblHyenas;NA;;;;;2019-10-16;dispersal;serena.n;;;NA;NA;NA;NA;NA;NA;NA;NA;NA;NA;NA;dls;;;,,,,,
ao;NA;;happy.zebra;;;2008-06-24;;;;;NA;;;;;NA;;;;;NA;;;;;NA;NA;NA;NA;NA;NA;NA;NA;NA;NA;2012-06-17;dls;fate unknown;;check EventStatus and EventData,,,,,,
ap;1988-06-15;;talek;;;1988-07-11;;;;;1989-01-15;;;1.5;;1989-08-07;;;;;1993-06-16;dispersal;unknown;;;NA;NA;NA;NA;NA;NA;NA;NA;NA;NA;1995-07-02;dead;inferred dead;;collar found, death inferred presumably by state of collar, but SSS cannot find the notes where the collar is mentioned,,,,
api;NA;;talek;;;1997-01-26;;;;;NA;;;;;NA;;;;;NA;;;;;NA;NA;NA;NA;NA;NA;NA;NA;NA;NA;1997-01-26;dls;fate unknown;;,,,,,,
apl;NA;;happy.zebra;;;2008-06-23;;;;;NA;;;;;NA;;;;;NA;;;;;NA;NA;NA;NA;NA;NA;NA;NA;NA;NA;2020-10-01;dls;fate unknown;;,,,,,,
app;2015-10-06;;serena.n;;;2015-12-01;;;;;2016-07-27;;;;DenGrad info not in table, instead taken from tblHyenas;2016-09-25;;;12;;NA;;;;;NA;NA;NA;NA;NA;NA;NA;NA;NA;NA;2016-10-07;dls;;;,,,,,
aprl;2006-04-30;;fig.tree;;;2007-05-06;;;;;NA;;;;;NA;;;;;NA;;;;;NA;NA;NA;NA;NA;NA;NA;NA;NA;NA;2007-06-18;dls;unknown;;,,,,,,
apu;2004-12-03;;mara.river;;;2005-02-09;;;;;NA;;;;;NA;;;;;NA;;;;;NA;NA;NA;NA;NA;NA;NA;NA;NA;NA;2005-12-31;dls;inferred dead;;,,,,,,
aq;1992-04-07;;talek;;;1992-05-11;;;;;NA;;;;;NA;;;;;NA;;;;;NA;NA;NA;NA;NA;NA;NA;NA;NA;NA;1992-12-09;dead;;;,,,,,,
aqua;2006-04-17;;talek;;;2006-06-07;;;;;2006-12-01;;;0;;2006-11-08;;;2;;2016-05-01;fission;pond;;;NA;NA;NA;NA;NA;NA;NA;NA;NA;NA;2021-06-14;dls;;;,,,,,,
aran;2005-11-16;;mara.river;;;2005-11-23;;;;;NA;;;;;NA;;;;;NA;;;;;NA;NA;NA;NA;NA;NA;NA;NA;NA;NA;2006-03-24;dead;;;,,,,,,
arb;NA;;mara.river;;;2002-01-18;;;;;NA;;;;;NA;;;;;NA;;;;;NA;NA;NA;NA;NA;NA;NA;NA;NA;NA;2002-01-18;dls;;;,,,,,,
arba;2011-09-26;;happy.zebra;;;2011-10-17;;;;;2012-07-26;;;;DenGrad info not in table, instead taken from tblHyenas;2012-10-03;;;1.5;;NA;;;;;NA;NA;NA;NA;NA;NA;NA;NA;NA;NA;2017-01-14;dls;;;,,,,,
arby;2017-04-25;;kcm;;;2017-10-25;;;;;2018-01-14;;;;DenGrad info not in table, instead taken from tblHyenas;NA;;;;;NA;;;;;NA;NA;NA;NA;NA;NA;NA;NA;NA;NA;2019-02-07;dls;;;,,,,,
arc;NA;;happy.zebra;;;2008-06-24;;;;;NA;;;;;NA;;;;;NA;;;;;NA;NA;NA;NA;NA;NA;NA;NA;NA;NA;2009-11-03;dls;fate unknown;;,,,,,,
arch;2020-12-23;;happy.zebra;;Age estimated as the cub was too old to accurately tell when we found it;2021-06-23;;;;;2021-12-23;;;0.5;Cub automatically den graduated based on birthdate;NA;;;;;NA;;;;;NA;NA;NA;NA;NA;NA;NA;NA;NA;NA;2022-10-07;dls;fate unknown;;,,,,,,
arct;2017-01-05;;serena.n;;;2017-11-06;;;;;2017-09-11;;;;DenGrad info not in table, instead taken from tblHyenas;NA;;;;;NA;;;;;NA;NA;NA;NA;NA;NA;NA;NA;NA;NA;2017-11-11;dls;;;,,,,,
ard1;NA;;;;;NA;;;;;NA;;;;;NA;;;;;NA;;;;;NA;NA;NA;NA;NA;NA;NA;NA;NA;NA;2014-07-01;dead;leopard;;,,,,,,
ardw;NA;;;;;NA;;;;;NA;;;;;NA;;;;;NA;;;;;NA;NA;NA;NA;NA;NA;NA;NA;NA;NA;NA;dls;double check: hyena not in tblSessions, no Disappeared date;;,,,,,
ares;2016-03-16;;talek;;;2016-04-06;;;;;2016-12-15;;;;DenGrad info not in table, instead taken from tblHyenas;NA;dbw;;;;2016-05-01;fission;talek;;;NA;NA;NA;NA;NA;NA;NA;NA;NA;NA;2017-03-06;dead;;;,,,,,
arg;2005-11-25;;talek;;;2005-12-21;;;;;2006-09-09;;;6.5;;2006-08-13;;;14;;NA;;;;;NA;NA;NA;NA;NA;NA;NA;NA;NA;NA;2014-04-03;dead;humans (poison - april 2014);;,,,,,,
argo;2018-11-21;;happy.zebra;;;2019-02-27;;;;;2019-11-21;;;2.5;graduated by turning 1 yo;NA;;;;;NA;;;;;NA;NA;NA;NA;NA;NA;NA;NA;NA;NA;NA;;;;,,,,,,
ari;NA;;airstrip;;;2004-07-10;;;;;NA;;;;;NA;;;;;NA;;;;;NA;NA;NA;NA;NA;NA;NA;NA;NA;NA;2004-05-19;dls;;;,,,,,,
aria;2020-10-03;;serena.n;;;2021-02-15;;;;;2021-10-03;error;;28;Cub automatically den graduated based on birthdate;NA;;;;;NA;;;;;NA;NA;NA;NA;NA;NA;NA;NA;NA;NA;NA;;;;,,,,,,
arl;NA;;mara.river;;;2009-10-18;;;;;NA;;;;;NA;;;;;NA;;;;;NA;NA;NA;NA;NA;NA;NA;NA;NA;NA;2009-10-18;dls;;;check EventStatus and EventData,,,,,,
arli;2018-10-09;;pond;;;2018-11-12;;;;;2019-08-03;error;;25.5;;NA;;;;;NA;;;;;NA;NA;NA;NA;NA;NA;NA;NA;NA;NA;NA;;;;,,,,,,
arlo;2000-12-01;;talek;;;2001-01-14;;;;;2001-08-18;;;6.5;;NA;;;;;NA;;;;;NA;NA;NA;NA;NA;NA;NA;NA;NA;NA;2001-11-13;dls;inferred dead;;,,,,,,
arm;NA;;mara.river;;;2001-07-14;;;;;NA;;;;;NA;;;;;NA;;;;;NA;NA;NA;NA;NA;NA;NA;NA;NA;NA;2001-07-14;dls;;;check EventStatus and EventData,,,,,,
armg;2004-12-12;;oltukai;;;2004-12-19;;;;;NA;;;;;NA;;;;;NA;;;;;NA;NA;NA;NA;NA;NA;NA;NA;NA;NA;2005-01-08;dls;;;check EventStatus and EventData,,,,,,
arms;2010-10-14;;talek;;;2010-11-04;;;;;NA;dbg;;;;NA;dbw;;;;NA;;;;;NA;NA;NA;NA;NA;NA;NA;NA;NA;NA;2011-01-12;dls;lions?;;,,,,,,
arn;NA;;talek;;;1996-12-11;;;;;NA;;;;;NA;;;;;NA;;;;;NA;NA;NA;NA;NA;NA;NA;NA;NA;NA;1996-12-11;dls;fate unknown;;,,,,,,
arod;2019-10-03;;pond;;;2019-10-23;;;;;2020-10-03;error;;1.5;Graduated based on DOB;NA;;;;;NA;;;;;NA;NA;NA;NA;NA;NA;NA;NA;NA;NA;2022-03-25;dls;;;,,,,,,
arro;2007-06-01;;serena.n;;;2008-07-06;;;;;NA;;;;;NA;;;;;NA;;;;;NA;NA;NA;NA;NA;NA;NA;NA;NA;NA;2016-09-09;dls;fate unknown;;,,,,,,
ars;2009-01-20;;mara.river;;;2009-11-15;;;;;NA;;;;;NA;;;;;NA;;;;;NA;NA;NA;NA;NA;NA;NA;NA;NA;NA;2016-11-15;dls;;;check EventStatus and EventData,,,,,,
arsc;2010-11-08;;happy.zebra;;;2011-01-05;;;;;NA;;;;;NA;;;;;NA;;;;;NA;NA;NA;NA;NA;NA;NA;NA;NA;NA;2011-01-05;dls;;;,,,,,,
arse;1995-03-22;;talek;;;1995-05-06;;;;;1995-10-22;;;1;;1996-04-01;;;;;NA;;;;;NA;NA;NA;NA;NA;NA;NA;NA;NA;NA;1996-08-09;dead;humans (us);;,,,,,,
art;2000-03-24;;talek;;;2000-05-30;;;;;2000-09-30;;;1;;2000-12-14;;;1;;NA;;;;;NA;NA;NA;NA;NA;NA;NA;NA;NA;NA;2014-01-03;dead;humans (spear);;,,,,,,
arti;2017-05-23;;talek.w;;;2017-06-28;;;;;2018-02-04;;;;;NA;;;;;NA;;;;;NA;NA;NA;NA;NA;NA;NA;NA;NA;NA;NA;dls;;;,,,,,,
aru;NA;;serena.n;;;2009-03-09;;;;;NA;;;;;NA;;;;;NA;;;;;NA;NA;NA;NA;NA;NA;NA;NA;NA;NA;2009-03-09;;;;check EventStatus and EventData,,,,,,
arw;NA;;fig.tree;;;2007-05-10;;;;;NA;;;;;NA;;;;;NA;;;;;NA;NA;NA;NA;NA;NA;NA;NA;NA;NA;2010-10-08;dls;unk;;,,,,,,
arya;2015-08-23;;talek;;;2015-09-30;;;;;2016-10-15;;;;DenGrad info not in table, instead taken from tblHyenas;2016-08-31;;;10;;2016-05-01;fission;pond;;;NA;NA;NA;NA;NA;NA;NA;NA;NA;NA;NA;dls;;;,,,,,
aryx;2010-03-01;;serena.n;;;2010-03-28;;;;;NA;;;;;NA;dbw;;;;NA;;;;;NA;NA;NA;NA;NA;NA;NA;NA;NA;NA;2010-06-24;dead;;;,,,,,,
arzu;NA;;llion;;;2006-07-14;;;;;NA;;;;;NA;;;;;NA;;;;;NA;NA;NA;NA;NA;NA;NA;NA;NA;NA;NA;;;;,,,,,,
as01;NA;;talek;;;1998-09-09;;;;;NA;;;;;NA;;;;;NA;;;;;NA;NA;NA;NA;NA;NA;NA;NA;NA;NA;1998-09-09;dls;fate unknown;;,,,,,,
as02;NA;;talek;;;1998-09-11;;;;;NA;;;;;NA;;;;;NA;;;;;NA;NA;NA;NA;NA;NA;NA;NA;NA;NA;1998-09-11;dls;fate unknown;;,,,,,,
asbe;2009-11-30;;happy.zebra;;;2009-12-24;;;;;NA;;;;;NA;;;;;NA;;;;;NA;NA;NA;NA;NA;NA;NA;NA;NA;NA;2010-06-27;dls;;;,,,,,,
asgd;2017-05-02;;happy.zebra;;;2017-06-02;;;;;2018-05-02;;;;DenGrad info not in table, instead taken from tblHyenas;NA;;;;;NA;;;;;NA;NA;NA;NA;NA;NA;NA;NA;NA;NA;2018-03-29;dls;;;,,,,,
ash;NA;;talek;;;2013-04-29;;;;;NA;;;;;NA;;;;;2016-05-01;fission;kcm;;;NA;NA;NA;NA;NA;NA;NA;NA;NA;NA;2016-08-01;dls;dispersed;;,,,,,,
ashe;NA;;happy.zebra;;;2018-09-07;;;;;NA;;;;;NA;;;;;NA;;;;;NA;NA;NA;NA;NA;NA;NA;NA;NA;NA;2020-10-19;dls;;;,,,,,,
asma;NA;;unknown;;;2020-11-24;;pond;;;NA;;;;;NA;;;;;NA;;;;;NA;NA;NA;NA;NA;NA;NA;NA;NA;NA;NA;;;;,,,,,,
asp;1998-11-30;;talek;;;NA;;;;;NA;;;;;NA;;;;;NA;;;;;NA;NA;NA;NA;NA;NA;NA;NA;NA;NA;1998-12-12;dead;;;,,,,,,
ast;1995-07-15;;talek;;;1995-07-27;;;;;1996-03-18;;;0.5;;1996-04-11;;;4;;NA;;;;;NA;NA;NA;NA;NA;NA;NA;NA;NA;NA;1996-05-02;dead;;;,,,,,,
asto;2014-01-07;;serena.n;;;2014-02-05;;;;;NA;;;;;NA;dbw;;;;NA;;;;;NA;NA;NA;NA;NA;NA;NA;NA;NA;NA;2014-07-26;dls;;;,,,,,,
astr;2006-12-01;;mara.river;;;2007-01-23;;;;;NA;;;;;NA;;;;;NA;;;;;NA;NA;NA;NA;NA;NA;NA;NA;NA;NA;NA;dls;;;,,,,,,
atac;2009-02-15;;talek;;;2009-06-03;;;;;2009-10-18;;;2;;2009-07-15;;;1;;2016-05-01;fission;talek;;;NA;NA;NA;NA;NA;NA;NA;NA;NA;NA;NA;dls;;;,,,,,,
atar;NA;;mara.river;;;2001-05-25;;;;;NA;;;;;NA;;;;;NA;;;;;NA;NA;NA;NA;NA;NA;NA;NA;NA;NA;NA;;;;,,,,,,
atc;2003-06-17;;lakeview;;;2003-08-17;;;;;NA;;;;;NA;;;;;NA;;;;;NA;NA;NA;NA;NA;NA;NA;NA;NA;NA;2003-08-17;;;;check EventStatus and EventData,,,,,,
ath;1998-11-20;;talek;;;1999-01-17;;;;;1999-07-19;;;0.5;;1999-12-17;;;2.5;;NA;;;;;NA;NA;NA;NA;NA;NA;NA;NA;NA;NA;2004-03-31;dead;snake bite;;,,,,,,
athi;2016-10-17;;kcm;;;2016-12-06;;;;;2018-02-27;error;;35;;NA;;;;;NA;;;;;NA;NA;NA;NA;NA;NA;NA;NA;NA;NA;2019-11-19;dls;;;,,,,,,
atl;NA;;talek;;;1996-08-06;;;;;NA;;;;;NA;;;;;NA;;;;;NA;NA;NA;NA;NA;NA;NA;NA;NA;NA;1996-08-10;dls;fate unknown;;,,,,,,
atom;2018-09-14;;kcm;;;2019-03-28;;;;;2019-03-28;error;;21776;;NA;;;;;NA;;;;;NA;NA;NA;NA;NA;NA;NA;NA;NA;NA;2020-08-10;dls;;;,,,,,,
atrx;2003-02-08;;talek.e;;;2003-05-13;;;;;NA;sugu;;;;2003-12-04;;;10.5;;NA;;;;;NA;NA;NA;NA;NA;NA;NA;NA;NA;NA;2004-02-10;dls;inferred dead;;,,,,,,
ats;NA;;talek;;;2005-07-30;;;;;NA;;;;;NA;;;;;NA;;;;;NA;NA;NA;NA;NA;NA;NA;NA;NA;NA;2008-10-25;dls;dispersed;;,,,,,,
aube;2017-01-12;;talek;;;2017-02-20;;;;;NA;;;;;NA;;;;;NA;;;;;NA;NA;NA;NA;NA;NA;NA;NA;NA;NA;2017-02-20;;;;,,,,,,
augg;2017-09-12;;kcm;;;2018-01-02;;;;;2018-07-27;error;;93.5;;NA;;;;;NA;;;;;NA;NA;NA;NA;NA;NA;NA;NA;NA;NA;2019-11-15;dls;;;,,,,,,
auk;2010-03-11;;serena.s;;;2010-04-08;;;;;NA;;;;;NA;;;;;NA;;;;;NA;NA;NA;NA;NA;NA;NA;NA;NA;NA;2010-06-05;dls;fate unknown;;,,,,,,
aura;2008-10-31;;serena.s;;;2008-11-29;;;;DFS assigned by field, no associated session;NA;;;;;NA;dbw;;;;NA;;;;;NA;NA;NA;NA;NA;NA;NA;NA;NA;NA;2008-12-06;dead;cause unknown;;,,,,,
aus;NA;;talek;;;1997-09-15;;;;;NA;;;;;NA;;;;;NA;;;;;NA;NA;NA;NA;NA;NA;NA;NA;NA;NA;1997-09-15;dls;fate unknown;;,,,,,,
ava;2008-11-05;;serena.n;;;2008-11-25;;;;;2009-03-13;;;;DenGrad info not in table, instead taken from tblHyenas;2009-07-13;;;;;NA;;;;;NA;NA;NA;NA;NA;NA;NA;NA;NA;NA;2009-08-10;dls;fate unknown;;,,,,,
avce;2010-02-26;;talek;;;2010-06-04;;;;;2011-01-10;;;9;;2011-01-25;error;;74.5;;NA;;;;;NA;NA;NA;NA;NA;NA;NA;NA;NA;NA;2013-05-27;dls;inferred dead;;,,,,,,
ave;NA;;happy.zebra;;;2008-06-24;;;;;NA;;;;;NA;;;;;NA;;;;;NA;NA;NA;NA;NA;NA;NA;NA;NA;NA;2009-06-29;dls;fate unknown;;,,,,,,
aviv;2019-03-13;;serena.n;;;2019-05-11;;;;;2020-01-17;;;0.5;;NA;;;;;NA;;;;;NA;NA;NA;NA;NA;NA;NA;NA;NA;NA;2020-08-26;dls;;;,,,,,,
avln;2014-02-24;;happy.zebra;;;2014-04-14;;;;;2014-11-10;;;;DenGrad info not in table, instead taken from tblHyenas;2015-02-26;error;;39.5;;NA;;;;;NA;NA;NA;NA;NA;NA;NA;NA;NA;NA;NA;dls;;;,,,,,
awl;2023-04-15;;happy.zebra;;;2023-06-02;;;;;NA;;;;;NA;;;;;NA;;;;;NA;NA;NA;NA;NA;NA;NA;NA;NA;NA;NA;;;;,,,,,,
awp;NA;;serena.n;;;2008-07-26;;;;;NA;;;;;NA;;;;;NA;;;;;NA;NA;NA;NA;NA;NA;NA;NA;NA;NA;2012-03-29;;;;check EventStatus and EventData,,,,,,
axio;2016-06-23;;serena.s;;;2016-07-14;;;;;2017-02-22;;;;DenGrad info not in table, instead taken from tblHyenas;2017-04-29;;;27;;NA;;;;;NA;NA;NA;NA;NA;NA;NA;NA;NA;NA;2017-05-30;dls;;;,,,,,
axum;NA;;talek;;;2013-12-24;;;;;NA;;;;;NA;;;;;NA;;;;;NA;NA;NA;NA;NA;NA;NA;NA;NA;NA;2016-03-15;dls;dispersed;;,,,,,,
ayay;2019-09-15;;talek;;;2020-01-01;;;;;NA;;;;;NA;;;;;NA;;;;;NA;NA;NA;NA;NA;NA;NA;NA;NA;NA;2020-01-05;dls;;;,,,,,,
ayr;NA;;talek;;;1997-05-08;;;;;NA;;;;;NA;;;;;NA;;;;;NA;NA;NA;NA;NA;NA;NA;NA;NA;NA;1997-05-08;dls;fate unknown;;,,,,,,
azt;NA;;airstrip;;;2002-06-13;;;;;NA;;;;;NA;;;;;NA;;;;;NA;NA;NA;NA;NA;NA;NA;NA;NA;NA;2005-07-10;;;;check EventStatus and EventData,,,,,,
azul;2019-12-06;;serena.n;;;2019-12-24;;;;;NA;;;;;NA;;;;;NA;;;;;NA;NA;NA;NA;NA;NA;NA;NA;NA;NA;2020-03-19;dls;;;,,,,,,
b;1988-05-15;;talek;;;1988-06-25;;;;;1989-01-03;;;;DenGrad info not in table, instead taken from tblHyenas;1989-06-09;;;;;NA;;;;;NA;NA;NA;NA;NA;NA;NA;NA;NA;NA;1990-06-24;dead;starvation;;,,,,,
bab;2004-10-30;;talek;;;2004-12-03;;;;;2005-09-26;;;1.5;;2005-08-24;;;1.5;;2016-05-01;fission;kcm;;;NA;NA;NA;NA;NA;NA;NA;NA;NA;NA;2018-02-11;dls;;;,,,,,,
babe;2011-11-25;;talek;;;2012-01-06;;;;;2012-09-29;;;0.5;;2012-09-07;;;25.5;;NA;;;;;NA;NA;NA;NA;NA;NA;NA;NA;NA;NA;2013-05-03;dls;inferred dead;;,,,,,,
bac;NA;;talek;;;1995-08-21;;;;;NA;;;;;NA;;;;;NA;;;;;NA;NA;NA;NA;NA;NA;NA;NA;NA;NA;1995-08-23;dls;fate unknown;;,,,,,,
baca;2013-01-12;;happy.zebra;;;2013-02-16;;;;;2013-09-24;;;;DenGrad info not in table, instead taken from tblHyenas;2014-07-08;error;;76.5;;NA;;;;;NA;NA;NA;NA;NA;NA;NA;NA;NA;NA;2015-11-05;dls;;;,,,,,
bacc;2000-03-24;;talek;;;2000-05-30;;;;;2000-09-30;;;1;;2000-12-13;;;0.5;;NA;;;;;NA;NA;NA;NA;NA;NA;NA;NA;NA;NA;2003-10-06;dls;dispersed;;,,,,,,
back;NA;;mara.river;;;2001-05-09;;;;;NA;;;;;NA;;;;;NA;;;;;NA;NA;NA;NA;NA;NA;NA;NA;NA;NA;2004-02-10;dead;;;,,,,,,
badg;NA;;serena.s;;;2008-11-22;;;;;NA;;;;;NA;;;;;NA;;;;;NA;NA;NA;NA;NA;NA;NA;NA;NA;NA;2012-03-14;dls;fate unknown;;,,,,,,
badu;2018-12-21;;happy.zebra;;;2019-01-25;;;;;NA;;;;;NA;;;;;NA;;;;;NA;NA;NA;NA;NA;NA;NA;NA;NA;NA;2019-02-18;dls;;;,,,,,,
baez;2004-10-16;;talek;;;2005-02-13;;;;;2005-07-02;;;1.5;;2005-08-05;;;1.5;;2016-05-01;fission;talek;;;NA;fission;cool.beans;;;NA;NA;NA;NA;NA;NA;;;;,,,,,,
baf;NA;;talek;;;1990-01-16;;;;;NA;;;;;NA;;;;;NA;;;;;NA;NA;NA;NA;NA;NA;NA;NA;NA;NA;1990-01-16;dls;fate unknown;;,,,,,,
bag;1992-04-07;;talek;;;1992-05-11;;;;;1993-03-04;;;8.5;;NA;;;;;NA;;;;;NA;NA;NA;NA;NA;NA;NA;NA;NA;NA;1994-04-22;dls;dispersed;;,,,,,,
bail;1992-01-04;;talek;;;1992-02-21;;;;;1992-08-28;;;2;;1993-04-11;;;;;NA;;;;;NA;NA;NA;NA;NA;NA;NA;NA;NA;NA;2007-06-12;dead;croc;;,,,,,,
baj;1993-01-01;;talek;;;1993-01-11;;;;;1994-01-01;;;;DenGrad info not in table, instead taken from tblHyenas;1993-09-14;;;;;NA;;;;;NA;NA;NA;NA;NA;NA;NA;NA;NA;NA;1996-11-18;dls;dispersed;;,,,,,
bake;2022-04-05;;talek;;;2022-05-20;;;;;NA;;;;;NA;;;;;NA;;;;;NA;NA;NA;NA;NA;NA;NA;NA;NA;NA;NA;;;;,,,,,,
bako;NA;;cool.beans;;;2021-05-28;;;;;NA;;;;;NA;;;;;NA;;;;;NA;NA;NA;NA;NA;NA;NA;NA;NA;NA;2021-12-16;dls;;;,,,,,,
bakr;NA;;unknown;;;2019-04-15;;;;;NA;;;;;NA;;;;;NA;;serena.s;;;NA;NA;NA;NA;NA;NA;NA;NA;NA;NA;NA;;;;,,,,,,
bal;1993-01-01;;talek;;;1993-01-11;;;;;1994-03-19;;;;DenGrad info not in table, instead taken from tblHyenas;1993-09-14;;;;;NA;;;;;NA;NA;NA;NA;NA;NA;NA;NA;NA;NA;1997-08-03;dls;dispersed;;,,,,,
bala;2010-08-26;;serena.n;;;2010-10-07;;;;;NA;;;;;NA;dbw;;;;NA;;;;;NA;NA;NA;NA;NA;NA;NA;NA;NA;NA;2010-11-23;dls;;;,,,,,,
bale;2021-11-05;;happy.zebra;;;2022-01-13;;;;;NA;;;;;NA;;;;;NA;;;;;NA;NA;NA;NA;NA;NA;NA;NA;NA;NA;2022-02-06;dls;;;,,,,,,
bali;2012-01-26;;serena.s;;;2012-03-08;;;;;NA;;;;;NA;dbw;;;;NA;;;;;NA;NA;NA;NA;NA;NA;NA;NA;NA;NA;2012-03-18;dls;;;,,,,,,
balt;2003-11-02;;oltukai;;;2004-01-02;;;;;NA;;;;;NA;;;;;NA;;;;;NA;NA;NA;NA;NA;NA;NA;NA;NA;NA;2004-01-04;dls;;;check EventStatus and EventData,,,,,,
bam;1984-08-01;;talek;;;1984-08-01;;;;;NA;;;;;NA;;;;;NA;;;;;NA;NA;NA;NA;NA;NA;NA;NA;NA;NA;1991-08-23;dls;inferred dead;;,,,,,,
ban;2017-09-19;;kcm;;;2018-01-02;;;;;2018-08-16;error;;102.5;;NA;;;;;NA;;;;;NA;NA;NA;NA;NA;NA;NA;NA;NA;NA;2019-10-05;dls;;;,,,,,,
bang;2014-09-11;;serena.s;;;2014-11-05;;;;;2015-05-13;;;;DenGrad info not in table, instead taken from tblHyenas;2015-05-27;;;2;;2018-06-07;dispersal;serena.n;;;NA;NA;NA;NA;NA;NA;NA;NA;NA;NA;NA;dls;;;,,,,,
bar;NA;;amboseli;;;2003-09-02;;;;;NA;;;;;NA;;;;;NA;;;;;NA;NA;NA;NA;NA;NA;NA;NA;NA;NA;2003-11-21;;;;check EventStatus and EventData,,,,,,
barb;NA;;unknown;;;2019-07-18;;;;;NA;;;;;NA;;;;;2019-07-18;dispersal;kcm;;;NA;NA;NA;NA;NA;NA;NA;NA;NA;NA;2020-08-09;dls;;;,,,,,,
bard;2017-03-07;;happy.zebra;;;2017-04-13;;;;;2017-02-20;grad;;30.5;;NA;;;;;NA;;;;;NA;NA;NA;NA;NA;NA;NA;NA;NA;NA;NA;dls;;;,,,,,,
bare;2021-11-10;;kcm;;;2022-07-19;;;;;2022-07-19;error;;22380.5;Never seen at den;NA;;;;;NA;;;;;NA;NA;NA;NA;NA;NA;NA;NA;NA;NA;NA;;;;,,,,,,
bari;2013-10-27;;serena.s;;;2013-12-21;;;;;2014-10-26;;;;DenGrad info not in table, instead taken from tblHyenas;2015-03-25;;;1.5;;2019-01-11;dispersal;serena.n;;;NA;NA;NA;NA;NA;NA;NA;NA;NA;NA;NA;dls;;;,,,,,
barn;2005-12-01;;mara.river;;;2005-12-15;;;;;2006-09-22;;;;DenGrad info not in table, instead taken from tblHyenas;NA;;;;;NA;;;;;NA;NA;NA;NA;NA;NA;NA;NA;NA;NA;2006-12-10;dead;darting complications;;,,,,,
barr;2010-08-31;;happy.zebra;;;2010-10-14;;;;;2011-05-16;;;;DenGrad info not in table, instead taken from tblHyenas;2011-05-24;;;8.5;;NA;;;;;NA;NA;NA;NA;NA;NA;NA;NA;NA;NA;2011-12-16;dls;fate unknown;;,,,,,
bart;NA;;serena.s;;;2008-11-10;;;;;NA;;;;;NA;;;;;NA;;;;;NA;NA;NA;NA;NA;NA;NA;NA;NA;NA;2014-09-14;dls;fate unknown;;,,,,,,
bash;NA;;mara.river;;;2012-02-13;;;;;NA;;;;;NA;;;;;NA;;;;;NA;NA;NA;NA;NA;NA;NA;NA;NA;NA;2014-01-07;dls;;;check EventStatus and EventData,,,,,,
basi;NA;;airstrip;;;2002-06-15;;;;;NA;;;;;NA;;;;;NA;;;;;NA;NA;NA;NA;NA;NA;NA;NA;NA;NA;2005-05-23;dls;;;check EventStatus and EventData,,,,,,
basl;2020-05-19;;serena.n;;;2020-08-13;;;;;NA;;;;;NA;;;;;NA;;;;;NA;NA;NA;NA;NA;NA;NA;NA;NA;NA;2020-10-23;dls;;;,,,,,,
bass;2000-06-25;;talek;;;2000-07-26;;;;;2001-03-18;;;1;;NA;dbw;;;;NA;NA;NA;NA;NA;NA;NA;NA;NA;NA;NA;NA;NA;NA;NA;2001-06-23;dls;inferred dead;;,,,,,,
bata;2011-11-16;;talek;;;2012-01-06;;;;;2012-06-29;;;0;;2012-09-23;;;10;;NA;;;;;NA;NA;NA;NA;NA;NA;NA;NA;NA;NA;2013-12-20;dls;dispersed;;,,,,,,
bay;1996-10-13;;talek;;;1996-11-07;;;;;NA;;;;;NA;dbw;;;;NA;;;;;NA;NA;NA;NA;NA;NA;NA;NA;NA;NA;1997-01-21;dls;;;,,,,,,
bb;1989-07-13;;talek;;;1989-08-11;;;;;1990-03-13;;;1.5;;1990-05-21;;;;;NA;;;;;NA;NA;NA;NA;NA;NA;NA;NA;NA;NA;1998-12-29;dead;humans (spear);;,,,,,,
bban;2013-10-27;;serena.s;;;2013-12-21;;;;;2014-12-03;;;;DenGrad info not in table, instead taken from tblHyenas;2015-03-25;;;1.5;;NA;;;;;NA;NA;NA;NA;NA;NA;NA;NA;NA;NA;2018-03-13;dls;;;,,,,,
bbc;NA;;fig.tree;;;2007-02-17;;;;;NA;;;;;NA;;;;;NA;;;;;NA;NA;NA;NA;NA;NA;NA;NA;NA;NA;2011-11-16;dls;unk;;,,,,,,
bbd;2005-01-20;;airstrip;;;2005-02-06;;;;;NA;;;;;NA;;;;;NA;;;;;NA;NA;NA;NA;NA;NA;NA;NA;NA;NA;2005-07-11;;;;check EventStatus and EventData,,,,,,
bboy;2019-01-29;;serena.n;;;2019-04-19;;;;;2019-10-04;;;4.5;;NA;;;;;NA;;;;;NA;NA;NA;NA;NA;NA;NA;NA;NA;NA;2020-08-19;dls;;;,,,,,,
bbq;2012-12-02;;serena.s;;;2013-01-17;;;;DFS assigned by field, no associated session;NA;;;;;NA;dbw;;;;NA;;;;;NA;NA;NA;NA;NA;NA;NA;NA;NA;NA;2013-02-02;dls;;;,,,,,
bbt;NA;;17km;;;2008-06-28;;;;;NA;;;;;NA;;;;;NA;;;;;NA;NA;NA;NA;NA;NA;NA;NA;NA;NA;2008-08-01;;;;check EventStatus and EventData,,,,,,
bbw;NA;;serena.s;;;2008-12-22;;;;;NA;;;;;NA;;;;;NA;;;;;NA;NA;NA;NA;NA;NA;NA;NA;NA;NA;2016-12-27;dls;fate unknown;;,,,,,,
bc;1995-01-20;;talek;;;1995-02-03;;;;;NA;;;;;NA;dbw;;;;NA;;;;;NA;NA;NA;NA;NA;NA;NA;NA;NA;NA;1995-06-23;dead;lions;;,,,,,,
bca;NA;;talek;;;2002-09-21;;;;;NA;;;;;NA;;;;;NA;;;;;NA;NA;NA;NA;NA;NA;NA;NA;NA;NA;2011-08-07;dls;dispersed;;,,,,,,
bcc;NA;;musiara;;;2008-07-12;;;;;NA;;;;;NA;;;;;NA;;;;;NA;NA;NA;NA;NA;NA;NA;NA;NA;NA;2008-07-12;dls;;;,,,,,,
bchr;2015-07-03;;serena.n;;;2015-07-27;;;;;NA;;;;;NA;dbw;;;;NA;;;;;NA;NA;NA;NA;NA;NA;NA;NA;NA;NA;2016-03-25;dls;;;,,,,,,
bckt;2019-09-24;;serena.s;;;2019-12-31;;;;;2020-09-24;error;;19;Cub automatically den graduated based on birthdate, error term skewed due to pandemic;NA;;;;;NA;;;;;NA;NA;NA;NA;NA;NA;NA;NA;NA;NA;2021-04-13;dead;lions;;Likely killed within the last 24-48 hours,,,,,
bd;NA;;talek;;;1985-07-01;;;;;NA;;;;;NA;;;;;NA;;;;;NA;NA;NA;NA;NA;NA;NA;NA;NA;NA;1992-07-11;dls;inferred dead;;,,,,,,
bdad;NA;;fig.tree;;;2013-09-16;;;;;NA;;;;;NA;;;;;NA;;;;;NA;NA;NA;NA;NA;NA;NA;NA;NA;NA;2016-12-04;dls;;;check EventStatus and EventData,,,,,,
bdc;NA;;mara.river;;;NA;;;;;NA;;;;;NA;;;;;NA;;;;;NA;NA;NA;NA;NA;NA;NA;NA;NA;NA;NA;dls;;;,,,,,,
bdoo;2021-08-18;;cool.beans;;;2021-10-21;;;;;NA;;;;;NA;;;;;NA;;;;;NA;NA;NA;NA;NA;NA;NA;NA;NA;NA;2022-02-08;dls;;;,,,,,,
bea;1994-11-26;;talek;;;NA;;;;;NA;;;;;NA;;;;;NA;;;;;NA;NA;NA;NA;NA;NA;NA;NA;NA;NA;1994-11-30;dead;;;,,,,,,
bean;1999-03-14;;talek;;;1999-04-11;;;;;NA;;;;;NA;;;;;NA;;;;;NA;NA;NA;NA;NA;NA;NA;NA;NA;NA;1999-06-01;dead;starvation;;,,,,,,
beb;2020-08-20;;kcm;;;2021-07-22;;;;;2021-07-22;error;;22199.5;;NA;;;;;NA;;;;;NA;NA;NA;NA;NA;NA;NA;NA;NA;NA;NA;;;;,,,,,,
bec;2001-12-24;;mara.river;;;2002-01-08;;;;;NA;;;;;NA;;;;;NA;;;;;NA;NA;NA;NA;NA;NA;NA;NA;NA;NA;2002-01-11;dead;;;,,,,,,
beem;2020-01-10;;kcm;;;2021-08-23;;;;;2021-01-10;error;;22103;Graduated based on DOB, before DFS;NA;;;;;NA;;;;;NA;NA;NA;NA;NA;NA;NA;NA;NA;NA;NA;;;;,,,,,
beer;2011-02-09;;serena.n;;;2011-03-23;;;;;NA;;;;;NA;dbw;;;;NA;;;;;NA;NA;NA;NA;NA;NA;NA;NA;NA;NA;2011-04-09;dls;fate unknown;;,,,,,,
beij;NA;;happy.zebra;;;2009-02-01;;;;;NA;;;;;NA;;;;;NA;;;;;NA;NA;NA;NA;NA;NA;NA;NA;NA;NA;2009-09-22;dls;fate unknown;;,,,,,,
beit;NA;;airstrip;;;2003-08-21;;;;;NA;;;;;NA;;;;;NA;;;;;NA;NA;NA;NA;NA;NA;NA;NA;NA;NA;2005-07-09;;;;check EventStatus and EventData,,,,,,
bekr;2017-11-04;;talek.w;;;2018-01-03;;;;;NA;;;;;NA;;;;;NA;;;;;NA;NA;NA;NA;NA;NA;NA;NA;NA;NA;2018-01-08;dls;;;,,,,,,
bel;NA;;fig.tree;;;2006-08-03;;;;;NA;;;;;NA;;;;;NA;;;;;NA;NA;NA;NA;NA;NA;NA;NA;NA;NA;2010-04-10;dls;unk;;,,,,,,
bela;2016-02-14;;serena.n;;;2016-03-20;;;;;2017-01-15;;;;DenGrad info not in table, instead taken from tblHyenas;2017-04-13;error;;90;;NA;;;;;NA;NA;NA;NA;NA;NA;NA;NA;NA;NA;2017-10-19;dls;;;,,,,,
belm;2015-03-08;;talek;;;2015-05-31;;;;;NA;;;;;2015-10-01;;;2;;NA;;;;;NA;NA;NA;NA;NA;NA;NA;NA;NA;NA;2015-12-10;dls;inferred dead;;,,,,,,
ben;2001-12-31;;mara.river;;;2002-03-13;;;;;NA;;;;;NA;;;;;NA;;;;;NA;NA;NA;NA;NA;NA;NA;NA;NA;NA;2003-06-13;dead;;;,,,,,,
beni;2008-10-31;;serena.n;;;2008-11-18;;;;;NA;;;;;NA;dbw;;;;NA;;;;;NA;NA;NA;NA;NA;NA;NA;NA;NA;NA;2009-02-05;dls;fate unknown;;,,,,,,
bens;2016-10-07;;talek;;;2016-11-16;;;;DFS at least one sibling is sighted;2017-08-08;;;;DenGrad info not in table, instead taken from tblHyenas;NA;;;;;NA;;;;;NA;NA;NA;NA;NA;NA;NA;NA;NA;NA;NA;dls;;;,,,,,
benu;NA;;emarti h;;;2015-06-28;;;;;NA;;;;;NA;;;;;NA;;;;;NA;NA;NA;NA;NA;NA;NA;NA;NA;NA;NA;;;;,,,,,,
beny;2008-06-15;;mara.river;;;2009-01-15;;;;;NA;;;;;NA;;;;;NA;;;;;NA;NA;NA;NA;NA;NA;NA;NA;NA;NA;NA;dls;;;,,,,,,
benz;2001-11-21;;talek;;;2001-11-25;;;;;NA;;;;;NA;;;;;NA;;;;;NA;NA;NA;NA;NA;NA;NA;NA;NA;NA;2001-12-19;dead;;;,,,,,,
beri;2021-01-02;;talek;;;2021-07-23;;;;;2021-08-17;error;;12.5;;NA;;;;;NA;;;;;NA;NA;NA;NA;NA;NA;NA;NA;NA;NA;NA;;;;,,,,,,
bern;1992-10-01;;talek;;;1992-12-26;;;;;1993-06-11;;;2;;1993-08-24;;;;;NA;;;;;NA;NA;NA;NA;NA;NA;NA;NA;NA;NA;2000-09-04;dls;lions;;,,,,,,
beru;2018-09-25;;talek;;;2018-11-13;;;;;NA;;;;;NA;;;;;NA;;;;;NA;NA;NA;NA;NA;NA;NA;NA;NA;NA;2019-06-26;dls;;;,,,,,,
beta;NA;;fig.tree;;;1996-12-08;;;;;NA;;;;;NA;;;;;NA;;;;;NA;NA;NA;NA;NA;NA;NA;NA;NA;NA;1996-12-08;dls;dispersed;;,,,,,,
bets;2019-10-29;;pond;;;2019-12-31;;;;;NA;;;;;NA;;;;;NA;;;;;NA;NA;NA;NA;NA;NA;NA;NA;NA;NA;2020-01-06;dls;;;,,,,,,
bett;2003-11-01;;oltukai;;;2003-11-29;;;;;NA;;;;;NA;;;;;NA;;;;;NA;NA;NA;NA;NA;NA;NA;NA;NA;NA;2003-12-12;dls;;;,,,,,,
bety;2010-10-08;;mara.river;;;NA;;;;;NA;;;;;NA;;;;;NA;;;;;NA;NA;NA;NA;NA;NA;NA;NA;NA;NA;NA;dls;;;,,,,,,
bez;NA;;oltukai;;;2003-07-12;;;;;NA;;;;;NA;;;;;NA;;;;;NA;NA;NA;NA;NA;NA;NA;NA;NA;NA;2005-04-28;dls;;;check EventStatus and EventData,,,,,,
bf;1983-06-01;;talek;;;1983-06-01;;;;;NA;;;;;NA;;;;;NA;;;;;NA;NA;NA;NA;NA;NA;NA;NA;NA;NA;1993-04-05;dls;inferred dead;;,,,,,,
bfg;2017-10-25;;serena.n;;;2017-11-01;;;;;NA;;;;;NA;;;;;NA;;;;;NA;NA;NA;NA;NA;NA;NA;NA;NA;NA;2021-10-25;dls;;;,,,,,,
bft;NA;;mara.river;;;2001-11-01;;;;;NA;;;;;NA;;;;;NA;;;;;NA;NA;NA;NA;NA;NA;NA;NA;NA;NA;2005-11-28;dead;lions;;,,,,,,
bg;1990-10-07;;talek;;;1990-10-19;;;;;1991-08-28;;;;DenGrad info not in table, instead taken from tblHyenas;1991-08-14;;;;;NA;;;;;NA;NA;NA;NA;NA;NA;NA;NA;NA;NA;1991-11-11;dead;;;,,,,,
bgl;2004-07-21;;talek;;;2004-10-08;;;;;2005-04-13;;;0.5;;2005-09-06;;;3;;2007-05-13;dispersal;talek.e;;;NA;NA;NA;NA;NA;NA;NA;NA;NA;NA;2012-02-03;;;;,,,,,,
bgra;2016-10-27;;pond;;;2017-01-04;;;;;2017-10-03;;;;DenGrad info not in table, instead taken from tblHyenas;2018-03-24;;;2;;NA;;;;;NA;NA;NA;NA;NA;NA;NA;NA;NA;NA;2022-01-10;dls;;;,,,,,
bgrd;NA;;oltukai;;;2003-07-12;;;;;NA;;;;;NA;;;;;NA;;;;;NA;NA;NA;NA;NA;NA;NA;NA;NA;NA;2005-07-10;;;;check EventStatus and EventData,,,,,,
bgum;2020-08-01;;pond;;;2020-09-01;;;;;2021-08-01;error;;3;Graduated based on DOB;NA;;;;;NA;;;;;NA;NA;NA;NA;NA;NA;NA;NA;NA;NA;2022-01-27;dls;;;,,,,,,
bht;NA;;emarti h;;;2002-06-09;;;;;NA;;;;;NA;;;;;NA;;;;;NA;NA;NA;NA;NA;NA;NA;NA;NA;NA;NA;;;;,,,,,,
bick;NA;;talek;;;1996-12-18;;;;;NA;;;;;NA;;;;;NA;;;;;NA;NA;NA;NA;NA;NA;NA;NA;NA;NA;1996-12-18;dls;fate unknown;;,,,,,,
bigb;2011-10-28;;fig.tree;;;2011-12-01;;;;;NA;;;;;NA;;;;;NA;;;;;NA;NA;NA;NA;NA;NA;NA;NA;NA;NA;2012-03-10;dls;unk;;,,,,,,
bige;NA;;talek;;;1996-12-22;;;;;NA;;;;;NA;;;;;NA;;;;;NA;NA;NA;NA;NA;NA;NA;NA;NA;NA;1996-12-23;dls;fate unknown;;,,,,,,
bigi;2011-04-17;;serena.n;;;2011-05-08;;;;;NA;;;;;NA;dbw;;;;NA;;;;;NA;NA;NA;NA;NA;NA;NA;NA;NA;NA;2012-10-29;dead;;;,,,,,,
bil;1993-09-07;;talek;;;1993-10-03;;;;;1994-04-13;;;3.5;;1994-11-22;;;;;NA;;;;;NA;NA;NA;NA;NA;NA;NA;NA;NA;NA;1995-04-07;dead;;;,,,,,,
bilb;1991-01-16;;talek;;;1991-01-25;;;;;NA;;;;;NA;;;;;NA;;;;;NA;NA;NA;NA;NA;NA;NA;NA;NA;NA;1991-03-01;dead;;;,,,,,,
bili;2013-11-10;;mara.river;;;2013-11-10;;;;;NA;;;;;NA;;;;;NA;;;;;NA;NA;NA;NA;NA;NA;NA;NA;NA;NA;NA;dls;;;,,,,,,
bilj;2012-07-29;;serena.n;;;2012-11-12;;;;;2013-06-27;;;;DenGrad info not in table, instead taken from tblHyenas;2013-10-09;;;4;;NA;;;;;NA;NA;NA;NA;NA;NA;NA;NA;NA;NA;NA;dls;;;,,,,,
bim;NA;;llion;;;2002-05-29;;;;;NA;;;;;NA;;;;;NA;;;;;NA;NA;NA;NA;NA;NA;NA;NA;NA;NA;2002-07-13;;;;check EventStatus and EventData,,,,,,
bina;2021-09-01;;happy.zebra;;;2021-10-27;;;;;2022-04-19;error;;6.5;Lv wlk, absent from den, wlk arr;NA;;;;;NA;;;;;NA;NA;NA;NA;NA;NA;NA;NA;NA;NA;NA;;;;,,,,
bind;2015-08-29;;talek;;;2016-06-29;;;;;2016-08-22;;;;DenGrad info not in table, instead taken from tblHyenas;2016-08-14;;;2.5;;2016-05-01;fission;kcm;;;NA;NA;NA;NA;NA;NA;NA;NA;NA;NA;NA;dls;;;,,,,,
bing;NA;;serena.s;;;2009-02-05;;;;;NA;;;;;NA;;;;;NA;;;;;NA;NA;NA;NA;NA;NA;NA;NA;NA;NA;2011-11-30;dls;fate unknown;;,,,,,,
bink;NA;;fig.tree;;;2002-06-27;;;;;NA;;;;;NA;;;;;NA;;;;;NA;NA;NA;NA;NA;NA;NA;NA;NA;NA;NA;dls;;;,,,,,,
bird;NA;;serena.n;;;2008-10-06;;;;;NA;;;;;NA;;;;;NA;;;;;NA;NA;NA;NA;NA;NA;NA;NA;NA;NA;2008-11-19;dls;fate unknown;;,,,,,,
birk;2013-07-21;;talek;;;2013-08-23;;;;;2014-04-23;;;2.5;;2014-05-26;;;3;;NA;;;;;NA;NA;NA;NA;NA;NA;NA;NA;NA;NA;2016-02-01;dls;dispersed;;,,,,,,
biso;2019-08-16;;pond;;;2019-11-16;;;;;2020-08-16;;;6;Graduated based on DOB;NA;;;;;NA;;;;;NA;NA;NA;NA;NA;NA;NA;NA;NA;NA;NA;;;;,,,,,,
bitb;NA;;talek;;;1995-12-20;;;;;NA;;;;;NA;;;;;NA;;;;;NA;NA;NA;NA;NA;NA;NA;NA;NA;NA;1995-12-20;dls;fate unknown;;,,,,,,
bivy;2016-06-27;;kcm;;;2016-11-25;;;;;2017-05-20;;;25;;2017-06-01;;;4.5;;NA;;;;;NA;NA;NA;NA;NA;NA;NA;NA;NA;NA;NA;dls;;;,,,,,,
bj;2011-07-10;;mara.river;;;2012-01-30;;;;;NA;;;;;NA;;;;;NA;;;;;NA;NA;NA;NA;NA;NA;NA;NA;NA;NA;NA;dls;;;,,,,,,
bjaj;2022-12-23;;serena.n;;;2023-01-26;;;;;NA;;;;;NA;;;;;NA;;;;;NA;NA;NA;NA;NA;NA;NA;NA;NA;NA;2023-03-03;dls;fate unknown;;,,,,,,
bjn;2005-04-27;;airstrip;;;2005-05-31;;;;;NA;;;;;NA;dbw;;;;NA;;;;;NA;NA;NA;NA;NA;NA;NA;NA;NA;NA;2005-07-11;dls;;;,,,,,,
bkin;2018-06-12;;kcm;;;2019-02-07;;;;;2019-02-07;error;;21751.5;;NA;;;;;NA;;;;;NA;NA;NA;NA;NA;NA;NA;NA;NA;NA;2021-05-23;dls;;;,,,,,,
bkln;NA;;talek;;;2004-07-11;;;;;NA;;;;;NA;;;;;NA;;;;;NA;NA;NA;NA;NA;NA;NA;NA;NA;NA;2005-01-28;dls;fate unknown;;,,,,,,
bkr;NA;;serena.n;;;2008-10-01;;;;;NA;;;;;NA;;;;;NA;;;;;NA;NA;NA;NA;NA;NA;NA;NA;NA;NA;2009-07-18;;;;check EventStatus and EventData,,,,,,
bky;2003-12-23;;oltukai;;;2003-12-23;;;;;NA;;;;;NA;;;;;NA;;;;;NA;NA;NA;NA;NA;NA;NA;NA;NA;NA;2004-04-12;dls;;;,,,,,,
bl;1988-10-11;;talek;;;1988-10-31;;;;;1989-06-06;;;1.5;;1989-09-01;;;;;NA;;;;;NA;NA;NA;NA;NA;NA;NA;NA;NA;NA;1990-07-08;dls;inferred dead;;,,,,,,
blb;NA;;talek;;;1998-10-05;;;;;NA;;;;;NA;;;;;NA;;;;;NA;NA;NA;NA;NA;NA;NA;NA;NA;NA;1998-10-05;dls;fate unknown;;,,,,,,
blc;NA;;talek;;;1998-09-26;;;;;NA;;;;;NA;;;;;NA;;;;;NA;NA;NA;NA;NA;NA;NA;NA;NA;NA;1998-10-12;dls;fate unknown;;,,,,,,
blck;2017-01-05;;serena.n;;;2017-03-06;;;;;2017-09-11;;;;DenGrad info not in table, instead taken from tblHyenas;NA;;;;;NA;;;;;NA;NA;NA;NA;NA;NA;NA;NA;NA;NA;2017-12-13;dls;;;,,,,,
bldr;NA;;mara.river;;;2012-09-22;;;;;NA;;;;;NA;;;;;NA;;;;;NA;NA;NA;NA;NA;NA;NA;NA;NA;NA;2014-09-26;dls;;;check EventStatus and EventData,,,,,,
blen;NA;;;;;2010-06-16;;;;;NA;;;;;NA;;;;;NA;;;;;NA;NA;NA;NA;NA;NA;NA;NA;NA;NA;2013-06-04;;;;check EventStatus and EventData,,,,,,
blg;2008-05-23;;serena.s;;;2008-11-23;;;;;2009-05-23;;;;DenGrad info not in table, instead taken from tblHyenas;2009-03-31;;;;;NA;;;;;NA;NA;NA;NA;NA;NA;NA;NA;NA;NA;NA;dls;fate unknown;;,,,,,
blin;NA;;airstrip;;;2003-08-21;;;;;NA;;;;;NA;;;;;NA;;;;;NA;NA;NA;NA;NA;NA;NA;NA;NA;NA;2005-07-11;;;;check EventStatus and EventData,,,,,,
bliz;2008-02-01;;serena.n;;;2008-06-27;;;;;NA;;;;;NA;dbw;;;;NA;;;;;NA;NA;NA;NA;NA;NA;NA;NA;NA;NA;2008-08-24;dls;fate unknown;;,,,,,,
blk;2010-11-27;;happy.zebra;;;2011-01-22;;;;;NA;;;;;NA;;;;;NA;;;;;NA;NA;NA;NA;NA;NA;NA;NA;NA;NA;2011-02-20;dls;fate unknown;;,,,,,,
blkt;2012-08-28;;talek;;;2012-10-02;;;;BLKT? On 9/25/12;2013-06-17;;;0.5;;2013-08-06;;;33;;NA;;;;;NA;NA;NA;NA;NA;NA;NA;NA;NA;NA;2014-04-12;dead;poison (april 2014 incident);;,,,,,,
blln;2014-04-01;;talek;;;2014-07-03;;;;;2014-12-10;;;21.5;;2015-03-06;error;;86;;2016-05-01;fission;kcm;;;NA;NA;NA;NA;NA;NA;NA;NA;NA;NA;NA;dls;;;,,,,,,
blme;NA;;talek;;;2007-09-16;;;;;NA;;;;;NA;;;;;NA;;;;;NA;NA;NA;NA;NA;NA;NA;NA;NA;NA;2007-09-28;dls;inferred dead;;,,,,,,
bln;2013-12-22;;serena.s;;;2014-01-19;;;;;2014-01-19;;;;DenGrad info not in table, instead taken from tblHyenas;NA;dbw;;;;NA;;;;;NA;NA;NA;NA;NA;NA;NA;NA;NA;NA;2014-01-19;dls;;;check EventStatus and EventData,,,,,
blnd;NA;;talek;;;1995-06-03;;;;;NA;;;;;NA;;;;;NA;;;;;NA;NA;NA;NA;NA;NA;NA;NA;NA;NA;1995-06-03;dls;fate unknown;;,,,,,,
bloo;2016-10-27;;pond;;;2017-01-04;;;;;2017-10-03;;;;DenGrad info not in table, instead taken from tblHyenas;2018-03-24;;;2;;NA;;;;;NA;NA;NA;NA;NA;NA;NA;NA;NA;NA;NA;dls;;;,,,,,
blop;2019-08-15;;pond;;;2020-01-02;;;;;2020-08-15;;;5.5;Graduated based on DOB;NA;;;;;NA;;;;;NA;NA;NA;NA;NA;NA;NA;NA;NA;NA;2020-10-22;dls;;;,,,,,,
bls;NA;;serena.s;;;2008-12-22;;;;;NA;;;;;NA;;;;;NA;;;;;NA;NA;NA;NA;NA;NA;NA;NA;NA;NA;2008-12-22;dls;fate unknown;;,,,,,,
blt;2018-12-15;;serena.s;;;2019-07-24;;;;;2019-10-28;;;0;;NA;;;;;NA;;;;;NA;NA;NA;NA;NA;NA;NA;NA;NA;NA;2020-08-10;dls;;;,,,,,,
blue;2008-02-20;;talek;;;2008-05-11;;;;;2008-10-07;;;2.5;;2009-01-22;;;0.5;;NA;;;;;NA;NA;NA;NA;NA;NA;NA;NA;NA;NA;2012-06-30;dls;inferred dead;;,,,,,,
blz;2004-10-15;;talek.e;;;2005-04-15;;;;;2005-07-16;;;18;;2005-08-21;;;2;;NA;;;;;NA;NA;NA;NA;NA;NA;NA;NA;NA;NA;2006-08-02;dls;;;,,,,,,
bm;1989-07-17;;talek;;;1989-08-16;;;;;1990-04-16;;;2;;1990-08-25;;;;;NA;;;;;NA;NA;NA;NA;NA;NA;NA;NA;NA;NA;1999-08-18;dls;fate unknown;;,,,,,,
bmbl;2016-02-04;;talek;;;2016-03-20;;;;;NA;;;;;NA;;;;;NA;;;;;NA;NA;NA;NA;NA;NA;NA;NA;NA;NA;2016-03-20;dls;inferred dead;;,,,,,,
bmr;2001-11-21;;talek;;;2001-11-25;;;;;NA;;;;;NA;;;;;NA;;;;;NA;NA;NA;NA;NA;NA;NA;NA;NA;NA;2001-12-19;dls;inferred dead;;,,,,,,
bn;1990-09-30;;talek;;;1990-11-02;;;;;1991-06-10;;;2.5;;NA;dbw;;;;NA;;;;;NA;NA;NA;NA;NA;NA;NA;NA;NA;NA;1991-06-13;dead;;;,,,,,,
bncl;2012-11-03;;talek;;;2012-12-01;;;;;2013-07-29;;;1;;2013-09-23;;;8.5;;NA;;;;;NA;NA;NA;NA;NA;NA;NA;NA;NA;NA;2017-06-16;dls;dispersed;;,,,,,,
bnd;2001-11-05;;talek;;;2002-01-21;;;;;NA;dbg;;;;2002-09-19;;;7;;NA;;;;;NA;NA;NA;NA;NA;NA;NA;NA;NA;NA;2002-12-08;dls;inferred dead;;,,,,,,
bnda;2015-04-17;;talek;;;2016-05-10;;;;;NA;;;;;2016-07-28;error;;41;;2016-05-01;fission;kcm;;;NA;NA;NA;NA;NA;NA;NA;NA;NA;NA;2018-01-12;dls;;;,,,,,,
bnl;2003-12-23;;oltukai;;;2003-12-23;;;;;NA;;;;;NA;;;;;NA;;;;;NA;NA;NA;NA;NA;NA;NA;NA;NA;NA;2004-02-16;dls;;;,,,,,,
bnt;2011-09-25;;talek;;;2012-02-04;;;;;2012-07-21;;;0.5;;2012-09-20;;;1.5;;2016-05-01;fission;pond;;;NA;NA;NA;NA;NA;NA;NA;NA;NA;NA;NA;dls;;;,,,,,,
bnz;NA;;talek;;;1996-06-17;;;;;NA;;;;;NA;;;;;NA;;;;;NA;NA;NA;NA;NA;NA;NA;NA;NA;NA;1996-06-17;dls;fate unknown;;,,,,,,
bo;1988-11-07;;talek;;;1988-12-14;;;;;1989-09-13;;;;DenGrad info not in table, instead taken from tblHyenas;1990-05-26;;;;;1991-08-04;dispersal;unknown;;;NA;NA;NA;NA;NA;NA;NA;NA;NA;NA;1995-09-02;dls;;;,,,,,
boa;2001-07-19;;talek;;;2001-08-20;;;;;2002-01-23;;;9.5;;2002-11-08;;;0;;NA;;;;;NA;NA;NA;NA;NA;NA;NA;NA;NA;NA;2005-04-27;dls;dispersed;;,,,,,,
bob;2005-12-01;;mara.river;;;2005-12-15;;;;;NA;;;;;NA;;;;;NA;;;;;NA;NA;NA;NA;NA;NA;NA;NA;NA;NA;2006-07-22;dead;;;,,,,,,
boba;2001-06-01;;talek;;;2001-07-25;;;;;NA;;;;;NA;dbw;;;;NA;;;;;NA;NA;NA;NA;NA;NA;NA;NA;NA;NA;2001-12-30;dead;humans (poison);;,,,,,,
bobt;NA;;oz valley;;;2008-11-01;;;;;NA;;;;;NA;;;;;NA;;;;;NA;NA;NA;NA;NA;NA;NA;NA;NA;NA;2009-02-19;;;;check EventStatus and EventData,,,,,,
bodi;NA;;serena.s;;;2013-08-16;;;;;NA;;;;;NA;;;;;NA;;;;;NA;NA;NA;NA;NA;NA;NA;NA;NA;NA;2018-03-12;dls;;;,,,,,,
bofn;2015-12-14;;serena.s;;;2016-01-16;;;;;NA;;;;;2016-08-14;;;11.5;;NA;;;;;NA;NA;NA;NA;NA;NA;NA;NA;NA;NA;2016-09-03;dls;;;Possibly appeared on 9-Sep-16, but identity uncertain. See notes,,,,,
bofo;2021-09-05;;kcm;;;2022-08-09;;;;;2022-09-05;;;4;Graduated based on DOB;NA;;;;;NA;;;;;NA;NA;NA;NA;NA;NA;NA;NA;NA;NA;NA;;;;,,,,,,
bog;NA;;talek;;;1996-09-08;;;;;NA;;;;;NA;;;;;NA;;;;;NA;NA;NA;NA;NA;NA;NA;NA;NA;NA;1996-09-08;dls;fate unknown;;,,,,,,
bolt;2022-12-21;;happy.zebra;;;2023-01-20;;;;;NA;;;;;NA;;;;;NA;;;;;NA;NA;NA;NA;NA;NA;NA;NA;NA;NA;2023-01-24;dls;fate unknown;;,,,,,,
bolv;2011-01-12;;serena.s;;;2011-02-14;;;;;NA;;;;;NA;dbw;;;;NA;;;;;NA;NA;NA;NA;NA;NA;NA;NA;NA;NA;2011-02-14;dls;fate unknown;;,,,,,,
bom;NA;;talek;;;2011-09-15;;;;;NA;;;;;NA;;;;;NA;;;;;NA;NA;NA;NA;NA;NA;NA;NA;NA;NA;2011-12-29;dls;dispersed;;,,,,,,
bomb;NA;;talek;;;2001-10-08;;;;;NA;;;;;NA;;;;;NA;;;;;NA;NA;NA;NA;NA;NA;NA;NA;NA;NA;2001-10-18;dls;fate unknown;;,,,,,,
bono;2006-03-01;;fig.tree;;;2007-05-11;;;;;NA;;;;;NA;;;;;NA;;;;;NA;NA;NA;NA;NA;NA;NA;NA;NA;NA;2012-12-07;dls;fate unknown;;,,,,,,
boo;NA;;;;;NA;;;;;NA;;;;;NA;;;;;NA;;;;;NA;NA;NA;NA;NA;NA;NA;NA;NA;NA;NA;;;;,,,,,,
book;2022-08-15;;happy.zebra;;;2022-10-03;;;;;NA;;;;;NA;;;;;NA;;;;;NA;NA;NA;NA;NA;NA;NA;NA;NA;NA;2023-02-23;dls;fate unknown;;,,,,,,
boom;2010-02-16;;happy.zebra;;;2010-03-16;;;;;2010-11-26;;;;DenGrad info not in table, instead taken from tblHyenas;2010-11-03;;;4.5;;NA;;;;;NA;NA;NA;NA;NA;NA;NA;NA;NA;NA;2015-05-30;dls;fate unknown;;,,,,,
boot;2014-10-30;;happy.zebra;;;2014-11-11;;;;;NA;;;;;2015-05-22;;;1.5;;NA;;;;;NA;NA;NA;NA;NA;NA;NA;NA;NA;NA;2015-12-01;dls;;;,,,,,,
bor;NA;;serena.s;;;2009-05-03;;;;;NA;;;;;NA;;;;;NA;;;;;NA;NA;NA;NA;NA;NA;NA;NA;NA;NA;2012-03-05;dls;fate unknown;;,,,,,,
bora;2010-12-23;;talek;;;2011-04-23;;;;;2011-12-06;;;7.5;;2012-04-11;;;1;;2016-05-01;fission;talek;;;NA;NA;NA;NA;NA;NA;NA;NA;NA;NA;2018-06-19;dls;;;,,,,,,
born;2013-10-31;;serena.s;;;2013-12-04;;;;;NA;;;;;2014-06-26;;;16;;2018-08-07;dispersal;serena.n;;;NA;NA;NA;NA;NA;NA;NA;NA;NA;NA;NA;dls;;;,,,,,,
bos;NA;;talek;;;1996-09-11;;;;;NA;;;;;NA;;;;;NA;;;;;NA;NA;NA;NA;NA;NA;NA;NA;NA;NA;2002-06-28;dls;fate unknown;;,,,,,,
bosc;NA;;llion;;;2008-06-04;;;;;NA;;;;;NA;;;;;NA;;;;;NA;NA;NA;NA;NA;NA;NA;NA;NA;NA;2008-06-04;dls;;;,,,,,,
bota;NA;;unknown;;;2022-07-29;;;;;NA;;;;;NA;;;;;2022-07-29;dispersal;talek;;;NA;NA;NA;NA;NA;NA;NA;NA;NA;NA;NA;;;;,,,,,,
bouf;2014-09-23;;serena.s;;;2014-10-26;;;;;NA;;;;;NA;;;;;NA;;;;;NA;NA;NA;NA;NA;NA;NA;NA;NA;NA;2014-11-13;dls;;;,,,,,,
bow;NA;;mara.river;;;2011-04-06;;;;;NA;;;;;NA;;;;;NA;;;;;NA;NA;NA;NA;NA;NA;NA;NA;NA;NA;NA;dls;;;,,,,,,
bowl;2017-08-21;;talek.w;;;2017-09-25;;;;;NA;;;;;NA;;;;;NA;;;;;NA;NA;NA;NA;NA;NA;NA;NA;NA;NA;2018-04-07;dls;;;,,,,,,
bows;2011-03-10;;talek;;;2012-04-10;;;;;NA;;;;;NA;sugu;;;;NA;;;;;NA;NA;NA;NA;NA;NA;NA;NA;NA;NA;2012-04-10;dls;inferred dead;;,,,,,,
box;2022-02-26;;happy.zebra;;;2022-09-26;;;;;2023-02-26;error;;62.5;Cub automatically den graduated based on birthdate, error term skewed due to lost den;NA;;;;;NA;;;;;NA;NA;NA;NA;NA;NA;NA;NA;NA;NA;NA;;;;,,,,,
boxy;2017-04-03;;kcm;;;2017-11-03;;;;;NA;;;;;NA;;;;;NA;;;;;NA;NA;NA;NA;NA;NA;NA;NA;NA;NA;2017-11-03;dls;;;,,,,,,
boyk;2013-01-13;;serena.s;;;2013-03-02;;;;;NA;;;;;NA;dbw;;;;NA;;;;;NA;NA;NA;NA;NA;NA;NA;NA;NA;NA;2013-04-22;dls;;;,,,,,,
boze;NA;;serena.s;;;2012-11-03;;;;;NA;;;;;NA;;;;;NA;;;;;NA;NA;NA;NA;NA;NA;NA;NA;NA;NA;2013-06-18;dls;;;,,,,,,
bozo;NA;;talek;;;1994-12-16;;;;;NA;;;;;NA;;;;;NA;;;;;NA;NA;NA;NA;NA;NA;NA;NA;NA;NA;1995-03-21;dls;fate unknown;;,,,,,,
bp;NA;;talek;;;1996-06-18;;;;;NA;;;;;NA;;;;;NA;;;;;NA;NA;NA;NA;NA;NA;NA;NA;NA;NA;2002-04-15;dls;dispersed;;,,,,,,
bpt;NA;;airstrip;;;2003-10-20;;;;;NA;;;;;NA;;;;;NA;;;;;NA;NA;NA;NA;NA;NA;NA;NA;NA;NA;2005-07-11;;;;check EventStatus and EventData,,,,,,
bra;NA;;fig.tree;;;2007-06-18;;;;;NA;;;;;NA;;;;;NA;;;;;NA;NA;NA;NA;NA;NA;NA;NA;NA;NA;2010-10-21;dls;fate unknown;;,,,,,,
brad;1985-09-01;;talek;;;1985-09-01;;;;;NA;;;;;NA;;;;;NA;;;;;NA;NA;NA;NA;NA;NA;NA;NA;NA;NA;1991-08-16;dls;inferred dead;;,,,,,,
bran;2015-08-23;;talek;;;2015-09-30;;;;;2016-10-12;;;;DenGrad info not in table, instead taken from tblHyenas;2016-08-31;;;10;;2016-05-01;fission;pond;;;NA;NA;NA;NA;NA;NA;NA;NA;NA;NA;NA;dls;;;,,,,,
brb;1998-01-20;;talek;;;NA;;;;;NA;;;;;NA;;;;;NA;;;;;NA;NA;NA;NA;NA;NA;NA;NA;NA;NA;1998-01-27;dead;inferred dead;;,,,,,,
brcd;2023-05-05;born;serena.n;;;2023-07-20;;;;;NA;;;;;NA;;;;;NA;;;;;NA;NA;NA;NA;NA;NA;NA;NA;NA;NA;NA;;;;,,,,,,
brdg;2017-09-05;;happy.zebra;;;2017-12-21;;;;;NA;;;;;NA;;;;;NA;;;;;NA;NA;NA;NA;NA;NA;NA;NA;NA;NA;2017-12-21;dls;inferred dead;;,,,,,,
bret;2016-10-31;;talek;;;2016-12-13;;;;;2017-12-26;;;;DenGrad info not in table, instead taken from tblHyenas;NA;;;;;NA;;;;;NA;NA;NA;NA;NA;NA;NA;NA;NA;NA;NA;dls;;;,,,,,
brgr;2011-10-30;;talek;;;2012-03-08;;;;;2012-09-19;;;1;;2012-12-11;;;5;;2016-05-01;fission;kcm;;;NA;NA;NA;NA;NA;NA;NA;NA;NA;NA;NA;dls;;;,,,,,,
brgy;2012-12-06;;talek;;;2012-12-27;;;;;NA;dbg;;;;NA;dbw;;;;NA;;;;;NA;NA;NA;NA;NA;NA;NA;NA;NA;NA;2013-04-30;dls;inferred dead;;,,,,,,
brie;2003-06-14;;oltukai;;;2003-09-04;;;;;2004-04-04;;;;DenGrad info not in table, instead taken from tblHyenas;NA;;;;;NA;;;;;NA;NA;NA;NA;NA;NA;NA;NA;NA;NA;2005-07-09;;;;check EventStatus and EventData,,,,,
brig;NA;;talek;;;1992-04-03;;;;;NA;;;;;NA;;;;;NA;;;;;NA;NA;NA;NA;NA;NA;NA;NA;NA;NA;1992-05-09;dls;fate unknown;;,,,,,,
bris;NA;;mara.river;;;2010-08-19;;;;;NA;;;;;NA;;;;;NA;;;;;NA;NA;NA;NA;NA;NA;NA;NA;NA;NA;2012-09-14;dls;;;check EventStatus and EventData,,,,,,
brit;NA;;;;;NA;;;;;NA;;;;;NA;;;;;NA;;;;;NA;NA;NA;NA;NA;NA;NA;NA;NA;NA;NA;;;;,,,,,,
brkw;2003-06-22;;airstrip;;;2003-08-17;;;;;NA;;;;;NA;;;;;NA;;;;;NA;NA;NA;NA;NA;NA;NA;NA;NA;NA;2005-07-06;;;;check EventStatus and EventData,,,,,,
brn;1998-11-20;;talek;;;1998-12-17;;;;;1999-07-19;;;0.5;;2000-02-01;;;0;;NA;;;;;NA;NA;NA;NA;NA;NA;NA;NA;NA;NA;2001-06-08;dls;dispersed;;,,,,,,
brno;NA;;talek;;;2012-07-14;;;;;NA;;;;;NA;;;;;NA;;;;;NA;NA;NA;NA;NA;NA;NA;NA;NA;NA;2014-12-24;dls;fate unknown;;,,,,,,
brns;2017-10-18;;serena.s;;;2018-01-10;;;;;2018-08-05;grad;;0.5;;NA;;;;;NA;;;;;NA;NA;NA;NA;NA;NA;NA;NA;NA;NA;2019-03-01;dls;;;,,,,,,
bron;2012-10-01;;serena.s;;;2012-11-16;;;;;2013-06-18;;;;DenGrad info not in table, instead taken from tblHyenas;2013-10-30;;;;;NA;;;;;NA;NA;NA;NA;NA;NA;NA;NA;NA;NA;2015-11-19;dls;;;,,,,,
brph;NA;;serena.s;;;2009-09-02;;;;;NA;;;;;NA;;;;;NA;;;;;NA;NA;NA;NA;NA;NA;NA;NA;NA;NA;2016-09-17;dls;fate unknown;;,,,,,,
brry;2020-10-15;;happy.zebra;;Age estimated as the cub was too old to accurately tell when we found it;2021-05-29;;;;;2021-10-15;error;;16.5;Cub automatically den graduated based on birthdate;NA;;;;;NA;;;;;NA;NA;NA;NA;NA;NA;NA;NA;NA;NA;2022-08-23;dls;;;,,,,,,
brsl;NA;;unknown;;;2016-08-14;;;;;NA;;;;;NA;;;;;2016-08-14;dispersal;talek;;;NA;;;;;NA;NA;NA;NA;NA;2019-04-07;dead;lions;;2 male lions came to the den and attacked and killed BRSL,,,,,,
brst;NA;;talek;;;1980-06-01;;;;;NA;;;;;NA;;;;;NA;;;;;NA;NA;NA;NA;NA;NA;NA;NA;NA;NA;1988-09-09;dls;inferred dead;;,,,,,,
brtn;2010-11-06;;mara.river;;;NA;;;;;NA;;;;;NA;;;;;NA;;;;;NA;NA;NA;NA;NA;NA;NA;NA;NA;NA;NA;dls;;;,,,,,,
bru;NA;;talek;;;1996-12-11;;;;;NA;;;;;NA;;;;;NA;;;;;NA;NA;NA;NA;NA;NA;NA;NA;NA;NA;1996-12-11;dls;fate unknown;;,,,,,,
brum;2017-02-12;;happy.zebra;;;2017-06-17;;;;;2018-09-02;grad;;11;;NA;;;;;NA;;;;;NA;NA;NA;NA;NA;NA;NA;NA;NA;NA;NA;dls;;;,,,,,,
brve;2019-11-16;;happy.zebra;;;2019-12-07;;;;;NA;;;;;NA;;;;;NA;;;;;NA;NA;NA;NA;NA;NA;NA;NA;NA;NA;2020-02-09;dls;;;,,,,,,
brz;2005-04-01;;mara.river;;;2006-06-14;;;;;NA;;;;;NA;;;;;NA;;;;;NA;NA;NA;NA;NA;NA;NA;NA;NA;NA;2014-04-17;dls;;;check EventStatus and EventData,,,,,,
bs;NA;;talek;;;1993-08-07;;;;;NA;;;;;NA;;;;;NA;;;;;NA;NA;NA;NA;NA;NA;NA;NA;NA;NA;1993-08-07;dls;inferred dead;;,,,,,,
bsby;2008-03-15;;17km;;;2008-06-28;;;;;NA;;;;;NA;;;;;NA;;;;;NA;NA;NA;NA;NA;NA;NA;NA;NA;NA;2008-08-01;;;;check EventStatus and EventData,,,,,,
bsct;2013-08-04;;serena.s;;;2013-09-23;;;;;NA;;;;;2014-07-24;;;31.5;;NA;;;;;NA;NA;NA;NA;NA;NA;NA;NA;NA;NA;NA;dls;;;,,,,,,
bsh;1983-01-01;;talek;;;1983-01-01;;;;;NA;;;;;NA;;;;;NA;;;;;NA;NA;NA;NA;NA;NA;NA;NA;NA;NA;1999-05-29;dead;kidney failure;;,,,,,,
bsk;2001-12-13;;mara.river;;;2001-12-19;;;;;NA;;;;;NA;;;;;NA;;;;;NA;NA;NA;NA;NA;NA;NA;NA;NA;NA;2002-06-29;dead;;;,,,,,,
bsl;2003-02-20;;talek;;;2003-07-28;;;;;2003-12-14;;;0;;2004-01-27;;;1;;NA;;;;;NA;NA;NA;NA;NA;NA;NA;NA;NA;NA;2006-07-19;dls;inferred dead;;,,,,,,
bsp;1999-04-24;;talek;;;1999-05-01;;;;;1999-12-18;;;1.5;;2000-03-02;;;11;;NA;;;;;NA;NA;NA;NA;NA;NA;NA;NA;NA;NA;2001-05-08;dls;inferred dead;;,,,,,,
bspo;NA;;talek;;;1991-11-17;;;;;NA;;;;;NA;;;;;NA;;;;;NA;NA;NA;NA;NA;NA;NA;NA;NA;NA;1991-11-17;dls;fate unknown;;,,,,,,
bsti;2015-11-17;;serena.n;;;2016-02-06;;;;;2016-08-28;;;;DenGrad info not in table, instead taken from tblHyenas;2016-07-03;;;1;;NA;;;;;NA;NA;NA;NA;NA;NA;NA;NA;NA;NA;2018-06-21;dls;;;,,,,,
btf;NA;;talek;;;1990-10-19;;;;;NA;;;;;NA;;;;;NA;;;;;NA;NA;NA;NA;NA;NA;NA;NA;NA;NA;1990-10-19;dls;fate unknown;;,,,,,,
btlr;2014-02-25;;fig.tree;;;2014-04-25;;;;;NA;;;;;NA;;;;;NA;;;;;NA;NA;NA;NA;NA;NA;NA;NA;NA;NA;2014-12-10;dls;;;check EventStatus and EventData,,,,,,
btrx;2018-02-09;;talek;;;2018-04-20;;;;;NA;;;;;NA;;;;;NA;;;;;NA;NA;NA;NA;NA;NA;NA;NA;NA;NA;2018-09-30;dls;;;,,,,,,
bttr;2019-09-28;;serena.n;;;2019-10-27;;;;;2020-09-28;error;;17;Cub automatically den graduated based on birthdate, error term skewed due to pandemic;NA;;;;;NA;;;;;NA;NA;NA;NA;NA;NA;NA;NA;NA;NA;2020-09-30;dls;;;,,,,,
buar;2009-12-18;;talek;;;2010-01-30;;;;;2010-08-03;;;0.5;;2010-06-27;;;4.5;;2016-05-01;fission;talek;;;NA;NA;NA;NA;NA;NA;NA;NA;NA;NA;NA;dls;;;,,,,,,
bub;NA;;;;;2004-08-02;;;;;NA;;;;;NA;;;;;NA;;;;;NA;NA;NA;NA;NA;NA;NA;NA;NA;NA;2004-08-05;;;;check EventStatus and EventData,,,,,,
buck;NA;;fig.tree;;;2007-05-04;;;;;NA;;;;;NA;;;;;NA;;;;;NA;NA;NA;NA;NA;NA;NA;NA;NA;NA;2010-12-31;dls;fate unknown;;,,,,,,
bud;1989-07-13;;talek;;;1989-08-11;;;;;1990-03-13;;;0.5;;1990-05-21;;;;;NA;;;;;NA;NA;NA;NA;NA;NA;NA;NA;NA;NA;1993-05-16;dls;dispersed;;,,,,,,
buda;2021-08-05;;cool.beans;;;2021-09-27;;;;;NA;;;;;NA;;;;;NA;;;;;NA;NA;NA;NA;NA;NA;NA;NA;NA;NA;2022-05-17;;;;,,,,,,
bufy;2016-10-07;;talek;;;2016-11-16;;;;DFS one sibling is seen;2017-07-14;;;;DenGrad info not in table, instead taken from tblHyenas;NA;;;;;NA;;;;;NA;NA;NA;NA;NA;NA;NA;NA;NA;NA;NA;dls;;;,,,,,
buka;2019-12-16;;kcm;;;2021-08-11;;;;;2021-08-11;error;;22209.5;Never seen at den, first tick based on DFS, not in notes;NA;;;;;NA;;;;;NA;NA;NA;NA;NA;NA;NA;NA;NA;NA;NA;;;;,,,,
bukl;2022-04-09;;serena.n;;;2022-07-14;;;;;NA;;;;;NA;;;;;NA;;;;;NA;NA;NA;NA;NA;NA;NA;NA;NA;NA;2022-07-26;dls;;;,,,,,,
bull;2017-02-19;;kcm;;;2017-11-03;;;;;2018-01-28;;;;DenGrad info not in table, instead taken from tblHyenas;NA;;;;;NA;;;;;NA;NA;NA;NA;NA;NA;NA;NA;NA;NA;2020-04-07;dls;;;,,,,,
bulm;2014-03-16;;talek;;;2014-04-27;;;;;2014-10-19;;;2;;2015-01-25;;;11;;2016-05-01;fission;pond;;;NA;NA;NA;NA;NA;NA;NA;NA;NA;NA;2018-01-07;dls;;;,,,,,,
bulu;2016-10-20;;happy.zebra;;;2016-12-08;;;;;NA;;;;;2017-05-24;;;1.5;;NA;;;;;NA;NA;NA;NA;NA;NA;NA;NA;NA;NA;2017-08-04;dls;;;,,,,,,
buns;2018-12-04;;serena.n;;;2019-02-05;;;;;2019-10-13;;;9;;NA;;;;;NA;;;;;NA;NA;NA;NA;NA;NA;NA;NA;NA;NA;2020-08-31;dls;;;,,,,,,
burj;2019-06-22;;talek;;;2019-10-10;;;;;2020-06-04;error;;57.5;;NA;;;;;NA;;;;;NA;NA;NA;NA;NA;NA;NA;NA;NA;NA;NA;;;;,,,,,,
burn;2003-10-10;;mara.river;;;2003-10-31;;;;;NA;;;;;NA;;;;;NA;;;;;NA;NA;NA;NA;NA;NA;NA;NA;NA;NA;2006-08-30;dls;dispersed;;,,,,,,
burs;NA;;talek;;;1991-09-01;;;;;NA;;;;;NA;;;;;NA;;;;;NA;NA;NA;NA;NA;NA;NA;NA;NA;NA;1991-09-01;dls;fate unknown;;,,,,,,
bush;2021-07-15;;kcm;;;2022-07-27;;;;;2022-07-15;error;;22378.5;Graduated based on DOB, before DFS;NA;;;;;NA;;;;;NA;NA;NA;NA;NA;NA;NA;NA;NA;NA;NA;;;;,,,,,
but;1992-06-05;;talek;;;1992-07-06;;;;;NA;;;;;NA;;;;;NA;;;;;NA;NA;NA;NA;NA;NA;NA;NA;NA;NA;1992-08-24;dead;;;,,,,,,
butn;2017-04-25;;serena.n;;;2017-05-16;;;;;NA;;;;;NA;;;;;NA;;;;;NA;NA;NA;NA;NA;NA;NA;NA;NA;NA;2017-06-14;dls;;;,,,,,,
buts;2016-12-12;;serena.n;;;2017-02-09;;;;;NA;;;;;NA;;;;;NA;;;;;NA;NA;NA;NA;NA;NA;NA;NA;NA;NA;2017-03-11;dls;;;,,,,,,
butt;2009-05-16;;mara.river;;;2012-11-26;;;;;NA;;;;;NA;;;;;NA;;;;;NA;NA;NA;NA;NA;NA;NA;NA;NA;NA;2012-11-26;dls;;;check EventStatus and EventData,,,,,,
buu;2014-03-16;;talek;;;2014-04-27;;;;;2014-10-19;;;2;;2015-01-24;;;10;;2016-05-01;fission;pond;;;NA;NA;NA;NA;NA;NA;NA;NA;NA;NA;2016-06-04;dls;inferred dead;;,,,,,,
buz;2005-05-18;;oltukai;;;2005-06-03;;;;;NA;;;;;NA;;;;;NA;;;;;NA;NA;NA;NA;NA;NA;NA;NA;NA;NA;2005-07-10;dls;;;,,,,,,
buzz;NA;;happy.zebra;;;2008-11-27;;;;;NA;;;;;NA;;;;;NA;;;;;NA;NA;NA;NA;NA;NA;NA;NA;NA;NA;2009-12-22;dls;fate unknown;;,,,,,,
bw;2009-01-15;;happy.zebra;;;2009-02-16;;;;;2009-10-23;;;;DenGrad info not in table, instead taken from tblHyenas;2009-10-16;;;7;;NA;;;;;NA;NA;NA;NA;NA;NA;NA;NA;NA;NA;2010-03-20;dls;fate unknown;;,,,,,
bwd;2003-12-23;;oltukai;;;2003-12-23;;;;;NA;;;;;NA;;;;;NA;;;;;NA;NA;NA;NA;NA;NA;NA;NA;NA;NA;2004-01-30;dls;;;,,,,,,
byte;2013-01-12;;talek;;;2013-02-07;;;;;2013-08-08;;;1;;2013-10-31;;;0.5;;2016-05-01;fission;talek;;;NA;NA;NA;NA;NA;NA;NA;NA;NA;NA;2018-06-13;dls;;;,,,,,,
bz;NA;;fig.tree;;;1992-10-18;;;;;NA;;;;;NA;;;;;NA;;;;;NA;NA;NA;NA;NA;NA;NA;NA;NA;NA;1995-05-22;dls;fate unknown;;check EventStatus and EventData,,,,,,
c124;NA;;fig.tree;;;1992-12-30;;;;;NA;;;;;NA;;;;;NA;;;;;NA;NA;NA;NA;NA;NA;NA;NA;NA;NA;1992-12-30;dls;;;check EventStatus and EventData,,,,,,
c3po;2010-08-05;;fig.tree;;;2010-11-05;;;;;NA;;;;;NA;;;;;NA;;;;;NA;NA;NA;NA;NA;NA;NA;NA;NA;NA;2016-10-19;dls;;;check EventStatus and EventData,,,,,,
ca;2021-11-15;;;;;NA;;;;;NA;;;;;NA;;;;;NA;;;;;NA;NA;NA;NA;NA;NA;NA;NA;NA;NA;NA;;;;,,,,,,
cabi;2021-01-10;;talek;;;2021-08-30;;;;;2021-09-05;error;;22222;Never seen at den;NA;;;;;NA;;;;;NA;NA;NA;NA;NA;NA;NA;NA;NA;NA;NA;;;;,,,,,,
cage;2022-11-26;;happy.zebra;;;2023-01-11;;;;;NA;;;;;NA;;;;;NA;;;;;NA;NA;NA;NA;NA;NA;NA;NA;NA;NA;2023-02-25;dls;fate unknown;;,,,,,,
caha;2014-03-31;;talek;;;2014-05-09;;;;;2014-11-23;;;1.5;;2015-01-31;;;3;;2016-05-01;fission;talek;;;NA;NA;NA;NA;NA;NA;NA;NA;NA;NA;2018-06-05;dls;;;,,,,,,
cai;NA;;oltukai;;;2003-09-13;;;;;NA;;;;;NA;;;;;NA;;;;;NA;NA;NA;NA;NA;NA;NA;NA;NA;NA;2003-10-30;dls;;;check EventStatus and EventData,,,,,,
cair;NA;;talek;;;2000-01-23;;;;;NA;;;;;NA;;;;;NA;;;;;NA;NA;NA;NA;NA;NA;NA;NA;NA;NA;2000-02-24;dls;dispersed;;,,,,,,
cake;2019-07-26;;serena.n;;;2019-08-14;;;;;2020-07-26;error;;64.5;Cub automatically den graduated based on birthdate, error term skewed due to pandemic;NA;;;;;NA;;;;;NA;NA;NA;NA;NA;NA;NA;NA;NA;NA;2020-10-15;dls;;;,,,,,
cal;1994-01-05;;talek;;;1994-02-05;;;;;NA;;;;;NA;;;;;NA;;;;;NA;NA;NA;NA;NA;NA;NA;NA;NA;NA;1994-03-05;dead;;;,,,,,,
cala;2016-10-12;;talek;;;2016-12-14;;;;;NA;;;;;NA;;;;;NA;;;;;NA;NA;NA;NA;NA;NA;NA;NA;NA;NA;2017-04-09;dls;;;,,,,,,
cali;2021-01-15;;talek;;;2021-07-25;;;;;2021-08-17;error;;7.5;;NA;;;;;NA;;;;;NA;NA;NA;NA;NA;NA;NA;NA;NA;NA;2021-12-17;dls;;;,,,,,,
cam;1998-11-21;;talek;;;1998-12-21;;;;;1999-08-05;;;2.5;;1999-10-09;;;5;;2002-05-01;fission;talek.e;;;NA;NA;NA;NA;NA;NA;NA;NA;NA;NA;2006-10-23;dls;inferred dead;;,,,,,,
cami;2014-05-22;;happy.zebra;;;2014-06-22;;;;;2015-03-02;;;;DenGrad info not in table, instead taken from tblHyenas;2015-03-19;;;17.5;;NA;;;;;NA;NA;NA;NA;NA;NA;NA;NA;NA;NA;2020-10-19;dls;;;,,,,,
caml;2021-11-15;;happy.zebra;;;2022-04-01;;;;;2022-11-15;;;5;Cub automatically den graduated based on birthdate;NA;;;;;NA;;;;;NA;NA;NA;NA;NA;NA;NA;NA;NA;NA;2022-12-15;dls;fate unknown;;,,,,,,
camo;2017-04-25;;serena.n;;;2017-05-16;;;;;NA;;;;;NA;;;;;NA;;;;;NA;NA;NA;NA;NA;NA;NA;NA;NA;NA;2017-05-20;dls;inferred dead;;,,,,,,
cap;1989-03-20;;talek;;;1989-04-09;;;;;1989-10-21;;;1;;NA;;;;;NA;;;;;NA;NA;NA;NA;NA;NA;NA;NA;NA;NA;1990-08-07;dead;;;,,,,,,
cape;2020-12-21;;serena.s;;;2021-02-17;;;;;2021-12-21;;;0;Cub automatically den graduated based on birthdate;NA;;;;;NA;;;;;NA;NA;NA;NA;NA;NA;NA;NA;NA;NA;NA;;;;,,,,,,
capn;2005-06-01;;talek.e;;;2005-07-16;;;;;NA;dbg;;;;NA;;;;;NA;;;;;NA;NA;NA;NA;NA;NA;NA;NA;NA;NA;2005-07-20;dls;;;,,,,,,
capt;2018-03-15;;talek;;;2018-05-31;;;;;NA;;;;;NA;;;;;NA;;;;;NA;NA;NA;NA;NA;NA;NA;NA;NA;NA;2018-09-19;dls;;;,,,,,,
cara;2019-02-07;;serena.s;;;2019-07-24;;;;;2020-02-07;;;7.5;;NA;;;;;NA;;;;;NA;NA;NA;NA;NA;NA;NA;NA;NA;NA;2020-03-07;dls;;;,,,,,,
cari;2020-10-28;;pond;;;2020-12-03;;;;;NA;;;;;NA;;;;;NA;;;;;NA;NA;NA;NA;NA;NA;NA;NA;NA;NA;2021-03-25;dls;;;,,,,,,
carl;NA;;talek;;;1988-10-09;;;;;NA;;;;;NA;;;;;NA;;;;;NA;NA;NA;NA;NA;NA;NA;NA;NA;NA;1989-05-26;dls;dispersed;;,,,,,,
carm;NA;;oltukai;;;2003-07-12;;;;;NA;;;;;NA;;;;;NA;;;;;NA;NA;NA;NA;NA;NA;NA;NA;NA;NA;2005-07-05;;;;check EventStatus and EventData,,,,,,
caro;2018-09-25;;talek;;;2018-11-13;;;;;2019-08-18;;;2;;NA;;;;;NA;;;;;NA;NA;NA;NA;NA;NA;NA;NA;NA;NA;NA;;;;,,,,,,
cart;2005-12-07;;talek;;;2006-01-30;;;;;2006-09-14;;;14;;2006-11-12;;;4.5;;2016-05-01;fission;pond;;;NA;NA;NA;NA;NA;NA;NA;NA;NA;NA;NA;dls;;;,,,,,,
cas;NA;;talek;;;1993-02-06;;;;;NA;;;;;NA;;;;;NA;;;;;NA;NA;NA;NA;NA;NA;NA;NA;NA;NA;1993-02-06;dls;fate unknown;;,,,,,,
cash;2003-02-16;;mara.river;;;2003-04-14;;;;;2003-10-03;;;;DenGrad info not in table, instead taken from tblHyenas;NA;;;;;NA;;;;;NA;NA;NA;NA;NA;NA;NA;NA;NA;NA;2012-12-01;dls;;;check EventStatus and EventData,,,,,
casp;2003-11-02;;oltukai;;;2004-01-02;;;;;NA;;;;;NA;;;;;NA;;;;;NA;NA;NA;NA;NA;NA;NA;NA;NA;NA;2004-01-04;dls;;;,,,,,,
cast;NA;;serena.n;;;2014-09-14;;;;;NA;;;;;NA;;;;;NA;;;;;NA;NA;NA;NA;NA;NA;NA;NA;NA;NA;2016-07-23;dls;;;,,,,,,
cat;1998-12-03;;talek;;;NA;;;;;NA;;;;;NA;;;;;NA;;;;;NA;NA;NA;NA;NA;NA;NA;NA;NA;NA;1998-12-30;dead;starvation;;,,,,,,
catd;2013-07-10;;mara.river;;;2013-07-17;;;;;NA;;;;;NA;;;;;NA;;;;;NA;NA;NA;NA;NA;NA;NA;NA;NA;NA;NA;dls;;;,,,,,,
catn;2013-02-24;;talek;;;2013-03-17;;;;;2013-09-15;;;22;;2013-08-12;;;2;;NA;;;;;NA;NA;NA;NA;NA;NA;NA;NA;NA;NA;2013-12-24;dls;inferred dead;;,,,,,,
cave;2019-01-29;;serena.n;;;2019-04-19;;;;;NA;;;;;NA;;;;;NA;;;;;NA;NA;NA;NA;NA;NA;NA;NA;NA;NA;2019-04-19;dls;;;,,,,,,
cay;2002-10-04;;talek.e;;;2002-10-22;;;;;NA;dbg;;;;NA;;;;;NA;;;;;NA;NA;NA;NA;NA;NA;NA;NA;NA;NA;2002-10-22;dls;;;,,,,,,
cb;NA;;talek;;;1990-10-19;;;;;NA;;;;;NA;;;;;NA;;;;;NA;NA;NA;NA;NA;NA;NA;NA;NA;NA;1990-12-28;dls;fate unknown;;,,,,,,
cblt;2007-03-01;;talek;;;2007-10-07;;;;;NA;;;;;2007-11-24;;;9.5;;NA;;;;;NA;NA;NA;NA;NA;NA;NA;NA;NA;NA;2007-12-04;dls;;;,,,,,,
cboo;NA;;serena.n;;;2008-06-25;;;;;NA;;;;;NA;;;;;NA;;;;;NA;NA;NA;NA;NA;NA;NA;NA;NA;NA;2009-01-29;dls;fate unknown;;,,,,,,
cckr;2013-01-13;;serena.s;;;2013-03-02;;;;;NA;;;;;NA;;;;;NA;;;;;NA;NA;NA;NA;NA;NA;NA;NA;NA;NA;2013-03-02;dls;;;,,,,,,
ccmp;2015-01-07;;talek;;;2015-02-10;;;;;NA;;;;;2015-09-17;;;18;;2016-05-01;fission;pond;;;NA;NA;NA;NA;NA;NA;NA;NA;NA;NA;2018-02-26;dls;;;,,,,,,
ccp;NA;;talek;;;2008-09-13;;;;;NA;;;;;NA;;;;;NA;;;;;NA;NA;NA;NA;NA;NA;NA;NA;NA;NA;2012-03-25;dls;dispersed;;,,,,,,
cd;NA;;fig.tree;;;2007-05-11;;;;;NA;;;;;NA;;;;;NA;;;;;NA;NA;NA;NA;NA;NA;NA;NA;NA;NA;2015-05-20;dls;;;check EventStatus and EventData,,,,,,
ceci;NA;;serena.n;;;2008-09-30;;;;;NA;;;;;NA;;;;;NA;;;;;NA;NA;NA;NA;NA;NA;NA;NA;NA;NA;2009-10-06;;;;check EventStatus and EventData,,,,,,
cel;NA;;;;;2003-10-08;;;;;NA;;;;;NA;;;;;NA;;;;;NA;NA;NA;NA;NA;NA;NA;NA;NA;NA;NA;;;;,,,,,,
cell;NA;;talek;;;2012-01-25;;;;;NA;;;;;NA;;;;;NA;;;;;NA;NA;NA;NA;NA;NA;NA;NA;NA;NA;2012-01-25;dls;inferred dead;;,,,,,,
cen;2008-03-01;;talek;;;2008-04-14;;;;;2008-12-03;;;0;;2009-01-23;;;2;;NA;;;;;NA;NA;NA;NA;NA;NA;NA;NA;NA;NA;2012-05-18;dls;inferred dead;;,,,,,,
cent;2008-11-13;;serena.n;;;2009-01-24;;;;;2009-09-09;;;;DenGrad info not in table, instead taken from tblHyenas;2009-08-16;;;;;NA;;;;;NA;NA;NA;NA;NA;NA;NA;NA;NA;NA;2010-06-07;dls;fate unknown;;,,,,,
cet;NA;;mara.river;;;2001-11-28;;;;;NA;;;;;NA;;;;;NA;;;;;NA;NA;NA;NA;NA;NA;NA;NA;NA;NA;2001-11-28;dls;;;,,,,,,
cfc;2010-08-02;;mara.river;;;NA;;;;;NA;;;;;NA;;;;;NA;;;;;NA;NA;NA;NA;NA;NA;NA;NA;NA;NA;NA;dls;;;,,,,,,
cgry;NA;;talek;;;1996-12-14;;;;;NA;;;;;NA;;;;;NA;;;;;NA;NA;NA;NA;NA;NA;NA;NA;NA;NA;1996-12-14;dls;fate unknown;;,,,,,,
chac;2000-01-05;;mara.river;;;2001-06-05;;;;;NA;;;;;NA;;;;;NA;;;;;NA;NA;NA;NA;NA;NA;NA;NA;NA;NA;2003-01-02;dls;fate unknown;;,,,,,,
chad;2000-12-24;;talek;;;2001-05-20;;;;;2001-07-24;;;1.5;;2001-07-05;;;19;;NA;;;;;NA;NA;NA;NA;NA;NA;NA;NA;NA;NA;2001-09-09;dls;inferred dead;;,,,,,,
chag;NA;;unknown;;;2016-07-27;;;;;NA;;;;;NA;;;;;2016-07-27;dispersal;talek;;;NA;NA;NA;NA;NA;NA;NA;NA;NA;NA;2017-10-28;dls;fate unknown;;,,,,,,
chak;2013-12-02;;happy.zebra;;;2014-01-14;;;;;2014-10-02;;;;DenGrad info not in table, instead taken from tblHyenas;2014-10-11;;;2.5;;NA;;;;;NA;NA;NA;NA;NA;NA;NA;NA;NA;NA;2020-02-07;dls;;;,,,,,
chao;2008-10-01;;oz valley;;;2008-11-15;;;;;NA;;;;;NA;;;;;NA;;;;;NA;NA;NA;NA;NA;NA;NA;NA;NA;NA;NA;;;;,,,,,,
chap;2005-12-05;;talek;;;2006-02-06;;;;;2006-10-08;;;7.5;;2006-11-13;;;1;;NA;;;;;NA;NA;NA;NA;NA;NA;NA;NA;NA;NA;2009-10-06;dead;us (darting accident);;,,,,,,
char;2003-04-14;;oltukai;;;2003-08-05;;;;;NA;;;;;NA;;;;;NA;;;;;NA;NA;NA;NA;NA;NA;NA;NA;NA;NA;2005-07-09;;;;check EventStatus and EventData,,,,,,
chas;NA;;unknown;;;1995-11-23;;;;;NA;;;;;NA;;;;;2002-05-01;fission;talek.e;;;NA;dispersal;talek;;;NA;NA;NA;NA;NA;2002-06-19;dls;humans?;;,,,,,,
chau;1999-12-15;;talek;;;2000-02-14;;;;;NA;;;;;NA;;;;;NA;;;;;NA;NA;NA;NA;NA;NA;NA;NA;NA;NA;2000-02-14;dls;;;,,,,,,
chco;2013-01-22;;talek;;;2013-02-12;;;;;2013-12-26;;;17;;2013-11-17;;;17;;2016-05-01;fission;talek;;;NA;NA;NA;NA;NA;NA;NA;NA;NA;NA;2018-09-02;dls;;;,,,,,,
che;NA;;talek;;;1996-08-07;;;;;NA;;;;;NA;;;;;NA;;;;;NA;NA;NA;NA;NA;NA;NA;NA;NA;NA;1996-08-27;dls;fate unknown;;,,,,,,
chek;2006-01-14;;talek;;;2006-01-29;;;;;NA;dbg;;;;NA;dbw;;;;NA;;;;;NA;NA;NA;NA;NA;NA;NA;NA;NA;NA;2006-09-12;dls;inferred dead;;,,,,,,
cher;2021-09-30;;kcm;;;2022-07-20;;;;;2022-07-20;error;;22381;Never seen at den;NA;;;;;NA;;;;;NA;NA;NA;NA;NA;NA;NA;NA;NA;NA;NA;;;;,,,,,,
ches;2021-01-02;;kcm;;;NA;;;;;2021-08-09;error;;22208.5;Never seen at den;NA;;;;;NA;;;;;NA;NA;NA;NA;NA;NA;NA;NA;NA;NA;NA;;;;,,,,,,
chet;2022-03-15;;happy.zebra;;;2022-05-20;;;;;NA;;;;Cub automatically den graduated based on birthdate;NA;;;;;NA;;;;;NA;NA;NA;NA;NA;NA;NA;NA;NA;NA;2022-10-27;dls;fate unknown;;,,,,,,
chev;2023-05-05;born;serena.n;;;2023-07-20;;;;;NA;;;;;NA;;;;;NA;;;;;NA;NA;NA;NA;NA;NA;NA;NA;NA;NA;NA;;;;,,,,,,
chez;2018-12-15;;serena.s;;;2019-07-24;;;;;2019-10-22;;;1.5;;NA;;;;;NA;;;;;NA;NA;NA;NA;NA;NA;NA;NA;NA;NA;2020-03-15;dls;;;,,,,,,
chg;2009-06-09;;serena.s;;;2009-08-10;;;;;2010-06-27;;;;DenGrad info not in table, instead taken from tblHyenas;2010-01-15;;;;;NA;;;;;NA;NA;NA;NA;NA;NA;NA;NA;NA;NA;2013-10-30;dls;fate unknown;;check EventStatus and EventData,,,,,
chic;NA;;talek;;;1996-12-02;;;;;NA;;;;;NA;;;;;NA;;;;;NA;NA;NA;NA;NA;NA;NA;NA;NA;NA;1998-04-09;dls;dispersed;;,,,,,,
chim;2013-03-05;;talek;;;2013-03-30;;;;;NA;dbg;;;;NA;dbw;;;;NA;;;;;NA;NA;NA;NA;NA;NA;NA;NA;NA;NA;2013-03-30;dls;starved;;,,,,,,
chip;NA;;mara.river;;;2001-06-13;;;;;NA;;;;;NA;;;;;NA;;;;;NA;NA;NA;NA;NA;NA;NA;NA;NA;NA;2009-12-13;dead;lion;;,,,,,,
chit;2008-04-08;;talek;;;2008-05-20;;;;;2008-12-03;;;7;;2008-11-15;;;1.5;;NA;;;;;NA;NA;NA;NA;NA;NA;NA;NA;NA;NA;2011-08-20;dls;dispersed;;,,,,,,
chko;2019-02-09;;kcm;;;2019-09-09;;;;;NA;;;;;NA;;;;;NA;;;;;NA;NA;NA;NA;NA;NA;NA;NA;NA;NA;NA;;;;,,,,,,
chld;2016-10-22;;talek;;;2016-11-23;;;;;2017-08-15;;;;DenGrad info not in table, instead taken from tblHyenas;NA;;;;;NA;;;;;NA;NA;NA;NA;NA;NA;NA;NA;NA;NA;NA;dls;;;,,,,,
chle;2012-10-04;;talek;;;2012-11-04;;;;;2013-06-07;;;6;;2013-08-28;;;2;;2016-03-26;dispersal;unknown;;Benson spotted CHLE with an unknown clan we do not study in October 2020;NA;NA;NA;NA;NA;NA;NA;NA;NA;NA;NA;;;;,,,,,,
chm;2004-06-10;;talek.e;;;2004-07-25;;;;;NA;sugu;;;;2005-09-21;;;3.5;;NA;;;;;NA;NA;NA;NA;NA;NA;NA;NA;NA;NA;2007-02-18;dls;dispersed;;,,,,,,
chma;2019-08-08;;talek;;;2019-10-08;;;;;2020-08-08;;;4;8-Aug-20;NA;;;;;NA;;;;;NA;NA;NA;NA;NA;NA;NA;NA;NA;NA;2021-03-26;dls;;;,,,,,,
chmp;NA;;oltukai;;;2002-06-12;;;;;NA;;;;;NA;;;;;NA;;;;;NA;NA;NA;NA;NA;NA;NA;NA;NA;NA;2005-05-27;;;;check EventStatus and EventData,,,,,,
chn;NA;;oltukai;;;2003-07-14;;;;;NA;;;;;NA;;;;;NA;;;;;NA;NA;NA;NA;NA;NA;NA;NA;NA;NA;2005-07-10;;;;check EventStatus and EventData,,,,,,
chna;2005-12-07;;talek.e;;;2005-12-21;;;;;NA;dbg;;;;NA;;;;;NA;;;;;NA;NA;NA;NA;NA;NA;NA;NA;NA;NA;2006-01-05;dls;fate unknown;;,,,,,,
chnt;2004-04-01;;mara.river;;;2004-05-18;;;;;NA;;;;;NA;;;;;NA;;;;;NA;NA;NA;NA;NA;NA;NA;NA;NA;NA;2005-12-03;dls;fate unknown;;,,,,,,
chob;1999-11-30;;talek;;;1999-12-30;;;;;2001-03-29;;;3;;2000-03-11;error;;20;;2002-05-01;fission;talek.e;;;NA;NA;NA;NA;NA;NA;NA;NA;NA;NA;2002-09-21;dls;dispersed;;,,,,,,
choc;1988-12-10;;talek;;;1988-12-30;;;;;1989-09-09;;;0.5;;1989-10-30;;;;;NA;;;;;NA;NA;NA;NA;NA;NA;NA;NA;NA;NA;1990-02-21;dead;;;,,,,,,
chok;2019-02-09;;kcm;;;NA;;;;;2020-02-09;error;;21935;Graduated based on DOB, never seen at den;NA;;;;;NA;;;;;NA;NA;NA;NA;NA;NA;NA;NA;NA;NA;NA;;;;,,,,,
chol;2010-11-09;;mara.river;;;NA;;;;;NA;;;;;NA;;;;;NA;;;;;NA;NA;NA;NA;NA;NA;NA;NA;NA;NA;NA;dls;;;,,,,,,
chot;2019-09-19;;talek;;;2019-11-04;;;;;2020-09-19;error;;160;Graduated based on DOB;NA;;;;;NA;;;;;NA;NA;NA;NA;NA;NA;NA;NA;NA;NA;NA;;;;,,,,,,
chow;2017-09-19;;serena.n;;;2017-10-17;;;;;NA;;;;;NA;;;;;NA;;;;;NA;NA;NA;NA;NA;NA;NA;NA;NA;NA;NA;;;;,,,,,,
chpa;2016-10-08;;happy.zebra;;;2016-11-28;;;;;NA;;;;;NA;;;;;NA;;;;;NA;NA;NA;NA;NA;NA;NA;NA;NA;NA;2018-05-11;dls;;;,,,,,,
chq;2017-12-03;;talek.w;;;2018-02-22;;;;;2018-09-21;grad;;4.5;;NA;;;;;NA;;;;;NA;NA;NA;NA;NA;NA;NA;NA;NA;NA;2020-07-03;dls;;;,,,,,,
chr;1994-01-10;;talek;;;1994-02-14;;;;;NA;;;;;NA;;;;;NA;;;;;NA;NA;NA;NA;NA;NA;NA;NA;NA;NA;1994-03-05;dead;;;,,,,,,
chrd;2008-11-01;;serena.s;;;2008-11-29;;;;;NA;;;;;NA;;;;;NA;;;;;NA;NA;NA;NA;NA;NA;NA;NA;NA;NA;2008-12-22;dls;;;,,,,,,
chrl;2019-01-18;;serena.n;;;2019-03-11;;;;;NA;;;;;NA;;;;;NA;;;;;NA;NA;NA;NA;NA;NA;NA;NA;NA;NA;2019-03-13;dls;;;,,,,,,
chrm;NA;;mara.river;;;2001-06-24;;;;;NA;;;;;NA;;;;;NA;;;;;NA;NA;NA;NA;NA;NA;NA;NA;NA;NA;2002-06-11;dead;;;,,,,,,
chrs;NA;;mara.river;;;2001-07-24;;;;;NA;;;;;NA;;;;;NA;;;;;NA;NA;NA;NA;NA;NA;NA;NA;NA;NA;2002-07-14;dls;fate unknown;;,,,,,,
chrt;2010-05-26;;fig.tree;;;2011-01-26;;;;;NA;;;;;NA;;;;;NA;;;;;NA;NA;NA;NA;NA;NA;NA;NA;NA;NA;2011-01-26;dls;unk;;,,,,,,
chry;2010-01-01;;fig.tree;;;2010-01-19;;;;;NA;;;;;NA;;;;;NA;;;;;NA;NA;NA;NA;NA;NA;NA;NA;NA;NA;2010-02-03;dls;unknown;;,,,,,,
chs1;NA;;talek;;;1994-11-12;;;;;NA;;;;;NA;;;;;NA;;;;;NA;NA;NA;NA;NA;NA;NA;NA;NA;NA;1994-11-13;dls;fate unknown;;,,,,,,
chs2;NA;;talek;;;1994-11-12;;;;;NA;;;;;NA;;;;;NA;;;;;NA;NA;NA;NA;NA;NA;NA;NA;NA;NA;1994-11-13;dls;fate unknown;;,,,,,,
chs3;NA;;talek;;;1994-11-12;;;;;NA;;;;;NA;;;;;NA;;;;;NA;NA;NA;NA;NA;NA;NA;NA;NA;NA;1994-11-13;dls;fate unknown;;,,,,,,
chs4;NA;;talek;;;1994-11-12;;;;;NA;;;;;NA;;;;;NA;;;;;NA;NA;NA;NA;NA;NA;NA;NA;NA;NA;1994-11-13;dls;fate unknown;;,,,,,,
chs5;NA;;talek;;;1994-11-12;;;;;NA;;;;;NA;;;;;NA;;;;;NA;NA;NA;NA;NA;NA;NA;NA;NA;NA;1994-11-13;dls;fate unknown;;,,,,,,
chst;NA;;talek;;;2001-06-12;;;;;NA;;;;;NA;;;;;NA;;;;;NA;NA;NA;NA;NA;NA;NA;NA;NA;NA;2001-06-28;dls;dispersed;;,,,,,,
chsy;2015-12-22;;talek;;;2016-02-09;;;;;NA;;;;;NA;;;;;NA;;;;;NA;NA;NA;NA;NA;NA;NA;NA;NA;NA;2016-03-13;dls;inferred dead;;,,,,,,
chun;2004-10-30;;airstrip;;;2004-11-18;;;;;NA;;;;;NA;;;;;NA;;;;;NA;NA;NA;NA;NA;NA;NA;NA;NA;NA;2005-07-11;;;;check EventStatus and EventData,,,,,,
chur;2014-07-19;;talek;;;2015-08-01;;;;;NA;;;;;NA;sugu;;;;2016-05-01;fission;kcm;;;NA;NA;NA;NA;NA;NA;NA;NA;NA;NA;2016-05-10;dls;inferred dead;;,,,,,,
chut;2007-11-15;;serena.s;;;2008-11-28;;;;;NA;;;;;NA;sugu;;;;NA;;;;;NA;NA;NA;NA;NA;NA;NA;NA;NA;NA;2012-08-01;dls;fate unknown;;,,,,,,
chw;1999-03-19;;talek;;;1999-04-16;;;;;1999-09-24;;;0.5;;2000-02-28;;;0.5;;2002-05-01;fission;talek.e;;;NA;NA;NA;NA;NA;NA;NA;NA;NA;NA;2013-07-25;dls;inferred dead;;,,,,,,
chwy;2014-07-31;;fig.tree;;;2015-01-13;;;;;NA;;;;;NA;;;;;NA;;;;;NA;NA;NA;NA;NA;NA;NA;NA;NA;NA;NA;dls;;;,,,,,,
chy;1989-10-14;;talek;;;1989-11-21;;;;;1990-04-25;;;0.5;;1991-01-15;;;;;1993-07-30;dispersal;unknown;;;NA;NA;NA;NA;NA;NA;NA;NA;NA;NA;1997-03-05;dls;;;,,,,,,
chzd;2017-08-31;;talek.w;;;2017-10-02;;;;;2018-05-01;error;;5.5;;NA;;;;;NA;;;;;NA;NA;NA;NA;NA;NA;NA;NA;NA;NA;2020-07-28;dls;;;,,,,,,
cici;2015-12-16;;talek;;;2016-03-16;;;;;2016-10-07;;;;DenGrad info not in table, instead taken from tblHyenas;2016-09-20;;;3;;2016-05-01;fission;pond;;;NA;NA;NA;NA;NA;NA;NA;NA;NA;NA;NA;dls;;;,,,,,
cida;2003-08-07;;talek.e;;;2003-09-05;;;;;NA;sugu;;;;2004-04-12;error;;95.5;;NA;;;;;NA;NA;NA;NA;NA;NA;NA;NA;NA;NA;2006-08-03;dls;dispersed;;,,,,,,
cin;NA;;talek;;;1996-10-24;;;;;NA;;;;;NA;;;;;NA;;;;;NA;NA;NA;NA;NA;NA;NA;NA;NA;NA;1996-10-24;dls;fate unknown;;,,,,,,
cina;2017-10-27;;talek;;;2017-12-16;;;;;NA;;;;;NA;;;;;NA;;;;;NA;NA;NA;NA;NA;NA;NA;NA;NA;NA;2018-04-20;dls;;;,,,,,,
cino;2003-10-27;;oltukai;;;2003-11-14;;;;;NA;;;;;NA;;;;;NA;;;;;NA;NA;NA;NA;NA;NA;NA;NA;NA;NA;2004-06-02;dls;;;,,,,,,
cir;2013-10-02;;talek;;;2014-03-03;;;;;NA;dbg;;;;NA;;;;;NA;;;;;NA;NA;NA;NA;NA;NA;NA;NA;NA;NA;2014-04-30;dead;starved (poison, april 2014);;,,,,,
circ;2012-07-22;;serena.s;;;2012-09-09;;;;;NA;;;;;NA;dbw;;;;NA;;;;;NA;NA;NA;NA;NA;NA;NA;NA;NA;NA;2012-10-15;dls;;;,,,,,,
cis;2005-01-01;;oltukai;;;2005-01-07;;;;;NA;;;;;NA;;;;;NA;;;;;NA;NA;NA;NA;NA;NA;NA;NA;NA;NA;2005-01-14;dls;;;check EventStatus and EventData,,,,,,
cius;2019-07-06;;talek;;;2019-10-06;;;;;2020-05-15;error;;67.5;;NA;;;;;NA;;;;;NA;NA;NA;NA;NA;NA;NA;NA;NA;NA;NA;;;;,,,,,,
cj;2011-12-12;;fig.tree;;;2012-01-23;;;;;NA;;;;;NA;;;;;NA;;;;;NA;NA;NA;NA;NA;NA;NA;NA;NA;NA;2012-03-13;dls;unk;;,,,,,,
cla;1989-05-15;;talek;;;1989-06-10;;;;;NA;;;;;NA;;;;;NA;;;;;NA;NA;NA;NA;NA;NA;NA;NA;NA;NA;1989-11-22;dead;humans;;,,,,,,
clam;2021-10-24;;talek;;;2022-05-20;;;;;2022-07-22;;;5.5;;NA;;;;;NA;;;;;NA;NA;NA;NA;NA;NA;NA;NA;NA;NA;NA;;;;,,,,,,
clar;NA;;fig.tree;;;2007-07-08;;;;;NA;;;;;NA;;;;;NA;;;;;NA;NA;NA;NA;NA;NA;NA;NA;NA;NA;2012-08-27;dls;unk;;,,,,,,
clav;2005-05-19;born;airstrip;;;2005-07-08;;;;;NA;;;;;NA;dbw;;;;NA;;;;;NA;NA;NA;NA;NA;NA;NA;NA;NA;NA;2005-07-09;dls;;;,,,,,,
clay;2013-01-23;;happy.zebra;;;2013-03-15;;;;;2013-09-14;;;;DenGrad info not in table, instead taken from tblHyenas;2013-09-19;;;4.5;;NA;;;;;NA;NA;NA;NA;NA;NA;NA;NA;NA;NA;2018-02-20;dls;;;,,,,,
cldr;2014-04-30;;talek;;;2015-05-31;;;;;NA;sugu;;;;NA;;;;;NA;;;;;NA;NA;NA;NA;NA;NA;NA;NA;NA;NA;2015-05-31;dls;fate unknown;;,,,,,,
clee;NA;;unknown;;;2019-10-21;;;;;NA;;;;;NA;;;;;2019-10-21;dispersal;talek;;;NA;NA;NA;NA;NA;NA;NA;NA;NA;NA;2021-07-12;dls;;;,,,,,,
clem;2017-01-31;;pond;;;2017-03-22;;;;;2017-10-27;;;;DenGrad info not in table, instead taken from tblHyenas;NA;;;;;NA;;;;;NA;NA;NA;NA;NA;NA;NA;NA;NA;NA;2017-12-20;dead;carnviore? no body;;Seen being eaten on the 20th,,,,,
cleo;2005-05-04;;airstrip;;;2005-05-06;;;;;NA;;;;;NA;dbw;;;;NA;;;;;NA;NA;NA;NA;NA;NA;NA;NA;NA;NA;2005-06-26;dls;;;,,,,,,
clev;2013-10-24;;serena.n;;;2013-12-26;;;;;2014-06-11;;;;DenGrad info not in table, instead taken from tblHyenas;2015-03-12;;;7.5;;NA;;;;;NA;NA;NA;NA;NA;NA;NA;NA;NA;NA;2021-05-23;dead;lions;;killed within the last 24 hours,,,,,
clif;2011-08-27;;serena.n;;;2011-09-23;;;;;NA;;;;;NA;dbw;;;;NA;;;;;NA;NA;NA;NA;NA;NA;NA;NA;NA;NA;2011-10-15;dls;fate unknown;;,,,,,,
cloe;NA;;llion;;;2006-07-11;;;;;NA;;;;;NA;;;;;NA;;;;;NA;NA;NA;NA;NA;NA;NA;NA;NA;NA;NA;;;;,,,,,,
clou;2012-11-10;;talek;;;2012-12-01;;;;;NA;dbg;;;;NA;dbw;;;;NA;;;;;NA;NA;NA;NA;NA;NA;NA;NA;NA;NA;2013-06-18;dead;starved;;,,,,,,
clov;NA;;serena.s;;;2008-11-23;;;;;NA;;;;;NA;;;;;NA;;;;;NA;NA;NA;NA;NA;NA;NA;NA;NA;NA;2016-08-24;dls;fate unknown;;,,,,,,
clrn;2015-04-26;;talek;;;2016-06-26;;;;;NA;sugu;;;;NA;sugu;;;;2016-05-01;fission;kcm;;;NA;NA;NA;NA;NA;NA;NA;NA;NA;NA;NA;dls;;;,,,,,,
cltn;2004-11-10;;talek;;;2004-12-15;;;;;2005-09-03;;;1;;2005-05-12;error;;148;;NA;;;;;NA;NA;NA;NA;NA;NA;NA;NA;NA;NA;2006-01-24;dls;;;,,,,,,
clty;2015-06-30;;talek;;;2016-05-05;;;;;NA;sugu;;;;NA;;;;;2016-05-01;fission;kcm;;;NA;NA;NA;NA;NA;NA;NA;NA;NA;NA;NA;dls;;;,,,,,,
clue;2016-06-28;;kcm;;;2016-08-09;;;;;2017-01-08;;;1;;2017-07-04;;;6;;NA;;;;;NA;NA;NA;NA;NA;NA;NA;NA;NA;NA;NA;dls;;;,,,,,,
clus;2014-10-08;;happy.zebra;;;2014-10-29;;;;;2015-05-16;;;;DenGrad info not in table, instead taken from tblHyenas;2015-07-04;error;;44;;NA;;;;;NA;NA;NA;NA;NA;NA;NA;NA;NA;NA;2018-04-26;dls;;;,,,,,
clv;2008-03-15;;olare;;;2008-08-17;;;;;NA;;;;;NA;;;;;NA;;;;;NA;NA;NA;NA;NA;NA;NA;NA;NA;NA;2008-09-27;;;;check EventStatus and EventData,,,,,,
cly;1990-09-30;;talek;;;1990-11-02;;;;;NA;;;;;NA;;;;;NA;;;;;NA;NA;NA;NA;NA;NA;NA;NA;NA;NA;1990-11-03;dead;flooded den;;,,,,,,
clyd;2008-01-01;;17km;;;2008-06-28;;;;;NA;;;;;NA;;;;;NA;;;;;NA;NA;NA;NA;NA;NA;NA;NA;NA;NA;2008-08-21;;;;check EventStatus and EventData,,,,,,
cm;2007-03-10;;fig.tree;;;2007-05-03;;;;;NA;;;;;NA;;;;;NA;;;;;NA;NA;NA;NA;NA;NA;NA;NA;NA;NA;2012-05-27;dls;unk;;,,,,,,
cmbr;NA;;mara.river;;;2011-04-06;;;;;NA;;;;;NA;;;;;NA;;;;;NA;NA;NA;NA;NA;NA;NA;NA;NA;NA;2014-09-26;dls;;;check EventStatus and EventData,,,,,,
cmo;NA;;emarti h;;;2002-05-28;;;;;NA;;;;;NA;;;;;NA;;;;;NA;NA;NA;NA;NA;NA;NA;NA;NA;NA;NA;;;;,,,,,,
cmta;NA;;fig.tree;;;2007-04-27;;;;;NA;;;;;NA;;;;;NA;;;;;NA;NA;NA;NA;NA;NA;NA;NA;NA;NA;2012-03-09;dls;;;,,,,,,
cnas;2011-07-04;;happy.zebra;;;2011-08-01;;;;;NA;;;;;NA;dbw;;;;NA;;;;;NA;NA;NA;NA;NA;NA;NA;NA;NA;NA;2012-02-14;dls;fate unknown;;,,,,,,
cnbl;2009-12-27;;mara.river;;;NA;;;;;NA;;;;;NA;;;;;NA;;;;;NA;NA;NA;NA;NA;NA;NA;NA;NA;NA;NA;dls;;;,,,,,,
cndi;2019-11-16;;happy.zebra;;;2019-12-17;;;;;NA;;;;;NA;;;;;NA;;;;;NA;NA;NA;NA;NA;NA;NA;NA;NA;NA;2020-01-25;dls;;;,,,,,,
cnet;2001-08-12;;talek;;;2001-09-14;;;;;2002-08-04;;;0.5;;2002-08-08;;;1;;2002-05-01;fission;talek.e;;;2006-07-20;dispersal;unknown;;;NA;NA;NA;NA;NA;2008-09-02;dls;;;,,,,,,
cns;NA;;talek;;;1995-10-31;;;;;NA;;;;;NA;;;;;NA;;;;;NA;NA;NA;NA;NA;NA;NA;NA;NA;NA;1995-11-03;dls;fate unknown;;,,,,,,
cnst;NA;;happy.zebra;;;2012-10-01;;;;;NA;;;;;NA;;;;;NA;;;;;NA;NA;NA;NA;NA;NA;NA;NA;NA;NA;2013-08-24;dls;;;,,,,,,
cnt;1997-03-24;;talek;;;1997-03-31;;;;;NA;;;;;NA;;;;;NA;;;;;NA;NA;NA;NA;NA;NA;NA;NA;NA;NA;1997-05-02;dls;;;,,,,,,
cnti;2002-05-15;;talek.e;;;2002-06-19;;;;;2003-04-09;;;1;;2003-09-08;;;28.5;;NA;;;;;NA;NA;NA;NA;NA;NA;NA;NA;NA;NA;2011-05-30;dls;inferred dead;;,,,,,,
cob;2005-04-23;;oltukai;;;2005-04-28;;;;;NA;;;;;NA;dbw;;;;NA;;;;;NA;NA;NA;NA;NA;NA;NA;NA;NA;NA;2005-07-11;dls;masai;;,,,,,,
cobo;2020-10-07;;talek;;;2021-05-07;;;;;2021-05-07;error;;22161.5;Never seen at den;NA;;;;;NA;;;;;NA;NA;NA;NA;NA;NA;NA;NA;NA;NA;NA;;;;,,,,,,
coch;1985-02-01;;talek;;;1985-02-01;;;;;NA;;;;;NA;;;;;NA;;;;;NA;NA;NA;NA;NA;NA;NA;NA;NA;NA;1995-09-02;dead;lions;;Found dead on 3-Sep-95, this is estimation of death,,,,,
coco;NA;;llion;;;2006-06-10;;;;;NA;;;;;NA;;;;;NA;;;;;NA;NA;NA;NA;NA;NA;NA;NA;NA;NA;NA;;;;,,,,,,
cody;2020-03-23;;serena.n;;;2020-08-25;;;;;2021-03-23;error;;1;Cub automatically den graduated based on birthdate, I believe CODY is dead;NA;;;;;NA;;;;;NA;NA;NA;NA;NA;NA;NA;NA;NA;NA;NA;;;;,,,,,
coel;2010-08-31;;happy.zebra;;;2010-09-28;;;;;2011-05-16;;;;DenGrad info not in table, instead taken from tblHyenas;2011-05-18;;;2.5;;NA;;;;;NA;NA;NA;NA;NA;NA;NA;NA;NA;NA;2023-01-09;dls;fate unknown;;,,,,,
cokl;2014-05-16;;happy.zebra;;;2014-10-07;;;;;2015-05-12;;;;DenGrad info not in table, instead taken from tblHyenas;2015-05-06;;;0.5;;NA;;;;;NA;NA;NA;NA;NA;NA;NA;NA;NA;NA;2015-12-01;dls;;;,,,,,
col;2003-07-05;;airstrip;;;2003-08-24;;;;;NA;;;;;NA;;;;;NA;;;;;NA;NA;NA;NA;NA;NA;NA;NA;NA;NA;2004-03-31;dls;;;,,,,,,
colb;NA;;happy.zebra;;;2008-07-04;;;;;NA;;;;;NA;;;;;NA;;;;;NA;NA;NA;NA;NA;NA;NA;NA;NA;NA;2008-07-04;dls;fate unknown;;,,,,,,
coli;2013-09-22;;mara.river;;;2014-02-22;;;;;NA;;;;;NA;;;;;NA;;;;;NA;NA;NA;NA;NA;NA;NA;NA;NA;NA;NA;dls;;;,,,,,,
colo;2010-09-09;;serena.n;;;2010-10-07;;;;;NA;;;;;2011-03-11;;;;;NA;;;;;NA;NA;NA;NA;NA;NA;NA;NA;NA;NA;2011-06-04;dls;fate unknown;;check EventStatus and EventData,,,,,,
colr;2021-05-29;;serena.s;;;2021-06-25;;;;;NA;;;;;NA;;;;;NA;;;;;NA;NA;NA;NA;NA;NA;NA;NA;NA;NA;2021-12-04;dls;;;,,,,,,
cols;2010-10-15;;fig.tree;;;2010-11-22;;;;;NA;;;;;NA;;;;;NA;;;;;NA;NA;NA;NA;NA;NA;NA;NA;NA;NA;2011-12-04;dls;unk;;,,,,,,
colt;2009-05-09;;mara.river;;;NA;;;;;NA;;;;;NA;;;;;NA;;;;;NA;NA;NA;NA;NA;NA;NA;NA;NA;NA;NA;dls;;;,,,,,,
com;2000-11-04;;mara.river;;;2001-06-03;;;;;NA;;;;;NA;;;;;NA;;;;;NA;NA;NA;NA;NA;NA;NA;NA;NA;NA;NA;;;;,,,,,,
con;NA;;talek;;;1993-02-06;;;;;NA;;;;;NA;;;;;NA;;;;;NA;NA;NA;NA;NA;NA;NA;NA;NA;NA;1993-02-06;dls;fate unknown;;,,,,,,
conr;NA;;unknown;;;2020-01-13;;;;;NA;;;;;NA;;;;;2020-01-13;dispersal;serena.n;;;NA;NA;NA;NA;NA;NA;NA;NA;NA;NA;NA;;;;,,,,,,
cons;2008-10-01;;oz valley;;;2008-11-15;;;;;NA;;;;;NA;;;;;NA;;;;;NA;NA;NA;NA;NA;NA;NA;NA;NA;NA;NA;;;;,,,,,,
cont;2009-08-09;;serena.s;;;2009-08-31;;;;;2010-09-04;;;;DenGrad info not in table, instead taken from tblHyenas;2010-02-28;;;;;NA;;;;;NA;NA;NA;NA;NA;NA;NA;NA;NA;NA;2013-01-03;dls;fate unknown;;check EventStatus and EventData,,,,,
coo;1998-12-03;;talek;;;1999-01-05;;;;;1999-07-22;;;1;;1999-06-26;;;3;;2002-05-01;fission;talek.e;;;NA;NA;NA;NA;NA;NA;NA;NA;NA;NA;2005-12-07;dead;croc?;;,,,,,,
cook;2010-12-19;;fig.tree;;;2011-02-06;;;;;NA;;;;;NA;;;;;NA;;;;;NA;NA;NA;NA;NA;NA;NA;NA;NA;NA;2011-02-06;dls;unk;;,,,,,,
coon;2021-09-13;;pond;;;2021-12-13;;;;;2022-09-13;error;;31.5;Graduated based on DOB;NA;;;;;NA;;;;;NA;NA;NA;NA;NA;NA;NA;NA;NA;NA;NA;;;;,,,,,,
coop;2002-11-06;;mara.river;;;2002-11-26;;;;;NA;;;;;NA;;;;;NA;;;;;NA;NA;NA;NA;NA;NA;NA;NA;NA;NA;2003-01-25;dead;;;,,,,,,
cop;2002-05-07;;talek;;;2002-06-29;;;;;NA;dbg;;;;NA;dbw;;;;NA;;;;;NA;NA;NA;NA;NA;NA;NA;NA;NA;NA;2002-06-29;dls;;;,,,,,,
copr;NA;;unknown;;;2022-07-13;;;;;NA;;;;;NA;;;;;2022-07-13;dispersal;serena.n;;;NA;NA;NA;NA;NA;NA;NA;NA;NA;NA;NA;;;;,,,,,,
cora;2020-12-01;;pond;;;2021-01-24;;;;;NA;;;;;NA;;;;;NA;;;;;NA;NA;NA;NA;NA;NA;NA;NA;NA;NA;2021-01-30;dls;;;,,,,,,
corc;NA;;emarti h;;;2004-06-13;;;;;NA;;;;;NA;;;;;NA;;;;;NA;NA;NA;NA;NA;NA;NA;NA;NA;NA;NA;;;;,,,,,,
cori;2018-01-01;;serena.s;;;2018-01-17;;;;;NA;;;;;NA;;;;;NA;;;;;NA;NA;NA;NA;NA;NA;NA;NA;NA;NA;2018-01-17;dls;;;,,,,,,
corn;2022-05-20;;serena.n;;;2022-07-13;;;;;2023-03-04;;;6;>200, absent from den, >200;NA;;;;;NA;;;;;NA;NA;NA;NA;NA;NA;NA;NA;NA;NA;NA;;;;,,,,
cory;NA;;;;;2022-03-29;;;;;NA;;;;;NA;;;;;2022-03-29;dispersal;kcm;;;NA;NA;NA;NA;NA;NA;NA;NA;NA;NA;NA;;;;,,,,,,
cota;2019-09-19;;talek;;;2019-11-04;;;;;NA;;;;;NA;;;;;NA;;;;;NA;NA;NA;NA;NA;NA;NA;NA;NA;NA;2019-11-04;dls;;;,,,,,,
cous;2003-03-03;;talek;;;2003-04-17;;;;;2003-10-28;;;2.5;;2004-02-14;;;0;;2007-07-06;dispersal;talek.e;;;NA;NA;NA;NA;NA;NA;NA;NA;NA;NA;2012-06-18;;;;,,,,,,
couv;NA;;unknown;;;2016-08-23;;;;;NA;;;;;NA;;;;;2016-08-23;dispersal;kcm;;;NA;NA;NA;NA;NA;NA;NA;NA;NA;NA;NA;dls;;;,,,,,,
covi;NA;;;;;2022-06-22;;;;;NA;;;;;NA;;;;;NA;;;;;NA;NA;NA;NA;NA;NA;NA;NA;NA;NA;NA;;;;,,,,,,
cowb;NA;;talek;;;1991-08-11;;;;;NA;;;;;NA;;;;;NA;;;;;NA;NA;NA;NA;NA;NA;NA;NA;NA;NA;1991-08-12;dls;fate unknown;;,,,,,,
cp;NA;;serena.n;;;2008-09-30;;;;;NA;;;;;NA;;;;;NA;;;;;NA;NA;NA;NA;NA;NA;NA;NA;NA;NA;NA;;;;,,,,,,
cpa;1998-11-18;;talek;;;1998-12-01;;;;;1999-06-20;;;0.5;;2000-04-06;;;0;;NA;;;;;NA;NA;NA;NA;NA;NA;NA;NA;NA;NA;2002-02-09;dls;dispersed;;,,,,,,
cpal;2012-02-03;;serena.s;;;2012-03-23;;;;;2012-04-02;;;;DenGrad info not in table, instead taken from tblHyenas;NA;dbw;;;;NA;;;;;NA;NA;NA;NA;NA;NA;NA;NA;NA;NA;2012-04-02;dls;;;,,,,,
cpf;NA;;;;;2006-09-07;;;;;NA;;;;;NA;;;;;NA;;;;;NA;NA;NA;NA;NA;NA;NA;NA;NA;NA;2006-09-07;dls;;;,,,,,,
cplx;2017-05-07;;kcm;;;2018-02-20;;;;;2018-07-04;error;;21642.5;CPLX never seen at den, hence large error term;NA;;;;;NA;;;;;NA;NA;NA;NA;NA;NA;NA;NA;NA;NA;2019-11-06;dls;;;,,,,,
cpr;NA;;mara.river;;;2001-09-14;;;;;NA;;;;;NA;;;;;NA;;;;;NA;NA;NA;NA;NA;NA;NA;NA;NA;NA;2001-09-14;dls;;;,,,,,,
cpri;2013-11-30;;fig.tree;;;2014-01-04;;;;;NA;;;;;NA;;;;;NA;;;;;NA;NA;NA;NA;NA;NA;NA;NA;NA;NA;2017-03-12;dls;;;,,,,,,
cr;1993-08-15;;talek;;;1993-09-09;;;;;1994-04-02;;;0.5;;1994-08-01;;;;;NA;;;;;NA;NA;NA;NA;NA;NA;NA;NA;NA;NA;2002-03-03;dls;inferred dead;;,,,,,,
crab;2020-05-10;;talek;;;2021-02-20;;;;;2021-02-20;error;;22123.5;Never seen at den, first tick based on DFS, not in notes;NA;;;;;NA;;;;;NA;NA;NA;NA;NA;NA;NA;NA;NA;NA;NA;;;;,,,,
cray;NA;;oltukai;;;2003-08-05;;;;;NA;;;;;NA;;;;;NA;;;;;NA;NA;NA;NA;NA;NA;NA;NA;NA;NA;2005-07-11;dls;;;,,,,,,
crbn;NA;;unknown;;;2017-02-07;;;;;NA;;;;;NA;;;;;NA;;serena.s;;;NA;NA;NA;NA;NA;NA;NA;NA;NA;NA;2021-07-11;dls;;;,,,,,,
crc;2003-06-22;;airstrip;;;2003-08-17;;;;;NA;;;;;NA;;;;;NA;;;;;NA;NA;NA;NA;NA;NA;NA;NA;NA;NA;2003-08-24;;;;check EventStatus and EventData,,,,,,
crdn;2004-10-27;;mara.river;;;2004-11-10;;;;;NA;;;;;NA;;;;;NA;;;;;NA;NA;NA;NA;NA;NA;NA;NA;NA;NA;NA;;;;,,,,,,
crdy;2015-11-17;;serena.n;;;2016-01-05;;;;;2016-07-13;;;;DenGrad info not in table, instead taken from tblHyenas;NA;;;;;NA;;;;;NA;NA;NA;NA;NA;NA;NA;NA;NA;NA;2019-02-16;dls;;;,,,,,
crem;2016-06-25;;kcm;;;2016-11-19;;;;;2017-04-20;;;10.5;;2017-06-27;;;0.5;;NA;;;;;NA;NA;NA;NA;NA;NA;NA;NA;NA;NA;NA;dls;;;,,,,,,
crg;NA;;oz valley;;;2008-11-11;;;;;NA;;;;;NA;;;;;NA;;;;;NA;NA;NA;NA;NA;NA;NA;NA;NA;NA;2011-10-28;;;;check EventStatus and EventData,,,,,,
crim;2012-07-29;;serena.n;;;2012-11-12;;;;DFS assigned by field, no associated session;2013-06-27;;;;DenGrad info not in table, instead taken from tblHyenas;2013-10-05;;;;;NA;;;;;NA;NA;NA;NA;NA;NA;NA;NA;NA;NA;2023-03-19;dls;fate unknown;;,,,,
crk;1997-06-27;;talek;;;1997-06-27;;;;;NA;;;;;NA;dbw;;;;NA;;;;;NA;NA;NA;NA;NA;NA;NA;NA;NA;NA;1997-12-24;dls;starvation;;,,,,,,
crkt;2009-03-10;;fig.tree;;;2010-04-10;;;;;NA;;;;;NA;;;;;NA;;;;;NA;NA;NA;NA;NA;NA;NA;NA;NA;NA;2010-04-10;dls;fate unknown;;,,,,,,
crl;2007-09-15;;fig.tree;;;2008-01-18;;;;;NA;;;;;NA;;;;;NA;;;;;NA;NA;NA;NA;NA;NA;NA;NA;NA;NA;2008-03-28;dls;unk;;,,,,,,
crlk;2013-01-17;;talek;;;2013-02-07;;;;;NA;dbg;;;;NA;dbw;;;;NA;;;;;NA;NA;NA;NA;NA;NA;NA;NA;NA;NA;2013-05-03;dls;starved when mom died;;,,,,,,
crln;1994-07-04;;talek;;;1994-07-18;;;;;NA;;;;;NA;;;;;NA;;;;;NA;NA;NA;NA;NA;NA;NA;NA;NA;NA;1994-07-18;dead;illness;;,,,,,,
crly;2021-10-16;;kcm;;;2022-05-02;;;;;2022-08-13;;;1;Received ticks on 13Aug AM and PM;NA;;;;;NA;;;;;NA;NA;NA;NA;NA;NA;NA;NA;NA;NA;NA;;;;,,,,,,
crms;2010-12-19;;talek;;;2011-01-16;;;;;2011-07-26;;;1.5;;2011-07-16;;;1.5;;NA;;;;;NA;NA;NA;NA;NA;NA;NA;NA;NA;NA;2014-04-03;dead;humans (poison - april 2014);;,,,,,,
croc;2015-11-19;;talek;;;2016-01-04;;;;;NA;;;;;2016-04-10;;;2.5;;2016-05-01;fission;talek;;;NA;NA;NA;NA;NA;NA;NA;NA;NA;NA;2016-04-14;dls;;;check EventStatus and EventData,,,,,,
crom;2019-04-06;;serena.s;;;2019-07-24;;;;;2020-01-08;;;0;;NA;;;;;NA;;;;;NA;NA;NA;NA;NA;NA;NA;NA;NA;NA;2021-05-12;dls;;;,,,,,,
cron;2010-12-18;;talek;;;2011-01-29;;;;;NA;;;;;NA;dbw;;;;NA;;;;;NA;NA;NA;NA;NA;NA;NA;NA;NA;NA;2011-04-13;dls;inferred dead;;,,,,,,
crs;NA;;talek;;;1999-08-28;;;;;NA;;;;;NA;;;;;NA;;;;;NA;NA;NA;NA;NA;NA;NA;NA;NA;NA;1999-10-23;dls;fate unknown;;,,,,,,
crse;NA;;airstrip;;;2002-06-15;;;;;NA;;;;;NA;;;;;NA;;;;;NA;NA;NA;NA;NA;NA;NA;NA;NA;NA;NA;;;;,,,,,,
crst;2016-10-28;;talek;;;2016-12-10;;;;;2017-06-16;;;;DenGrad info not in table, instead taken from tblHyenas;NA;;;;;NA;;;;;NA;NA;NA;NA;NA;NA;NA;NA;NA;NA;2021-09-23;dls;;;,,,,,
crtm;2011-03-19;;happy.zebra;;;2011-04-16;;;;;NA;;;;;NA;;;;;NA;;;;;NA;NA;NA;NA;NA;NA;NA;NA;NA;NA;2011-04-17;dls;fate unknown;;,,,,,,
cruz;NA;;serena.s;;;2012-09-27;;;;;NA;;;;;NA;;;;;NA;;;;;NA;NA;NA;NA;NA;NA;NA;NA;NA;NA;2018-03-28;dls;;;,,,,,,
crvy;NA;;mara.river;;;2011-06-26;;;;;NA;;;;;NA;;;;;NA;;;;;NA;NA;NA;NA;NA;NA;NA;NA;NA;NA;NA;dls;;;,,,,,,
cryp;2015-06-30;;talek;;;2016-05-05;;;;;NA;sugu;;;;NA;;;;;2016-05-01;fission;kcm;;;NA;NA;NA;NA;NA;NA;NA;NA;NA;NA;2017-07-02;dls;;;,,,,,,
csac;2003-05-01;;talek;;;2003-07-08;;;;;2003-12-15;;;2;;2004-04-26;;;8.5;;NA;;;;;NA;NA;NA;NA;NA;NA;NA;NA;NA;NA;2005-01-29;dls;inferred dead;;,,,,,,
csby;2007-12-30;;happy.zebra;;;2008-06-24;;;;;NA;;;;;NA;;;;;NA;;;;;NA;NA;NA;NA;NA;NA;NA;NA;NA;NA;2023-03-10;dls;fate unknown;;,,,,,,
csco;NA;;unknown;;;2018-11-06;;;;;NA;;;;;NA;;;;;2018-11-06;;serena.n;;;NA;NA;NA;NA;NA;NA;NA;NA;NA;NA;NA;;;;,,,,,,
csg;NA;;talek;;;1996-06-18;;;;;NA;;;;;NA;;;;;NA;;;;;NA;NA;NA;NA;NA;NA;NA;NA;NA;NA;1996-06-24;dls;fate unknown;;,,,,,,
csh;2017-07-24;;kcm;;;2018-01-23;;;;;NA;;;;;NA;;;;;NA;;;;;NA;NA;NA;NA;NA;NA;NA;NA;NA;NA;2018-02-02;dls;;;,,,,,,
csl;1984-09-01;;talek;;;1984-09-01;;;;;NA;;;;;NA;;;;;NA;;;;;NA;NA;NA;NA;NA;NA;NA;NA;NA;NA;1989-11-06;dls;lions;;,,,,,,
csmo;2016-07-20;;happy.zebra;;;2016-08-26;;;;;NA;;;;;2017-04-28;;;24.5;;NA;;;;;NA;NA;NA;NA;NA;NA;NA;NA;NA;NA;2017-06-03;dls;;;,,,,,,
csn;1998-02-15;;talek;;;1998-07-15;;;;;1998-08-19;;;5;;1998-12-14;;;1.5;;2002-05-01;fission;talek.e;;;NA;NA;NA;NA;NA;NA;NA;NA;NA;NA;2005-05-03;dead;lions;;,,,,,,
csp;1997-12-11;;talek;;;NA;;;;;NA;;;;;NA;;;;;NA;;;;;NA;NA;NA;NA;NA;NA;NA;NA;NA;NA;1997-12-18;dls;fate unknown;;,,,,,,
cstz;2013-04-16;;serena.n;;;2013-05-30;;;;;NA;;;;;2014-06-18;;;7;;NA;;;;;NA;NA;NA;NA;NA;NA;NA;NA;NA;NA;2016-05-29;dls;;;,,,,,,
csw;NA;;talek;;;1998-10-10;;;;;NA;;;;;NA;;;;;NA;;;;;NA;NA;NA;NA;NA;NA;NA;NA;NA;NA;1998-10-11;dls;fate unknown;;,,,,,,
ct;NA;;talek;;;1993-07-03;;;;;NA;;;;;NA;;;;;NA;;;;;NA;NA;NA;NA;NA;NA;NA;NA;NA;NA;1993-10-09;dls;fate unknown;;,,,,,,
cta;NA;;airstrip;;;2003-10-27;;;;;NA;;;;;NA;;;;;NA;;;;;NA;NA;NA;NA;NA;NA;NA;NA;NA;NA;2005-05-31;;;;check EventStatus and EventData,,,,,,
cten;2013-12-20;;talek;;;2014-01-14;;;;;2014-07-24;;;0.5;;2014-08-28;;;4;;NA;;;;;NA;NA;NA;NA;NA;NA;NA;NA;NA;NA;2016-10-22;dls;inferred dead;;,,,,,,
ctln;NA;;talek.e;;;2012-06-18;;;;;NA;;;;;NA;;;;;NA;;;;;NA;NA;NA;NA;NA;NA;NA;NA;NA;NA;2012-06-18;;;;check EventStatus and EventData,,,,,,
ctop;2009-11-30;;happy.zebra;;;2009-12-22;;;;;NA;;;;;2010-10-01;;;7;;NA;;;;;NA;NA;NA;NA;NA;NA;NA;NA;NA;NA;2011-10-31;dls;fate unknown;;,,,,,,
ctow;NA;;talek;;;1996-09-15;;;;;NA;;;;;NA;;;;;NA;;;;;NA;NA;NA;NA;NA;NA;NA;NA;NA;NA;1996-09-16;dls;fate unknown;;,,,,,,
ctp;2011-02-21;;serena.s;;;2011-03-21;;;;;NA;;;;;NA;dbw;;;;NA;;;;;NA;NA;NA;NA;NA;NA;NA;NA;NA;NA;2011-05-15;dls;fate unknown;;,,,,,,
ctro;2020-05-19;;serena.n;;;2021-02-15;;;;;NA;;;;;NA;;;;;NA;;;;;NA;NA;NA;NA;NA;NA;NA;NA;NA;NA;2021-03-09;;;;,,,,,,
ctrs;2021-09-18;;happy.zebra;;;2021-10-27;;;;;2022-04-19;;;5;Lv wlk, absent from den, wlk arr;NA;;;;;NA;;;;;NA;NA;NA;NA;NA;NA;NA;NA;NA;NA;NA;;;;,,,,
ctz;2004-06-26;;talek;;;2004-07-22;;;;;2005-04-29;;;1.5;;2005-08-02;;;2;;NA;;;;;NA;NA;NA;NA;NA;NA;NA;NA;NA;NA;2006-05-28;dls;inferred dead;;,,,,,,
cubi;2020-08-29;;serena.s;;;2020-09-23;;;;;NA;;;;;NA;;;;;NA;;;;;NA;NA;NA;NA;NA;NA;NA;NA;NA;NA;2020-10-24;dls;;;,,,,,,
cubs;NA;;;;;NA;;;;;NA;;;;;NA;;;;;NA;;;;;NA;NA;NA;NA;NA;NA;NA;NA;NA;NA;NA;;;;,,,,,,
cug;NA;;;;;1996-07-24;;;;;NA;;;;;NA;;;;;NA;;;;;NA;NA;NA;NA;NA;NA;NA;NA;NA;NA;1996-07-24;dls;fate unknown;;,,,,,,
cuj;1997-07-09;;talek;;;1997-07-15;;;;;1997-12-04;;;3;;1998-08-06;;;0.5;;NA;;;;;NA;NA;NA;NA;NA;NA;NA;NA;NA;NA;2001-06-03;dls;dispersed;;,,,,,,
cuke;2013-01-26;;mara.river;;;2013-07-26;;;;;NA;;;;;NA;;;;;NA;;;;;NA;NA;NA;NA;NA;NA;NA;NA;NA;NA;2013-08-25;dls;;;check EventStatus and EventData,,,,,,
cup;NA;;airstrip;;;2002-06-08;;;;;NA;;;;;NA;;;;;NA;;;;;NA;NA;NA;NA;NA;NA;NA;NA;NA;NA;NA;;;;,,,,,,
cupi;2017-02-03;;talek.w;;;2017-03-25;;;;;2018-01-13;;;;DenGrad info not in table, instead taken from tblHyenas;NA;;;;;NA;;;;;NA;NA;NA;NA;NA;NA;NA;NA;NA;NA;NA;dls;;;,,,,,
curd;2022-04-09;;serena.n;;;2022-07-14;;;;;2023-02-03;grad;;3.5;>200, absent from den, >200;NA;;;;;NA;;;;;NA;NA;NA;NA;NA;NA;NA;NA;NA;NA;NA;;;;,,,,
curs;2013-02-10;;mara.river;;;2013-05-16;;;;;NA;;;;;NA;;;;;NA;;;;;NA;NA;NA;NA;NA;NA;NA;NA;NA;NA;2013-08-25;dls;;;check EventStatus and EventData,,,,,,
cusc;NA;;;;;2011-10-07;;;;;NA;;;;;NA;;;;;NA;;;;;NA;NA;NA;NA;NA;NA;NA;NA;NA;NA;2012-06-23;;;;check EventStatus and EventData,,,,,,
cust;2007-06-01;;serena.n;;;2008-09-25;;;;;NA;;;;;NA;;;;;NA;;;;;NA;NA;NA;NA;NA;NA;NA;NA;NA;NA;2009-06-12;dls;fate unknown;;,,,,,,
cut;NA;;mara.river;;;2001-05-25;;;;;NA;;;;;NA;;;;;NA;;;;;NA;NA;NA;NA;NA;NA;NA;NA;NA;NA;2002-07-05;dls;fate unknown;;,,,,,,
cuti;2022-11-24;;kcm;;;2022-08-11;;;;;NA;;;;;NA;;;;;NA;;;;;NA;NA;NA;NA;NA;NA;NA;NA;NA;NA;NA;;;;,,,,,,
cvrt;2007-05-15;;serena.s;;;2009-05-15;;;;;NA;;;;;NA;;;;;NA;;;;;NA;NA;NA;NA;NA;NA;NA;NA;NA;NA;2009-05-15;dls;;;,,,,,,
cy;2010-10-30;;talek;;;2011-01-22;;;;;2011-05-25;;;1;;2011-08-09;;;25;;2013-10-22;dispersal;talek.e;;;NA;NA;NA;NA;NA;NA;NA;NA;NA;NA;2016-09-09;;;;,,,,,,
cyan;2010-11-08;;happy.zebra;;;2010-12-13;;;;;NA;;;;;NA;;;;;NA;;;;;NA;NA;NA;NA;NA;NA;NA;NA;NA;NA;2011-01-05;dls;;;,,,,,,
cybr;2013-09-20;;talek;;;2014-01-04;;;;;2014-12-10;;;;DenGrad info not in table, instead taken from tblHyenas;2014-03-26;;;7.5;;2016-05-01;fission;kcm;;;NA;NA;NA;NA;NA;NA;NA;NA;NA;NA;NA;dls;;;,,,,,
cyc;NA;;mara.river;;;2002-01-09;;;;;NA;;;;;NA;;;;;NA;;;;;NA;NA;NA;NA;NA;NA;NA;NA;NA;NA;2002-04-22;dls;fate unknown;;,,,,,,
cyn;2004-06-13;;airstrip;;;2004-07-03;;;;;NA;;;;;NA;;;;;NA;;;;;NA;NA;NA;NA;NA;NA;NA;NA;NA;NA;2005-07-06;;;;check EventStatus and EventData,,,,,,
cyp;1999-05-13;;talek;;;1999-06-14;;;;;NA;dbg;;;;NA;dbw;;;;NA;;;;;NA;NA;NA;NA;NA;NA;NA;NA;NA;NA;1999-12-18;dead;lions;;,,,,,,
cyr;NA;;talek;;;1994-12-14;;;;;NA;;;;;NA;;;;;NA;;;;;NA;NA;NA;NA;NA;NA;NA;NA;NA;NA;1995-02-13;dls;fate unknown;;,,,,,,
czar;2010-11-09;;serena.s;;;2010-12-21;;;;DFS assigned by field, no associated session;2011-10-07;;;;DenGrad info not in table, instead taken from tblHyenas;2011-11-26;;;;;NA;;;;;NA;NA;NA;NA;NA;NA;NA;NA;NA;NA;2013-02-27;dls;fate unknown;;check EventStatus and EventData,,,,
dada;2019-04-27;;kcm;;;2031-04-21;;;;;2020-04-27;error;;21974;Graduated based on DOB, before DFS;NA;;;;;NA;;;;;NA;NA;NA;NA;NA;NA;NA;NA;NA;NA;NA;;;;,,,,,
dag;2010-11-14;;fig.tree;;;2010-12-19;;;;;NA;;;;;NA;;;;;NA;;;;;NA;NA;NA;NA;NA;NA;NA;NA;NA;NA;2011-01-26;dls;unk;;,,,,,,
dak;2003-10-29;;oltukai;;;2003-11-20;;;;;NA;;;;;NA;;;;;NA;;;;;NA;NA;NA;NA;NA;NA;NA;NA;NA;NA;2005-07-10;;;;check EventStatus and EventData,,,,,,
dal;NA;;talek;;;2001-12-10;;;;;NA;;;;;NA;;;;;NA;;;;;NA;NA;NA;NA;NA;NA;NA;NA;NA;NA;2003-02-06;dls;dispersed;;,,,,,,
dali;2001-09-28;;talek;;;2001-10-08;;;;;NA;;;;;NA;dbw;;;;NA;;;;;NA;NA;NA;NA;NA;NA;NA;NA;NA;NA;2002-01-01;dls;;;,,,,,,
dalt;2013-01-14;;serena.n;;;2013-03-15;;;;;2013-07-27;;;;DenGrad info not in table, instead taken from tblHyenas;2013-11-29;;;1;;NA;;;;;NA;NA;NA;NA;NA;NA;NA;NA;NA;NA;2013-12-08;dls;;;,,,,,
dama;2016-06-11;;serena.s;;;2016-07-16;;;;;NA;;;;;NA;dbw;;;;NA;;;;;NA;NA;NA;NA;NA;NA;NA;NA;NA;NA;2017-01-01;dls;;;,,,,,,
dan;1999-12-15;;talek;;;2000-02-14;;;;;2000-07-09;;;;DenGrad info not in table, instead taken from tblHyenas;2000-07-08;;;1;;NA;;;;;NA;NA;NA;NA;NA;NA;NA;NA;NA;NA;2001-03-25;dls;inferred dead;;,,,,,
dana;2022-04-01;;cool.beans;;;2022-05-17;;;;;NA;;;;;NA;;;;;NA;;;;;NA;NA;NA;NA;NA;NA;NA;NA;NA;NA;2022-06-06;dls;;;,,,,,,
dang;2014-09-11;;serena.s;;;2014-11-05;;;;;2015-05-13;;;;DenGrad info not in table, instead taken from tblHyenas;2015-05-28;;;3.5;;NA;;;;;NA;NA;NA;NA;NA;NA;NA;NA;NA;NA;2017-09-25;dls;;;,,,,,
dant;NA;;talek.e;;;NA;;;;;NA;;;;;NA;;;;;NA;;;;;NA;NA;NA;NA;NA;NA;NA;NA;NA;NA;NA;;;;,,,,,,
dany;2019-10-18;;pond;;;2019-12-31;;;;;2020-10-18;error;;40;Graduated based on DOB;NA;;;;;NA;;;;;NA;NA;NA;NA;NA;NA;NA;NA;NA;NA;NA;;;;,,,,,,
dar;NA;;happy.zebra;;;2009-07-17;;;;;NA;;;;;NA;;;;;NA;;;;;NA;NA;NA;NA;NA;NA;NA;NA;NA;NA;2012-08-06;dls;fate unknown;;,,,,,,
dara;2013-02-16;;happy.zebra;;;2013-03-11;;;;;NA;;;;;NA;dbw;;;;NA;;;;;NA;NA;NA;NA;NA;NA;NA;NA;NA;NA;2013-11-11;dls;;;,,,,,,
dark;NA;;talek;;;1990-06-30;;;;;NA;;;;;NA;;;;;NA;;;;;NA;NA;NA;NA;NA;NA;NA;NA;NA;NA;1990-06-30;dls;fate unknown;;,,,,,,
darw;1996-07-01;;talek;;;1996-08-20;;;;;1996-12-24;;;0.5;;1997-06-01;;;;;2002-03-25;dispersal;fig.tree;;;NA;NA;NA;NA;NA;NA;NA;NA;NA;NA;2002-07-05;dls;;;,,,,,,
dash;2019-07-19;;serena.n;;;2019-08-31;;;;;2020-07-19;error;;61;Cub automatically den graduated based on birthdate, error term skewed due to pandemic;NA;;;;;NA;;;;;NA;NA;NA;NA;NA;NA;NA;NA;NA;NA;2020-08-29;dls;;;,,,,,
dasy;2011-05-26;;mara.river;;;2012-02-01;;;;;NA;;;;;NA;;;;;NA;;;;;NA;NA;NA;NA;NA;NA;NA;NA;NA;NA;2015-02-19;dls;;;check EventStatus and EventData,,,,,,
dave;1986-09-15;;talek;;;1988-07-12;;;;;NA;;;;;NA;;;;;NA;;;;;NA;NA;NA;NA;NA;NA;NA;NA;NA;NA;1990-11-12;dls;dispersed;;,,,,,,
davo;2017-12-09;;pond;;;2018-01-17;;;;;NA;;;;;NA;;;;;NA;;;;;NA;NA;NA;NA;NA;NA;NA;NA;NA;NA;2018-02-22;dls;;;,,,,,,
dawa;2013-12-07;;happy.zebra;;;2014-02-22;;;;;2014-07-23;;;;DenGrad info not in table, instead taken from tblHyenas;2015-08-20;;;3;;NA;;;;;NA;NA;NA;NA;NA;NA;NA;NA;NA;NA;2015-12-01;dls;;;,,,,,
dawn;2017-11-23;;happy.zebra;;;2017-12-05;;;;;NA;;;;;NA;;;;;NA;;;;;NA;NA;NA;NA;NA;NA;NA;NA;NA;NA;2017-12-23;dls;;;,,,,,,
day;NA;;;;;2000-04-03;;;;;NA;;;;;NA;;;;;2000-04-03;dispersal;talek;;;2002-05-01;fission;talek.e;;;NA;NA;NA;NA;NA;2006-08-04;dls;dispersed;;,,,,,,
db;1987-10-01;;talek;;;1988-06-26;;;;;NA;;;;;1988-08-04;;;;;NA;;;;;NA;NA;NA;NA;NA;NA;NA;NA;NA;NA;1988-09-14;dls;inferred dead;;,,,,,,
dber;NA;;ucb;;;NA;;;;;NA;;;;;NA;;;;;NA;;;;;NA;NA;NA;NA;NA;NA;NA;NA;NA;NA;NA;;;;,,,,,,
dbrs;NA;;oltukai;;;2003-07-18;;;;;NA;;;;;NA;;;;;NA;;;;;NA;NA;NA;NA;NA;NA;NA;NA;NA;NA;2005-07-09;;;;check EventStatus and EventData,,,,,,
dbt;NA;;oz valley;;;2008-11-01;;;;;NA;;;;;NA;;;;;NA;;;;;NA;NA;NA;NA;NA;NA;NA;NA;NA;NA;NA;;;;,,,,,,
dc1;2004-07-15;;oltukai;;;NA;;;;;NA;;;;;NA;;;;;NA;;;;;NA;NA;NA;NA;NA;NA;NA;NA;NA;NA;2004-07-22;dead;inferred dead;;,,,,,,
dc10;2009-04-06;;serena.n;;;NA;;;;;NA;;;;;NA;;;;;NA;;;;;NA;NA;NA;NA;NA;NA;NA;NA;NA;NA;2009-04-13;dead;inferred dead;;,,,,,,
dc11;2017-06-07;;serena.n;;;NA;;;;;NA;;;;;NA;;;;;NA;;;;;NA;NA;NA;NA;NA;NA;NA;NA;NA;NA;2017-06-14;dead;inferred dead;;,,,,,,
dc12;2012-01-19;;serena.n;;;NA;;;;;NA;;;;;NA;;;;;NA;;;;;NA;NA;NA;NA;NA;NA;NA;NA;NA;NA;2012-01-26;dead;inferred dead;;,,,,,,
dc13;2008-06-17;;serena.n;;;NA;;;;;NA;;;;;NA;;;;;NA;;;;;NA;NA;NA;NA;NA;NA;NA;NA;NA;NA;2008-06-24;dead;inferred dead;;,,,,,,
dc14;2016-02-26;;serena.n;;;NA;;;;;NA;;;;;NA;;;;;NA;;;;;NA;NA;NA;NA;NA;NA;NA;NA;NA;NA;2016-03-05;dead;inferred dead;;,,,,,,
dc15;2010-11-08;;serena.s;;;NA;;;;;NA;;;;;NA;;;;;NA;;;;;NA;NA;NA;NA;NA;NA;NA;NA;NA;NA;2010-11-15;dead;inferred dead;;,,,,,,
dc16;2011-06-13;;serena.s;;;NA;;;;;NA;;;;;NA;;;;;NA;;;;;NA;NA;NA;NA;NA;NA;NA;NA;NA;NA;2011-06-20;dead;inferred dead;;,,,,,,
dc17;2012-11-07;;serena.s;;;NA;;;;;NA;;;;;NA;;;;;NA;;;;;NA;NA;NA;NA;NA;NA;NA;NA;NA;NA;2012-11-14;dead;inferred dead;;,,,,,,
dc18;2009-09-04;;serena.s;;;NA;;;;;NA;;;;;NA;;;;;NA;;;;;NA;NA;NA;NA;NA;NA;NA;NA;NA;NA;2009-09-11;dead;inferred dead;;,,,,,,
dc19;2017-07-02;;serena.s;;;NA;;;;;NA;;;;;NA;;;;;NA;;;;;NA;NA;NA;NA;NA;NA;NA;NA;NA;NA;2017-07-09;dead;inferred dead;;,,,,,,
dc2;1996-11-04;;talek;;;NA;;;;;NA;;;;;NA;;;;;NA;;;;;NA;NA;NA;NA;NA;NA;NA;NA;NA;NA;1996-11-10;dead;;;,,,,,,
dc20;2011-03-29;;serena.s;;;NA;;;;;NA;;;;;NA;;;;;NA;;;;;NA;NA;NA;NA;NA;NA;NA;NA;NA;NA;2011-04-05;dead;inferred dead;;,,,,,,
dc21;2013-11-16;;serena.s;;;NA;;;;;NA;;;;;NA;;;;;NA;;;;;NA;NA;NA;NA;NA;NA;NA;NA;NA;NA;2013-11-23;dead;inferred dead;;,,,,,,
dc22;2008-11-09;;serena.s;;;NA;;;;;NA;;;;;NA;;;;;NA;;;;;NA;NA;NA;NA;NA;NA;NA;NA;NA;NA;2008-11-16;dead;inferred dead;;,,,,,,
dc23;2014-05-05;;serena.s;;;NA;;;;;NA;;;;;NA;;;;;NA;;;;;NA;NA;NA;NA;NA;NA;NA;NA;NA;NA;2014-05-12;dead;inferred dead;;,,,,,,
dc24;2015-09-23;;serena.s;;;NA;;;;;NA;;;;;NA;;;;;NA;;;;;NA;NA;NA;NA;NA;NA;NA;NA;NA;NA;2015-09-30;dead;inferred dead;;,,,,,,
dc25;2015-05-18;;serena.s;;;NA;;;;;NA;;;;;NA;;;;;NA;;;;;NA;NA;NA;NA;NA;NA;NA;NA;NA;NA;2015-05-25;dead;inferred dead;;,,,,,,
dc26;2011-03-14;;serena.s;;;NA;;;;;NA;;;;;NA;;;;;NA;;;;;NA;NA;NA;NA;NA;NA;NA;NA;NA;NA;2011-03-21;dead;inferred dead;;,,,,,,
dc27;2013-11-06;;serena.s;;;NA;;;;;NA;;;;;NA;;;;;NA;;;;;NA;NA;NA;NA;NA;NA;NA;NA;NA;NA;2013-11-13;dead;inferred dead;;,,,,,,
dc28;2017-05-29;;serena.s;;;NA;;;;;NA;;;;;NA;;;;;NA;;;;;NA;NA;NA;NA;NA;NA;NA;NA;NA;NA;2017-06-06;dead;inferred dead;;,,,,,,
dc29;2013-10-26;;serena.s;;;NA;;;;;NA;;;;;NA;;;;;NA;;;;;NA;NA;NA;NA;NA;NA;NA;NA;NA;NA;2013-11-02;dead;inferred dead;;,,,,,,
dc3;2004-11-17;;airstrip;;;NA;;;;;NA;;;;;NA;;;;;NA;;;;;NA;NA;NA;NA;NA;NA;NA;NA;NA;NA;2004-11-24;dead;inferred dead;;,,,,,,
dc30;2012-05-22;;talek;;;NA;;;;;NA;;;;;NA;;;;;NA;;;;;NA;NA;NA;NA;NA;NA;NA;NA;NA;NA;2012-05-29;dead;inferred dead;;,,,,,,
dc31;2013-04-18;;talek;;;NA;;;;;NA;;;;;NA;;;;;NA;;;;;NA;NA;NA;NA;NA;NA;NA;NA;NA;NA;2013-04-25;dead;inferred dead;;,,,,,,
dc32;2014-06-09;;talek;;;NA;;;;;NA;;;;;NA;;;;;NA;;;;;NA;NA;NA;NA;NA;NA;NA;NA;NA;NA;2014-06-16;dead;inferred dead;;,,,,,,
dc33;2015-01-14;;talek;;;NA;;;;;NA;;;;;NA;;;;;NA;;;;;NA;NA;NA;NA;NA;NA;NA;NA;NA;NA;2015-01-21;dead;inferred dead;;,,,,,,
dc34;2013-03-16;;talek;;;NA;;;;;NA;;;;;NA;;;;;NA;;;;;NA;NA;NA;NA;NA;NA;NA;NA;NA;NA;2013-03-23;dead;inferred dead;;,,,,,,
dc35;2017-12-26;;kcm;;;NA;;;;;NA;;;;;NA;;;;;NA;;;;;NA;NA;NA;NA;NA;NA;NA;NA;NA;NA;2018-01-02;dead;inferred dead;;,,,,,,
dc37;2002-02-11;;talek;;;NA;;;;;NA;;;;;NA;;;;;NA;;;;;NA;NA;NA;NA;NA;NA;NA;NA;NA;NA;2002-02-18;dead;inferred dead;;,,,,,,
dc38;2004-12-12;;talek;;;NA;;;;;NA;;;;;NA;;;;;NA;;;;;NA;NA;NA;NA;NA;NA;NA;NA;NA;NA;2004-12-19;dead;inferred dead;;,,,,,,
dc39;1998-07-10;;talek;;;NA;;;;;NA;;;;;NA;;;;;NA;;;;;NA;NA;NA;NA;NA;NA;NA;NA;NA;NA;1998-07-17;dead;inferred dead;;,,,,,,
dc4;2005-06-19;;amboseli;;;NA;;;;;NA;;;;;NA;;;;;NA;;;;;NA;NA;NA;NA;NA;NA;NA;NA;NA;NA;2005-06-26;dead;inferred dead;;,,,,,,
dc40;2013-02-21;;talek;;;NA;;;;;NA;;;;;NA;;;;;NA;;;;;NA;NA;NA;NA;NA;NA;NA;NA;NA;NA;2013-02-28;dead;inferred dead;;,,,,,,
dc41;2010-12-08;;talek;;;NA;;;;;NA;;;;;NA;;;;;NA;;;;;NA;NA;NA;NA;NA;NA;NA;NA;NA;NA;2010-12-15;dead;inferred dead;;,,,,,,
dc42;2016-05-13;;talek;;;NA;;;;;NA;;;;;NA;;;;;NA;;;;;NA;NA;NA;NA;NA;NA;NA;NA;NA;NA;2016-05-20;dead;inferred dead;;,,,,,,
dc43;2016-02-18;;talek;;;NA;;;;;NA;;;;;NA;;;;;NA;;;;;NA;NA;NA;NA;NA;NA;NA;NA;NA;NA;2016-02-25;dead;inferred dead;;,,,,,,
dc44;2012-02-12;;talek;;;NA;;;;;NA;;;;;NA;;;;;NA;;;;;NA;NA;NA;NA;NA;NA;NA;NA;NA;NA;2012-02-19;dead;inferred dead;;,,,,,,
dc45;2011-09-17;;talek;;;NA;;;;;NA;;;;;NA;;;;;NA;;;;;NA;NA;NA;NA;NA;NA;NA;NA;NA;NA;2011-09-24;dead;inferred dead;;,,,,,,
dc46;2015-06-30;;talek;;;NA;;;;;NA;;;;;NA;;;;;NA;;;;;NA;NA;NA;NA;NA;NA;NA;NA;NA;NA;2015-07-07;dead;inferred dead;;,,,,,,
dc47;1998-05-20;;talek;;;NA;;;;;NA;;;;;NA;;;;;NA;;;;;NA;NA;NA;NA;NA;NA;NA;NA;NA;NA;1998-05-27;dead;inferred dead;;,,,,,,
dc48;2015-08-03;;talek;;;NA;;;;;NA;;;;;NA;;;;;NA;;;;;NA;NA;NA;NA;NA;NA;NA;NA;NA;NA;2015-08-10;dead;inferred dead;;,,,,,,
dc5;2015-02-23;;happy.zebra;;;NA;;;;;NA;;;;;NA;;;;;NA;;;;;NA;NA;NA;NA;NA;NA;NA;NA;NA;NA;2015-03-02;dead;inferred dead;;,,,,,,
dc6;2015-02-25;;happy.zebra;;;NA;;;;;NA;;;;;NA;;;;;NA;;;;;NA;NA;NA;NA;NA;NA;NA;NA;NA;NA;2015-03-04;dead;inferred dead;;,,,,,,
dc7;2012-05-12;;happy.zebra;;;NA;;;;;NA;;;;;NA;;;;;NA;;;;;NA;NA;NA;NA;NA;NA;NA;NA;NA;NA;2012-05-19;dead;inferred dead;;,,,,,,
dc8;2017-04-26;;happy.zebra;;;NA;;;;;NA;;;;;NA;;;;;NA;;;;;NA;NA;NA;NA;NA;NA;NA;NA;NA;NA;2017-05-03;dead;inferred dead;;,,,,,,
dc9;2011-12-16;;happy.zebra;;;NA;;;;;NA;;;;;NA;;;;;NA;;;;;NA;NA;NA;NA;NA;NA;NA;NA;NA;NA;2011-12-23;dead;inferred dead;;,,,,,,
dcm;NA;;mara.river;;;2001-07-05;;;;;NA;;;;;NA;;;;;NA;;;;;NA;NA;NA;NA;NA;NA;NA;NA;NA;NA;2001-07-05;dls;;;,,,,,,
dcub;1992-02-02;;talek;;;1992-02-03;;;;;NA;;;;;NA;;;;;NA;;;;;NA;NA;NA;NA;NA;NA;NA;NA;NA;NA;1992-04-14;dead;hyenas;;,,,,,,
dd;1994-07-23;;talek;;;1994-08-14;;;;;1995-03-18;;;0.5;;1995-08-30;;;;;2002-05-01;fission;talek.e;;;NA;NA;NA;NA;NA;NA;NA;NA;NA;NA;2000-10-17;dls;dispersed;;,,,,,,
ddma;NA;;talek;;;2012-10-19;;;;;NA;;;;;NA;;;;;2016-05-01;fission;talek;;;NA;NA;NA;NA;NA;NA;NA;NA;NA;NA;2021-03-23;dls;;;,,,,,,
dds;2016-10-11;;talek;;;2016-12-08;;;;;2017-06-26;;;;DenGrad info not in table, instead taken from tblHyenas;NA;;;;;NA;;;;;NA;NA;NA;NA;NA;NA;NA;NA;NA;NA;2020-10-24;dls;;;,,,,,
deal;2020-12-28;;pond;;;2021-02-18;;;;;NA;;;;;NA;;;;;NA;;;;;NA;NA;NA;NA;NA;NA;NA;NA;NA;NA;2021-02-18;dls;;;,,,,,,
dean;NA;;talek;;;1994-04-29;;;;;NA;;;;;NA;;;;;NA;;;;;NA;NA;NA;NA;NA;NA;NA;NA;NA;NA;1994-04-29;dls;fate unknown;;,,,,,,
deb;1995-11-09;;talek;;;1995-12-29;;;;;1996-06-25;;;0.5;;NA;dbw;;;;NA;;;;;NA;NA;NA;NA;NA;NA;NA;NA;NA;NA;1996-08-12;dls;inferred dead;;,,,,,,
debu;2020-09-01;;pond;;;2021-01-16;;;;;NA;;;;;NA;;;;;NA;;;;;NA;NA;NA;NA;NA;NA;NA;NA;NA;NA;2021-03-25;dls;inferred dead;;,,,,,,
decm;2013-01-12;;talek;;;2013-02-07;;;;;2013-08-08;;;1;;2013-10-31;;;0.5;;2016-05-01;fission;talek;;;NA;NA;NA;NA;NA;NA;NA;NA;NA;NA;NA;dls;;;,,,,,,
dee;NA;;oz valley;;;2010-10-10;;;;;NA;;;;;NA;;;;;2010-10-10;dispersal;serena.s;;;NA;NA;NA;NA;NA;NA;NA;NA;NA;NA;2016-04-06;dls;fate unknown;;,,,,,,
dege;2014-09-08;;talek;;;2014-12-21;;;;;2015-07-02;;;2;;2015-08-26;;;10.5;;2016-05-01;fission;talek;;;NA;NA;NA;NA;NA;NA;NA;NA;NA;NA;NA;dls;;;,,,,,,
dego;NA;;unknown;;;2019-06-13;;;;;NA;;;;;NA;;;;;2019-06-13;;happy.zebra;;;NA;NA;NA;NA;NA;NA;NA;NA;NA;NA;2021-09-12;dls;;;,,,,,,
dej;NA;;serena.n;;;2008-07-12;;;;;NA;;;;;NA;;;;;NA;;;;;NA;NA;NA;NA;NA;NA;NA;NA;NA;NA;2011-11-01;;;;check EventStatus and EventData,,,,,,
deja;2016-05-14;;serena.n;;;2016-07-02;;;;;2017-03-14;;;;DenGrad info not in table, instead taken from tblHyenas;2017-07-04;;;2.5;;NA;;;;;NA;NA;NA;NA;NA;NA;NA;NA;NA;NA;NA;dls;;;,,,,,
del;1998-11-10;;talek;;;1998-12-11;;;;;1999-08-02;;;2.5;;1999-11-28;;;5.5;;2002-05-01;fission;talek.e;;;NA;NA;NA;NA;NA;NA;NA;NA;NA;NA;2000-11-19;dls;fate unknown;;,,,,,,
delt;NA;;fig.tree;;;1996-12-21;;;;;NA;;;;;NA;;;;;NA;;;;;NA;NA;NA;NA;NA;NA;NA;NA;NA;NA;1996-12-21;dls;fate unknown;;,,,,,,
deni;2014-04-06;;serena.n;;;2014-05-18;;;;;NA;;;;;NA;;;;;NA;;;;;NA;NA;NA;NA;NA;NA;NA;NA;NA;NA;2014-06-28;dls;;;,,,,,,
dera;2022-02-25;;talek;;;2022-07-11;;;;;NA;;;;;NA;;;;;NA;;;;;NA;NA;NA;NA;NA;NA;NA;NA;NA;NA;NA;;;;,,,,,,
des;2004-05-17;;talek;;;2004-06-07;;;;;2005-03-29;;;0.5;;2005-03-13;;;0.5;;NA;;;;;NA;NA;NA;NA;NA;NA;NA;NA;NA;NA;2010-07-29;dls;dispersed;;,,,,,,
desl;2011-07-16;;talek;;;2011-11-05;;;;;NA;dbg;;;;2012-05-24;;;6;;NA;;;;;NA;NA;NA;NA;NA;NA;NA;NA;NA;NA;2012-06-18;dls;inferred dead;;,,,,,,
det;NA;;talek;;;2004-02-21;;;;;NA;;;;;NA;;;;;NA;;;;;NA;NA;NA;NA;NA;NA;NA;NA;NA;NA;2005-08-13;dls;fate unknown;;,,,,,,
deth;2013-10-16;;serena.s;;;2013-11-23;;;;DFS assigned by field, no associated session;2014-12-06;;;;DenGrad info not in table, instead taken from tblHyenas;2014-07-11;error;;50;;NA;;;;;NA;NA;NA;NA;NA;NA;NA;NA;NA;NA;2023-01-22;dead;unknown;;Found dead buried inside what we suspected was her natal den. Unsure when she died, her body was rotted already by this given date, when she was found,,
deu;NA;;lakeview;;;2003-08-17;;;;;NA;;;;;NA;;;;;NA;;;;;NA;NA;NA;NA;NA;NA;NA;NA;NA;NA;2003-08-17;;;;check EventStatus and EventData,,,,,,
devn;2019-10-08;;happy.zebra;;;2019-11-11;;;;;NA;;;;;NA;;;;;NA;;;;;NA;NA;NA;NA;NA;NA;NA;NA;NA;NA;2020-02-07;dls;;;,,,,,,
dfne;2010-12-06;;fig.tree;;;2011-10-16;;;;;NA;;;;;NA;;;;;NA;;;;;NA;NA;NA;NA;NA;NA;NA;NA;NA;NA;2012-03-26;dls;unk;;,,,,,,
dfy;2002-05-10;;talek.e;;;2002-08-07;;;;;2003-05-04;;;4;;2003-04-17;;;0.5;;NA;;;;;NA;NA;NA;NA;NA;NA;NA;NA;NA;NA;2006-08-02;dls;inferred dead;;,,,,,,
dg;1990-03-22;;talek;;;1990-04-29;;;;;1991-01-03;;;2;;1991-06-17;;;;;NA;;;;;NA;NA;NA;NA;NA;NA;NA;NA;NA;NA;1992-10-06;dls;dispersed;;,,,,,,
dga;NA;;mara.river;;;2001-10-30;;;;;NA;;;;;NA;;;;;NA;;;;;NA;NA;NA;NA;NA;NA;NA;NA;NA;NA;2001-10-30;dls;;;,,,,,,
dgbl;2013-06-28;;fig.tree;;;2013-07-24;;;;;NA;;;;;NA;;;;;NA;;;;;NA;NA;NA;NA;NA;NA;NA;NA;NA;NA;2014-11-07;dls;;;check EventStatus and EventData,,,,,,
dggr;2015-10-28;;serena.n;;;2015-12-01;;;;DFS assigned by field, no associated session;NA;;;;;NA;dbw;;;;NA;;;;;NA;NA;NA;NA;NA;NA;NA;NA;NA;NA;2016-04-16;dls;;;,,,,,
dh;1994-07-07;;talek;;;1994-07-29;;;;;NA;;;;;NA;dbw;;;;NA;;;;;NA;NA;NA;NA;NA;NA;NA;NA;NA;NA;1994-11-10;dead;;;,,,,,,
dhar;NA;;fig.tree;;;1992-12-28;;;;;NA;;;;;NA;;;;;NA;;;;;NA;NA;NA;NA;NA;NA;NA;NA;NA;NA;1993-08-08;dls;fate unknown;;,,,,,,
dhip;NA;;talek;;;1990-08-17;;;;;NA;;;;;NA;;;;;NA;;;;;NA;NA;NA;NA;NA;NA;NA;NA;NA;NA;1990-08-17;dls;fate unknown;;,,,,,,
dhu;2004-05-25;;oltukai;;;2004-07-02;;;;;NA;;;;;NA;;;;;NA;;;;;NA;NA;NA;NA;NA;NA;NA;NA;NA;NA;2004-12-27;dead;;;,,,,,,
dido;NA;;mara.river;;;2009-09-17;;;;;NA;;;;;NA;;;;;NA;;;;;NA;NA;NA;NA;NA;NA;NA;NA;NA;NA;2009-11-16;dls;;;check EventStatus and EventData,,,,,,
dig;NA;;mara.river;;;2001-12-07;;;;;NA;;;;;NA;;;;;NA;;;;;NA;NA;NA;NA;NA;NA;NA;NA;NA;NA;2001-12-07;dls;;;,,,,,,
digs;NA;;serena.n;;;2008-07-24;;;;;NA;;;;;NA;;;;;NA;;;;;NA;NA;NA;NA;NA;NA;NA;NA;NA;NA;2015-03-31;dead;;;,,,,,,
diko;2022-01-02;;pond;;;2022-05-22;;;;;NA;;;;;NA;;;;;NA;;;;;NA;NA;NA;NA;NA;NA;NA;NA;NA;NA;NA;;;;,,,,,,
dil;2004-06-23;;talek;;;2004-10-05;;;;;NA;dbg;;;;NA;dbw;;;;NA;;;;;NA;NA;NA;NA;NA;NA;NA;NA;NA;NA;2004-12-04;dls;inferred dead;;,,,,,,
dilb;2010-11-11;;serena.n;;;2010-12-23;;;;;NA;;;;;NA;dbw;;;;NA;;;;;NA;NA;NA;NA;NA;NA;NA;NA;NA;NA;2011-01-05;dls;;;,,,,,,
dilf;2017-08-11;;talek.w;;;2017-09-22;;;;;NA;;;;;NA;;;;;NA;;;;;NA;NA;NA;NA;NA;NA;NA;NA;NA;NA;NA;dls;;;,,,,,,
din;NA;;mara.river;;;2001-10-31;;;;;NA;;;;;NA;;;;;NA;;;;;NA;NA;NA;NA;NA;NA;NA;NA;NA;NA;2001-10-31;dls;;;,,,,,,
ding;NA;;;;;2003-08-03;;;;;NA;;;;;NA;;;;;2003-08-03;dispersal;talek.e;;;NA;NA;NA;NA;NA;NA;NA;NA;NA;NA;2007-06-05;dls;fate unknown;;,,,,,,
dio;NA;;llion;;;2004-06-04;;;;;NA;;;;;NA;;;;;NA;;;;;NA;NA;NA;NA;NA;NA;NA;NA;NA;NA;NA;;;;,,,,,,
dion;2009-08-04;;talek;;;2009-11-14;;;;;2010-03-26;;;0.5;;2010-07-30;;;1;;NA;;;;;NA;NA;NA;NA;NA;NA;NA;NA;NA;NA;2012-03-20;dls;inferred dead;;,,,,,,
dipo;2021-10-10;;talek;;;2022-05-20;;;;;2022-07-22;;;5;Received ticks on 22Jul AM and PM;NA;;;;;NA;;;;;NA;NA;NA;NA;NA;NA;NA;NA;NA;NA;NA;;;;,,,,,,
disc;2016-10-10;;serena.n;;;2016-12-21;;;;DFS assigned by field, no associated session;2017-06-30;;;;DenGrad info not in table, instead taken from tblHyenas;2017-09-17;;;18;;NA;;;;;NA;NA;NA;NA;NA;NA;NA;NA;NA;NA;NA;;;;,,,,
diva;2016-05-14;;serena.n;;;2016-07-02;;;;;NA;;;;;2017-07-04;;;2.5;;NA;;;;;NA;NA;NA;NA;NA;NA;NA;NA;NA;NA;2019-08-01;dls;;;,,,,,,
divr;2015-10-21;;serena.s;;;2015-12-09;;;;;NA;;;;;NA;;;;;NA;;;;;NA;NA;NA;NA;NA;NA;NA;NA;NA;NA;2015-12-25;dls;;;DLS assigned based on judgement call (made by unk) entering DIVR, not sib DUCH, into 25 Dec 15 session,,,,
dix;NA;;ollosog;;;1998-01-04;;;;;NA;;;;;NA;;;;;NA;;;;;NA;NA;NA;NA;NA;NA;NA;NA;NA;NA;1998-01-04;dead;;;,,,,,,
dixi;2007-04-01;;serena.n;;;2008-06-24;;;;;NA;;;;;NA;;;;;NA;;;;;NA;NA;NA;NA;NA;NA;NA;NA;NA;NA;2008-06-24;;;;check EventStatus and EventData,,,,,,
diz;2006-12-24;;mara.river;;;2013-12-27;;;;;NA;;;;;NA;;;;;NA;;;;;NA;NA;NA;NA;NA;NA;NA;NA;NA;NA;2013-12-27;dls;;;check EventStatus and EventData,,,,,,
dj;1985-11-15;;talek;;;1985-11-15;;;;;NA;;;;;NA;;;;;NA;;;;;NA;NA;NA;NA;NA;NA;NA;NA;NA;NA;1996-10-27;dls;lions;;,,,,,,
djmn;NA;;fig.tree;;;2013-11-24;;;;;NA;;;;;NA;;;;;NA;;;;;NA;NA;NA;NA;NA;NA;NA;NA;NA;NA;NA;dls;;;,,,,,,
djos;2019-04-15;;kcm;;;2019-11-01;;;;;2020-04-15;error;;21968;Graduated based on DOB, never seen at den;NA;;;;;NA;;;;;NA;NA;NA;NA;NA;NA;NA;NA;NA;NA;NA;;;;,,,,,
djv;NA;;olare;;;NA;;;;;NA;;;;;NA;;;;;NA;;;;;NA;NA;NA;NA;NA;NA;NA;NA;NA;NA;NA;;;;,,,,,,
dk;2011-03-10;;talek;;;2012-04-10;;;;;NA;;;;;NA;sugu;;;;2016-05-01;fission;kcm;;;NA;NA;NA;NA;NA;NA;NA;NA;NA;NA;NA;dls;;;,,,,,,
dks;1986-04-03;;;;;NA;;;;;NA;;;;;NA;;;;;NA;;;;;NA;NA;NA;NA;NA;NA;NA;NA;NA;NA;NA;;;;,,,,,,
dleg;NA;;talek;;;1991-09-09;;;;;NA;;;;;NA;;;;;NA;;;;;NA;NA;NA;NA;NA;NA;NA;NA;NA;NA;1991-09-09;dls;fate unknown;;,,,,,,
dlg;NA;;mara.river;;;2001-11-08;;;;;NA;;;;;NA;;;;;NA;;;;;NA;NA;NA;NA;NA;NA;NA;NA;NA;NA;2001-11-13;dls;;;,,,,,,
dlgr;2009-09-21;;fig.tree;;;2009-10-19;;;;;NA;;;;;NA;;;;;NA;;;;;NA;NA;NA;NA;NA;NA;NA;NA;NA;NA;2010-04-08;dls;;;,,,,,,
dlov;2000-09-25;;mara.river;;;2001-05-27;;;;;NA;;;;;NA;;;;;NA;;;;;NA;NA;NA;NA;NA;NA;NA;NA;NA;NA;2001-06-24;dls;;;check EventStatus and EventData,,,,,,
dlt;NA;;serena.s;;;2008-11-16;;;;;NA;;;;;NA;;;;;NA;;;;;NA;NA;NA;NA;NA;NA;NA;NA;NA;NA;2011-10-10;dls;fate unknown;;check EventStatus and EventData,,,,,,
dm;1994-09-08;;talek;;;1994-09-15;;;;this is the correct DFS, DM is an unnamed black cub on 15 Sep 94;NA;;;;;NA;;;;;NA;;;;;NA;NA;NA;NA;NA;NA;NA;NA;NA;NA;1994-11-18;dead;siblicide;;,,,,,
dmag;2011-11-25;;talek;;;2012-01-06;;;;;NA;dbg;;;;NA;dbw;;;;NA;;;;;NA;NA;NA;NA;NA;NA;NA;NA;NA;NA;2012-02-18;dls;inferred dead;;,,,,,,
dman;NA;;fig.tree;;;1996-08-01;;;;;NA;;;;;NA;;;;;NA;;;;;NA;NA;NA;NA;NA;NA;NA;NA;NA;NA;1996-08-03;dls;fate unknown;;,,,,,,
dna;1996-12-23;;talek;;;1996-12-31;;;;;1997-06-14;;;0.5;;1997-07-24;;;1;;NA;;;;;NA;NA;NA;NA;NA;NA;NA;NA;NA;NA;1999-12-09;dls;dispersed;;,,,,,,
dnb;2003-06-01;;airstrip;;;2003-10-29;;;;;NA;;;;;NA;;;;;NA;;;;;NA;NA;NA;NA;NA;NA;NA;NA;NA;NA;2005-07-10;;;;check EventStatus and EventData,,,,,,
dngo;NA;;serena.s;;;2008-11-17;;;;;NA;;;;;NA;;;;;NA;;;;;NA;NA;NA;NA;NA;NA;NA;NA;NA;NA;2008-11-17;dls;fate unknown;;,,,,,,
dnky;2021-10-20;;talek;;;2022-05-21;;;;;2022-10-20;grad;;2.5;;NA;;;;;NA;;;;;NA;NA;NA;NA;NA;NA;NA;NA;NA;NA;NA;;;;,,,,,,
dnv;NA;;unknown;;;1999-09-17;;;;;NA;;;;;NA;;;;;1999-09-17;dispersal;talek;;;2002-05-01;fission;talek.e;;;NA;NA;NA;NA;NA;2007-07-23;dls;dispersed;;,,,,,,
dnz;2004-08-07;;talek;;;2004-10-05;;;;;2005-04-29;;;0.5;;NA;dbw;;;;NA;;;;;NA;NA;NA;NA;NA;NA;NA;NA;NA;NA;2005-05-11;dead;starved;;,,,,,,
dodo;2010-03-11;;serena.s;;;2010-04-08;;;;;NA;;;;;NA;;;;;NA;;;;;NA;NA;NA;NA;NA;NA;NA;NA;NA;NA;2010-05-09;dls;fate unknown;;,,,,,,
dogp;2017-02-15;;kcm;;;2017-08-08;;;;;NA;;;;;NA;;;;;NA;;;;;NA;NA;NA;NA;NA;NA;NA;NA;NA;NA;NA;dls;;;,,,,,,
doha;NA;;unknown;;;2022-08-19;;;;;NA;;;;;NA;;;;;2022-08-19;dispersal;talek;;;NA;NA;NA;NA;NA;NA;NA;NA;NA;NA;NA;;;;,,,,,,
dola;2022-03-16;;kcm;;;2022-08-01;;;;;NA;;;;;NA;;;;;NA;;;;;NA;NA;NA;NA;NA;NA;NA;NA;NA;NA;NA;;;;,,,,,,
dolo;2017-01-25;;talek.w;;;2017-03-04;;;;;2017-10-16;;;;DenGrad info not in table, instead taken from tblHyenas;NA;;;;;NA;;;;;NA;NA;NA;NA;NA;NA;NA;NA;NA;NA;2018-01-17;dls;;;,,,,,
dom;2006-12-24;;mara.river;;;NA;;;;;NA;;;;;NA;;;;;NA;;;;;NA;NA;NA;NA;NA;NA;NA;NA;NA;NA;NA;dls;;;,,,,,,
domo;NA;;talek;;;1994-08-29;;;;;NA;;;;;NA;;;;;NA;;;;;NA;NA;NA;NA;NA;NA;NA;NA;NA;NA;1994-08-29;dls;fate unknown;;,,,,,,
don;NA;;llion;;;2015-07-11;;;;;NA;;;;;NA;;;;;NA;;;;;NA;NA;NA;NA;NA;NA;NA;NA;NA;NA;2015-07-11;dls;;;,,,,,,
dona;2022-06-20;;happy.zebra;;;2022-08-26;;;;;2023-04-11;grad;;2;;NA;;;;;NA;;;;;NA;NA;NA;NA;NA;NA;NA;NA;NA;NA;NA;;;;,,,,,,
dong;2018-12-04;;serena.n;;;2019-01-09;;;;;2019-10-13;;;9;graduated by turning 1 yo;NA;;;;;NA;;;;;NA;NA;NA;NA;NA;NA;NA;NA;NA;NA;2022-03-30;dls;;;,,,,,,
dono;2021-07-19;;kcm;;;2022-07-11;;;;;2022-07-19;error;;22380.5;Graduated based on DOB, never seen at den;NA;;;;;NA;;;;;NA;NA;NA;NA;NA;NA;NA;NA;NA;NA;NA;;;;,,,,,
dont;2010-03-01;;fig.tree;;;2010-06-10;;;;;NA;;;;;NA;;;;;NA;;;;;NA;NA;NA;NA;NA;NA;NA;NA;NA;NA;2014-12-10;dls;;;check EventStatus and EventData,,,,,,
doo;2019-11-22;;pond;;;2020-02-21;;;;;2020-11-22;error;;17.5;Graduated based on DOB;NA;;;;;NA;;;;;NA;NA;NA;NA;NA;NA;NA;NA;NA;NA;NA;;;;,,,,,,
dood;2013-10-20;;serena.s;;;2013-11-25;;;;;NA;;;;;NA;dbw;;;;NA;;;;;NA;NA;NA;NA;NA;NA;NA;NA;NA;NA;2014-07-25;dls;;;,,,,,,
doom;2018-11-25;;happy.zebra;;;2019-01-06;;;;;2019-11-25;;;14;graduated by turning 1 yo;NA;;;;;NA;;;;;NA;NA;NA;NA;NA;NA;NA;NA;NA;NA;2019-10-30;;;;,,,,,,
doon;2010-11-11;;serena.n;;;2010-12-23;;;;;NA;;;;;NA;dbw;;;;NA;;;;;NA;NA;NA;NA;NA;NA;NA;NA;NA;NA;2011-03-11;dls;fate unknown;;,,,,,,
dope;2017-04-12;;serena.n;;;2017-05-02;;;;;NA;;;;;NA;;;;;NA;;;;;NA;NA;NA;NA;NA;NA;NA;NA;NA;NA;2017-05-02;dls;inferred dead;;,,,,,,
dopi;2021-10-16;;pond;;;2021-12-03;;;;;2022-07-10;;;0.5;Received ticks on 19Jul AM and PM;NA;;;;;NA;;;;;NA;NA;NA;NA;NA;NA;NA;NA;NA;NA;NA;;;;,,,,,,
dora;2013-02-21;;talek;;;2013-04-22;;;;;2013-12-30;;;13.5;;2014-04-24;;;23.5;;2016-05-01;fission;pond;;;NA;NA;NA;NA;NA;NA;NA;NA;NA;NA;NA;dls;;;,,,,,,
dork;2015-03-15;;serena.s;;;2015-04-01;;;;;NA;;;;;NA;dbw;;;;NA;;;;;NA;NA;NA;NA;NA;NA;NA;NA;NA;NA;2015-07-10;dls;;;,,,,,,
dot;NA;;fig.tree;;;1993-01-03;;;;;NA;;;;;NA;;;;;NA;;;;;NA;NA;NA;NA;NA;NA;NA;NA;NA;NA;NA;dls;;;,,,,,,
doty;2018-11-17;;pond;;;2018-12-03;;;;;2019-08-24;;;2.5;;NA;;;;;NA;;;;;NA;NA;NA;NA;NA;NA;NA;NA;NA;NA;2020-01-21;dls;;;,,,,,,
doug;NA;;unknown;;;2019-06-16;;;;;NA;;;;;NA;;;;;2019-06-16;dispersal;serena.n;;;NA;NA;NA;NA;NA;NA;NA;NA;NA;NA;2021-11-08;dls;;;,,,,,,
dow;NA;;talek;;;2001-05-22;;;;;NA;;;;;NA;;;;;NA;;;;;NA;NA;NA;NA;NA;NA;NA;NA;NA;NA;2001-12-16;dls;inferred dead;;,,,,,,
dpl;NA;;mara.river;;;2001-09-20;;;;;NA;;;;;NA;;;;;NA;;;;;NA;NA;NA;NA;NA;NA;NA;NA;NA;NA;2001-09-20;dls;;;,,,,,,
dps;1983-11-01;;talek;;;1983-11-01;;;;;NA;;;;;NA;;;;;NA;;;;;NA;NA;NA;NA;NA;NA;NA;NA;NA;NA;1991-09-17;dls;inferred dead;;,,,,,,
dpwt;2017-10-27;;talek;;;2017-12-11;;;;;NA;;;;;NA;;;;;NA;;;;;NA;NA;NA;NA;NA;NA;NA;NA;NA;NA;2018-04-20;dls;;;,,,,,,
dq;NA;;olare;;;2008-11-24;;;;;NA;;;;;NA;;;;;NA;;;;;NA;NA;NA;NA;NA;NA;NA;NA;NA;NA;NA;;;;,,,,,,
dqi;2002-08-25;;talek.e;;;2002-09-01;;;;;NA;dbg;;;;NA;dbw;;;;NA;;;;;NA;NA;NA;NA;NA;NA;NA;NA;NA;NA;2003-03-15;dls;inferred dead;;,,,,,,
dra;2007-11-15;;talek;;;2008-04-09;;;;;2008-07-10;;;1.5;;2008-12-03;;;1;;NA;;;;;NA;NA;NA;NA;NA;NA;NA;NA;NA;NA;2012-06-12;dead;car;;,,,,,,
drco;2018-11-03;;happy.zebra;;;2019-04-24;;;;;2019-09-16;;;0;;NA;;;;;NA;;;;;NA;NA;NA;NA;NA;NA;NA;NA;NA;NA;2022-09-05;dls;;;,,,,,,
drea;2005-05-15;;mara.river;;;2006-06-14;;;;;2005-12-15;;;;DenGrad info not in table, instead taken from tblHyenas;NA;;;;;NA;;;;;NA;NA;NA;NA;NA;NA;NA;NA;NA;NA;2008-02-26;dls;;;check EventStatus and EventData,,,,,
dres;NA;;fig.tree;;;2007-06-21;;;;;NA;;;;;NA;;;;;NA;;;;;NA;NA;NA;NA;NA;NA;NA;NA;NA;NA;2007-08-05;dls;;;check EventStatus and EventData,,,,,,
drew;2010-10-17;;serena.n;;;2010-11-14;;;;;2011-09-28;;;;DenGrad info not in table, instead taken from tblHyenas;NA;dbw;;;;NA;;;;;NA;NA;NA;NA;NA;NA;NA;NA;NA;NA;2011-11-11;dls;fate unknown;;check EventStatus and EventData,,,,,
drgn;2016-12-11;;happy.zebra;;;2017-01-02;;;;;NA;;;;;NA;;;;;NA;;;;;NA;NA;NA;NA;NA;NA;NA;NA;NA;NA;2017-09-19;dls;;;,,,,,,
drkr;2022-02-01;;kcm;;;2022-08-10;;;;;NA;;;;;NA;;;;;NA;;;;;NA;NA;NA;NA;NA;NA;NA;NA;NA;NA;NA;;;;,,,,,,
drn;NA;;mara.river;;;2013-09-25;;;;;NA;;;;;NA;;;;;NA;;;;;NA;NA;NA;NA;NA;NA;NA;NA;NA;NA;NA;dls;;;,,,,,,
drnk;2011-08-18;;fig.tree;;;2012-03-18;;;;;NA;;;;;NA;;;;;NA;;;;;NA;NA;NA;NA;NA;NA;NA;NA;NA;NA;2012-03-18;dls;unk;;,,,,,,
drog;2014-10-27;;talek;;;2015-01-31;;;;;NA;;;;;NA;dbw;;;;NA;;;;;NA;NA;NA;NA;NA;NA;NA;NA;NA;NA;2015-05-03;dls;inferred dead;;,,,,,,
drom;2017-01-01;;happy.zebra;;;2017-01-20;;;;;NA;;;;;NA;;;;;NA;;;;;NA;NA;NA;NA;NA;NA;NA;NA;NA;NA;2017-01-24;dls;;;,,,,,,
drp;2012-11-05;;serena.n;;;2012-11-07;;;;;NA;;;;;NA;dbw;;;;NA;;;;;NA;NA;NA;NA;NA;NA;NA;NA;NA;NA;2013-06-03;dls;;;,,,,,,
drpy;2011-09-12;;serena.n;;;2012-01-27;;;;;2012-07-14;;;;DenGrad info not in table, instead taken from tblHyenas;2012-09-22;;;3;;NA;;;;;NA;NA;NA;NA;NA;NA;NA;NA;NA;NA;2015-03-19;dls;;;,,,,,
drwn;2021-12-15;;serena.s;;;2022-01-21;;;;;2022-08-20;;;0; Lv wlk, absent from den, wlk arr;NA;;;;;NA;;;;;NA;NA;NA;NA;NA;NA;NA;NA;NA;NA;NA;;;;,,,,
dsg;NA;;talek;;;1996-06-18;;;;;NA;;;;;NA;;;;;NA;;;;;NA;NA;NA;NA;NA;NA;NA;NA;NA;NA;1996-06-21;dls;fate unknown;;,,,,,,
dsn;NA;;mara.river;;;2001-07-25;;;;;NA;;;;;NA;;;;;NA;;;;;NA;NA;NA;NA;NA;NA;NA;NA;NA;NA;2013-06-09;dls;;;check EventStatus and EventData,,,,,,
dsny;2023-06-16;born;serena.n;;;2023-08-06;;;;;NA;;;;;NA;;;;;NA;;;;;NA;NA;NA;NA;NA;NA;NA;NA;NA;NA;NA;;;;,,,,,,
dte;NA;;oltukai;;;2003-07-12;;;;;NA;;;;;NA;;;;;NA;;;;;NA;NA;NA;NA;NA;NA;NA;NA;NA;NA;2005-07-09;;;;check EventStatus and EventData,,,,,,
dth;2009-01-01;;talek;;;2009-02-04;;;;;2009-11-24;;;1;;2009-11-11;;;3.5;;NA;;;;;NA;NA;NA;NA;NA;NA;NA;NA;NA;NA;2011-11-11;dls;dispersed;;,,,,,,
dty;NA;;mara.river;;;2001-08-03;;;;;NA;;;;;NA;;;;;NA;;;;;NA;NA;NA;NA;NA;NA;NA;NA;NA;NA;2002-08-10;dls;fate unknown;;,,,,,,
dub;NA;;;;;1999-02-27;;;;;NA;;;;;NA;;;;;1999-02-27;dispersal;talek;;;2002-05-01;fission;talek.e;;;NA;NA;NA;NA;NA;2016-06-04;dead;lions;;,,,,,,
duch;2015-10-21;;serena.s;;;2015-12-09;;;;;NA;;;;;NA;;;;;NA;;;;;NA;NA;NA;NA;NA;NA;NA;NA;NA;NA;2015-12-17;dls;;;Seen on 29-Dec-15 as DIVR/DUCH, no lit ranks assigned,,,,,
dudu;NA;;serena.n;;;2008-11-18;;;;;NA;;;;;NA;;;;;NA;;;;;NA;NA;NA;NA;NA;NA;NA;NA;NA;NA;NA;;;;,,,,,,
duff;2010-06-23;;mara.river;;;NA;;;;;NA;;;;;NA;;;;;NA;;;;;NA;NA;NA;NA;NA;NA;NA;NA;NA;NA;NA;dls;;;,,,,,,
dugo;2015-08-01;;talek;;;2016-05-09;;;;;NA;sugu;;;;2016-05-22;;;8;;2016-05-01;fission;kcm;;;NA;NA;NA;NA;NA;NA;NA;NA;NA;NA;2018-08-12;dls;;;,,,,,,
duk;2008-06-15;;mara.river;;;2009-01-15;;;;;NA;;;;;NA;;;;;NA;;;;;NA;NA;NA;NA;NA;NA;NA;NA;NA;NA;2009-11-16;dls;;;check EventStatus and EventData,,,,,,
duke;NA;;oltukai;;;2003-07-12;;;;;NA;;;;;NA;;;;;NA;;;;;NA;NA;NA;NA;NA;NA;NA;NA;NA;NA;2005-07-11;dls;;;,,,,,,
duky;2017-08-10;;happy.zebra;;;2017-11-30;;;;;2018-09-12;grad;;0;;NA;;;;;NA;;;;;NA;NA;NA;NA;NA;NA;NA;NA;NA;NA;NA;dls;;;,,,,,,
dum;1994-07-12;;talek;;;1994-07-31;;;;;NA;;;;;NA;dbw;;;;NA;;;;;NA;NA;NA;NA;NA;NA;NA;NA;NA;NA;1994-11-30;dead;lions or other hyenas;;DUM is last seen alive on 29 Nov, but definitely dies (not seen dead) and is never seen again,,,,,
duma;NA;;olare;;;2008-08-17;;;;;NA;;;;;NA;;;;;NA;;;;;NA;NA;NA;NA;NA;NA;NA;NA;NA;NA;2008-09-27;;;;check EventStatus and EventData,,,,,,
dun;NA;;talek;;;1998-10-28;;;;;NA;;;;;NA;;;;;NA;;;;;NA;NA;NA;NA;NA;NA;NA;NA;NA;NA;1998-10-28;dls;fate unknown;;,,,,,,
duo;NA;;serena.s;;;2008-12-22;;;;;NA;;;;;NA;;;;;NA;;;;;NA;NA;NA;NA;NA;NA;NA;NA;NA;NA;2012-03-27;dls;fate unknown;;check EventStatus and EventData,,,,,,
dup;NA;;airstrip;;;2003-07-20;;;;;NA;;;;;NA;;;;;NA;;;;;NA;NA;NA;NA;NA;NA;NA;NA;NA;NA;2004-06-20;;;;,,,,,,
dupe;2014-03-17;;talek;;;2014-03-19;;;;;2014-11-12;;;0.5;;2014-12-19;;;4;;2016-05-01;fission;pond;;;NA;NA;NA;NA;NA;NA;NA;NA;NA;NA;NA;dls;;;,,,,,,
dur;NA;;airstrip;;;2005-03-10;;;;;NA;;;;;NA;;;;;NA;;;;;NA;NA;NA;NA;NA;NA;NA;NA;NA;NA;2005-07-10;dls;;;,,,,,,
dv;NA;;talek;;;1996-05-31;;;;;NA;;;;;NA;;;;;NA;;;;;NA;NA;NA;NA;NA;NA;NA;NA;NA;NA;1996-05-31;dls;fate unknown;;,,,,,,
dvo;NA;;oltukai;;;2004-07-14;;;;;NA;;;;;NA;;;;;NA;;;;;NA;NA;NA;NA;NA;NA;NA;NA;NA;NA;2005-07-09;;;;check EventStatus and EventData,,,,,,
dwb;NA;;mara.river;;;2012-09-14;;;;;NA;;;;;NA;;;;;NA;;;;;NA;NA;NA;NA;NA;NA;NA;NA;NA;NA;2012-09-14;dls;;;check EventStatus and EventData,,,,,,
dyda;2022-01-10;;serena.s;;;2022-03-13;;;;;2022-10-02;;;2;>200, absent from den, wlk arr;NA;;;;;NA;;;;;NA;NA;NA;NA;NA;NA;NA;NA;NA;NA;NA;;;;,,,,
dyer;NA;;serena.n;;;2008-11-18;;;;;NA;;;;;NA;;;;;NA;;;;;NA;NA;NA;NA;NA;NA;NA;NA;NA;NA;2009-11-18;dls;fate unknown;;,,,,,,
dyl;1997-11-15;;talek;;;1997-12-16;;;;;1998-10-02;;;;DenGrad info not in table, instead taken from tblHyenas;1998-08-10;;;3.5;;NA;;;;;NA;NA;NA;NA;NA;NA;NA;NA;NA;NA;1998-11-05;dls;inferred dead;;,,,,,
dyno;2017-07-19;;kcm;;;2017-12-23;;;;;NA;;;;;NA;;;;;NA;;;;;NA;NA;NA;NA;NA;NA;NA;NA;NA;NA;2018-08-26;dls;;;,,,,,,
eagl;2022-04-09;;serena.s;;;2022-06-03;;;;;2022-12-19;;;6.5;>200, >200, >200;NA;;;;;NA;;;;;NA;NA;NA;NA;NA;NA;NA;NA;NA;NA;2022-12-23;dls;;;,,,,
eala;NA;;unknown;;;2019-06-16;;;;;NA;;;;;NA;;;;;2019-06-16;dispersal;talek;;;NA;NA;NA;NA;NA;NA;NA;NA;NA;NA;2022-01-14;dls;;;,,,,,,
earl;2008-01-01;;serena.s;;;2008-11-25;;;;;NA;;;;;NA;;;;;NA;;;;;NA;NA;NA;NA;NA;NA;NA;NA;NA;NA;2010-01-05;dls;fate unknown;;,,,,,,
eas;NA;;talek;;;1997-01-25;;;;;NA;;;;;NA;;;;;NA;;;;;NA;NA;NA;NA;NA;NA;NA;NA;NA;NA;1997-01-25;dls;fate unknown;;,,,,,,
east;2004-03-09;;mara.river;;;2004-03-12;;;;;NA;;;;;NA;;;;;NA;;;;;NA;NA;NA;NA;NA;NA;NA;NA;NA;NA;2004-04-12;dls;inferred dead;;,,,,,,
easy;2022-04-05;;talek;;;2022-05-20;;;;;NA;;;;;NA;;;;;NA;;;;;NA;NA;NA;NA;NA;NA;NA;NA;NA;NA;NA;;;;,,,,,,
eat;NA;;talek;;;1998-10-05;;;;;NA;;;;;NA;;;;;NA;;;;;NA;NA;NA;NA;NA;NA;NA;NA;NA;NA;1998-10-05;dls;fate unknown;;,,,,,,
ebny;2016-12-15;;kcm;;;2017-03-30;;;;;2017-09-28;;;;DenGrad info not in table, instead taken from tblHyenas;NA;;;;;NA;;;;;NA;NA;NA;NA;NA;NA;NA;NA;NA;NA;2020-04-05;dls;;;,,,,,
ebol;2010-11-09;;mara.river;;;NA;;;;;NA;;;;;NA;;;;;NA;;;;;NA;NA;NA;NA;NA;NA;NA;NA;NA;NA;NA;dls;;;,,,,,,
echo;2011-10-16;;talek;;;2012-01-22;;;;;2012-06-05;;;0.5;;NA;dbw;;;;NA;;;;;NA;NA;NA;NA;NA;NA;NA;NA;NA;NA;2012-07-08;dls;inferred dead;;,,,,,,
eclp;2019-04-06;;serena.s;;;2019-07-24;;;;;2020-01-08;;;0;;NA;;;;;NA;;;;;NA;NA;NA;NA;NA;NA;NA;NA;NA;NA;2020-03-18;dls;;;,,,,,,
eco;NA;;mara.river;;;2001-08-09;;;;;NA;;;;;NA;;;;;NA;;;;;NA;NA;NA;NA;NA;NA;NA;NA;NA;NA;2006-02-25;dead;lions;;,,,,,,
ed;1988-10-30;;talek;;;1988-12-12;;;;;1989-08-18;;;2;;NA;;;;;NA;;;;;NA;NA;NA;NA;NA;NA;NA;NA;NA;NA;1989-11-17;dead;;;,,,,,,
edge;NA;;mara.river;;;2003-03-05;;;;;NA;;;;;NA;;;;;NA;;;;;NA;NA;NA;NA;NA;NA;NA;NA;NA;NA;2003-04-27;dls;fate unknown;;,,,,,,
edna;2021-08-27;;pond;;;2021-12-27;;;;;2022-08-27;;;18.5;Graduated based on DOB;NA;;;;;NA;;;;;NA;NA;NA;NA;NA;NA;NA;NA;NA;NA;NA;;;;,,,,,,
edt;2008-12-10;;serena.n;;;2008-12-27;;;;;NA;;;;;NA;dbw;;;;NA;;;;;NA;NA;NA;NA;NA;NA;NA;NA;NA;NA;2009-06-10;dls;fate unknown;;,,,,,,
ee;NA;;talek;;;1990-05-21;;;;;NA;;;;;NA;;;;;NA;;;;;NA;NA;NA;NA;NA;NA;NA;NA;NA;NA;1994-04-24;dls;dispersed;;,,,,,,
egg;NA;;fig.tree;;;2013-08-21;;;;;NA;;;;;NA;;;;;NA;;;;;NA;NA;NA;NA;NA;NA;NA;NA;NA;NA;2014-05-21;dls;;;check EventStatus and EventData,,,,,,
eggp;2012-12-12;;mara.river;;;2013-08-12;;;;;NA;;;;;NA;;;;;NA;;;;;NA;NA;NA;NA;NA;NA;NA;NA;NA;NA;NA;dls;;;,,,,,,
eham;2016-02-04;;talek;;;2016-03-20;;;;;NA;;;;;NA;;;;;NA;;;;;NA;NA;NA;NA;NA;NA;NA;NA;NA;NA;2016-03-20;dls;inferred dead;;,,,,,,
ein;2006-04-30;;fig.tree;;;2007-05-06;;;;;NA;;;;;NA;;;;;NA;;;;;NA;NA;NA;NA;NA;NA;NA;NA;NA;NA;2015-04-30;dls;;;check EventStatus and EventData,,,,,,
eldo;NA;;fig.tree;;;2013-08-27;;;;;NA;;;;;NA;;;;;NA;;;;;NA;NA;NA;NA;NA;NA;NA;NA;NA;NA;2014-11-07;dls;;;check EventStatus and EventData,,,,,,
eldr;2019-05-20;;serena.s;;20-May-20;2019-07-23;;;;;2020-05-20;error;;30.5;Cub automatically den graduated based on birthdate, error term skewed due to pandemic;NA;;;;;NA;;;;;NA;NA;NA;NA;NA;NA;NA;NA;NA;NA;NA;;;;,,,,,
ele;NA;;serena.n;;;2008-11-18;;;;;NA;;;;;NA;;;;;NA;;;;;NA;NA;NA;NA;NA;NA;NA;NA;NA;NA;2014-06-11;;;;check EventStatus and EventData,,,,,,
elec;2010-09-05;;happy.zebra;;;2010-10-03;;;;;2011-07-25;;;;DenGrad info not in table, instead taken from tblHyenas;2011-02-12;;;14.5;;NA;;;;;NA;NA;NA;NA;NA;NA;NA;NA;NA;NA;2012-06-17;dls;fate unknown;;,,,,,
elek;2010-12-06;;fig.tree;;;2011-10-16;;;;;NA;;;;;NA;;;;;NA;;;;;NA;NA;NA;NA;NA;NA;NA;NA;NA;NA;2012-03-26;dls;unk;;,,,,,,
elf;NA;;serena.n;;;2008-06-25;;;;;NA;;;;;NA;;;;;NA;;;;;NA;NA;NA;NA;NA;NA;NA;NA;NA;NA;2009-04-04;dls;fate unknown;;,,,,,,
elfi;2013-11-10;;mara.river;;;2013-11-10;;;;;NA;;;;;NA;;;;;NA;;;;;NA;NA;NA;NA;NA;NA;NA;NA;NA;NA;NA;dls;;;,,,,,,
elg;2003-08-26;;mara.river;;;2003-09-15;;;;;NA;;;;;NA;;;;;NA;;;;;NA;NA;NA;NA;NA;NA;NA;NA;NA;NA;2006-09-19;dls;fate unknown;;,,,,,,
elgo;2021-02-20;;cool.beans;;;2021-02-28;;;;;2021-07-15;;;1;;NA;;;;;NA;;;;;NA;NA;NA;NA;NA;NA;NA;NA;NA;NA;NA;;;;,,,,,,
elio;2007-02-01;;happy.zebra;;;2008-06-29;;;;;NA;;;;;NA;;;;;NA;;;;;NA;NA;NA;NA;NA;NA;NA;NA;NA;NA;2009-03-08;dls;fate unknown;;,,,,,,
eljh;NA;;talek.e;;;2012-06-18;;;;;NA;;;;;NA;;;;;NA;;;;;NA;NA;NA;NA;NA;NA;NA;NA;NA;NA;2012-06-18;;;;check EventStatus and EventData,,,,,,
ell;NA;;talek;;;1998-10-04;;;;;NA;;;;;NA;;;;;NA;;;;;NA;NA;NA;NA;NA;NA;NA;NA;NA;NA;1998-10-04;dls;fate unknown;;,,,,,,
ella;2021-09-01;;happy.zebra;;;2021-10-27;;;;;2022-04-19;;;6.5;Lv wlk, absent from den, wlk arr;NA;;;;;NA;;;;;NA;NA;NA;NA;NA;NA;NA;NA;NA;NA;NA;;;;,,,,
elmo;2011-10-28;;fig.tree;;;2011-12-01;;;;;NA;;;;;NA;;;;;NA;;;;;NA;NA;NA;NA;NA;NA;NA;NA;NA;NA;2012-05-29;dls;starved?;;,,,,,,
elpo;NA;;talek;;;2012-08-11;;;;;NA;;;;;NA;;;;;2016-05-01;fission;talek;;;NA;NA;NA;NA;NA;NA;NA;NA;NA;NA;2018-06-16;dls;;;,,,,,,
elro;2013-06-22;;mara.river;;;2013-07-23;;;;;NA;;;;;NA;;;;;NA;;;;;NA;NA;NA;NA;NA;NA;NA;NA;NA;NA;NA;dls;;;,,,,,,
els;NA;;serena.s;;;2008-11-18;;;;;NA;;;;;NA;;;;;NA;;;;;NA;NA;NA;NA;NA;NA;NA;NA;NA;NA;2008-11-18;dls;;;check EventStatus and EventData,,,,,,
elsa;2020-10-18;;kcm;;;2021-08-23;;;;;2021-08-23;error;;22215.5;Mever seen at den;NA;;;;;NA;;;;;NA;NA;NA;NA;NA;NA;NA;NA;NA;NA;NA;;;;,,,,,,
elsi;2014-07-13;;serena.n;;;2014-09-09;;;;;NA;;;;;2015-03-31;;;0;;NA;;;;;NA;NA;NA;NA;NA;NA;NA;NA;NA;NA;2018-07-22;dls;fate unknown;;,,,,,,
elv;1990-09-15;;talek;;;1990-10-21;;;;;NA;;;;;NA;;;;;NA;;;;;NA;NA;NA;NA;NA;NA;NA;NA;NA;NA;1990-11-08;dead;flooded den;;,,,,,,
elvy;NA;;mara.river;;;2011-04-08;;;;;NA;;;;;NA;;;;;NA;;;;;NA;NA;NA;NA;NA;NA;NA;NA;NA;NA;NA;dls;;;,,,,,,
ema;NA;;serena.n;;;2008-07-07;;;;;NA;;;;;NA;;;;;NA;;;;;NA;NA;NA;NA;NA;NA;NA;NA;NA;NA;2016-03-13;dls;fate unknown;;,,,,,,
embr;2015-08-02;;happy.zebra;;;2015-09-15;;;;;NA;;;;;NA;dbw;;;;NA;;;;;NA;NA;NA;NA;NA;NA;NA;NA;NA;NA;2016-03-17;dls;;;,,,,,,
emer;1996-02-15;;talek;;;1996-03-23;;;;;NA;;;;;NA;;;;;NA;;;;;NA;NA;NA;NA;NA;NA;NA;NA;NA;NA;1996-04-19;dead;;;,,,,,,
eml;1998-12-04;;talek;;;1998-12-19;;;;;NA;;;;;NA;;;;;NA;;;;;NA;NA;NA;NA;NA;NA;NA;NA;NA;NA;1999-01-25;dead;;;,,,,,,
emo;2017-11-09;;pond;;;2017-12-14;;;;;NA;;;;;NA;;;;;NA;;;;;NA;NA;NA;NA;NA;NA;NA;NA;NA;NA;2018-02-21;dls;;;,,,,,,
emra;2017-08-07;;talek.w;;;2017-11-01;;;;;NA;;;;;NA;;;;;NA;;;;;NA;NA;NA;NA;NA;NA;NA;NA;NA;NA;NA;dls;;;,,,,,,
emy;2004-08-05;;oltukai;;;2004-08-10;;;;;NA;;;;;NA;;;;;NA;;;;;NA;NA;NA;NA;NA;NA;NA;NA;NA;NA;2005-07-09;;;;check EventStatus and EventData,,,,,,
en;NA;;talek;;;1987-07-01;;;;;NA;;;;;NA;;;;;NA;;;;;NA;NA;NA;NA;NA;NA;NA;NA;NA;NA;1994-08-25;dls;dispersed;;,,,,,,
ency;2010-10-17;;serena.n;;;2010-11-15;;;;;NA;;;;;NA;dbw;;;;NA;;;;;NA;NA;NA;NA;NA;NA;NA;NA;NA;NA;2011-01-21;dls;;;,,,,,,
endr;2010-11-01;;talek;;;2010-12-13;;;;;2011-07-06;;;0.5;;2011-08-11;;;2;;NA;;;;;NA;NA;NA;NA;NA;NA;NA;NA;NA;NA;2014-04-03;dead;poison (april 2014 incident);;,,,,,,
eng;2007-06-08;;talek;;;2008-08-08;;;;;NA;;;;;NA;;;;;NA;;;;;NA;NA;NA;NA;NA;NA;NA;NA;NA;NA;2009-01-08;dls;inferred dead;;,,,,,,
enke;2020-03-15;;kcm;;;2021-03-19;;;;;2021-03-15;error;;22135;Graduated based on DOB, never seen at den;NA;;;;;NA;;;;;NA;NA;NA;NA;NA;NA;NA;NA;NA;NA;NA;;;;,,,,,
enl;2006-01-03;;talek.e;;;2006-07-03;;;;;NA;;;;;NA;;;;;NA;;;;;NA;NA;NA;NA;NA;NA;NA;NA;NA;NA;2006-12-21;dls;inferred dead;;,,,,,,
enou;2014-09-08;;talek;;;2014-12-21;;;;;NA;;;;;2015-07-19;;;1.5;;NA;;;;;NA;NA;NA;NA;NA;NA;NA;NA;NA;NA;2015-07-21;dls;inferred dead;;,,,,,,
ent;1991-01-16;;talek;;;1991-01-25;;;;;NA;;;;;NA;;;;;NA;;;;;NA;NA;NA;NA;NA;NA;NA;NA;NA;NA;1991-03-01;dead;;;,,,,,,
entr;2014-09-18;;serena.s;;;2014-10-06;;;;;NA;;;;;NA;;;;;NA;;;;;NA;NA;NA;NA;NA;NA;NA;NA;NA;NA;2014-11-13;dls;;;,,,,,,
envy;2009-05-18;;talek;;;2009-07-28;;;;;NA;;;;;2010-02-25;;;;;NA;;;;;NA;NA;NA;NA;NA;NA;NA;NA;NA;NA;2011-11-19;;;;check EventStatus and EventData,,,,,,
eot;2018-08-14;;serena.n;;;2018-08-22;;;;;NA;;;;;NA;;;;;NA;;;;;NA;NA;NA;NA;NA;NA;NA;NA;NA;NA;2018-08-31;dead;;;,,,,,,
epic;2018-06-06;;talek.w;;;2018-08-07;;;;;2019-03-12;grad;;1;;NA;;;;;NA;;;;;NA;NA;NA;NA;NA;NA;NA;NA;NA;NA;NA;;;;,,,,,,
eps;NA;;fig.tree;;;1996-12-21;;;;;NA;;;;;NA;;;;;NA;;;;;NA;NA;NA;NA;NA;NA;NA;NA;NA;NA;1997-06-14;dls;fate unknown;;,,,,,,
epy;NA;;serena.n;;;2008-11-21;;;;;NA;;;;;NA;;;;;NA;;;;;NA;NA;NA;NA;NA;NA;NA;NA;NA;NA;2009-05-03;dls;fate unknown;;,,,,,,
erek;2015-07-26;;talek;;;2016-06-26;;;;;NA;sugu;;;;2016-09-02;error;;42;;2016-05-01;fission;kcm;;;NA;NA;NA;NA;NA;NA;NA;NA;NA;NA;2018-02-03;dls;;;,,,,,,
erem;2011-09-26;;happy.zebra;;;2011-10-31;;;;;2012-07-26;;;;DenGrad info not in table, instead taken from tblHyenas;2012-10-03;;;1.5;;NA;;;;;NA;NA;NA;NA;NA;NA;NA;NA;NA;NA;2021-06-26;dls;;;,,,,,
eric;NA;;talek.e;;;2012-06-18;;;;;NA;;;;;NA;;;;;NA;;;;;NA;NA;NA;NA;NA;NA;NA;NA;NA;NA;2012-06-18;;;;check EventStatus and EventData,,,,,,
erie;2004-05-12;;oltukai;;;2004-06-12;;;;;NA;;;;;NA;;;;;NA;;;;;NA;NA;NA;NA;NA;NA;NA;NA;NA;NA;2005-07-08;;;;check EventStatus and EventData,,,,,,
erin;NA;;;;;NA;;;;;NA;;;;;NA;;;;;2019-05-29;dispersal;happy.zebra;;;NA;NA;NA;NA;NA;NA;NA;NA;NA;NA;2021-05-16;dls;;;,,,,,,
erl;2017-11-04;;talek.w;;;2018-01-03;;;;;NA;;;;;NA;;;;;NA;;;;;NA;NA;NA;NA;NA;NA;NA;NA;NA;NA;2018-01-08;dls;;;,,,,,,
ern;NA;;mara.river;;;2012-02-12;;;;;NA;;;;;NA;;;;;NA;;;;;NA;NA;NA;NA;NA;NA;NA;NA;NA;NA;2013-08-25;dls;;;check EventStatus and EventData,,,,,,
ero;2004-04-30;;mara.river;;;2004-05-18;;;;;NA;;;;;NA;;;;;NA;;;;;NA;NA;NA;NA;NA;NA;NA;NA;NA;NA;2007-04-27;dls;fate unknown;;,,,,,,
ers;2016-12-20;;happy.zebra;;;2017-01-26;;;;;NA;;;;;NA;;;;;NA;;;;;NA;NA;NA;NA;NA;NA;NA;NA;NA;NA;2017-01-26;dls;;;,,,,,,
es;1984-06-01;;talek;;;1984-06-01;;;;;NA;;;;;NA;;;;;NA;;;;;NA;NA;NA;NA;NA;NA;NA;NA;NA;NA;1996-05-07;dls;inferred dead;;,,,,,,
esio;2017-10-25;;serena.n;;;2017-11-01;;;;;NA;;;;;NA;;;;;NA;;;;;NA;NA;NA;NA;NA;NA;NA;NA;NA;NA;2018-09-11;dls;fate unknown;;,,,,,,
et;NA;;fig.tree;;;2007-05-06;;;;;NA;;;;;NA;;;;;NA;;;;;NA;NA;NA;NA;NA;NA;NA;NA;NA;NA;NA;dls;;;,,,,,,
etaa;NA;;fig.tree;;;1996-12-21;;;;;NA;;;;;NA;;;;;NA;;;;;NA;NA;NA;NA;NA;NA;NA;NA;NA;NA;1996-12-21;dls;fate unknown;;,,,,,,
eton;NA;;talek;;;1996-12-14;;;;;NA;;;;;NA;;;;;NA;;;;;NA;NA;NA;NA;NA;NA;NA;NA;NA;NA;1996-12-14;dls;fate unknown;;,,,,,,
etp;NA;;talek;;;1996-05-17;;;;;NA;;;;;NA;;;;;NA;;;;;NA;NA;NA;NA;NA;NA;NA;NA;NA;NA;1996-06-11;dls;fate unknown;;,,,,,,
etwa;2005-09-01;;mara.river;;;2005-09-23;;;;;NA;;;;;NA;;;;;NA;;;;;NA;NA;NA;NA;NA;NA;NA;NA;NA;NA;2005-09-29;dead;;;,,,,,,
euc;NA;;happy.zebra;;;2008-06-24;;;;;NA;;;;;NA;;;;;NA;;;;;NA;NA;NA;NA;NA;NA;NA;NA;NA;NA;2011-09-30;dls;fate unknown;;,,,,,,
euch;2013-01-12;;happy.zebra;;;2013-02-16;;;;;2013-10-05;;;;DenGrad info not in table, instead taken from tblHyenas;2014-08-13;error;;112.5;;NA;;;;;NA;NA;NA;NA;NA;NA;NA;NA;NA;NA;2016-06-15;dls;;;,,,,,
ev;2004-05-01;;airstrip;;;2002-06-08;;;;;NA;;;;;NA;;;;;NA;;;;;NA;NA;NA;NA;NA;NA;NA;NA;NA;NA;2004-10-03;dls;;;,,,,,,
eva;2010-10-09;;fig.tree;;;2010-10-29;;;;;NA;;;;;NA;;;;;NA;;;;;NA;NA;NA;NA;NA;NA;NA;NA;NA;NA;2011-02-06;dls;unk;;,,,,,,
evan;NA;;talek;;;1996-12-27;;;;;NA;;;;;NA;;;;;NA;;;;;NA;NA;NA;NA;NA;NA;NA;NA;NA;NA;1996-12-27;dls;fate unknown;;,,,,,,
evap;2018-08-10;;talek;;;2019-02-07;;;;;2019-06-20;grad;;0.5;;NA;;;;;NA;;;;;NA;NA;NA;NA;NA;NA;NA;NA;NA;NA;2020-07-25;dls;;;,,,,,,
eve;1996-12-23;;talek;;;1997-01-25;;;;;NA;;;;;NA;dbw;;;;NA;;;;;NA;NA;NA;NA;NA;NA;NA;NA;NA;NA;1997-04-21;dead;;;,,,,,,
evil;2014-05-10;;serena.s;;;2014-07-26;;;;;2015-03-22;;;;DenGrad info not in table, instead taken from tblHyenas;2015-05-17;;;4;;NA;;;;;NA;NA;NA;NA;NA;NA;NA;NA;NA;NA;2016-06-10;dls;;;,,,,,
ewar;2013-07-27;;talek;;;2013-08-24;;;;;NA;dbg;;;;NA;dbw;;;;NA;;;;;NA;NA;NA;NA;NA;NA;NA;NA;NA;NA;2014-04-28;dead;starved (poison, april 2014);;,,,,,
ewok;2013-07-07;;fig.tree;;;2013-07-24;;;;;NA;;;;;NA;;;;;NA;;;;;NA;NA;NA;NA;NA;NA;NA;NA;NA;NA;2014-11-03;dls;;;check EventStatus and EventData,,,,,,
exc;NA;;;;;1997-08-06;;;;;NA;;;;;NA;;;;;1997-08-06;dispersal;talek;;;NA;NA;NA;NA;NA;NA;NA;NA;NA;NA;2000-09-29;dead;unknown;;date estimated from necropsy,,,,,,
exlo;NA;;;;;NA;;;;;NA;;;;;NA;;;;;NA;;;;;NA;NA;NA;NA;NA;NA;NA;NA;NA;NA;NA;;;;,,,,,,
expt;2014-01-08;;fig.tree;;;2014-05-05;;;;;NA;;;;;NA;;;;;NA;;;;;NA;NA;NA;NA;NA;NA;NA;NA;NA;NA;2014-05-05;dls;;;check EventStatus and EventData,,,,,,
eyr;1994-01-17;;talek;;;1994-01-23;;;;;NA;;;;;NA;;;;;NA;;;;;NA;NA;NA;NA;NA;NA;NA;NA;NA;NA;1994-02-22;dead;siblicide;;,,,,,,
ezra;2018-08-02;;serena.n;;;2018-10-14;;;;;NA;;;;;NA;;;;;NA;;;;;NA;NA;NA;NA;NA;NA;NA;NA;NA;NA;2019-02-10;dls;;;,,,,,,
f122;NA;;talek;;;1992-12-27;;;;;NA;;;;;NA;;;;;NA;;;;;NA;NA;NA;NA;NA;NA;NA;NA;NA;NA;1993-02-20;dls;fate unknown;;,,,,,,
f343;NA;;fig.tree;;;2007-03-03;;;;;NA;;;;;NA;;;;;NA;;;;;NA;NA;NA;NA;NA;NA;NA;NA;NA;NA;2007-03-03;dead;vehicle;;,,,,,,
f344;NA;;fig.tree;;;2007-04-07;;;;;NA;;;;;NA;;;;;NA;;;;;NA;NA;NA;NA;NA;NA;NA;NA;NA;NA;2007-04-07;dead;lions;;,,,,,,
f37;NA;;fig.tree;;;1993-01-02;;;;;NA;;;;;NA;;;;;NA;;;;;NA;NA;NA;NA;NA;NA;NA;NA;NA;NA;1993-01-02;dls;;;check EventStatus and EventData,,,,,,
f374;NA;;emarti h;;;2002-07-02;;;;;NA;;;;;NA;;;;;NA;;;;;NA;NA;NA;NA;NA;NA;NA;NA;NA;NA;NA;;;;,,,,,,
f375;NA;;fig.tree;;;2001-06-22;;;;;NA;;;;;NA;;;;;NA;;;;;NA;NA;NA;NA;NA;NA;NA;NA;NA;NA;NA;dls;;;,,,,,,
f376;NA;;llion;;;2001-05-29;;;;;NA;;;;;NA;;;;;NA;;;;;NA;NA;NA;NA;NA;NA;NA;NA;NA;NA;2002-06-08;dls;fate unknown;;,,,,,,
f379;NA;;;;;2001-05-31;;;;;NA;;;;;NA;;;;;NA;;;;;NA;NA;NA;NA;NA;NA;NA;NA;NA;NA;NA;;;;,,,,,,
f382;NA;;emarti h;;;2002-05-27;;;;;NA;;;;;NA;;;;;NA;;;;;NA;NA;NA;NA;NA;NA;NA;NA;NA;NA;NA;;;;,,,,,,
f388;NA;;fig.tree;;;2001-12-12;;;;;NA;;;;;NA;;;;;NA;;;;;NA;NA;NA;NA;NA;NA;NA;NA;NA;NA;2001-12-12;dls;;;check EventStatus and EventData,,,,,,
f390;NA;;emarti w;;;2000-08-06;;;;;NA;;;;;NA;;;;;NA;;;;;NA;NA;NA;NA;NA;NA;NA;NA;NA;NA;NA;;;;,,,,,,
f391;NA;;emarti w;;;2000-08-06;;;;;NA;;;;;NA;;;;;NA;;;;;NA;NA;NA;NA;NA;NA;NA;NA;NA;NA;NA;;;;,,,,,,
f393;NA;;llion;;;2000-08-03;;;;;NA;;;;;NA;;;;;NA;;;;;NA;NA;NA;NA;NA;NA;NA;NA;NA;NA;NA;;;;,,,,,,
f400;NA;;serena w;;;2000-07-16;;;;;NA;;;;;NA;;;;;NA;;;;;NA;NA;NA;NA;NA;NA;NA;NA;NA;NA;NA;;;;,,,,,,
f402;NA;;fig.tree;;;2000-05-17;;;;;NA;;;;;NA;;;;;NA;;;;;NA;NA;NA;NA;NA;NA;NA;NA;NA;NA;NA;dls;;;,,,,,,
f403;NA;;fig.tree;;;2000-05-21;;;;;NA;;;;;NA;;;;;NA;;;;;NA;NA;NA;NA;NA;NA;NA;NA;NA;NA;NA;dls;;;,,,,,,
f405;NA;;scomfort;;;2000-05-22;;;;;NA;;;;;NA;;;;;NA;;;;;NA;NA;NA;NA;NA;NA;NA;NA;NA;NA;NA;;;;,,,,,,
f407;NA;;fig.tree;;;2000-05-23;;;;;NA;;;;;NA;;;;;NA;;;;;NA;NA;NA;NA;NA;NA;NA;NA;NA;NA;NA;dls;;;,,,,,,
f408;NA;;fig.tree;;;2000-05-23;;;;;NA;;;;;NA;;;;;NA;;;;;NA;NA;NA;NA;NA;NA;NA;NA;NA;NA;NA;dls;;;,,,,,,
f409;NA;;fig.tree;;;2000-05-24;;;;;NA;;;;;NA;;;;;NA;;;;;NA;NA;NA;NA;NA;NA;NA;NA;NA;NA;2002-03-13;dls;;;check EventStatus and EventData,,,,,,
f410;NA;;scomfort;;;2000-05-25;;;;;NA;;;;;NA;;;;;NA;;;;;NA;NA;NA;NA;NA;NA;NA;NA;NA;NA;NA;;;;,,,,,,
f411;NA;;emarti h;;;2000-05-27;;;;;NA;;;;;NA;;;;;NA;;;;;NA;NA;NA;NA;NA;NA;NA;NA;NA;NA;NA;;;;,,,,,,
f413;NA;;fig.tree;;;2000-05-30;;;;;NA;;;;;NA;;;;;NA;;;;;NA;NA;NA;NA;NA;NA;NA;NA;NA;NA;NA;dls;;;,,,,,,
f414;NA;;scomfort;;;2000-05-31;;;;;NA;;;;;NA;;;;;NA;;;;;NA;NA;NA;NA;NA;NA;NA;NA;NA;NA;NA;;;;,,,,,,
f415;NA;;scomfort;;;2000-05-31;;;;;NA;;;;;NA;;;;;NA;;;;;NA;NA;NA;NA;NA;NA;NA;NA;NA;NA;NA;;;;,,,,,,
f420;NA;;scomfort;;;2000-06-04;;;;;NA;;;;;NA;;;;;NA;;;;;NA;NA;NA;NA;NA;NA;NA;NA;NA;NA;NA;;;;,,,,,,
f423;NA;;fig.tree;;;2000-06-06;;;;;NA;;;;;NA;;;;;NA;;;;;NA;NA;NA;NA;NA;NA;NA;NA;NA;NA;NA;dls;;;,,,,,,
f426;NA;;scomfort;;;2000-06-08;;;;;NA;;;;;NA;;;;;NA;;;;;NA;NA;NA;NA;NA;NA;NA;NA;NA;NA;NA;;;;,,,,,,
f427;NA;;scomfort;;;2000-06-09;;;;;NA;;;;;NA;;;;;NA;;;;;NA;NA;NA;NA;NA;NA;NA;NA;NA;NA;NA;;;;,,,,,,
f435;NA;;scomfort;;;2000-06-11;;;;;NA;;;;;NA;;;;;NA;;;;;NA;NA;NA;NA;NA;NA;NA;NA;NA;NA;NA;;;;,,,,,,
f436;NA;;emarti h;;;2000-06-12;;;;;NA;;;;;NA;;;;;NA;;;;;NA;NA;NA;NA;NA;NA;NA;NA;NA;NA;NA;;;;,,,,,,
f438;NA;;emarti h;;;2000-06-12;;;;;NA;;;;;NA;;;;;NA;;;;;NA;NA;NA;NA;NA;NA;NA;NA;NA;NA;NA;;;;,,,,,,
f440;NA;;emarti h;;;2000-06-12;;;;;NA;;;;;NA;;;;;NA;;;;;NA;NA;NA;NA;NA;NA;NA;NA;NA;NA;NA;;;;,,,,,,
f441;NA;;scomfort;;;2000-06-13;;;;;NA;;;;;NA;;;;;NA;;;;;NA;NA;NA;NA;NA;NA;NA;NA;NA;NA;NA;;;;,,,,,,
f444;NA;;serena w;;;2000-06-16;;;;;NA;;;;;NA;;;;;NA;;;;;NA;NA;NA;NA;NA;NA;NA;NA;NA;NA;NA;;;;,,,,,,
f445;NA;;serena w;;;2000-06-16;;;;;NA;;;;;NA;;;;;NA;;;;;NA;NA;NA;NA;NA;NA;NA;NA;NA;NA;NA;;;;,,,,,,
f448;NA;;mara.river;;;2000-06-17;;;;;NA;;;;;NA;;;;;NA;;;;;NA;NA;NA;NA;NA;NA;NA;NA;NA;NA;NA;dls;;;,,,,,,
f449;NA;;mara.river;;;2000-06-18;;;;;NA;;;;;NA;;;;;NA;;;;;NA;NA;NA;NA;NA;NA;NA;NA;NA;NA;NA;dls;;;,,,,,,
f452;NA;;emarti w;;;2000-06-21;;;;;NA;;;;;NA;;;;;NA;;;;;NA;NA;NA;NA;NA;NA;NA;NA;NA;NA;NA;;;;,,,,,,
f453;NA;;emarti w;;;2000-06-21;;;;;NA;;;;;NA;;;;;NA;;;;;NA;NA;NA;NA;NA;NA;NA;NA;NA;NA;NA;;;;,,,,,,
f454;NA;;llion;;;2000-06-24;;;;;NA;;;;;NA;;;;;NA;;;;;NA;NA;NA;NA;NA;NA;NA;NA;NA;NA;NA;;;;,,,,,,
f455;NA;;okejujem;;;2000-06-27;;;;;NA;;;;;NA;;;;;NA;;;;;NA;NA;NA;NA;NA;NA;NA;NA;NA;NA;NA;;;;,,,,,,
f456;NA;;okejujem;;;2000-06-27;;;;;NA;;;;;NA;;;;;NA;;;;;NA;NA;NA;NA;NA;NA;NA;NA;NA;NA;NA;;;;,,,,,,
f457;NA;;emarti h;;;2000-06-28;;;;;NA;;;;;NA;;;;;NA;;;;;NA;NA;NA;NA;NA;NA;NA;NA;NA;NA;NA;;;;,,,,,,
f462;NA;;fig.tree;;;2000-06-30;;;;;NA;;;;;NA;;;;;NA;;;;;NA;NA;NA;NA;NA;NA;NA;NA;NA;NA;NA;dls;;;,,,,,,
f463;NA;;fig.tree;;;2000-07-02;;;;;NA;;;;;NA;;;;;NA;;;;;NA;NA;NA;NA;NA;NA;NA;NA;NA;NA;NA;dls;;;,,,,,,
f465;NA;;keekorok;;;2000-07-03;;;;;NA;;;;;NA;;;;;NA;;;;;NA;NA;NA;NA;NA;NA;NA;NA;NA;NA;NA;;;;,,,,,,
f466;NA;;emarti w;;;2000-07-05;;;;;NA;;;;;NA;;;;;NA;;;;;NA;NA;NA;NA;NA;NA;NA;NA;NA;NA;NA;;;;,,,,,,
f467;NA;;;;;2000-07-05;;;;;NA;;;;;NA;;;;;NA;;;;;NA;NA;NA;NA;NA;NA;NA;NA;NA;NA;2000-07-18;;;;,,,,,,
f468;NA;;emarti w;;;2000-07-05;;;;;NA;;;;;NA;;;;;NA;;;;;NA;NA;NA;NA;NA;NA;NA;NA;NA;NA;NA;;;;,,,,,,
f474;NA;;fig.tree;;;2000-07-14;;;;;NA;;;;;NA;;;;;NA;;;;;NA;NA;NA;NA;NA;NA;NA;NA;NA;NA;NA;dls;;;,,,,,,
f476;NA;;fig.tree;;;2000-07-15;;;;;NA;;;;;NA;;;;;NA;;;;;NA;NA;NA;NA;NA;NA;NA;NA;NA;NA;NA;dls;;;,,,,,,
f478;NA;;wakuria;;;2000-07-16;;;;;NA;;;;;NA;;;;;NA;;;;;NA;NA;NA;NA;NA;NA;NA;NA;NA;NA;NA;;;;,,,,,,
f479;NA;;serena e;;;2000-07-17;;;;;NA;;;;;NA;;;;;NA;;;;;NA;NA;NA;NA;NA;NA;NA;NA;NA;NA;NA;;;;,,,,,,
f480;NA;;serena e;;;2000-07-17;;;;;NA;;;;;NA;;;;;NA;;;;;NA;NA;NA;NA;NA;NA;NA;NA;NA;NA;NA;;;;,,,,,,
f481;NA;;emarti w;;;2000-07-18;;;;;NA;;;;;NA;;;;;NA;;;;;NA;NA;NA;NA;NA;NA;NA;NA;NA;NA;NA;;;;,,,,,,
f482;NA;;emarti w;;;2000-07-18;;;;;NA;;;;;NA;;;;;NA;;;;;NA;NA;NA;NA;NA;NA;NA;NA;NA;NA;NA;;;;,,,,,,
f485;NA;;emarti h;;;2000-07-20;;;;;NA;;;;;NA;;;;;NA;;;;;NA;NA;NA;NA;NA;NA;NA;NA;NA;NA;NA;;;;,,,,,,
f488;NA;;emarti h;;;2000-07-23;;;;;NA;;;;;NA;;;;;NA;;;;;NA;NA;NA;NA;NA;NA;NA;NA;NA;NA;NA;;;;,,,,,,
f489;NA;;emarti h;;;2000-07-23;;;;;NA;;;;;NA;;;;;NA;;;;;NA;NA;NA;NA;NA;NA;NA;NA;NA;NA;NA;;;;,,,,,,
f490;NA;;emarti h;;;2000-07-25;;;;;NA;;;;;NA;;;;;NA;;;;;NA;NA;NA;NA;NA;NA;NA;NA;NA;NA;NA;;;;,,,,,,
f491;NA;;emarti h;;;2000-07-25;;;;;NA;;;;;NA;;;;;NA;;;;;NA;NA;NA;NA;NA;NA;NA;NA;NA;NA;NA;;;;,,,,,,
f492;NA;;scomfort;;;2000-08-28;;;;;NA;;;;;NA;;;;;NA;;;;;NA;NA;NA;NA;NA;NA;NA;NA;NA;NA;2000-08-28;dls;;;,,,,,,
f493;NA;;scomfort;;;2000-07-27;;;;;NA;;;;;NA;;;;;NA;;;;;NA;NA;NA;NA;NA;NA;NA;NA;NA;NA;NA;;;;,,,,,,
f496;NA;;llion;;;2000-07-29;;;;;NA;;;;;NA;;;;;NA;;;;;NA;NA;NA;NA;NA;NA;NA;NA;NA;NA;NA;;;;,,,,,,
f497;NA;;llion;;;2000-07-29;;;;;NA;;;;;NA;;;;;NA;;;;;NA;NA;NA;NA;NA;NA;NA;NA;NA;NA;NA;;;;,,,,,,
f498;NA;;scomfort;;;2000-07-30;;;;;NA;;;;;NA;;;;;NA;;;;;NA;NA;NA;NA;NA;NA;NA;NA;NA;NA;NA;;;;,,,,,,
f500;NA;;llion;;;2000-08-01;;;;;NA;;;;;NA;;;;;NA;;;;;NA;NA;NA;NA;NA;NA;NA;NA;NA;NA;NA;;;;,,,,,,
f554;NA;;;;;NA;;;;;NA;;;;;NA;;;;;NA;;;;;NA;NA;NA;NA;NA;NA;NA;NA;NA;NA;NA;;;;,,,,,,
f560;NA;;;;;NA;;;;;NA;;;;;NA;;;;;NA;;;;;NA;NA;NA;NA;NA;NA;NA;NA;NA;NA;NA;;;;,,,,,,
f618;NA;;;;;2011-07-02;;;;;NA;;;;;NA;;;;;NA;;;;;NA;NA;NA;NA;NA;NA;NA;NA;NA;NA;2011-07-02;dls;;;,,,,,,
f721;NA;;;;;2005-06-11;;;;;NA;;;;;NA;;;;;NA;;;;;NA;NA;NA;NA;NA;NA;NA;NA;NA;NA;2005-06-11;dls;;;,,,,,,
f741;NA;;;;;2005-06-13;;;;;NA;;;;;NA;;;;;NA;;;;;NA;NA;NA;NA;NA;NA;NA;NA;NA;NA;2005-06-13;dls;;;,,,,,,
f887;1989-01-28;;talek;;;2002-05-30;;;;;NA;;;;;NA;;;;;NA;;;;;NA;NA;NA;NA;NA;NA;NA;NA;NA;NA;2002-05-30;dead;lions;;,,,,,,
f899;NA;;keekorok;;;2005-12-02;;;;;NA;;;;;NA;;;;;NA;;;;;NA;NA;NA;NA;NA;NA;NA;NA;NA;NA;2005-12-02;dead;lions;;,,,,,,
f901;NA;;suswa;;;2006-07-23;;;;;NA;;;;;NA;;;;;NA;;;;;NA;NA;NA;NA;NA;NA;NA;NA;NA;NA;2006-07-22;dead;;;vehicle,,,,,,
f937;NA;;;;;NA;;;;;NA;;;;;NA;;;;;NA;;;;;NA;NA;NA;NA;NA;NA;NA;NA;NA;NA;2015-08-30;;car;;,,,,,,
f981;NA;;;;;2002-03-17;;;;;NA;;;;;NA;;;;;NA;;;;;NA;NA;NA;NA;NA;NA;NA;NA;NA;NA;2002-03-17;dead;;;killed by Masai,,,,,,
f983;1990-03-15;;talek;;;2001-11-18;;;;;NA;;;;;NA;;;;;NA;;;;;NA;NA;NA;NA;NA;NA;NA;NA;NA;NA;2001-11-18;dead;humans (snare);;,,,,,,
f985;NA;;;;;2001-07-08;;;;;NA;;;;;NA;;;;;NA;;;;;NA;NA;NA;NA;NA;NA;NA;NA;NA;NA;2001-07-08;dead;humans;;,,,,,,
fa;NA;;talek;;;1991-08-31;;;;;NA;;;;;NA;;;;;NA;;;;;NA;NA;NA;NA;NA;NA;NA;NA;NA;NA;1998-02-09;dls;fate unknown;;,,,,,,
fabl;2015-01-07;;talek;;;2015-02-17;;;;;NA;;;;;2015-09-09;;;2;;2016-05-01;fission;talek;;;NA;NA;NA;NA;NA;NA;NA;NA;NA;NA;2015-12-27;dls;inferred dead;;,,,,,,
faj;2004-05-01;;airstrip;;;2004-06-18;;;;;NA;;;;;NA;;;;;NA;;;;;NA;NA;NA;NA;NA;NA;NA;NA;NA;NA;2005-07-11;;;;check EventStatus and EventData,,,,,,
fal;NA;;talek;;;1995-07-20;;;;;NA;;;;;NA;;;;;NA;;;;;NA;NA;NA;NA;NA;NA;NA;NA;NA;NA;1995-07-26;dls;fate unknown;;,,,,,,
fall;2019-08-15;;;;;2019-10-06;;;;;2020-08-15;error;;4.5;Cub automatically den graduated based on birthdate, error term skewed due to pandemic;NA;;;;;NA;;;;;NA;NA;NA;NA;NA;NA;NA;NA;NA;NA;2021-04-27;dls;;;,,,,,
far;NA;;oltukai;;;2003-07-14;;;;;NA;;;;;NA;;;;;NA;;;;;NA;NA;NA;NA;NA;NA;NA;NA;NA;NA;2003-07-18;;;;check EventStatus and EventData,,,,,,
fay;2014-01-28;;talek;;;2014-03-18;;;;;2014-08-24;;;2.5;;2014-11-12;;;0.5;;2016-05-01;fission;talek;;;NA;NA;NA;NA;NA;NA;NA;NA;NA;NA;NA;dls;;;,,,,,,
fd;1993-09-07;;talek;;;1993-10-03;;;;;1994-04-13;;;3.5;;NA;;;;;NA;;;;;NA;NA;NA;NA;NA;NA;NA;NA;NA;NA;1994-05-23;dead;;;,,,,,,
fdb;NA;;oltukai;;;2003-07-12;;;;;NA;;;;;NA;;;;;NA;;;;;NA;NA;NA;NA;NA;NA;NA;NA;NA;NA;2005-07-10;;;;check EventStatus and EventData,,,,,,
fdl;2007-09-15;;fig.tree;;;2008-01-18;;;;;NA;;;;;NA;;;;;NA;;;;;NA;NA;NA;NA;NA;NA;NA;NA;NA;NA;2008-04-12;dls;unk;;,,,,,,
femi;2018-01-18;;happy.zebra;;;2018-05-31;;;;;2018-09-14;grad;;0;;NA;;;;;NA;;;;;NA;NA;NA;NA;NA;NA;NA;NA;NA;NA;2020-08-21;dls;;;,,,,,,
ferd;NA;;;;;NA;;;;;NA;;;;;NA;;;;;NA;;;;;NA;NA;NA;NA;NA;NA;NA;NA;NA;NA;NA;;;;,,,,,,
ferg;2015-12-01;;serena.n;;;2016-01-05;;;;;2016-07-13;;;;DenGrad info not in table, instead taken from tblHyenas;2016-09-07;;;0.5;;NA;;;;;NA;NA;NA;NA;NA;NA;NA;NA;NA;NA;2020-08-26;dls;;;,,,,,
fett;2011-11-08;;talek;;;2011-12-19;;;;;NA;dbg;;;;NA;dbw;;;;NA;;;;;NA;NA;NA;NA;NA;NA;NA;NA;NA;NA;2012-01-21;dls;starvation after mom's death;;,,,,,,
ffl;2003-06-28;;talek;;;2003-08-06;;;;;2004-04-29;;;6.5;;2004-06-23;;;19;;2016-05-01;fission;talek;;;NA;NA;NA;NA;NA;NA;NA;NA;NA;NA;2021-02-19;dls;;;,,,,,,
fg;1990-03-22;;talek;;;1990-04-29;;;;;1991-01-03;;;2;;NA;;;;;NA;;;;;NA;NA;NA;NA;NA;NA;NA;NA;NA;NA;1991-03-15;dead;;;,,,,,,
fgo;2007-03-20;;fig.tree;;;2007-04-27;;;;;NA;;;;;NA;;;;;NA;;;;;NA;NA;NA;NA;NA;NA;NA;NA;NA;NA;2007-07-08;dls;lions?;;,,,,,,
fib;2007-06-01;;serena.n;;;2008-08-18;;;;;NA;;;;;NA;;;;;NA;;;;;NA;NA;NA;NA;NA;NA;NA;NA;NA;NA;2009-07-25;dls;;;,,,,,,
fig;NA;;oltukai;;;2003-07-12;;;;;NA;;;;;NA;;;;;NA;;;;;NA;NA;NA;NA;NA;NA;NA;NA;NA;NA;2005-07-11;;;;check EventStatus and EventData,,,,,,
figu;2016-11-03;;kcm;;;2016-11-25;;;;;NA;;;;;NA;;;;;NA;;;;;NA;NA;NA;NA;NA;NA;NA;NA;NA;NA;2016-11-25;dls;inferred dead;;,,,,,,
fil;2004-04-01;;mara.river;;;2004-05-18;;;;;NA;;;;;NA;;;;;NA;;;;;NA;NA;NA;NA;NA;NA;NA;NA;NA;NA;2006-11-16;dls;fate unknown;;,,,,,,
fin;2013-12-03;;mara.river;;;2014-05-03;;;;;NA;;;;;NA;;;;;NA;;;;;NA;NA;NA;NA;NA;NA;NA;NA;NA;NA;NA;dls;;;,,,,,,
fipo;2021-01-02;;kcm;;;2021-07-20;;;;;2021-07-20;error;;22198.5;Never seen at den;NA;;;;;NA;;;;;NA;NA;NA;NA;NA;NA;NA;NA;NA;NA;NA;;;;,,,,,,
fire;2011-05-05;;fig.tree;;;2011-11-12;;;;;NA;;;;;NA;;;;;NA;;;;;NA;NA;NA;NA;NA;NA;NA;NA;NA;NA;2013-08-06;dls;unk;;,,,,,,
fish;NA;;talek;;;1991-08-11;;;;;NA;;;;;NA;;;;;NA;;;;;NA;NA;NA;NA;NA;NA;NA;NA;NA;NA;1991-10-11;dls;fate unknown;;,,,,,,
fitz;2015-11-30;;talek;;;2015-12-28;;;;;NA;;;;;NA;dbw;;;;NA;;;;;NA;NA;NA;NA;NA;NA;NA;NA;NA;NA;2016-06-15;dls;lions?;;,,,,,,
five;2020-11-24;;serena.n;;;2021-02-15;;;;;NA;;;;;NA;;;;;NA;;;;;NA;NA;NA;NA;NA;NA;NA;NA;NA;NA;2021-06-05;dls;;;mother died before weaning,,,,,,
fj;2009-09-01;;fig.tree;;;2009-09-25;;;;;NA;;;;;NA;;;;;NA;;;;;NA;NA;NA;NA;NA;NA;NA;NA;NA;NA;2010-04-08;dls;unk;;,,,,,,
fla;NA;;talek;;;1993-08-01;;;;;NA;;;;;NA;;;;;NA;;;;;NA;NA;NA;NA;NA;NA;NA;NA;NA;NA;1993-08-06;dls;fate unknown;;,,,,,,
flap;NA;;;;;2016-06-03;;;;;NA;;;;;NA;;;;;NA;;;;;NA;NA;NA;NA;NA;NA;NA;NA;NA;NA;NA;;;;,,,,,,
fld;2000-06-02;;mara.river;;;2001-05-13;;;;;NA;;;;;NA;;;;;NA;;;;;NA;NA;NA;NA;NA;NA;NA;NA;NA;NA;2003-08-25;dls;fate unknown;;,,,,,,
fle;NA;;talek;;;1994-01-12;;;;;NA;;;;;NA;;;;;NA;;;;;NA;NA;NA;NA;NA;NA;NA;NA;NA;NA;1994-02-06;dls;fate unknown;;,,,,,,
flec;2018-09-01;;kcm;;;2019-11-12;;;;;2019-09-01;error;;21854.5;Graduated based on DOB, before DFS;NA;;;;;NA;;;;;NA;NA;NA;NA;NA;NA;NA;NA;NA;NA;2019-11-12;dls;;;,,,,,
flfy;NA;;fig.tree;;;2007-05-06;;;;;NA;;;;;NA;;;;;NA;;;;;NA;NA;NA;NA;NA;NA;NA;NA;NA;NA;2010-04-10;dls;;;,,,,,,
flik;2013-10-29;;fig.tree;;;2013-11-26;;;;;NA;;;;;NA;;;;;NA;;;;;NA;NA;NA;NA;NA;NA;NA;NA;NA;NA;2016-06-08;dls;;;check EventStatus and EventData,,,,,,
flil;2015-02-28;;talek;;;2015-05-05;;;;;2016-03-16;;;0;;2015-10-20;;;1;;2016-05-01;fission;talek;;;NA;NA;NA;NA;NA;NA;NA;NA;NA;NA;2018-10-18;dls;;;,,,,,,
flit;2014-01-21;;talek;;;2014-03-18;;;;;2014-08-24;;;6;;2015-01-17;;;15;;2016-05-01;fission;pond;;;NA;NA;NA;NA;NA;NA;NA;NA;NA;NA;2020-04-18;dls;;;,,,,,,
fljo;2013-02-19;;talek;;;2013-03-26;;;;;2013-09-30;;;28;;2013-08-31;;;1.5;;NA;;;;;NA;NA;NA;NA;NA;NA;NA;NA;NA;NA;2014-04-12;dead;humans (poison - april 2014);;DLS alive: 07-Apr-14,,,,,,
flkr;2013-12-22;;happy.zebra;;;2014-01-11;;;;;NA;;;;;NA;dbw;;;;NA;;;;;NA;NA;NA;NA;NA;NA;NA;NA;NA;NA;2014-05-28;dls;;;,,,,,,
flop;NA;;;;;2008-11-25;;;;;NA;;;;;NA;;;;;NA;;;;;NA;NA;NA;NA;NA;NA;NA;NA;NA;NA;2008-11-25;dls;;;,,,,,,
flra;2014-05-26;;talek;;;2015-04-26;;;;;NA;sugu;;;;NA;;;;;NA;;;;;NA;NA;NA;NA;NA;NA;NA;NA;NA;NA;2015-05-07;dls;fate unknown;;,,,,,,
flsh;1995-03-13;;talek;;;NA;;;;;NA;;;;;NA;;;;;NA;;;;;NA;NA;NA;NA;NA;NA;NA;NA;NA;NA;NA;dead;;;killed by MIKE,,,,,,
flt;NA;;serena.n;;;2014-06-29;;;;;NA;;;;;NA;;;;;NA;;;;;NA;NA;NA;NA;NA;NA;NA;NA;NA;NA;2015-09-28;dls;;;,,,,,,
flur;2016-10-29;;kcm;;;2016-12-05;;;;;2017-08-04;;;;DenGrad info not in table, instead taken from tblHyenas;NA;;;;;NA;;;;;NA;NA;NA;NA;NA;NA;NA;NA;NA;NA;2021-09-06;dls;;;,,,,,
flws;2014-07-15;;serena.n;;;2014-09-09;;;;;NA;;;;;2015-10-11;;;25.5;;NA;;;;;NA;NA;NA;NA;NA;NA;NA;NA;NA;NA;2018-02-10;dls;;;,,,,,,
flx;2004-10-25;;mara.river;;;2004-12-01;;;;;NA;;;;;NA;;;;;NA;;;;;NA;NA;NA;NA;NA;NA;NA;NA;NA;NA;2007-06-22;dls;fate unknown;;,,,,,,
fly;NA;;fig.tree;;;1996-09-19;;;;;NA;;;;;NA;;;;;NA;;;;;NA;NA;NA;NA;NA;NA;NA;NA;NA;NA;1996-09-19;dls;fate unknown;;,,,,,,
flyd;NA;;talek.e;;;2012-06-18;;;;;NA;;;;;NA;;;;;NA;;;;;NA;NA;NA;NA;NA;NA;NA;NA;NA;NA;2012-06-18;;;;check EventStatus and EventData,,,,,,
fman;2010-06-03;;mara.river;;;2013-08-25;;;;;NA;;;;;NA;;;;;NA;;;;;NA;NA;NA;NA;NA;NA;NA;NA;NA;NA;2013-08-25;dls;;;check EventStatus and EventData,,,,,,
fn;NA;;talek;;;1990-12-03;;;;;NA;;;;;NA;;;;;NA;;;;;NA;NA;NA;NA;NA;NA;NA;NA;NA;NA;1999-06-24;dls;fate unknown;;,,,,,,
fnc;NA;;17km;;;2008-06-28;;;;;NA;;;;;NA;;;;;NA;;;;;NA;NA;NA;NA;NA;NA;NA;NA;NA;NA;2008-08-21;;;;check EventStatus and EventData,,,,,,
fncy;NA;;serena.n;;;2008-07-08;;;;;NA;;;;;NA;;;;;NA;;;;;NA;NA;NA;NA;NA;NA;NA;NA;NA;NA;2009-11-15;;;;check EventStatus and EventData,,,,,,
fng;NA;;airstrip;;;2003-07-17;;;;;NA;;;;;NA;;;;;NA;;;;;NA;NA;NA;NA;NA;NA;NA;NA;NA;NA;2004-01-15;;;;check EventStatus and EventData,,,,,,
fnta;2007-08-01;;serena.n;;;2008-07-07;;;;;NA;;;;;NA;;;;;NA;;;;;NA;NA;NA;NA;NA;NA;NA;NA;NA;NA;2008-11-18;dead;lions;;,,,,,,
fog;NA;;fig.tree;;;2011-10-16;;;;;NA;;;;;NA;;;;;NA;;;;;NA;NA;NA;NA;NA;NA;NA;NA;NA;NA;2014-07-16;dls;;;check EventStatus and EventData,,,,,,
folk;2018-11-28;;pond;;;2019-01-20;;;;;NA;;;;;NA;;;;;NA;;;;;NA;NA;NA;NA;NA;NA;NA;NA;NA;NA;2019-02-22;dls;;;,,,,,,
fonz;2005-06-28;;oz valley;;;2008-10-08;;;;;NA;;;;;NA;;;;;NA;;;;;NA;NA;NA;NA;NA;NA;NA;NA;NA;NA;2008-10-12;;;;check EventStatus and EventData,,,,,,
fort;NA;;unknown;;;2021-08-13;;;;first seen in SS and HZ;NA;;;;;NA;;;;;2021-10-29;dispersal;serena.n;;;NA;NA;NA;NA;NA;NA;NA;NA;NA;NA;NA;;;;,,,,,,
fox;NA;;talek;;;1999-12-26;;;;;NA;;;;;NA;;;;;NA;;;;;NA;NA;NA;NA;NA;NA;NA;NA;NA;NA;2009-01-12;dls;;;,,,,,,
foxe;2021-01-26;;serena.n;;;2021-02-16;;;;;2022-01-26;error;;22;Cub automatically den graduated based on birthdate;NA;;;;;NA;;;;;NA;NA;NA;NA;NA;NA;NA;NA;NA;NA;NA;;;;,,,,,,
foz;1997-12-15;;talek;;;1998-03-23;;;;;1998-10-21;;;;DenGrad info not in table, instead taken from tblHyenas;1999-01-11;;;1;;NA;;;;;NA;NA;NA;NA;NA;NA;NA;NA;NA;NA;2011-03-28;dead;lions;;,,,,,
fp;1990-12-15;;talek;;;1991-01-19;;;;;NA;dbg;;;;NA;;;;;NA;;;;;NA;NA;NA;NA;NA;NA;NA;NA;NA;NA;1991-08-29;dead;lions;;,,,,,,
fpr;NA;;serena.n;;;2008-06-27;;;;;NA;;;;;NA;;;;;NA;;;;;NA;NA;NA;NA;NA;NA;NA;NA;NA;NA;2008-12-15;dls;fate unknown;;,,,,,,
fran;NA;;talek;;;1995-06-15;;;;;NA;;;;;NA;;;;;NA;;;;;NA;NA;NA;NA;NA;NA;NA;NA;NA;NA;1995-06-15;dls;fate unknown;;,,,,,,
fras;2010-08-29;;happy.zebra;;;2010-10-03;;;;;2011-07-13;;;;DenGrad info not in table, instead taken from tblHyenas;2011-07-19;;;5.5;;NA;;;;;NA;NA;NA;NA;NA;NA;NA;NA;NA;NA;2011-12-13;dls;fate unknown;;,,,,,
frcn;NA;;llion;;;2006-06-03;;;;;NA;;;;;NA;;;;;NA;;;;;NA;NA;NA;NA;NA;NA;NA;NA;NA;NA;NA;;;;,,,,,,
frd;2017-04-01;;kcm;;;2017-12-26;;;;;NA;;;;;NA;;;;;NA;;;;;NA;NA;NA;NA;NA;NA;NA;NA;NA;NA;2018-01-12;dls;;;,,,,,,
frdk;NA;;serena.s;;;2013-03-18;;;;;NA;;;;;NA;;;;;NA;;;;;NA;NA;NA;NA;NA;NA;NA;NA;NA;NA;2018-11-17;dls;;;,,,,,,
frdn;2012-10-01;;happy.zebra;;;2012-12-26;;;;;2013-09-05;;;;DenGrad info not in table, instead taken from tblHyenas;2013-09-21;;;2.5;;NA;;;;;NA;NA;NA;NA;NA;NA;NA;NA;NA;NA;2015-07-21;dls;;;,,,,,
fred;NA;;talek;;;1988-07-30;;;;;NA;;;;;NA;;;;;NA;;;;;NA;NA;NA;NA;NA;NA;NA;NA;NA;NA;1988-10-30;dls;fate unknown;;,,,,,,
frg;NA;;talek;;;2001-09-21;;;;;NA;;;;;NA;;;;;NA;;;;;NA;NA;NA;NA;NA;NA;NA;NA;NA;NA;2001-09-21;dls;fate unknown;;,,,,,,
fri;NA;;fig.tree;;;1999-05-29;;;;;NA;;;;;NA;;;;;NA;;;;;NA;NA;NA;NA;NA;NA;NA;NA;NA;NA;1999-05-29;dls;fate unknown;;,,,,,,
frk;NA;;mara.river;;;2001-05-25;;;;;NA;;;;;NA;;;;;NA;;;;;NA;NA;NA;NA;NA;NA;NA;NA;NA;NA;2002-03-27;dls;fate unknown;;,,,,,,
frm;2006-03-01;;mara.river;;;2006-03-13;;;;;2006-10-11;;;;DenGrad info not in table, instead taken from tblHyenas;NA;;;;;NA;;;;;NA;NA;NA;NA;NA;NA;NA;NA;NA;NA;2006-12-13;dls;fate unknown;;,,,,,
frnc;1997-03-24;;talek;;;1997-03-31;;;;;NA;;;;;NA;;;;;NA;;;;;NA;NA;NA;NA;NA;NA;NA;NA;NA;NA;1997-05-02;dls;;;,,,,,,
frnd;NA;;talek;;;1995-11-20;;;;;NA;;;;;NA;;;;;NA;;;;;NA;NA;NA;NA;NA;NA;NA;NA;NA;NA;1995-11-21;dls;fate unknown;;,,,,,,
frnk;NA;;unknown;;;2021-05-01;;;;;NA;;;;;NA;;;;;2021-05-01;;happy.zebra;;;NA;NA;NA;NA;NA;NA;NA;NA;NA;NA;NA;;;;,,,,,,
fro;1988-10-30;;talek;;;1988-12-15;;;;;1989-08-17;;;0.5;;1989-12-01;;;;;1991-08-16;dispersal;unknown;;;NA;NA;NA;NA;NA;NA;NA;NA;NA;NA;1991-08-16;dls;dispersed;;,,,,,,
frog;2002-07-14;;mara.river;;;2002-09-21;;;;;NA;;;;;NA;;;;;NA;;;;;NA;NA;NA;NA;NA;NA;NA;NA;NA;NA;2003-01-06;dead;;;,,,,,,
frr;2000-06-25;;talek;;;2000-07-21;;;;;2001-04-12;;;5;;2001-09-11;error;;39.5;;2002-05-01;fission;talek.e;;;NA;NA;NA;NA;NA;NA;NA;NA;NA;NA;2001-12-09;dls;inferred dead;;,,,,,,
frri;2016-12-28;;serena.s;;;2017-01-18;;;;;2017-08-12;;;;DenGrad info not in table, instead taken from tblHyenas;NA;;;;;NA;;;;;NA;NA;NA;NA;NA;NA;NA;NA;NA;NA;2018-06-13;dls;;;,,,,,
frsc;NA;;talek;;;2011-08-01;;;;;NA;;;;;NA;;;;;NA;;;;;NA;NA;NA;NA;NA;NA;NA;NA;NA;NA;2013-04-15;dls;dispersed;;,,,,,,
frsd;2015-03-10;;serena.n;;;2015-04-07;;;;;NA;;;;;NA;dbw;;;;NA;;;;;NA;NA;NA;NA;NA;NA;NA;NA;NA;NA;2015-04-10;dls;;;,,,,,,
frsk;NA;;;;;NA;;;;;NA;;;;;NA;;;;;NA;;;;;NA;NA;NA;NA;NA;NA;NA;NA;NA;NA;NA;;;;,,,,,,
frsq;2010-12-22;;fig.tree;;;2011-02-02;;;;;NA;;;;;NA;;;;;NA;;;;;NA;NA;NA;NA;NA;NA;NA;NA;NA;NA;2011-02-02;dls;unk;;,,,,,,
frst;1996-02-15;;talek;;;1996-03-23;;;;;NA;;;;;NA;;;;;NA;;;;;NA;NA;NA;NA;NA;NA;NA;NA;NA;NA;1996-04-19;dead;;;,,,,,,
frta;2016-10-01;;talek;;;2016-12-17;;;;;2018-10-22;;;;DenGrad info not in table, instead taken from tblHyenas;NA;;;;;NA;;;;;NA;NA;NA;NA;NA;NA;NA;NA;NA;NA;2018-02-22;dls;;;,,,,,
fry;2014-07-19;;talek;;;2015-01-19;;;;;NA;dbg;;;;2016-03-10;;;14;;2016-05-01;fission;kcm;;;NA;NA;NA;NA;NA;NA;NA;NA;NA;NA;2017-01-03;dls;dispersed;;,,,,,,
frza;2015-03-22;;talek;;;2015-05-03;;;;;NA;;;;;2015-09-24;;;13;;NA;;;;;NA;NA;NA;NA;NA;NA;NA;NA;NA;NA;2015-12-01;dls;inferred dead;;,,,,,,
fsh;1995-03-13;;talek;;;1995-03-17;;;;;NA;;;;;NA;;;;;NA;;;;;NA;NA;NA;NA;NA;NA;NA;NA;NA;NA;1995-03-26;dead;starvation;;,,,,,,
fsl;2009-01-12;;fig.tree;;;2009-02-16;;;;;NA;;;;;NA;;;;;NA;;;;;NA;NA;NA;NA;NA;NA;NA;NA;NA;NA;2009-02-16;dls;unk;;,,,,,,
fsno;NA;;talek;;;2012-11-16;;;;;NA;;;;;NA;;;;;NA;;;;;NA;NA;NA;NA;NA;NA;NA;NA;NA;NA;2013-01-30;dls;dispersed;;,,,,,,
ft40;NA;;fig.tree;;;1993-01-02;;;;;NA;;;;;NA;;;;;NA;;;;;NA;NA;NA;NA;NA;NA;NA;NA;NA;NA;1993-01-02;dls;;;check EventStatus and EventData,,,,,,
ftk;NA;;fig.tree;;;1997-07-04;;;;;NA;;;;;NA;;;;;NA;;;;;NA;NA;NA;NA;NA;NA;NA;NA;NA;NA;1997-07-04;dls;fate unknown;;check EventStatus and EventData,,,,,,
ftsa;NA;;fig.tree;;;1992-05-01;;;;;NA;;;;;NA;;;;;NA;;;;;NA;NA;NA;NA;NA;NA;NA;NA;NA;NA;1992-05-01;dls;fate unknown;;,,,,,,
ftu;NA;;fig.tree;;;1997-06-11;;;;;NA;;;;;NA;;;;;NA;;;;;NA;NA;NA;NA;NA;NA;NA;NA;NA;NA;1997-06-11;dls;humans;;,,,,,,
fuga;2019-02-06;;kcm;;;2019-08-06;;;;;2019-08-06;error;;21841.5;FUGA was never seen at the den;NA;;;;;NA;;;;;NA;NA;NA;NA;NA;NA;NA;NA;NA;NA;2020-07-12;dls;;;,,,,,,
fuji;2022-03-19;;cool.beans;;;2022-05-20;;;;;NA;;;;;NA;;;;;NA;;;;;NA;NA;NA;NA;NA;NA;NA;NA;NA;NA;NA;;;;,,,,,,
fujo;2007-01-01;;17km;;;2008-06-30;;;;;NA;;;;;NA;;;;;NA;;;;;NA;NA;NA;NA;NA;NA;NA;NA;NA;NA;2008-06-30;;;;check EventStatus and EventData,,,,,,
fund;2021-02-07;;kcm;;;2021-11-01;;;;;2021-11-01;error;;22250.5;Never seen at den;NA;;;;;NA;;;;;NA;NA;NA;NA;NA;NA;NA;NA;NA;NA;NA;;;;,,,,,,
funk;2021-08-20;;pond;;;2021-12-04;;;;;2022-08-20;error;;16.5;Graduated based on DOB;NA;;;;;NA;;;;;NA;NA;NA;NA;NA;NA;NA;NA;NA;NA;NA;;;;,,,,,,
fush;2012-12-06;;talek;;;2012-12-27;;;;;NA;dbg;;;;NA;dbw;;;;NA;;;;;NA;NA;NA;NA;NA;NA;NA;NA;NA;NA;2013-06-14;dls;inferred dead;;,,,,,,
fuzz;2011-08-27;;serena.n;;;2011-09-23;;;;;2012-02-27;;;;DenGrad info not in table, instead taken from tblHyenas;2012-09-25;;;;;NA;;;;;NA;NA;NA;NA;NA;NA;NA;NA;NA;NA;2020-10-15;dls;fate unknown;;,,,,,
fw;NA;;fig.tree;;;2007-07-03;;;;;NA;;;;;NA;;;;;2013-08-12;dispersal;talek;;;NA;NA;NA;NA;NA;NA;NA;NA;NA;NA;2015-05-07;dls;;;,,,,,,
fxtr;2011-10-16;;talek;;;2012-01-03;;;;;2012-06-05;;;0.5;;2012-06-10;;;1.5;;2016-05-01;fission;talek;;;NA;NA;NA;NA;NA;NA;NA;NA;NA;NA;2016-05-09;dls;inferred dead;;,,,,,,
fy;1990-10-07;;talek;;;1990-10-19;;;;;NA;;;;;NA;;;;;NA;;;;;NA;NA;NA;NA;NA;NA;NA;NA;NA;NA;1990-12-06;dead;flooded den;;,,,,,,
fyre;2013-10-16;;serena.s;;;2013-11-23;;;;DFS assigned by field, no associated session;NA;;;;;2014-06-27;;;36;;NA;;;;;NA;NA;NA;NA;NA;NA;NA;NA;NA;NA;2018-05-13;dls;;;,,,,,
gab;2001-12-24;;mara.river;;;2002-01-08;;;;;NA;;;;;NA;;;;;NA;;;;;NA;NA;NA;NA;NA;NA;NA;NA;NA;NA;2002-04-26;dls;fate unknown;;,,,,,,
gaby;2021-10-24;;pond;;;2022-04-01;;;;;NA;;;;;NA;;;;;NA;;;;;NA;NA;NA;NA;NA;NA;NA;NA;NA;NA;2022-06-02;dls;;;,,,,,,
gal;2003-07-10;;mara.river;;;2003-07-30;;;;;2004-01-17;;;;DenGrad info not in table, instead taken from tblHyenas;NA;;;;;NA;;;;;NA;NA;NA;NA;NA;NA;NA;NA;NA;NA;2006-09-09;dls;dispersed;;,,,,,
gala;2012-01-06;;talek;;;2012-01-08;;;;;2012-09-15;;;1;;2012-07-17;;;2;;NA;;;;;NA;NA;NA;NA;NA;NA;NA;NA;NA;NA;2014-04-12;dead;humans (poison - april 2014);;,,,,,,
gali;NA;;unknown;;;2019-10-09;;pond;;;NA;;;;;NA;;;;;NA;;;;;NA;NA;NA;NA;NA;NA;NA;NA;NA;NA;NA;;;;,,,,,,
galo;2008-10-31;;;;;2008-11-30;;;;;NA;;;;;NA;;;;;NA;;;;;NA;NA;NA;NA;NA;NA;NA;NA;NA;NA;NA;;;;,,,,,,
gamb;2009-11-04;;fig.tree;;;2009-11-24;;;;;NA;;;;;NA;;;;;NA;;;;;NA;NA;NA;NA;NA;NA;NA;NA;NA;NA;2010-08-04;dls;unk;;,,,,,,
gamm;NA;;fig.tree;;;1996-12-08;;;;;NA;;;;;NA;;;;;NA;;;;;NA;NA;NA;NA;NA;NA;NA;NA;NA;NA;1996-12-08;dls;dispersed;;,,,,,,
gan;1988-10-30;;talek;;;1988-12-15;;;;;1989-06-07;;;0.5;;1989-12-01;;;;;NA;;;;;NA;NA;NA;NA;NA;NA;NA;NA;NA;NA;1994-08-02;dls;inferred dead;;,,,,,,
gar;NA;;talek;;;1987-08-01;;;;;NA;;;;;NA;;;;;NA;;;;;NA;NA;NA;NA;NA;NA;NA;NA;NA;NA;1988-10-08;dls;fate unknown;;,,,,,,
garf;2016-10-04;;serena.n;;;2016-11-08;;;;;2017-07-08;;;;DenGrad info not in table, instead taken from tblHyenas;NA;;;;;NA;;;;;NA;NA;NA;NA;NA;NA;NA;NA;NA;NA;NA;;;;,,,,,
gary;2021-11-20;;serena.n;;;2021-12-19;;;;;NA;;;;;NA;;;;;NA;;;;;NA;NA;NA;NA;NA;NA;NA;NA;NA;NA;2021-12-19;dls;;;,,,,,,
gata;2016-06-23;;serena.s;;;2016-07-14;;;;;NA;;;;;2017-01-24;;;0.5;;NA;;;;;NA;NA;NA;NA;NA;NA;NA;NA;NA;NA;2017-03-11;dls;;;,,,,,,
gaza;2010-08-06;;talek;;;2010-08-06;;;;;NA;;;;;NA;;;;;2016-05-01;fission;talek;;;NA;NA;NA;NA;NA;NA;NA;NA;NA;NA;2020-09-15;dls;;;,,,,,,
gazr;2014-09-18;;serena.s;;;2014-10-06;;;;;2015-05-18;;;;DenGrad info not in table, instead taken from tblHyenas;2016-01-13;error;;177;;NA;;;;;NA;NA;NA;NA;NA;NA;NA;NA;NA;NA;2022-04-07;dls;;;,,,,,
gb;1987-11-01;;talek;;;1988-06-26;;;;;NA;;;;;NA;;;;;NA;;;;;NA;NA;NA;NA;NA;NA;NA;NA;NA;NA;1988-10-22;dead;;;,,,,,,
gbb;2014-12-01;;serena.n;;;2015-01-12;;;;;NA;;;;;2015-07-24;;;2;;NA;;;;;NA;NA;NA;NA;NA;NA;NA;NA;NA;NA;2016-01-29;dls;;;,,,,,,
gbg;2003-07-23;;talek.e;;;2003-09-12;;;;;2004-06-01;;;73.5;;2004-06-26;;;11;;NA;;;;;NA;NA;NA;NA;NA;NA;NA;NA;NA;NA;2006-09-04;dls;dispersed;;,,,,,,
gda;2003-06-14;;oltukai;;;2003-09-04;;;;;2004-04-03;;;;DenGrad info not in table, instead taken from tblHyenas;NA;;;;;NA;;;;;NA;NA;NA;NA;NA;NA;NA;NA;NA;NA;2004-10-29;dls;;;check EventStatus and EventData,,,,,
gde;NA;;olare;;;2008-08-17;;;;;NA;;;;;NA;;;;;NA;;;;;NA;NA;NA;NA;NA;NA;NA;NA;NA;NA;NA;;;;,,,,,,
gdfi;2012-11-25;;talek.w;;;2013-01-20;;;;;NA;;;;;2013-10-12;;;3.5;;2016-05-01;fission;kcm;;;NA;NA;NA;NA;NA;NA;NA;NA;NA;NA;NA;;;;,,,,,,
gdhi;2013-05-31;;mara.river;;;2013-07-05;;;;;NA;;;;;NA;;;;;NA;;;;;NA;NA;NA;NA;NA;NA;NA;NA;NA;NA;NA;dls;;;,,,,,,
gdz;1998-12-03;;talek;;;1999-01-05;;;;;1999-07-19;;;1;;1999-07-01;;;1;;NA;;;;;NA;NA;NA;NA;NA;NA;NA;NA;NA;NA;2000-09-29;dls;inferred dead;;,,,,,,
ge;2009-12-25;;talek;;;2010-01-31;;;;;2010-07-08;;;2.5;;2011-01-03;;;0.5;;NA;;;;;NA;NA;NA;NA;NA;NA;NA;NA;NA;NA;2012-07-14;dls;inferred dead;;,,,,,,
geez;NA;;happy.zebra;;;2008-06-26;;;;;NA;;;;;NA;;;;;NA;;;;;NA;NA;NA;NA;NA;NA;NA;NA;NA;NA;2008-10-12;dead;killed by lions;;,,,,,,
gel;2009-01-05;;talek;;;2009-01-25;;;;;2009-07-30;;;0.5;;2010-01-27;;;2.5;;2016-05-01;fission;kcm;;;NA;NA;NA;NA;NA;NA;NA;NA;NA;NA;2021-07-27;dls;;;,,,,,,
gela;NA;;airstrip;;;2003-08-04;;;;;NA;;;;;NA;;;;;NA;;;;;NA;NA;NA;NA;NA;NA;NA;NA;NA;NA;2005-07-09;;;;check EventStatus and EventData,,,,,,
gem;2017-05-25;;talek.w;;;2017-08-11;;;;;2018-03-11;;;;DenGrad info not in table, instead taken from tblHyenas;NA;;;;;NA;;;;;NA;NA;NA;NA;NA;NA;NA;NA;NA;NA;2018-04-05;dls;;;,,,,,
gene;NA;;talek;;;1988-09-10;;;;;NA;;;;;NA;;;;;NA;;;;;NA;NA;NA;NA;NA;NA;NA;NA;NA;NA;1988-09-10;dls;fate unknown;;,,,,,,
geo;NA;;serena.s;;;2008-12-05;;;;;NA;;;;;NA;;;;;NA;;;;;NA;NA;NA;NA;NA;NA;NA;NA;NA;NA;2008-12-05;dls;;;,,,,,,
ger;1992-11-07;;talek;;;1992-11-29;;;;;1993-06-08;;;0.5;;1993-12-01;;;;;NA;;;;;NA;NA;NA;NA;NA;NA;NA;NA;NA;NA;2005-06-02;dead;humans;;,,,,,,
gera;2011-08-18;;fig.tree;;;2012-03-18;;;;;NA;;;;;NA;;;;;NA;;;;;NA;NA;NA;NA;NA;NA;NA;NA;NA;NA;2012-03-18;dls;unk;;,,,,,,
gers;NA;;mara.river;;;NA;;;;;NA;;;;;NA;;;;;NA;;;;;NA;NA;NA;NA;NA;NA;NA;NA;NA;NA;NA;dls;;;,,,,,,
gety;2006-04-15;;mara.river;;;2006-07-13;;;;;2006-11-15;;;;DenGrad info not in table, instead taken from tblHyenas;NA;;;;;NA;;;;;NA;NA;NA;NA;NA;NA;NA;NA;NA;NA;2014-04-17;dls;;;check EventStatus and EventData,,,,,
gf;NA;;talek;;;1990-11-07;;;;;NA;;;;;NA;;;;;NA;;;;;NA;NA;NA;NA;NA;NA;NA;NA;NA;NA;1990-11-07;dls;fate unknown;;,,,,,,
gfi;2002-05-15;;mara.river;;;2002-06-12;;;;;NA;;;;;NA;;;;;NA;;;;;NA;NA;NA;NA;NA;NA;NA;NA;NA;NA;2002-07-03;dead;;;,,,,,,
gfis;2011-07-04;;happy.zebra;;;2011-08-01;;;;;2012-05-24;;;;DenGrad info not in table, instead taken from tblHyenas;2012-08-21;;;2;;NA;;;;;NA;NA;NA;NA;NA;NA;NA;NA;NA;NA;2013-06-25;dls;fate unknown;;,,,,,
gfk;2013-01-12;;serena.n;;;2013-03-06;;;;;NA;;;;;NA;dbw;;;;NA;;;;;NA;NA;NA;NA;NA;NA;NA;NA;NA;NA;2013-04-13;dls;;;check EventStatus and EventData,,,,,,
gflt;2019-01-16;;serena.n;;;2019-02-08;;;;;NA;;;;;NA;;;;;NA;;;;;NA;NA;NA;NA;NA;NA;NA;NA;NA;NA;2019-02-10;;;dls;,,,,,,
gfy;NA;;serena.n;;;2008-06-27;;;;;NA;;;;;NA;;;;;NA;;;;;NA;NA;NA;NA;NA;NA;NA;NA;NA;NA;2010-01-05;;;;check EventStatus and EventData,,,,,,
gg;1994-07-04;;talek;;;1994-07-18;;;;;NA;;;;;NA;;;;;NA;;;;;NA;NA;NA;NA;NA;NA;NA;NA;NA;NA;1994-07-18;dead;illness;;,,,,,,
ghib;NA;;fig.tree;;;2007-08-02;;;;;NA;;;;;NA;;;;;NA;;;;;NA;NA;NA;NA;NA;NA;NA;NA;NA;NA;2009-10-20;dead;hit by car;;,,,,,,
ghk;NA;;emarti h;;;2008-07-15;;;;;NA;;;;;NA;;;;;NA;;;;;NA;NA;NA;NA;NA;NA;NA;NA;NA;NA;2008-07-15;dls;;;,,,,,,
ghn;NA;;talek;;;2012-01-25;;;;;NA;;;;;NA;;;;;NA;;;;;NA;NA;NA;NA;NA;NA;NA;NA;NA;NA;2012-01-25;dls;inferred dead;;,,,,,,
gho;1995-10-16;;talek;;;1995-11-25;;;;;NA;;;;;NA;dbw;;;;NA;;;;;NA;NA;NA;NA;NA;NA;NA;NA;NA;NA;1996-04-16;dead;;;,,,,,,
ghos;NA;;olkiombo;;;1992-09-21;;;;;NA;;;;;NA;;;;;NA;;;;;NA;NA;NA;NA;NA;NA;NA;NA;NA;NA;1992-09-21;dls;;;,,,,,,
ghst;2021-07-05;;happy.zebra;;;2021-08-19;;;;;2022-05-17;;;0;Lv wlk, away from den, >200 from den;NA;;;;;NA;;;;;NA;NA;NA;NA;NA;NA;NA;NA;NA;NA;NA;;;;,,,,
ghy;NA;;oltukai;;;2003-07-12;;;;;NA;;;;;NA;;;;;NA;;;;;NA;NA;NA;NA;NA;NA;NA;NA;NA;NA;2005-07-10;;;;check EventStatus and EventData,,,,,,
gib;2003-07-05;;airstrip;;;2003-08-24;;;;;NA;;;;;NA;;;;;NA;;;;;NA;NA;NA;NA;NA;NA;NA;NA;NA;NA;2004-03-31;dls;;;,,,,,,
gibs;2017-10-25;;pond;;;2017-12-13;;;;;2018-09-02;grad;;2.5;;NA;;;;;NA;;;;;NA;NA;NA;NA;NA;NA;NA;NA;NA;NA;NA;dls;;;,,,,,,
gif;NA;;talek;;;2003-04-13;;;;;NA;;;;;NA;;;;;NA;;;;;NA;NA;NA;NA;NA;NA;NA;NA;NA;NA;2003-09-21;dls;dispersed;;,,,,,,
gift;2020-08-01;;pond;;;2020-09-01;;;;;2021-08-01;error;;3;Graduated based on DOB;NA;;;;;NA;;;;;NA;NA;NA;NA;NA;NA;NA;NA;NA;NA;2022-01-27;dls;;;,,,,,,
gigi;2007-11-15;;17km;;;2008-06-28;;;;;NA;;;;;NA;;;;;NA;;;;;NA;NA;NA;NA;NA;NA;NA;NA;NA;NA;NA;;;;,,,,,,
gil;1992-08-01;;talek;;;1992-08-08;;;;;1993-03-21;;;6;;1993-03-26;;;;;NA;;;;;NA;NA;NA;NA;NA;NA;NA;NA;NA;NA;1998-10-26;dls;inferred dead;;,,,,,,
gili;2015-07-25;;serena.s;;;2015-11-15;;;;;2016-01-06;;;;DenGrad info not in table, instead taken from tblHyenas;2016-04-18;;;5.5;;NA;;;;;NA;NA;NA;NA;NA;NA;NA;NA;NA;NA;2018-03-12;dls;;;,,,,,
gim;NA;;oltukai;;;2002-06-12;;;;;NA;;;;;NA;;;;;NA;;;;;NA;NA;NA;NA;NA;NA;NA;NA;NA;NA;2003-10-27;dls;;;check EventStatus and EventData,,,,,,
gin;1988-11-22;;talek;;;1988-12-26;;;;;1989-06-26;;;0.5;;1990-04-04;;;24;;NA;;;;;NA;NA;NA;NA;NA;NA;NA;NA;NA;NA;1990-09-20;dead;lions;;,,,,,,
ging;2019-12-21;;cool.beans;;;2020-02-22;;;;;NA;;;;;NA;;;;;NA;;;;;NA;NA;NA;NA;NA;NA;NA;NA;NA;NA;2020-02-22;dls;;;,,,,,,
gini;2019-07-29;;happy.zebra;;;2019-09-05;;;;;2020-03-06;;;0.5;;NA;;;;;NA;;;;;NA;NA;NA;NA;NA;NA;NA;NA;NA;NA;2020-03-17;dls;;;,,,,,,
giza;NA;;fig.tree;;;2014-04-03;;;;;NA;;;;;NA;;;;;NA;;;;;NA;NA;NA;NA;NA;NA;NA;NA;NA;NA;2014-11-02;dls;;;check EventStatus and EventData,,,,,,
glac;2009-01-01;;talek;;;2009-02-04;;;;;2009-08-10;;;1.5;;2009-11-11;;;3.5;;NA;;;;;NA;NA;NA;NA;NA;NA;NA;NA;NA;NA;2010-02-02;dls;inferred dead;;,,,,,,
glam;2007-11-15;;17km;;;2008-06-28;;;;;NA;;;;;NA;;;;;NA;;;;;NA;NA;NA;NA;NA;NA;NA;NA;NA;NA;2008-08-01;;;;check EventStatus and EventData,,,,,,
glas;NA;;talek;;;1996-12-22;;;;;NA;;;;;NA;;;;;NA;;;;;NA;NA;NA;NA;NA;NA;NA;NA;NA;NA;1996-12-22;dls;fate unknown;;,,,,,,
glet;2010-10-13;;happy.zebra;;;2010-10-27;;;;;2011-10-13;;;;DenGrad info not in table, instead taken from tblHyenas;2011-03-10;;;15;;NA;;;;;NA;NA;NA;NA;NA;NA;NA;NA;NA;NA;2012-05-07;dls;fate unknown;;,,,,,
glg;NA;;serena.n;;;2008-06-27;;;;;NA;;;;;NA;;;;;NA;;;;;NA;NA;NA;NA;NA;NA;NA;NA;NA;NA;2012-05-21;;;;check EventStatus and EventData,,,,,,
gll;NA;;talek;;;1994-11-04;;;;;NA;;;;;NA;;;;;NA;;;;;NA;NA;NA;NA;NA;NA;NA;NA;NA;NA;1994-11-05;dls;fate unknown;;,,,,,,
glo;2016-10-28;;talek;;;2016-12-13;;;;;2017-07-19;;;;DenGrad info not in table, instead taken from tblHyenas;NA;;;;;NA;;;;;NA;NA;NA;NA;NA;NA;NA;NA;NA;NA;NA;dls;;;,,,,,
gloc;2010-10-05;;serena.n;;;2010-11-16;;;;;2011-10-05;;;;DenGrad info not in table, instead taken from tblHyenas;2011-07-14;;;;;NA;;;;;NA;NA;NA;NA;NA;NA;NA;NA;NA;NA;2011-08-07;dls;fate unknown;;check EventStatus and EventData,,,,,
glub;NA;;talek;;;1988-09-27;;;;;NA;;;;;NA;;;;;NA;;;;;NA;NA;NA;NA;NA;NA;NA;NA;NA;NA;1988-10-30;dls;fate unknown;;,,,,,,
glxy;2011-11-02;;talek;;;2012-01-17;;;;;2012-09-06;;;1.5;;2012-12-08;;;17.5;;NA;;;;;NA;NA;NA;NA;NA;NA;NA;NA;NA;NA;2013-02-22;dls;dispersed;;,,,,,,
gm;1987-11-01;;talek;;;1988-06-26;;;;;NA;;;;;1988-10-22;;;;;NA;;;;;NA;NA;NA;NA;NA;NA;NA;NA;NA;NA;1990-01-22;dls;dispersed;;,,,,,,
gmba;2017-04-26;;pond;;;2017-06-08;;;;;NA;;;;;NA;;;;;NA;;;;;NA;NA;NA;NA;NA;NA;NA;NA;NA;NA;NA;dls;;;,,,,,,
gmo;2002-05-15;;mara.river;;;2002-06-12;;;;;NA;;;;;NA;;;;;NA;;;;;NA;NA;NA;NA;NA;NA;NA;NA;NA;NA;2002-06-20;dead;wnd;;,,,,,,
gmp;NA;;serena.s;;;2008-11-25;;;;;NA;;;;;NA;;;;;NA;;;;;NA;NA;NA;NA;NA;NA;NA;NA;NA;NA;2009-01-20;dls;fate unknown;;,,,,,,
gne;2004-07-03;;airstrip;;;2004-07-14;;;;;NA;;;;;NA;;;;;NA;;;;;NA;NA;NA;NA;NA;NA;NA;NA;NA;NA;2005-07-08;;;;check EventStatus and EventData,,,,,,
gng;2014-03-23;;talek;;;2014-04-27;;;;;2014-11-13;;;0.5;;2014-11-06;;;1.5;;2016-05-01;fission;talek;;;NA;NA;NA;NA;NA;NA;NA;NA;NA;NA;2017-11-17;dls;;;,,,,,,
gnt;2006-12-01;;mara.river;;;2007-01-23;;;;;NA;;;;;NA;;;;;NA;;;;;NA;NA;NA;NA;NA;NA;NA;NA;NA;NA;NA;dls;;;,,,,,,
gnug;2014-06-15;;serena.s;;;2014-06-22;;;;;2014-11-14;;;;DenGrad info not in table, instead taken from tblHyenas;2015-06-20;error;;63;;NA;;;;;NA;NA;NA;NA;NA;NA;NA;NA;NA;NA;2017-07-24;dls;;;,,,,,
gnus;2010-10-09;;fig.tree;;;2010-10-29;;;;;NA;;;;;NA;;;;;NA;;;;;NA;NA;NA;NA;NA;NA;NA;NA;NA;NA;NA;dls;;;,,,,,,
goat;2018-11-03;;happy.zebra;;;2019-04-28;;;;;2019-11-03;;;14;graduated by turning 1 yo;NA;;;;;NA;;;;;NA;NA;NA;NA;NA;NA;NA;NA;NA;NA;2020-03-01;dls;;;,,,,,,
gob;NA;;talek;;;1996-05-07;;;;;NA;;;;;NA;;;;;NA;;;;;NA;NA;NA;NA;NA;NA;NA;NA;NA;NA;2002-06-09;dls;dispersed;;,,,,,,
gobe;2012-08-10;;serena.n;;;2012-09-16;;;;;2013-02-12;;;;DenGrad info not in table, instead taken from tblHyenas;2013-05-29;;;;;NA;;;;;NA;NA;NA;NA;NA;NA;NA;NA;NA;NA;2017-04-02;dls;;;,,,,,
gobi;2010-12-24;;talek;;;2011-03-17;;;;;2011-09-19;;;0.5;;2011-08-26;;;0.5;;NA;;;;;NA;NA;NA;NA;NA;NA;NA;NA;NA;NA;2012-05-15;dls;inferred dead;;,,,,,,
gobr;2018-01-31;;serena.n;;;2018-02-27;;;;;NA;;;;;NA;;;;;NA;;;;;NA;NA;NA;NA;NA;NA;NA;NA;NA;NA;2018-04-30;dls;;;,,,,,,
gofa;2013-12-08;;talek;;;2014-01-15;;;;;2014-07-07;;;1;;2014-07-06;;;1;;2016-05-01;fission;talek;;;NA;NA;NA;NA;NA;NA;NA;NA;NA;NA;NA;dls;;;,,,,,,
goku;2017-01-23;;;;;2017-03-13;;;;;2017-10-27;;;;DenGrad info not in table, instead taken from tblHyenas;NA;;;;;NA;;;;;NA;NA;NA;NA;NA;NA;NA;NA;NA;NA;NA;dls;;;,,,,,
gol;1991-07-20;;talek;;;1991-07-20;;;;;1992-04-07;;;1;;1992-10-01;;;;;NA;;;;;NA;NA;NA;NA;NA;NA;NA;NA;NA;NA;2001-03-14;dead;humans (speared);;Necropsy performed on 12-Mar-01, DLS is death date. DLS alive: 13-Mar-01,,,,,
gold;2012-01-02;;happy.zebra;;;2012-01-30;;;;;NA;;;;;NA;dbw;;;;NA;;;;;NA;NA;NA;NA;NA;NA;NA;NA;NA;NA;2012-04-13;dls;;;,,,,,,
goli;2016-05-31;;happy.zebra;;;2016-07-12;;;;;2017-02-18;;;;DenGrad info not in table, instead taken from tblHyenas;2017-01-12;;;2;;2020-01-02;dispersal;serena.s;;;NA;NA;NA;NA;NA;NA;NA;NA;NA;NA;NA;dls;;;,,,,,
gond;2009-01-01;;fig.tree;;;2009-02-10;;;;;NA;;;;;NA;;;;;NA;;;;;NA;NA;NA;NA;NA;NA;NA;NA;NA;NA;2010-11-09;dls;unk;;,,,,,,
gonz;1996-09-06;;talek;;;1996-10-03;;;;;1997-05-13;;;5.5;;1997-09-15;;;18;;NA;;;;;NA;NA;NA;NA;NA;NA;NA;NA;NA;NA;1999-03-20;dls;dispersed;;,,,,,,
goob;2019-09-24;;serena.s;;;2019-12-31;;;;;2020-09-24;error;;19;Cub automatically den graduated based on birthdate, error term skewed due to pandemic;NA;;;;;NA;;;;;NA;NA;NA;NA;NA;NA;NA;NA;NA;NA;2020-10-16;dls;;;,,,,,
goof;2012-11-12;;talek.w;;;2012-12-28;;;;;NA;;;;;2013-10-24;;;0.5;;2016-05-01;fission;pond;;;NA;NA;NA;NA;NA;NA;NA;NA;NA;NA;2017-05-09;;;;,,,,,,
goon;2016-10-28;;happy.zebra;;;2016-12-16;;;;;NA;;;;;NA;;;;;NA;;;;;NA;NA;NA;NA;NA;NA;NA;NA;NA;NA;2017-12-26;dls;;;,,,,,,
gor;2005-02-09;;oltukai;;;2005-02-23;;;;;NA;;;;;NA;;;;;NA;;;;;NA;NA;NA;NA;NA;NA;NA;NA;NA;NA;2005-04-29;dls;;;,,,,,,
gora;2022-02-13;;kcm;;;2022-08-10;;;;;NA;;;;;NA;;;;;NA;;;;;NA;NA;NA;NA;NA;NA;NA;NA;NA;NA;NA;;;;,,,,,,
gord;NA;;talek;;;1994-09-06;;;;;NA;;;;;NA;;;;;NA;;;;;NA;NA;NA;NA;NA;NA;NA;NA;NA;NA;1995-08-21;dls;dispersed;;,,,,,,
gore;NA;;talek;;;1997-04-17;;;;;NA;;;;;NA;;;;;NA;;;;;NA;NA;NA;NA;NA;NA;NA;NA;NA;NA;1997-04-17;dls;fate unknown;;,,,,,,
gost;2017-12-09;;pond;;;2018-01-17;;;;;NA;;;;;NA;;;;;NA;;;;;NA;NA;NA;NA;NA;NA;NA;NA;NA;NA;2018-02-22;dls;;;,,,,,,
goth;2018-06-06;;talek.w;;;2018-08-07;;;;;2019-03-11;grad;;0.5;;NA;;;;;NA;;;;;NA;NA;NA;NA;NA;NA;NA;NA;NA;NA;NA;;;;,,,,,,
gott;2009-09-21;;fig.tree;;;2009-10-19;;;;;NA;;;;;NA;;;;;NA;;;;;NA;NA;NA;NA;NA;NA;NA;NA;NA;NA;2010-02-09;dls;unk;;,,,,,,
gow;NA;;talek;;;1996-12-22;;;;;NA;;;;;NA;;;;;NA;;;;;NA;NA;NA;NA;NA;NA;NA;NA;NA;NA;1996-12-22;dls;fate unknown;;,,,,,,
gpgn;2017-10-29;;talek.w;;;2018-01-10;;;;;2018-09-12;error;;0.5;;NA;;;;;NA;;;;;NA;NA;NA;NA;NA;NA;NA;NA;NA;NA;2019-11-30;dls;;;,,,,,,
gpig;NA;;fig.tree;;;1994-06-11;;;;;NA;;;;;NA;;;;;NA;;;;;NA;NA;NA;NA;NA;NA;NA;NA;NA;NA;1995-03-12;dls;fate unknown;;check EventStatus and EventData,,,,,,
gpt;2001-11-28;;talek;;;2001-12-18;;;;;NA;;;;;NA;;;;;NA;;;;;NA;NA;NA;NA;NA;NA;NA;NA;NA;NA;2002-01-22;dls;;;,,,,,,
gram;2022-08-15;;happy.zebra;;;2022-12-05;;;;;NA;;;;;NA;;;;;NA;;;;;NA;NA;NA;NA;NA;NA;NA;NA;NA;NA;2023-01-07;dls;inferred dead;;KDSLL too young but should check notes to confirm,,,,,,
gran;NA;;talek;;;1995-03-05;;;;;NA;;;;;NA;;;;;NA;;;;;NA;NA;NA;NA;NA;NA;NA;NA;NA;NA;1995-03-05;dls;fate unknown;;,,,,,,
gray;2021-11-15;;serena.n;;;2022-07-14;;;;;2022-10-17;error;;21;>200, >200, >200;NA;;;;;NA;;;;;NA;NA;NA;NA;NA;NA;NA;NA;NA;NA;2023-03-04;dls;fate unknown;;,,,,
grce;2017-09-18;;talek.w;;;2017-12-18;;;;;NA;;;;;NA;;;;;NA;;;;;NA;NA;NA;NA;NA;NA;NA;NA;NA;NA;2018-04-20;dls;;;,,,,,,
grch;NA;;talek;;;1991-09-05;;;;;NA;;;;;NA;;;;;NA;;;;;NA;NA;NA;NA;NA;NA;NA;NA;NA;NA;1991-09-05;dls;fate unknown;;,,,,,,
gree;NA;;talek;;;1997-01-18;;;;;NA;;;;;NA;;;;;NA;;;;;NA;NA;NA;NA;NA;NA;NA;NA;NA;NA;1997-01-18;dls;fate unknown;;,,,,,,
greg;NA;;talek;;;1996-08-11;;;;;NA;;;;;NA;;;;;NA;;;;;NA;NA;NA;NA;NA;NA;NA;NA;NA;NA;1997-03-12;dls;fate unknown;;,,,,,,
gren;2000-04-24;;talek;;;2000-06-07;;;;;NA;;;;;NA;dbw;;;;NA;;;;;NA;NA;NA;NA;NA;NA;NA;NA;NA;NA;2000-11-04;dls;starvation;;,,,,,,
grew;2019-07-06;;talek;;;2019-10-06;;;;;2020-05-15;error;;63.5;;NA;;;;;NA;;;;;NA;NA;NA;NA;NA;NA;NA;NA;NA;NA;NA;;;;,,,,,,
grey;2013-09-17;;fig.tree;;;2013-11-26;;;;;NA;;;;;NA;;;;;2016-05-01;fission;pond;;;2016-07-28;dispersal;talek;;;2021-12-23;dispersal;cool.beans;;;NA;;;;,,,,,,
grif;2010-10-25;;talek;;;2010-12-13;;;;;2011-09-22;;;9.5;;2011-08-23;;;3.5;;NA;;;;;NA;NA;NA;NA;NA;NA;NA;NA;NA;NA;2012-04-12;dls;inferred dead;;,,,,,,
grig;2012-11-01;;mara.river;;;2012-06-22;;;;;NA;;;;;NA;;;;;NA;;;;;NA;NA;NA;NA;NA;NA;NA;NA;NA;NA;2012-09-14;dls;;;check EventStatus and EventData,,,,,,
grim;NA;;serena.s;;;2009-07-30;;;;;NA;;;;;NA;;;;;NA;;;;;NA;NA;NA;NA;NA;NA;NA;NA;NA;NA;2018-01-29;dls;fate unknown;;,,,,,,
grmp;2022-05-01;;kcm;;;2022-07-28;;;;;NA;;;;;NA;;;;;NA;;;;;NA;NA;NA;NA;NA;NA;NA;NA;NA;NA;NA;;;;,,,,,,
grna;2018-07-28;;serena.n;;;2018-08-07;;;;;2019-03-17;;;;;NA;;;;;NA;;;;;NA;NA;NA;NA;NA;NA;NA;NA;NA;NA;NA;;;;,,,,,,
grnc;2012-11-10;;talek;;;2012-12-01;;;;;NA;dbg;;;;NA;dbw;;;;NA;;;;;NA;NA;NA;NA;NA;NA;NA;NA;NA;NA;2013-06-29;dls;inferred dead;;,,,,,,
grv;2004-05-25;;oltukai;;;2004-07-09;;;;;NA;;;;;NA;;;;;NA;;;;;NA;NA;NA;NA;NA;NA;NA;NA;NA;NA;2005-07-09;;;;check EventStatus and EventData,,,,,,
grz;2009-12-01;;serena.n;;;2010-06-27;;;;;2010-12-01;;;;DenGrad info not in table, instead taken from tblHyenas;2010-09-01;;;;;NA;;;;;NA;NA;NA;NA;NA;NA;NA;NA;NA;NA;2010-12-28;dls;fate unknown;;,,,,,
gsh;2005-09-01;;mara.river;;;2005-09-23;;;;;2006-02-19;;;;DenGrad info not in table, instead taken from tblHyenas;NA;;;;;NA;;;;;NA;NA;NA;NA;NA;NA;NA;NA;NA;NA;2006-10-11;dls;;;check EventStatus and EventData,,,,,
gsmk;2011-12-02;;talek;;;2012-01-10;;;;;2012-07-18;;;0.5;;2012-10-13;;;9.5;;NA;;;;;NA;NA;NA;NA;NA;NA;NA;NA;NA;NA;2013-08-17;dls;inferred dead;;,,,,,,
gst;NA;;talek;;;1997-05-06;;;;;NA;;;;;NA;;;;;NA;;;;;NA;NA;NA;NA;NA;NA;NA;NA;NA;NA;1997-05-06;dls;fate unknown;;,,,,,,
gt;NA;;mara.river;;;2007-04-27;;;;;NA;;;;;NA;;;;;NA;;;;;NA;NA;NA;NA;NA;NA;NA;NA;NA;NA;2008-02-26;dls;;;check EventStatus and EventData,,,,,,
gth;NA;;talek;;;1995-06-15;;;;;NA;;;;;NA;;;;;NA;;;;;NA;NA;NA;NA;NA;NA;NA;NA;NA;NA;1995-06-15;dls;fate unknown;;,,,,,,
gty;NA;;talek;;;1996-11-09;;;;;NA;;;;;NA;;;;;NA;;;;;NA;NA;NA;NA;NA;NA;NA;NA;NA;NA;1996-11-09;dls;fate unknown;;,,,,,,
guav;2017-01-31;;pond;;;2017-03-22;;;;;2017-10-27;;;;DenGrad info not in table, instead taken from tblHyenas;NA;;;;;NA;;;;;NA;NA;NA;NA;NA;NA;NA;NA;NA;NA;2017-11-20;dead;suspect lions;;,,,,,
guci;2004-02-05;;talek;;;2004-05-31;;;;;2004-09-01;;;0.5;;2005-05-14;;;1.5;;NA;;;;;NA;NA;NA;NA;NA;NA;NA;NA;NA;NA;2012-01-29;dead;unk;;Collar found giving off mortality signal. DLS alive: 24-Jan-12. No body,,,,,,
gui;1999-02-12;;talek;;;1999-02-17;;;;;1999-10-28;;;0.5;;2000-02-22;;;0;;2002-05-01;fission;talek.e;;;NA;NA;NA;NA;NA;NA;NA;NA;NA;NA;2003-02-14;dead;humans;;Body collected 15-Feb-03, DLS is estimate of death date. DLS alive: 14-Feb-03,,,,,
gum;1993-11-25;;talek;;;1993-12-04;;;;;NA;;;;;NA;;;;;NA;;;;;NA;NA;NA;NA;NA;NA;NA;NA;NA;NA;1994-02-22;dead;;;,,,,,,
gumo;2017-12-28;;kcm;;;2018-08-28;;;;;2018-08-28;error;;21670;GUMO was never seen at the den, hence the large error term;NA;;;;;NA;;;;;NA;NA;NA;NA;NA;NA;NA;NA;NA;NA;2020-10-23;dls;;;,,,,,
gumy;2013-11-04;;serena.n;;;2013-12-04;;;;;2014-06-10;;;;DenGrad info not in table, instead taken from tblHyenas;2014-09-08;;;7.5;;NA;;;;;NA;NA;NA;NA;NA;NA;NA;NA;NA;NA;2018-05-13;dls;;;,,,,,
gun;2013-09-29;;mara.river;;;2014-03-11;;;;;NA;;;;;NA;;;;;NA;;;;;NA;NA;NA;NA;NA;NA;NA;NA;NA;NA;NA;dls;;;,,,,,,
gura;2003-07-26;;talek.e;;;2003-09-08;;;;;2004-06-09;;;56.5;;2004-07-03;;;1;;NA;;;;;NA;NA;NA;NA;NA;NA;NA;NA;NA;NA;2006-09-04;dls;dispersed;;,,,,,,
gurl;2015-01-08;;serena.n;;;2015-02-09;;;;DFS assigned by field, no associated session;NA;;;;;NA;;;;;NA;;;;;NA;NA;NA;NA;NA;NA;NA;NA;NA;NA;2015-03-05;dead;hyena, logc;;,,,,
gus;2010-03-06;;talek;;;2010-04-18;;;;;2010-11-27;;;6;;2010-11-15;;;12.5;;NA;;;;;NA;NA;NA;NA;NA;NA;NA;NA;NA;NA;2011-03-29;dls;inferred dead;;,,,,,,
gw;1978-01-01;;talek;;;1979-01-01;;;;;NA;;;;;NA;;;;;NA;;;;;NA;NA;NA;NA;NA;NA;NA;NA;NA;NA;1995-12-12;dls;inferred dead;;,,,,,,
gwd;NA;;oz valley;;;2008-11-10;;;;;NA;;;;;NA;;;;;NA;;;;;NA;NA;NA;NA;NA;NA;NA;NA;NA;NA;2009-02-19;;;;check EventStatus and EventData,,,,,,
gwiz;2013-12-09;;talek;;;2015-03-09;;;;;NA;sugu;;;;NA;sugu;;;;2016-05-01;fission;kcm;;;NA;NA;NA;NA;NA;NA;NA;NA;NA;NA;NA;dls;;;,,,,,,
gwrk;2014-09-23;;serena.s;;;2014-10-28;;;;;NA;;;;;NA;;;;;NA;;;;;NA;NA;NA;NA;NA;NA;NA;NA;NA;NA;2014-10-28;dls;;;,,,,,,
gyle;2021-08-23;;serena.n;;;2021-12-07;;;;;NA;;;;;NA;;;;;NA;;;;;NA;NA;NA;NA;NA;NA;NA;NA;NA;NA;2021-12-15;;;;,,,,,,
gym;2020-01-03;;cool.beans;;;2020-02-14;;;;;NA;;;;;NA;;;;;NA;;;;;NA;NA;NA;NA;NA;NA;NA;NA;NA;NA;2020-02-24;dls;;;,,,,,,
gyp;1989-01-24;;talek;;;1989-03-02;;;;;1989-09-18;;;1;;1990-05-28;;;;;NA;;;;;NA;NA;NA;NA;NA;NA;NA;NA;NA;NA;1991-11-11;dls;inferred dead;;humans?,,,,,,
gyps;2011-10-30;;talek;;;2012-01-06;;;;;2012-09-15;;;1;;2012-08-15;;;4;;NA;;;;;NA;NA;NA;NA;NA;NA;NA;NA;NA;NA;2013-02-05;dls;inferred dead;;,,,,,,
gyro;2020-05-27;;serena.s;;;2020-08-03;;;;;2021-05-27;error;;0;cub automatically graduated based on birth date (1 yr old);NA;;;;;NA;;;;;NA;NA;NA;NA;NA;NA;NA;NA;NA;NA;NA;;;;,,,,,,
gzka;NA;;happy.zebra;;;2008-07-25;;;;;NA;;;;;NA;;;;;NA;;;;;NA;NA;NA;NA;NA;NA;NA;NA;NA;NA;2009-03-29;dls;fate unknown;;,,,,,,
hach;2016-01-12;;talek;;;2016-06-29;;;;;2016-10-07;;;;DenGrad info not in table, instead taken from tblHyenas;2016-10-17;;;2.5;;2016-05-01;fission;kcm;;;NA;NA;NA;NA;NA;NA;NA;NA;NA;NA;2019-11-15;dls;;;,,,,,
hade;2010-12-18;;talek;;;2011-01-29;;;;;NA;;;;;NA;dbw;;;;NA;;;;;NA;NA;NA;NA;NA;NA;NA;NA;NA;NA;2011-04-13;dls;inferred dead;;,,,,,,
hag;2009-12-20;;serena.n;;;2009-12-31;;;;;NA;;;;;NA;dbw;;;;NA;;;;;NA;NA;NA;NA;NA;NA;NA;NA;NA;NA;2010-05-08;dls;fate unknown;;,,,,,,
hagr;2010-06-12;;serena.n;;;2010-07-03;;;;;NA;;;;;NA;dbw;;;;NA;;;;;NA;NA;NA;NA;NA;NA;NA;NA;NA;NA;2010-07-15;dls;;;,,,,,,
hail;2015-12-29;;talek;;;2016-06-29;;;;;2016-10-04;;;;DenGrad info not in table, instead taken from tblHyenas;2016-09-23;;;15.5;;2016-05-01;fission;kcm;;;NA;NA;NA;NA;NA;NA;NA;NA;NA;NA;2018-02-11;dls;;;,,,,,
hal;NA;;talek;;;1997-08-08;;;;;NA;;;;;NA;;;;;NA;;;;;NA;NA;NA;NA;NA;NA;NA;NA;NA;NA;1997-10-11;dls;fate unknown;;,,,,,,
hala;2010-11-15;;happy.zebra;;;2010-12-13;;;;;2011-11-15;;;;DenGrad info not in table, instead taken from tblHyenas;NA;dbw;;;;NA;;;;;NA;NA;NA;NA;NA;NA;NA;NA;NA;NA;2011-06-26;dls;fate unknown;;,,,,,
hall;2012-11-17;;serena.n;;;2012-12-19;;;;;NA;;;;;NA;dbw;;;;NA;;;;;NA;NA;NA;NA;NA;NA;NA;NA;NA;NA;2013-01-01;dls;;;,,,,,,
ham;NA;;talek;;;1997-02-26;;;;;NA;;;;;NA;;;;;NA;;;;;NA;NA;NA;NA;NA;NA;NA;NA;NA;NA;1997-02-26;dls;fate unknown;;,,,,,,
hamm;2009-02-01;;talek;;;2009-06-08;;;;;2009-12-16;;;0;;2009-10-04;error;;63.5;;NA;;;;;NA;NA;NA;NA;NA;NA;NA;NA;NA;NA;2011-11-21;dls;dispersed;;,,,,,,
han;2002-08-11;;talek.e;;;2002-08-28;;;;;NA;sugu;;;;NA;dbw;;;;NA;;;;;NA;NA;NA;NA;NA;NA;NA;NA;NA;NA;2003-04-07;dls;inferred dead;;,,,,,,
hand;2009-04-12;;fig.tree;;;2009-06-27;;;;;NA;;;;;NA;;;;;NA;;;;;NA;NA;NA;NA;NA;NA;NA;NA;NA;NA;2010-05-01;dls;unk;;,,,,,,
hank;NA;;talek;;;1996-07-22;;;;;NA;;;;;NA;;;;;NA;;;;;NA;NA;NA;NA;NA;NA;NA;NA;NA;NA;1996-07-22;dls;fate unknown;;,,,,,,
hap;2014-02-25;;fig.tree;;;2014-04-25;;;;;NA;;;;;NA;;;;;NA;;;;;NA;NA;NA;NA;NA;NA;NA;NA;NA;NA;2014-08-05;dls;;;check EventStatus and EventData,,,,,,
hapi;2019-10-01;;talek;;;2019-11-05;;;;;NA;;;;;NA;;;;;NA;;;;;NA;NA;NA;NA;NA;NA;NA;NA;NA;NA;2020-07-28;dls;;;,,,,,,
har;NA;;talek;;;1988-09-05;;;;;NA;;;;;NA;;;;;NA;;;;;NA;NA;NA;NA;NA;NA;NA;NA;NA;NA;1988-09-05;dls;fate unknown;;,,,,,,
hara;NA;;talek;;;2009-11-15;;;;;NA;;;;;NA;;;;;NA;;;;;NA;NA;NA;NA;NA;NA;NA;NA;NA;NA;2011-01-17;dls;unk;;,,,,,,
hari;2012-12-09;;serena.n;;;2013-01-11;;;;;NA;;;;;NA;dbw;;;;NA;;;;;NA;NA;NA;NA;NA;NA;NA;NA;NA;NA;2013-02-12;dead;;;,,,,,,
harp;NA;;talek;;;1991-09-05;;;;;NA;;;;;NA;;;;;NA;;;;;NA;NA;NA;NA;NA;NA;NA;NA;NA;NA;1991-09-05;dls;fate unknown;;,,,,,,
hart;NA;;talek;;;2012-03-20;;;;;NA;;;;;NA;;;;;NA;;;;;NA;NA;NA;NA;NA;NA;NA;NA;NA;NA;2012-06-11;dls;dispersed;;,,,,,,
haru;2022-02-28;;kcm;;;2022-07-28;;;;;2022-11-05;grad;;0.5;;NA;;;;;NA;;;;;NA;NA;NA;NA;NA;NA;NA;NA;NA;NA;NA;;;;,,,,,,
hath;2017-10-14;;serena.s;;;2018-01-06;;;;;2018-08-09;grad;;2.5;;NA;;;;;NA;;;;;NA;NA;NA;NA;NA;NA;NA;NA;NA;NA;2020-10-03;dls;;;,,,,,,
haw;1997-09-26;;talek;;;1997-09-27;;;;;NA;;;;;NA;dbw;;;;NA;;;;;NA;NA;NA;NA;NA;NA;NA;NA;NA;NA;1998-01-25;dls;inferred dead;;,,,,,,
hawa;2021-10-27;;cool.beans;;;2021-12-07;;;;;NA;;;;;NA;;;;;NA;;;;;NA;NA;NA;NA;NA;NA;NA;NA;NA;NA;2022-03-30;dls;;;,,,,,,
hawk;1992-06-23;;talek;;;1992-07-29;;;;;NA;;;;;NA;;;;;NA;;;;;NA;NA;NA;NA;NA;NA;NA;NA;NA;NA;1992-08-26;dead;;;,,,,,,
hazl;2019-12-01;;serena.s;;;2020-01-13;;;;;NA;;;;;NA;;;;;NA;;;;;NA;NA;NA;NA;NA;NA;NA;NA;NA;NA;2020-10-07;dls;;;,,,,,,
hb;NA;;17km;;;2008-06-28;;;;;NA;;;;;NA;;;;;NA;;;;;NA;NA;NA;NA;NA;NA;NA;NA;NA;NA;2008-08-22;;;;check EventStatus and EventData,,,,,,
hbs;1994-01-05;;talek;;;1994-02-05;;;;;NA;;;;;NA;;;;;NA;;;;;NA;NA;NA;NA;NA;NA;NA;NA;NA;NA;1994-03-05;dead;;;,,,,,,
hc;2011-10-26;;mara.river;;;2012-02-03;;;;;NA;;;;;NA;;;;;NA;;;;;NA;NA;NA;NA;NA;NA;NA;NA;NA;NA;NA;dls;;;,,,,,,
hck;1996-09-24;;talek;;;1996-09-24;;;;;NA;;;;;NA;;;;;NA;;;;;NA;NA;NA;NA;NA;NA;NA;NA;NA;NA;1996-10-30;dead;;;,,,,,,
hcpc;2011-11-03;;mara.river;;;2012-02-13;;;;;NA;;;;;NA;;;;;NA;;;;;NA;NA;NA;NA;NA;NA;NA;NA;NA;NA;2013-06-09;dls;;;check EventStatus and EventData,,,,,,
hd;1988-11-10;;talek;;;1988-11-29;;;;;1989-06-24;;;0.5;;1989-11-14;;;;;NA;;;;;NA;NA;NA;NA;NA;NA;NA;NA;NA;NA;1990-06-06;dead;;;,,,,,,
hdep;2008-05-31;;fig.tree;;;2008-06-03;;;;;NA;;;;;NA;;;;;NA;;;;;NA;NA;NA;NA;NA;NA;NA;NA;NA;NA;2008-12-04;dls;unk;;,,,,,,
hds;1998-04-15;;talek;;;NA;;;;;NA;;;;;NA;;;;;NA;;;;;NA;NA;NA;NA;NA;NA;NA;NA;NA;NA;1998-04-22;dls;fate unknown;;,,,,,,
hdv;NA;;lakeview;;;2003-08-17;;;;;NA;;;;;NA;;;;;NA;;;;;NA;NA;NA;NA;NA;NA;NA;NA;NA;NA;2003-08-17;;;;check EventStatus and EventData,,,,,,
hec;NA;;llion;;;2006-07-07;;;;;NA;;;;;NA;;;;;NA;;;;;NA;NA;NA;NA;NA;NA;NA;NA;NA;NA;2006-07-07;;;;check EventStatus and EventData,,,,,,
hect;NA;;;;;2009-06-22;;;;;NA;;;;;NA;;;;;NA;;;;;NA;NA;NA;NA;NA;NA;NA;NA;NA;NA;2009-06-22;dls;;;,,,,,,
hef;NA;;airstrip;;;2002-06-08;;;;;NA;;;;;NA;;;;;NA;;;;;NA;NA;NA;NA;NA;NA;NA;NA;NA;NA;2005-07-11;;;;check EventStatus and EventData,,,,,,
hei;NA;;talek;;;1985-01-01;;;;;NA;;;;;NA;;;;;NA;;;;;NA;NA;NA;NA;NA;NA;NA;NA;NA;NA;1988-07-21;dls;inferred dead;;,,,,,,
heif;2014-01-15;;talek;;;2014-02-16;;;;;NA;dbg;;;;NA;;;;;NA;;;;;NA;NA;NA;NA;NA;NA;NA;NA;NA;NA;2014-02-27;dls;inferred dead;;,,,,,,
hel;2006-02-01;;talek;;;2006-06-08;;;;;2006-11-11;;;1;;2006-12-30;;;19.5;;2016-05-01;fission;talek;;;NA;NA;NA;NA;NA;NA;NA;NA;NA;NA;2022-02-10;dls;inferred dead;;Likely killed by people in Feb 2022,,,,,,
heli;2021-03-01;;kcm;;;2022-04-03;;;;;2022-03-01;error;;22310.5;Graduated based on DOB, before DFS;NA;;;;;NA;;;;;NA;NA;NA;NA;NA;NA;NA;NA;NA;NA;NA;;;;,,,,,
helm;2012-04-03;;talek;;;2012-05-24;;;;;2012-12-28;;;3.5;;NA;dbw;;;;NA;;;;;NA;NA;NA;NA;NA;NA;NA;NA;NA;NA;2013-03-06;dls;inferred dead;;,,,,,,
help;2014-03-09;;serena.n;;;2014-03-29;;;;;NA;;;;;NA;;;;;NA;;;;;NA;NA;NA;NA;NA;NA;NA;NA;NA;NA;2014-05-03;dls;;;,,,,,,
hem;1997-09-26;;talek;;;1997-09-27;;;;;1998-07-07;;;81.5;;1998-08-10;;;4;;2002-05-01;fission;talek.e;;;NA;NA;NA;NA;NA;NA;NA;NA;NA;NA;2006-12-22;dls;inferred dead;;,,,,,,
hemi;2015-06-20;;talek;;;2015-07-28;;;;;2016-03-17;;;0.5;;2016-06-16;;;0.5;;2016-05-01;fission;talek;;;NA;NA;NA;NA;NA;NA;NA;NA;NA;NA;2016-06-19;dls;inferred dead;;,,,,,,
heno;2019-05-30;;kcm;;;2019-06-22;;;;;NA;;;;;NA;;;;;NA;;;;;NA;NA;NA;NA;NA;NA;NA;NA;NA;NA;2019-06-22;dls;;;,,,,,,
her;1998-11-20;;talek;;;1999-01-17;;;;;1999-07-19;;;0.5;;1999-12-09;;;0.5;;2002-05-01;fission;talek.e;;;2003-01-10;dispersal;fig.tree;;;NA;NA;NA;NA;NA;2003-01-10;dls;;;,,,,,,
hero;2022-01-05;;serena.n;;;2022-07-16;;;;;2023-01-05;error;;19;Cub automatically den graduated based on birthdate;NA;;;;;NA;;;;;NA;NA;NA;NA;NA;NA;NA;NA;NA;NA;NA;;;;,,,,,,
hex;2003-03-04;;talek;;;2003-04-24;;;;;2003-11-07;;;2;;2004-01-17;;;9.5;;2016-05-01;fission;talek;;;NA;NA;NA;NA;NA;NA;NA;NA;NA;NA;2016-04-13;dls;inferred dead;;,,,,,,
hfmn;NA;;talek;;;2018-02-22;;;;;NA;;;;;NA;;;;;NA;;;;;NA;NA;NA;NA;NA;NA;NA;NA;NA;NA;2018-02-27;dls;;;,,,,,,
hft;1999-05-01;;mara.river;;;2001-08-02;;;;;NA;;;;;NA;;;;;NA;;;;;NA;NA;NA;NA;NA;NA;NA;NA;NA;NA;2003-06-12;dls;fate unknown;;,,,,,,
hg;1992-09-15;;talek;;;1992-10-23;;;;;1993-03-29;;;2;;1993-08-06;;;;;NA;;;;;NA;NA;NA;NA;NA;NA;NA;NA;NA;NA;2003-01-22;dls;inferred dead;;,,,,,,
hgrd;2012-10-13;;talek;;;2013-02-12;;;;;2013-08-29;;;4;;2013-10-30;;;1;;NA;;;;;NA;NA;NA;NA;NA;NA;NA;NA;NA;NA;2014-01-10;dls;inferred dead;;,,,,,,
hh;NA;;happy.zebra;;;2008-06-23;;;;;NA;;;;;NA;;;;;NA;;;;;NA;NA;NA;NA;NA;NA;NA;NA;NA;NA;2009-06-29;dls;fate unknown;;,,,,,,
hh000;NA;;;;;2003-06-08;;;;;NA;;;;;NA;;;;;NA;;;;;NA;NA;NA;NA;NA;NA;NA;NA;NA;NA;2003-06-08;dead;humans;;,,,,,,
hhye;NA;;suswa;;;NA;;;;;NA;;;;;NA;;;;;NA;;;;;NA;NA;NA;NA;NA;NA;NA;NA;NA;NA;NA;dls;double check: hyena not in tblSessions, no Disappeared date;;,,,,,
hibi;2015-02-28;;talek;;;2015-05-05;;;;;NA;;;;;2015-10-20;;;1;;NA;;;;;NA;NA;NA;NA;NA;NA;NA;NA;NA;NA;2016-01-27;dls;inferred dead;;,,,,,,
hick;2005-04-01;;mara.river;;;2005-06-14;;;;;NA;;;;;NA;;;;;NA;;;;;NA;NA;NA;NA;NA;NA;NA;NA;NA;NA;2005-12-03;dls;fate unknown;;,,,,,,
high;2019-12-27;;serena.s;;;2020-08-03;;;;;NA;;;;;NA;;;;;NA;;;;;NA;NA;NA;NA;NA;NA;NA;NA;NA;NA;2020-10-12;dls;;;,,,,,,
higs;2013-05-31;;happy.zebra;;;2013-06-27;;;;;2013-10-17;;;;DenGrad info not in table, instead taken from tblHyenas;2013-12-21;;;18;;NA;;;;;NA;NA;NA;NA;NA;NA;NA;NA;NA;NA;2015-12-01;dls;;;,,,,,
hill;2004-12-24;;oltukai;;;2004-12-28;;;;;NA;;;;;NA;;;;;NA;;;;;NA;NA;NA;NA;NA;NA;NA;NA;NA;NA;2005-01-30;dls;;;check EventStatus and EventData,,,,,,
hilt;2011-03-01;;happy.zebra;;;2011-04-05;;;;;NA;;;;;NA;;;;;NA;;;;;NA;NA;NA;NA;NA;NA;NA;NA;NA;NA;2011-04-05;dls;fate unknown;;,,,,,,
hio;2004-01-05;;talek;;;2004-01-26;;;;;2004-09-02;;;1;;NA;dbw;;;;NA;;;;;NA;NA;NA;NA;NA;NA;NA;NA;NA;NA;2004-10-05;dls;inferred dead;;,,,,,,
hip;NA;;talek;;;1988-12-20;;;;;NA;;;;;NA;;;;;NA;;;;;NA;NA;NA;NA;NA;NA;NA;NA;NA;NA;1989-09-06;dls;dispersed;;,,,,,,
hito;2015-06-20;;talek;;;2015-07-28;;;;;2016-03-17;;;0.5;;2016-07-11;;;1.5;;2016-05-01;fission;talek;;;NA;NA;NA;NA;NA;NA;NA;NA;NA;NA;NA;dls;;;,,,,,,
hiwa;2017-09-22;;talek.w;;;2018-02-22;;;;;NA;;;;;NA;;;;;NA;;;;;NA;NA;NA;NA;NA;NA;NA;NA;NA;NA;2018-04-19;dls;;;,,,,,,
hk;1990-11-20;;talek;;;1990-12-30;;;;;1991-08-31;;;1;;1991-12-15;;;;;NA;;;;;NA;NA;NA;NA;NA;NA;NA;NA;NA;NA;1995-01-28;dls;inferred dead;;,,,,,,
hkr;2008-10-30;;serena.n;;;2009-01-28;;;;;2009-11-02;;;;DenGrad info not in table, instead taken from tblHyenas;2009-09-24;;;;;NA;;;;;NA;NA;NA;NA;NA;NA;NA;NA;NA;NA;2015-02-24;dls;fate unknown;;check EventStatus and EventData,,,,,
hlc;NA;;talek;;;1988-07-29;;;;;NA;;;;;NA;;;;;NA;;;;;NA;NA;NA;NA;NA;NA;NA;NA;NA;NA;1988-06-29;dls;fate unknown;;,,,,,,
hml;1997-06-01;;talek;;;1997-07-20;;;;;1998-01-21;;;8.5;;1998-10-20;;;0.5;;2002-05-01;fission;talek.e;;;NA;NA;NA;NA;NA;NA;NA;NA;NA;NA;2012-10-01;dls;inferred dead;;,,,,,,
hmmr;2022-07-19;;happy.zebra;;;2022-09-26;;;;;NA;;;;;NA;;;;;NA;;;;;NA;NA;NA;NA;NA;NA;NA;NA;NA;NA;2022-11-01;dls;fate unknown;;,,,,,,
hmy;NA;;oltukai;;;2003-07-12;;;;;NA;;;;;NA;;;;;NA;;;;;NA;NA;NA;NA;NA;NA;NA;NA;NA;NA;2003-09-13;;;;check EventStatus and EventData,,,,,,
hn;NA;;olkiombo;;;1992-09-21;;;;;NA;;;;;NA;;;;;NA;;;;;NA;NA;NA;NA;NA;NA;NA;NA;NA;NA;1992-09-21;dls;fate unknown;;,,,,,,
hnbl;2009-04-10;;serena.s;;;2009-04-28;;;;;2010-05-02;;;;DenGrad info not in table, instead taken from tblHyenas;2009-12-06;;;;;NA;;;;;NA;NA;NA;NA;NA;NA;NA;NA;NA;NA;2011-01-02;dls;fate unknown;;,,,,,
hnda;2022-12-23;;serena.n;;;2023-01-23;;;;;NA;;;;;NA;;;;;NA;;;;;NA;NA;NA;NA;NA;NA;NA;NA;NA;NA;NA;;;;,,,,,,
hndy;2008-01-01;;serena.n;;;2008-06-29;;;;;NA;;;;;NA;;;;;NA;;;;;NA;NA;NA;NA;NA;NA;NA;NA;NA;NA;2014-03-27;dls;;;,,,,,,
hnk;2017-11-22;;talek.w;;;2018-02-21;;;;;NA;;;;;NA;;;;;NA;;;;;NA;NA;NA;NA;NA;NA;NA;NA;NA;NA;2018-04-08;dls;;;,,,,,,
hns;2011-05-05;;fig.tree;;;2011-11-12;;;;;NA;;;;;NA;;;;;NA;;;;;NA;NA;NA;NA;NA;NA;NA;NA;NA;NA;2013-04-30;dls;unk;;,,,,,,
hnt;2011-11-03;;mara.river;;;2012-09-14;;;;;NA;;;;;NA;;;;;NA;;;;;NA;NA;NA;NA;NA;NA;NA;NA;NA;NA;2013-06-09;dls;;;check EventStatus and EventData,,,,,,
hob;1991-07-20;;talek;;;1991-07-20;;;;;1992-04-07;;;1;;1992-10-01;;;;;NA;;;;;NA;NA;NA;NA;NA;NA;NA;NA;NA;NA;1999-05-06;dls;inferred dead;;,,,,,,
hobo;NA;;happy.zebra;;;2008-06-29;;;;;NA;;;;;NA;;;;;NA;;;;;NA;NA;NA;NA;NA;NA;NA;NA;NA;NA;2008-06-29;dls;fate unknown;;,,,,,,
hobs;2015-10-28;;serena.n;;;2015-12-01;;;;;NA;;;;;NA;dbw;;;;NA;;;;;NA;NA;NA;NA;NA;NA;NA;NA;NA;NA;2016-04-16;dls;;;,,,,,,
hoco;2015-07-26;;talek;;;2016-06-25;;;;;NA;sugu;;;;2016-09-02;error;;42;;2016-05-01;fission;kcm;;;NA;NA;NA;NA;NA;NA;NA;NA;NA;NA;NA;dls;;;,,,,,,
hof;2004-03-09;;mara.river;;;2004-03-12;;;;;NA;;;;;NA;;;;;NA;;;;;NA;NA;NA;NA;NA;NA;NA;NA;NA;NA;2006-07-21;dls;inferred dead;;check EventStatus and EventData,,,,,,
hog;NA;;mara.river;;;NA;;;;;NA;;;;;NA;;;;;NA;;;;;NA;NA;NA;NA;NA;NA;NA;NA;NA;NA;NA;dls;;;,,,,,,
hoho;2016-10-29;;serena.n;;;2017-03-11;;;;;2017-08-19;;;;DenGrad info not in table, instead taken from tblHyenas;NA;;;;;NA;;;;;NA;NA;NA;NA;NA;NA;NA;NA;NA;NA;NA;;;;,,,,,
hol;NA;;talek;;;1988-09-11;;;;;NA;;;;;NA;;;;;NA;;;;;NA;NA;NA;NA;NA;NA;NA;NA;NA;NA;1993-03-30;dead;lions;;,,,,,,
hola;2017-05-08;;talek.w;;;2017-06-20;;;;At least one sibling seen on DFS;2018-01-23;;;;DenGrad info not in table, instead taken from tblHyenas;NA;;;;;NA;;;;;NA;NA;NA;NA;NA;NA;NA;NA;NA;NA;NA;dls;;;,,,,,
holi;2022-04-09;;serena.s;;;2022-06-03;;;;;2022-12-19;;;6.5;>200, >200, >200;NA;;;;;NA;;;;;NA;NA;NA;NA;NA;NA;NA;NA;NA;NA;2022-12-23;dls;;;,,,,
hom;NA;;talek;;;1991-09-05;;;;;NA;;;;;NA;;;;;NA;;;;;NA;NA;NA;NA;NA;NA;NA;NA;NA;NA;1991-09-05;dls;fate unknown;;,,,,,,
hon;2008-04-18;;talek;;;2008-05-18;;;;;2008-12-03;;;8;;2009-04-15;error;;57.5;;NA;;;;;NA;NA;NA;NA;NA;NA;NA;NA;NA;NA;2014-04-03;dead;poison (april 2014 incident);;Date found dead: 06-Apr-14, body collected 07-Apr-14,,,,,
honr;2014-07-18;;serena.s;;;2014-08-15;;;;;2015-03-16;;;;DenGrad info not in table, instead taken from tblHyenas;2015-07-22;;;13;;NA;;;;;NA;NA;NA;NA;NA;NA;NA;NA;NA;NA;NA;dls;;;,,,,,
hoo;1999-04-16;;talek;;;1999-05-01;;;;;1999-11-28;;;0.5;;2000-06-03;;;3;;NA;;;;;NA;NA;NA;NA;NA;NA;NA;NA;NA;NA;2001-12-16;dls;inferred dead;;,,,,,,
hook;2003-07-24;;talek.e;;;2003-12-20;;;;;NA;;;;;2004-05-18;error;;113;;NA;;;;;NA;NA;NA;NA;NA;NA;NA;NA;NA;NA;2006-09-04;;;;check EventStatus and EventData,,,,,,
hoot;2019-05-01;;happy.zebra;;;2019-06-18;;;;;NA;;;;;NA;;;;;NA;;;;;NA;NA;NA;NA;NA;NA;NA;NA;NA;NA;2019-10-04;;;;,,,,,,
hope;2014-03-30;;talek;;;2014-04-16;;;;;2014-10-20;;;2.5;;2014-11-13;;;1;;2016-05-01;fission;talek;;;NA;NA;NA;NA;NA;NA;NA;NA;NA;NA;2017-10-14;dls;;;,,,,,,
hops;2010-01-26;;fig.tree;;;2010-03-14;;;;;NA;;;;;NA;;;;;NA;;;;;NA;NA;NA;NA;NA;NA;NA;NA;NA;NA;2010-03-26;dls;unk;;,,,,,,
hor;NA;;talek;;;1992-08-30;;;;;NA;;;;;NA;;;;;NA;;;;;NA;NA;NA;NA;NA;NA;NA;NA;NA;NA;1992-08-30;dls;fate unknown;;,,,,,,
horz;NA;;olare;;;2008-08-17;;;;;NA;;;;;NA;;;;;NA;;;;;NA;NA;NA;NA;NA;NA;NA;NA;NA;NA;NA;;;;,,,,,,
hot;2020-01-08;;kcm;;;2021-09-08;;;;;2021-01-08;error;;22102;Graduated based on DOB, before DFS;NA;;;;;NA;;;;;NA;NA;NA;NA;NA;NA;NA;NA;NA;NA;NA;;;;,,,,,
hoth;2011-11-25;;talek;;;2012-01-21;;;;;NA;dbg;;;;NA;dbw;;;;NA;;;;;NA;NA;NA;NA;NA;NA;NA;NA;NA;NA;2012-05-15;dls;inferred dead;;,,,,,,
hp;1991-04-01;;talek;;;1991-05-09;;;;;1992-01-07;;;3;;1992-07-16;;;;;NA;;;;;NA;NA;NA;NA;NA;NA;NA;NA;NA;NA;1994-07-30;dls;dispersed;;,,,,,,
hrdy;2012-12-09;;serena.n;;;2013-01-11;;;;;NA;;;;;NA;dbw;;;;NA;;;;;NA;NA;NA;NA;NA;NA;NA;NA;NA;NA;2013-02-12;dead;;;,,,,,,
hrlm;NA;;talek;;;2004-10-04;;;;;NA;;;;;NA;;;;;NA;;;;;NA;NA;NA;NA;NA;NA;NA;NA;NA;NA;2013-08-26;dls;dispersed;;,,,,,,
hrlp;NA;;airstrip;;;2002-06-09;;;;;NA;;;;;NA;;;;;NA;;;;;NA;NA;NA;NA;NA;NA;NA;NA;NA;NA;NA;;;;,,,,,,
hrly;2019-09-21;;serena.n;;;2019-12-14;;;;;2020-09-21;error;;13;Cub automatically den graduated based on birthdate, error term skewed due to pandemic;NA;;;;;NA;;;;;NA;NA;NA;NA;NA;NA;NA;NA;NA;NA;2021-11-12;dls;;;,,,,,
hrm;2004-05-20;;talek;;;2004-07-01;;;;;2005-03-01;;;1.5;;2005-03-15;;;1;;NA;;;;;NA;NA;NA;NA;NA;NA;NA;NA;NA;NA;2008-05-24;dls;dispersed;;,,,,,,
hrok;2018-11-28;;pond;;;2019-01-20;;;;;NA;;;;;NA;;;;;NA;;;;;NA;NA;NA;NA;NA;NA;NA;NA;NA;NA;2019-02-22;dls;;;,,,,,,
hrp;2000-06-25;;talek;;;2000-07-23;;;;;2001-03-18;;;1;;2001-07-15;;;9;;2002-05-01;fission;talek.e;;;NA;NA;NA;NA;NA;NA;NA;NA;NA;NA;2012-07-06;dls;inferred dead;;,,,,,,
hrpy;2009-10-29;;talek;;;2010-04-02;;;;;2010-05-22;;;8;;2010-06-17;;;0.5;;2016-05-01;fission;kcm;;;NA;NA;NA;NA;NA;NA;NA;NA;NA;NA;2018-02-27;dls;;;,,,,,,
hrsh;2016-12-27;;serena.n;;;2017-01-17;;;;;2017-09-11;;;;DenGrad info not in table, instead taken from tblHyenas;NA;;;;;NA;;;;;NA;NA;NA;NA;NA;NA;NA;NA;NA;NA;2020-10-20;dls;;;,,,,,
hrtz;2016-07-19;;talek;;;2016-07-25;;;;One sibling seen on DFS;2017-05-09;;;0.5;;2017-04-05;;;5.5;;NA;;;;;NA;NA;NA;NA;NA;NA;NA;NA;NA;NA;NA;dls;;;,,,,,,
hry;NA;;oltukai;;;2003-07-13;;;;;NA;;;;;NA;;;;;NA;;;;;NA;NA;NA;NA;NA;NA;NA;NA;NA;NA;2003-07-13;;;;check EventStatus and EventData,,,,,,
hs;2011-02-21;;serena.s;;;2011-03-21;;;;;NA;;;;;NA;dbw;;;;NA;;;;;NA;NA;NA;NA;NA;NA;NA;NA;NA;NA;2011-05-09;dls;fate unknown;;,,,,,,
hsh;NA;;mara.river;;;2002-01-09;;;;;NA;;;;;NA;;;;;NA;;;;;NA;NA;NA;NA;NA;NA;NA;NA;NA;NA;2002-01-09;dls;;;,,,,,,
hsky;2014-12-01;;serena.s;;;2015-01-01;;;;;NA;;;;;NA;;;;;NA;;;;;NA;NA;NA;NA;NA;NA;NA;NA;NA;NA;2015-02-21;dead;hyena?;;DLS alive: 17-Feb-15,,,,,,
ht;NA;;talek;;;1991-11-26;;;;;NA;;;;;NA;;;;;NA;;;;;NA;NA;NA;NA;NA;NA;NA;NA;NA;NA;1991-11-26;dls;fate unknown;;,,,,,,
huck;2013-12-01;;fig.tree;;;2014-02-02;;;;;NA;;;;;NA;;;;;NA;;;;;NA;NA;NA;NA;NA;NA;NA;NA;NA;NA;2014-05-05;dls;;;,,,,,,
hucn;2011-09-12;;serena.n;;;2012-01-27;;;;;2012-07-15;;;;DenGrad info not in table, instead taken from tblHyenas;2012-08-24;;;;;NA;;;;;NA;NA;NA;NA;NA;NA;NA;NA;NA;NA;2014-09-24;dls;;;,,,,,
hud;2005-04-08;;airstrip;;;2005-05-08;;;;;NA;;;;;NA;;;;;NA;;;;;NA;NA;NA;NA;NA;NA;NA;NA;NA;NA;2005-07-11;dls;;;,,,,,,
hugo;NA;;talek;;;1995-06-15;;;;;NA;;;;;NA;;;;;NA;;;;;NA;NA;NA;NA;NA;NA;NA;NA;NA;NA;1995-06-15;dls;fate unknown;;,,,,,,
huk;2017-05-07;;serena.n;;;2017-06-25;;;;;2018-02-09;;;;DenGrad info not in table, instead taken from tblHyenas;NA;;;;;NA;;;;;NA;NA;NA;NA;NA;NA;NA;NA;NA;NA;2019-05-08;;;;,,,,,
hula;2019-12-17;;cool.beans;;;2020-02-11;;;;;2020-10-03;error;;28.5;;NA;;;;;NA;;;;;NA;NA;NA;NA;NA;NA;NA;NA;NA;NA;NA;;;;,,,,,,
hum;2004-10-30;;talek;;;2004-12-03;;;;;2005-09-24;;;1.5;;2005-08-29;;;6;;NA;;;;;NA;NA;NA;NA;NA;NA;NA;NA;NA;NA;2006-07-07;dead;humans;;Skull found on 08-Jul-06, DLS given is an estimate of date of death. DLS alive 05-Jul-06,,,,,
humb;2009-03-01;;talek;;;2009-06-27;;;;;NA;dbg;;;;NA;dbw;;;;NA;;;;;NA;NA;NA;NA;NA;NA;NA;NA;NA;NA;2009-08-12;dls;inferred dead;;,,,,,,
hump;2011-08-16;;talek;;;2012-01-08;;;;;2012-05-26;;;0;;2012-04-21;;;8.5;;NA;;;;;NA;NA;NA;NA;NA;NA;NA;NA;NA;NA;2012-06-08;dls;fate unknown;;,,,,,,
hun;NA;;talek;;;1996-11-29;;;;;NA;;;;;NA;;;;;NA;;;;;NA;NA;NA;NA;NA;NA;NA;NA;NA;NA;1996-11-29;dls;fate unknown;;,,,,,,
hung;2010-02-11;;serena.n;;;2010-04-13;;;;;2010-12-17;;;;DenGrad info not in table, instead taken from tblHyenas;2011-04-09;;;;;NA;;;;;NA;NA;NA;NA;NA;NA;NA;NA;NA;NA;2012-03-22;dls;fate unknown;;,,,,,
huri;2012-11-18;;mara.river;;;2013-09-18;;;;;NA;;;;;NA;;;;;NA;;;;;NA;NA;NA;NA;NA;NA;NA;NA;NA;NA;NA;dls;;;,,,,,,
hus;2011-03-01;;happy.zebra;;;2011-04-05;;;;;NA;;;;;NA;;;;;NA;;;;;NA;NA;NA;NA;NA;NA;NA;NA;NA;NA;2011-04-05;dls;fate unknown;;,,,,,,
huvo;2016-10-01;;talek;;;2016-12-17;;;;;NA;;;;;NA;;;;;NA;;;;;NA;NA;NA;NA;NA;NA;NA;NA;NA;NA;2017-07-03;dls;;;,,,,,,
huwa;2021-02-10;;talek;;;2021-07-23;;;;;2021-08-22;error;;7;;NA;;;;;NA;;;;;NA;NA;NA;NA;NA;NA;NA;NA;NA;NA;NA;;;;,,,,,,
hvy;NA;;talek;;;1988-09-01;;;;;NA;;;;;NA;;;;;NA;;;;;NA;NA;NA;NA;NA;NA;NA;NA;NA;NA;1989-11-01;dls;dispersed;;,,,,,,
hwk;2007-08-15;;happy.zebra;;;2008-06-24;;;;;NA;;;;;NA;;;;;NA;;;;;NA;NA;NA;NA;NA;NA;NA;NA;NA;NA;2020-08-10;dls;;;,,,,,,
hwl;2008-10-28;;oz valley;;;2008-12-04;;;;;NA;;;;;NA;;;;;NA;;;;;NA;NA;NA;NA;NA;NA;NA;NA;NA;NA;NA;;;;,,,,,,
hwn;NA;;warlock;;;1999-10-31;;;;;NA;;;;;NA;;;;;NA;;;;;NA;NA;NA;NA;NA;NA;NA;NA;NA;NA;1999-11-08;;;;check EventStatus and EventData,,,,,,
hyaena;NA;;;;;2003-06-08;;;;;NA;;;;;NA;;;;;NA;;;;;NA;NA;NA;NA;NA;NA;NA;NA;NA;NA;2003-06-08;dead;;;roadkill,,,,,,
hyd;2006-10-25;;talek;;;2006-11-24;;;;;2007-04-26;;;15.5;;NA;dbw;;;;NA;;;;;NA;NA;NA;NA;NA;NA;NA;NA;NA;NA;2007-08-02;dls;;;,,,,,,
hydg;2012-04-03;;talek;;;2012-05-24;;;;;2012-12-28;;;3.5;;2013-06-06;;;11;;2014-05-17;dispersal;talek.e;;;NA;NA;NA;NA;NA;NA;NA;NA;NA;NA;2014-05-17;dls;;;,,,,,,
hyr;NA;;talek;;;1990-09-02;;;;;NA;;;;;NA;;;;;NA;;;;;NA;NA;NA;NA;NA;NA;NA;NA;NA;NA;1990-09-02;dls;fate unknown;;,,,,,,
hzl;2002-03-13;;mara.river;;;2002-03-19;;;;;2002-08-06;;;;DenGrad info not in table, instead taken from tblHyenas;NA;;;;;NA;;;;;NA;NA;NA;NA;NA;NA;NA;NA;NA;NA;2002-07-17;dead;;;,,,,,
i3;NA;;talek;;;1989-09-08;;;;;NA;;;;;NA;;;;;NA;;;;;NA;NA;NA;NA;NA;NA;NA;NA;NA;NA;1991-09-16;dls;dispersed;;,,,,,,
iasi;NA;;talek;;;2013-12-01;;;;;NA;;;;;NA;;;;;2016-05-01;fission;kcm;;;NA;NA;NA;NA;NA;NA;NA;NA;NA;NA;NA;dls;;;,,,,,,
ica;2016-10-28;;talek;;;2016-11-18;;;;;NA;;;;;NA;;;;;NA;;;;;NA;NA;NA;NA;NA;NA;NA;NA;NA;NA;2017-04-22;dls;;;,,,,,,
ice;NA;;talek;;;1988-07-24;;;;;NA;;;;;NA;;;;;NA;;;;;NA;NA;NA;NA;NA;NA;NA;NA;NA;NA;1988-07-24;dls;fate unknown;;,,,,,,
icen;2017-05-19;;kcm;;;2017-12-19;;;;;2018-02-02;;;;DenGrad info not in table, instead taken from tblHyenas;NA;;;;;NA;;;;;NA;NA;NA;NA;NA;NA;NA;NA;NA;NA;NA;dls;;;,,,,,
ico;NA;;talek;;;1991-09-01;;;;;NA;;;;;NA;;;;;NA;;;;;NA;NA;NA;NA;NA;NA;NA;NA;NA;NA;1991-09-09;dls;fate unknown;;,,,,,,
icro;2018-11-14;;pond;;;2018-11-26;;;;;NA;;;;;NA;;;;;NA;;;;;NA;NA;NA;NA;NA;NA;NA;NA;NA;NA;2018-11-27;dead;runt;;,,,,,,
ida;2005-02-09;;oltukai;;;2005-03-06;;;;;NA;;;;;NA;;;;;NA;;;;;NA;NA;NA;NA;NA;NA;NA;NA;NA;NA;2005-07-11;;;;check EventStatus and EventData,,,,,,
idi;2010-11-13;;talek;;;2011-05-20;;;;;2011-05-30;;;0.5;;2011-11-11;;;2;;NA;;;;;NA;NA;NA;NA;NA;NA;NA;NA;NA;NA;2014-04-03;dead;poison (april 2014 incident);;Date found dead: 06-Apr-14, body collected 07-Apr-14,,,,,
idna;2018-12-24;;happy.zebra;;;2019-02-22;;;;;2019-12-24;;;16.5;graduated by turning 1 yo;NA;;;;;NA;;;;;NA;NA;NA;NA;NA;NA;NA;NA;NA;NA;2020-10-05;dls;;;,,,,,,
idri;NA;;serena.n;;;2008-08-03;;;;;NA;;;;;NA;;;;;NA;;;;;NA;NA;NA;NA;NA;NA;NA;NA;NA;NA;2009-06-21;dls;;;,,,,,,
iggy;2019-08-15;;pond;;;2019-12-31;;;;;2020-08-15;;;5.5;Graduated based on DOB;NA;;;;;NA;;;;;NA;NA;NA;NA;NA;NA;NA;NA;NA;NA;NA;;;;,,,,,,
igua;2010-12-21;;talek;;;2011-01-25;;;;;2011-08-05;;;0.5;;2011-09-25;;;1.5;;NA;;;;;NA;NA;NA;NA;NA;NA;NA;NA;NA;NA;2011-12-05;dls;inferred dead;;,,,,,,
iiii;2014-04-01;;serena.s;;;2014-04-22;;;;;NA;;;;;2014-12-23;;;9.5;;NA;;;;;NA;NA;NA;NA;NA;NA;NA;NA;NA;NA;2015-01-29;dead;;;,,,,,,
ij;2007-11-15;;mara.river;;;2008-01-19;;;;;NA;;;;;NA;;;;;NA;;;;;NA;NA;NA;NA;NA;NA;NA;NA;NA;NA;NA;dls;;;,,,,,,
ika;2013-01-25;;talek;;;2013-02-16;;;;One sibling seen on DFS;2013-08-10;;;10;;2013-10-23;;;3.5;;NA;;;;;NA;NA;NA;NA;NA;NA;NA;NA;NA;NA;2015-03-05;dls;dispersed;;,,,,,,
ill;NA;;fig.tree;;;2009-06-11;;;;;NA;;;;;NA;;;;;NA;;;;;NA;NA;NA;NA;NA;NA;NA;NA;NA;NA;2014-08-27;dls;;;check EventStatus and EventData,,,,,,
ilvo;2018-07-28;;serena.n;;;2018-08-07;;;;;2019-03-17;;;;;NA;;;;;NA;;;;;NA;NA;NA;NA;NA;NA;NA;NA;NA;NA;NA;;;;,,,,,,
im;NA;;oltukai;;;2003-07-12;;;;;NA;;;;;NA;;;;;NA;;;;;NA;NA;NA;NA;NA;NA;NA;NA;NA;NA;2005-07-11;;;;check EventStatus and EventData,,,,,,
iman;NA;;olare;;;2008-11-01;;;;;NA;;;;;NA;;;;;NA;;;;;NA;NA;NA;NA;NA;NA;NA;NA;NA;NA;NA;;;;,,,,,,
inca;NA;;airstrip;;;2003-08-04;;;;;NA;;;;;NA;;;;;NA;;;;;NA;NA;NA;NA;NA;NA;NA;NA;NA;NA;2004-04-05;;;;check EventStatus and EventData,,,,,,
ind;1998-12-02;;talek;;;1999-01-29;;;;;1999-08-06;;;3.5;;1999-07-21;;;4.5;;2002-05-01;fission;talek.e;;;NA;NA;NA;NA;NA;NA;NA;NA;NA;NA;2002-08-18;dls;dispersed;;,,,,,,
indi;NA;;;;;2019-12-16;;;;;NA;;;;;NA;;;;;NA;;serena.s;;;NA;NA;NA;NA;NA;NA;NA;NA;NA;NA;2021-07-28;dls;;;,,,,,,
indy;NA;;talek;;;2015-02-24;;;;;NA;;;;;NA;;;;;NA;;;;;NA;NA;NA;NA;NA;NA;NA;NA;NA;NA;2015-11-21;dls;dispersed;;,,,,,,
infy;2018-11-03;;happy.zebra;;;2019-04-24;;;;;2019-10-16;;;0;;NA;;;;;NA;;;;;NA;NA;NA;NA;NA;NA;NA;NA;NA;NA;NA;;;;,,,,,,
ink;NA;;serena.n;;;2008-08-13;;;;;NA;;;;;NA;;;;;NA;;;;;NA;NA;NA;NA;NA;NA;NA;NA;NA;NA;2020-09-30;dls;;;,,,,,,
inri;NA;;fig.tree;;;2013-07-27;;;;;NA;;;;;NA;;;;;NA;;;;;NA;NA;NA;NA;NA;NA;NA;NA;NA;NA;2014-12-10;dls;;;check EventStatus and EventData,,,,,,
int;NA;;talek;;;1990-12-19;;;;;NA;;;;;NA;;;;;NA;;;;;NA;NA;NA;NA;NA;NA;NA;NA;NA;NA;1992-03-28;dls;dispersed;;,,,,,,
inte;2013-01-28;;mara.river;;;2013-07-18;;;;;NA;;;;;NA;;;;;NA;;;;;NA;NA;NA;NA;NA;NA;NA;NA;NA;NA;NA;dls;;;,,,,,,
inv;2001-06-15;;mara.river;;;2002-08-10;;;;;NA;;;;;NA;;;;;NA;;;;;NA;NA;NA;NA;NA;NA;NA;NA;NA;NA;2004-02-28;dls;;;,,,,,,
irmd;NA;;emarti h;;;2002-07-06;;;;;NA;;;;;NA;;;;;NA;;;;;NA;NA;NA;NA;NA;NA;NA;NA;NA;NA;2002-07-06;dls;;;,,,,,,
iron;2018-03-15;;talek;;;2018-05-31;;;;;2018-12-01;grad;;0.5;;NA;;;;;NA;;;;;NA;NA;NA;NA;NA;NA;NA;NA;NA;NA;2021-11-19;dls;;;,,,,,,
irq;1994-01-10;;talek;;;1994-02-14;;;;;1994-11-30;;;;DenGrad info not in table, instead taken from tblHyenas;1994-11-08;;;;;NA;;;;;NA;NA;NA;NA;NA;NA;NA;NA;NA;NA;1996-10-13;dls;dispersed;;,,,,,
isac;NA;;talek;;;1995-06-19;;;;;NA;;;;;NA;;;;;NA;;;;;NA;NA;NA;NA;NA;NA;NA;NA;NA;NA;1995-06-22;dls;fate unknown;;,,,,,,
isi;NA;;talek;;;1996-12-11;;;;;NA;;;;;NA;;;;;NA;;;;;NA;NA;NA;NA;NA;NA;NA;NA;NA;NA;1996-12-11;dls;fate unknown;;,,,,,,
iss;2004-02-11;;airstrip;;;2004-03-05;;;;;NA;;;;;NA;;;;;NA;;;;;NA;NA;NA;NA;NA;NA;NA;NA;NA;NA;2005-07-09;;;;check EventStatus and EventData,,,,,,
issa;2020-08-30;;serena.s;;;2020-09-24;;;;;2021-08-30;;;2;Cub automatically den graduated based on birthdate;NA;;;;;NA;;;;;NA;NA;NA;NA;NA;NA;NA;NA;NA;NA;NA;;;;,,,,,,
ista;NA;;happy.zebra;;;2012-02-20;;;;;NA;;;;;NA;;;;;NA;;;;;NA;NA;NA;NA;NA;NA;NA;NA;NA;NA;2015-12-22;dls;;;,,,,,,
ita;NA;;talek;;;1997-06-01;;;;;NA;;;;;NA;;;;;NA;;;;;NA;NA;NA;NA;NA;NA;NA;NA;NA;NA;1997-06-01;dls;fate unknown;;,,,,,,
ivy;2011-10-25;;talek;;;2011-12-06;;;;;NA;dbg;;;;NA;;;;;NA;;;;;NA;NA;NA;NA;NA;NA;NA;NA;NA;NA;2011-12-09;dls;inferred dead;;,,,,,,
iz;1989-12-04;;talek;;;1990-02-03;;;;;1990-04-23;;;2;;NA;;;;;NA;;;;;NA;NA;NA;NA;NA;NA;NA;NA;NA;NA;1991-08-16;dead;;;,,,,,,
izzo;NA;;;;;2010-05-04;;;;;NA;;;;;NA;;;;;NA;;;;;NA;NA;NA;NA;NA;NA;NA;NA;NA;NA;2010-05-04;dls;fate unknown;;,,,,,,
j;1988-10-11;;talek;;;1988-10-31;;;;;1989-06-07;;;2;;1989-09-01;;;;;NA;;;;;NA;NA;NA;NA;NA;NA;NA;NA;NA;NA;1989-11-29;dls;inferred dead;;,,,,,,
jaa;1998-11-03;;talek;;;NA;;;;;NA;;;;;NA;;;;;NA;;;;;NA;NA;NA;NA;NA;NA;NA;NA;NA;NA;1998-11-12;dls;fate unknown;;,,,,,,
jab;1992-02-02;;talek;;;1992-02-03;;;;;1992-10-21;;;8;;1992-09-16;;;10;;NA;;;;;NA;NA;NA;NA;NA;NA;NA;NA;NA;NA;1998-04-26;dls;inferred dead;;,,,,,,
jack;NA;;airstrip;;;2002-06-09;;;;;NA;;;;;NA;;;;;NA;;;;;NA;NA;NA;NA;NA;NA;NA;NA;NA;NA;2004-03-07;dls;;;,,,,,,
jaco;NA;;mara.river;;;2012-08-19;;;;;NA;;;;;NA;;;;;NA;;;;;NA;NA;NA;NA;NA;NA;NA;NA;NA;NA;2013-08-25;dls;;;check EventStatus and EventData,,,,,,
jade;2000-10-05;;talek;;;2000-10-25;;;;;NA;;;;;NA;dbw;;;;NA;;;;;NA;NA;NA;NA;NA;NA;NA;NA;NA;NA;2001-04-11;dead;starvation;;,,,,,,
jak;NA;;;;;2005-06-16;;;;;NA;;;;;NA;;;;;2005-06-16;dispersal;talek.e;;;NA;NA;NA;NA;NA;NA;NA;NA;NA;NA;2008-09-17;dls;dispersed;;,,,,,,
jakd;2013-07-10;;mara.river;;;2013-09-07;;;;;NA;;;;;NA;;;;;NA;;;;;NA;NA;NA;NA;NA;NA;NA;NA;NA;NA;NA;dls;;;,,,,,,
jal;2004-06-13;;airstrip;;;2004-07-03;;;;;NA;;;;;NA;;;;;NA;;;;;NA;NA;NA;NA;NA;NA;NA;NA;NA;NA;2005-06-03;;;;check EventStatus and EventData,,,,,,
jame;2015-04-17;;talek;;;2016-06-17;;;;;NA;sugu;;;;2016-06-29;;;12.5;;2016-05-01;fission;kcm;;;NA;NA;NA;NA;NA;NA;NA;NA;NA;NA;2018-08-05;dls;;;,,,,,,
jan;1997-11-15;;talek;;;1997-12-16;;;;;NA;;;;;NA;;;;;NA;;;;;NA;NA;NA;NA;NA;NA;NA;NA;NA;NA;1998-01-05;dls;fate unknown;;,,,,,,
jana;2021-02-01;;kcm;;;2021-07-31;;;;;2022-07-31;error;;22386.5;Never seen at den;NA;;;;;NA;;;;;NA;NA;NA;NA;NA;NA;NA;NA;NA;NA;2021-10-06;dls;;;,,,,,,
jane;NA;;;;;1999-12-12;;;;;NA;;;;;NA;;;;;NA;;;;;NA;NA;NA;NA;NA;NA;NA;NA;NA;NA;1999-12-12;;;;check EventStatus and EventData,,,,,,
jang;2020-03-28;;pond;;;2020-09-11;;;;;2021-01-16;error;;22106;Never seen at den;NA;;;;;NA;;;;;NA;NA;NA;NA;NA;NA;NA;NA;NA;NA;NA;;;;,,,,,,
janj;2008-12-10;;serena.n;;;2008-12-27;;;;;NA;;;;;NA;dbw;;;;NA;;;;;NA;NA;NA;NA;NA;NA;NA;NA;NA;NA;2008-12-30;dls;;;,,,,,,
jann;2017-07-25;;serena.s;;;2017-09-12;;;;;NA;;;;;NA;;;;;NA;;;;;NA;NA;NA;NA;NA;NA;NA;NA;NA;NA;2017-12-06;dls;;;,,,,,,
jar;2011-11-29;;talek;;;2012-03-18;;;;;NA;;;;;NA;;;;;2016-05-01;fission;pond;;;NA;NA;NA;NA;NA;NA;NA;NA;NA;NA;2017-09-08;dls;;;,,,,,,
jaro;2020-12-11;;serena.n;;;2021-02-16;;;;;2021-08-07;;;4;;NA;;;;;NA;;;;;NA;NA;NA;NA;NA;NA;NA;NA;NA;NA;NA;;;;,,,,,,
jas;1999-04-17;;talek;;;1999-05-22;;;;;1999-12-03;;;2;;2000-07-09;;;0.5;;NA;;;;;NA;NA;NA;NA;NA;NA;NA;NA;NA;NA;2002-01-09;dls;dispersed;;,,,,,,
java;NA;;serena.s;;;2008-11-17;;;;;NA;;;;;NA;;;;;NA;;;;;NA;NA;NA;NA;NA;NA;NA;NA;NA;NA;2017-11-26;dls;;;,,,,,,
jaw;1993-11-25;;talek;;;1993-12-04;;;;;NA;;;;;NA;;;;;NA;;;;;NA;NA;NA;NA;NA;NA;NA;NA;NA;NA;1994-03-05;dead;;;,,,,,,
jay;NA;;airstrip;;;2003-07-20;;;;;NA;;;;;NA;;;;;NA;;;;;NA;NA;NA;NA;NA;NA;NA;NA;NA;NA;2005-07-11;;;;check EventStatus and EventData,,,,,,
jazz;NA;;olare;;;2011-06-10;;;;;NA;;;;;NA;;;;;2011-06-10;dispersal;happy.zebra;;;NA;NA;NA;NA;NA;NA;NA;NA;NA;NA;NA;;;;,,,,,,
jb;1993-06-26;;talek;;;1993-07-21;;;;;1994-03-22;;;0.5;;1994-02-17;;;;;NA;;;;;NA;NA;NA;NA;NA;NA;NA;NA;NA;NA;1997-12-03;dls;inferred dead;;,,,,,,
jc;2004-10-16;;talek;;;2005-03-27;;;;;2005-07-02;;;1.5;;2005-07-30;;;0.5;;NA;;;;;NA;NA;NA;NA;NA;NA;NA;NA;NA;NA;2008-05-24;dls;dispersed;;,,,,,,
jco;NA;;mara.river;;;2005-03-27;;;;;NA;;;;;NA;;;;;NA;;;;;NA;NA;NA;NA;NA;NA;NA;NA;NA;NA;2006-01-29;dls;;;check EventStatus and EventData,,,,,,
jd;2009-08-09;;serena.s;;;2009-08-23;;;;;2010-07-26;;;;DenGrad info not in table, instead taken from tblHyenas;2010-07-07;;;;;NA;;;;;NA;NA;NA;NA;NA;NA;NA;NA;NA;NA;2013-08-25;dls;fate unknown;;check EventStatus and EventData,,,,,
jds;NA;;serena.s;;;2008-11-10;;;;;NA;;;;;NA;;;;;NA;;;;;NA;NA;NA;NA;NA;NA;NA;NA;NA;NA;2013-02-02;dls;fate unknown;;check EventStatus and EventData,,,,,,
je;1988-11-20;;talek;;;1989-01-14;;;;;1989-09-08;;;10;;1990-05-31;;;;;NA;;;;;NA;NA;NA;NA;NA;NA;NA;NA;NA;NA;1991-02-07;dls;inferred dead;;,,,,,,
jean;2010-08-29;;happy.zebra;;;2010-10-03;;;;;2011-07-13;;;;DenGrad info not in table, instead taken from tblHyenas;2011-07-18;;;4.5;;NA;;;;;NA;NA;NA;NA;NA;NA;NA;NA;NA;NA;2011-12-24;dls;fate unknown;;,,,,,
jeb;NA;;mara.river;;;2003-03-10;;;;;NA;;;;;NA;;;;;NA;;;;;NA;NA;NA;NA;NA;NA;NA;NA;NA;NA;2015-12-27;dls;;;check EventStatus and EventData,,,,,,
jebe;2015-05-11;;talek;;;2015-07-11;;;;;2016-03-16;;;0;;NA;dbw;;;;2016-05-01;fission;talek;;;NA;NA;NA;NA;NA;NA;NA;NA;NA;NA;2016-05-05;dls;inferred dead;;,,,,,,
jeep;NA;;happy.zebra;;;2011-02-22;;;;;NA;;;;;NA;;;;;NA;;;;;NA;NA;NA;NA;NA;NA;NA;NA;NA;NA;2021-03-20;dls;;;,,,,,,
jeev;2010-07-14;;talek;;;2010-08-24;;;;;2011-05-17;;;1.5;;2011-07-29;;;21;;NA;;;;;NA;NA;NA;NA;NA;NA;NA;NA;NA;NA;2013-04-24;dls;inferred dead;;,,,,,,
jeff;2007-03-02;;talek;;;2007-10-13;;;;;NA;;;;;2008-07-24;;;1.5;;NA;;;;;NA;NA;NA;NA;NA;NA;NA;NA;NA;NA;2011-03-05;dls;dispersed;;,,,,,,
jemi;2016-07-22;;serena.s;;;2016-08-22;;;;;2017-02-25;;;;DenGrad info not in table, instead taken from tblHyenas;NA;dbw;;;;NA;;;;;NA;NA;NA;NA;NA;NA;NA;NA;NA;NA;2017-03-19;dls;;;,,,,,
jen;2004-10-30;;airstrip;;;2004-11-18;;;;;NA;;;;;NA;;;;;NA;;;;;NA;NA;NA;NA;NA;NA;NA;NA;NA;NA;2005-07-11;;;;check EventStatus and EventData,,,,,,
jena;2010-11-06;;fig.tree;;;2010-12-16;;;;;NA;;;;;NA;;;;;NA;;;;;NA;NA;NA;NA;NA;NA;NA;NA;NA;NA;2011-02-06;dls;unk;;,,,,,,
jer;2003-10-29;;oltukai;;;2003-11-20;;;;;NA;;;;;NA;;;;;NA;;;;;NA;NA;NA;NA;NA;NA;NA;NA;NA;NA;2004-01-03;dls;;;,,,,,,
jerk;2012-12-02;;serena.s;;;2013-01-17;;;;DFS assigned by field, no associated session;NA;;;;;NA;dbw;;;;NA;;;;;NA;NA;NA;NA;NA;NA;NA;NA;NA;NA;2013-03-24;dls;;;,,,,,
jet;2002-06-27;;talek.e;;;2002-07-08;;;;;NA;sugu;;;;NA;dbw;;;;NA;;;;;NA;NA;NA;NA;NA;NA;NA;NA;NA;NA;2003-02-23;dls;inferred dead;;,,,,,,
jeta;2021-09-10;;pond;;;2022-04-01;;;;;2022-09-10;error;;30;Graduated based on DOB;NA;;;;;NA;;;;;NA;NA;NA;NA;NA;NA;NA;NA;NA;NA;NA;;;;,,,,,,
jett;2014-02-23;;serena.n;;;2014-03-23;;;;;2014-09-23;;;;DenGrad info not in table, instead taken from tblHyenas;2015-01-25;;;11.5;;NA;;;;;NA;NA;NA;NA;NA;NA;NA;NA;NA;NA;2016-06-27;dls;;;,,,,,
jhn;NA;;airstrip;;;2003-07-21;;;;;NA;;;;;NA;;;;;NA;;;;;NA;NA;NA;NA;NA;NA;NA;NA;NA;NA;2004-01-14;dls;;;check EventStatus and EventData,,,,,,
jib;1998-11-29;;talek;;;1999-01-07;;;;;NA;;;;;NA;dbw;;;;NA;;;;;NA;NA;NA;NA;NA;NA;NA;NA;NA;NA;1999-05-12;dead;;;,,,,,,
jic;2007-03-01;;talek;;;2007-09-20;;;;;NA;;;;;2008-01-14;;;3;;NA;;;;;NA;NA;NA;NA;NA;NA;NA;NA;NA;NA;2010-01-13;dls;dispersed;;,,,,,,
jigs;2010-10-21;;serena.s;;;2010-11-18;;;;DFS assigned by field, no associated session;2011-08-27;;;;DenGrad info not in table, instead taken from tblHyenas;2011-07-24;;;;;NA;;;;;NA;NA;NA;NA;NA;NA;NA;NA;NA;NA;2014-06-09;dls;fate unknown;;,,,,
jill;2003-01-21;;airstrip;;;2003-07-21;;;;;NA;;;;;NA;;;;;NA;;;;;NA;NA;NA;NA;NA;NA;NA;NA;NA;NA;2003-08-17;dls;;;check EventStatus and EventData,,,,,,
jim;2001-11-28;;talek;;;2001-12-18;;;;;NA;;;;;NA;;;;;NA;;;;;NA;NA;NA;NA;NA;NA;NA;NA;NA;NA;2002-01-22;dls;;;,,,,,,
jimi;2019-03-15;;pond;;;2019-05-01;;;;;NA;;;;;NA;;;;;NA;;;;;NA;NA;NA;NA;NA;NA;NA;NA;NA;NA;2019-06-12;dls;;;,,,,,,
jin;2009-04-12;;fig.tree;;;2009-06-23;;;;;NA;;;;;NA;;;;;NA;;;;;NA;NA;NA;NA;NA;NA;NA;NA;NA;NA;2009-11-15;dls;unk;;,,,,,,
jion;2018-01-16;;kcm;;;2019-03-15;;;;;2019-01-15;error;;21740;Graduated based on DOB, before DFS;NA;;;;;NA;;;;;NA;NA;NA;NA;NA;NA;NA;NA;NA;NA;2020-04-17;dls;;;,,,,,
jiu;2008-12-01;;serena.n;;;2009-01-20;;;;;NA;;;;;NA;dbw;;;;NA;;;;;NA;NA;NA;NA;NA;NA;NA;NA;NA;NA;2009-06-25;dls;fate unknown;;,,,,,,
jj;1992-09-15;;talek;;;1992-10-23;;;;;1993-03-29;;;2;;1993-08-06;;;;;2002-05-01;fission;talek.e;;;NA;NA;NA;NA;NA;NA;NA;NA;NA;NA;2003-01-29;dead;;;mortality signal from collar,,,,,,
jkia;2021-02-02;;kcm;;;2021-07-22;;;;;2021-07-24;error;;22200.5;Never seene at den;NA;;;;;NA;;;;;NA;NA;NA;NA;NA;NA;NA;NA;NA;NA;NA;;;;,,,,,,
jko;2008-01-01;;mara.river;;;2008-02-24;;;;;NA;;;;;NA;;;;;NA;;;;;NA;NA;NA;NA;NA;NA;NA;NA;NA;NA;NA;dls;inferred dead;;,,,,,,
jkr;NA;;;;;2017-05-27;;;;;NA;;;;;NA;;;;;NA;dispersal;pond;;;NA;NA;NA;NA;NA;NA;NA;NA;NA;NA;2019-11-11;dls;;;,,,,,,
jlet;NA;;double.x;;;2022-07-12;;;;;NA;;;;;NA;;;;;NA;;;;;NA;NA;NA;NA;NA;NA;NA;NA;NA;NA;NA;;;;,,,,,,
jlf;NA;;mara.river;;;2001-06-15;;;;;NA;;;;;NA;;;;;NA;;;;;NA;NA;NA;NA;NA;NA;NA;NA;NA;NA;2001-06-15;dls;;;,,,,,,
jlia;2018-01-28;;kcm;;;2018-08-16;;;;;2019-01-28;error;;21746.5;Graduated based on DOB, never seen at den;NA;;;;;NA;;;;;NA;NA;NA;NA;NA;NA;NA;NA;NA;NA;2020-06-19;dls;;;,,,,,
jlio;NA;;talek.e;;;2012-06-18;;;;;NA;;;;;NA;;;;;NA;;;;;NA;NA;NA;NA;NA;NA;NA;NA;NA;NA;2013-04-25;;;;,,,,,,
jlp;2010-01-27;;serena.s;;;2010-02-27;;;;;2010-11-30;;;;DenGrad info not in table, instead taken from tblHyenas;2010-11-22;;;;;NA;;;;;NA;NA;NA;NA;NA;NA;NA;NA;NA;NA;NA;dls;fate unknown;;,,,,,
jlt;2013-03-23;;talek;;;2013-11-13;;;;;2014-01-07;;;10;;2013-12-04;;;1;;2016-05-01;fission;talek;;;NA;NA;NA;NA;NA;NA;NA;NA;NA;NA;2022-04-07;dls;;;,,,,,,
jly;2008-10-31;;serena.s;;;2008-11-29;;;;;2009-10-31;;;;DenGrad info not in table, instead taken from tblHyenas;2009-08-14;;;;;NA;;;;;NA;NA;NA;NA;NA;NA;NA;NA;NA;NA;2012-07-03;dls;fate unknown;;check EventStatus and EventData,,,,,
jlyr;2012-08-01;;happy.zebra;;;2013-01-05;;;;;2013-08-05;;;;DenGrad info not in table, instead taken from tblHyenas;2013-08-26;;;8;;NA;;;;;NA;NA;NA;NA;NA;NA;NA;NA;NA;NA;NA;dls;;;,,,,,
jmbo;2017-05-08;;talek.w;;;2017-06-20;;;;At least one sibling seen on DFS;2017-12-23;;;;DenGrad info not in table, instead taken from tblHyenas;NA;;;;;NA;;;;;NA;NA;NA;NA;NA;NA;NA;NA;NA;NA;NA;dls;;;,,,,,
jms;NA;;mara.river;;;2012-08-15;;;;;2012-08-15;;;;DenGrad info not in table, instead taken from tblHyenas;NA;;;;;NA;;;;;NA;NA;NA;NA;NA;NA;NA;NA;NA;NA;NA;dls;;;,,,,,
jmsn;2009-08-09;;serena.s;;;2009-09-11;;;;;2010-06-30;;;;DenGrad info not in table, instead taken from tblHyenas;2010-07-07;;;;;NA;;;;;NA;NA;NA;NA;NA;NA;NA;NA;NA;NA;2013-05-19;dls;fate unknown;;check EventStatus and EventData,,,,,
jnga;2006-01-14;;talek;;;2006-01-29;;;;;2006-08-16;;;1;;2006-10-31;;;1;;NA;;;;;NA;NA;NA;NA;NA;NA;NA;NA;NA;NA;2007-03-08;dls;inferred dead;;,,,,,,
jnny;2021-07-31;;kcm;;;2022-03-29;;;;;2022-03-29;error;;22324.5;Never seen at den;NA;;;;;NA;;;;;NA;NA;NA;NA;NA;NA;NA;NA;NA;NA;NA;;;;,,,,,,
jns;NA;;lookout;;;1996-01-30;;;;;NA;;;;;NA;;;;;NA;;;;;NA;NA;NA;NA;NA;NA;NA;NA;NA;NA;1996-01-30;dls;fate unknown;;,,,,,,
jny;NA;;oz valley;;;2008-11-20;;;;;NA;;;;;NA;;;;;NA;;;;;NA;NA;NA;NA;NA;NA;NA;NA;NA;NA;NA;;;;,,,,,,
joe;NA;;talek;;;1989-01-01;;;;;NA;;;;;NA;;;;;NA;;;;;NA;NA;NA;NA;NA;NA;NA;NA;NA;NA;1989-01-01;dls;dispersed;;,,,,,,
joel;2021-09-27;;kcm;;;2022-08-27;;;;;2022-09-27;error;;22415.5;Graduated based on DOB, never seen at den;NA;;;;;NA;;;;;NA;NA;NA;NA;NA;NA;NA;NA;NA;NA;NA;;;;,,,,,
joh;NA;;talek;;;1989-12-03;;;;;NA;;;;;NA;;;;;NA;;;;;NA;NA;NA;NA;NA;NA;NA;NA;NA;NA;1989-12-03;dls;fate unknown;;,,,,,,
john;NA;;mara.river;;;2001-06-06;;;;;NA;;;;;NA;;;;;NA;;;;;NA;NA;NA;NA;NA;NA;NA;NA;NA;NA;2002-02-26;dls;fate unknown;;,,,,,,
jojo;2019-03-23;;serena.s;;;2019-07-24;;;;;2020-02-20;;;0.5;;NA;;;;;NA;;;;;NA;NA;NA;NA;NA;NA;NA;NA;NA;NA;NA;;;;,,,,,,
jok;NA;;mara.river;;;2001-11-30;;;;;NA;;;;;NA;;;;;NA;;;;;NA;NA;NA;NA;NA;NA;NA;NA;NA;NA;2002-08-05;dls;fate unknown;;,,,,,,
jolt;1996-01-02;;talek;;;1996-02-18;;;;;NA;;;;;NA;;;;;NA;;;;;NA;NA;NA;NA;NA;NA;NA;NA;NA;NA;1996-03-16;dead;;;,,,,,,
jom;NA;;talek;;;1998-08-02;;;;;NA;;;;;NA;;;;;NA;;;;;NA;NA;NA;NA;NA;NA;NA;NA;NA;NA;1998-08-18;dls;fate unknown;;,,,,,,
jone;1995-08-01;;talek;;;1995-09-06;;;;;1996-04-16;;;3.5;;1996-07-15;;;;;NA;;;;;NA;NA;NA;NA;NA;NA;NA;NA;NA;NA;1997-05-25;dls;inferred dead;;,,,,,,
joni;NA;;serena.n;;;2008-06-27;;;;;NA;;;;;NA;;;;;NA;;;;;NA;NA;NA;NA;NA;NA;NA;NA;NA;NA;2011-04-27;;;;check EventStatus and EventData,,,,,,
jons;2021-03-07;;pond;;;2021-04-21;;;;;2022-03-07;error;;27;Graduated based on DOB;NA;;;;;NA;;;;;NA;NA;NA;NA;NA;NA;NA;NA;NA;NA;NA;;;;,,,,,,
jop;NA;;talek;;;1995-06-21;;;;;NA;;;;;NA;;;;;NA;;;;;NA;NA;NA;NA;NA;NA;NA;NA;NA;NA;1995-06-21;dls;fate unknown;;,,,,,,
jor;2003-12-30;;oltukai;;;2004-02-28;;;;;NA;;;;;NA;;;;;NA;;;;;NA;NA;NA;NA;NA;NA;NA;NA;NA;NA;2004-08-09;dls;;;,,,,,,
jord;2008-07-20;;talek;;;2008-08-11;;;;;2009-05-04;;;0;;2009-07-14;;;5.5;;NA;;;;;NA;NA;NA;NA;NA;NA;NA;NA;NA;NA;2011-07-05;dls;dispersed;;,,,,,,
jort;2017-09-22;;talek.w;;;2018-02-22;;;;;NA;;;;;NA;;;;;NA;;;;;NA;NA;NA;NA;NA;NA;NA;NA;NA;NA;2018-04-20;dls;;;,,,,,,
jose;NA;;talek.e;;;2012-06-18;;;;;NA;;;;;NA;;;;;NA;;;;;NA;NA;NA;NA;NA;NA;NA;NA;NA;NA;2012-06-29;;;;check EventStatus and EventData,,,,,,
joul;2015-06-20;;talek;;;2015-07-11;;;;See notes. The field assigns DFS based on their discretion;2016-03-03;;;1;;2016-05-04;;;0.5;;2016-05-01;fission;talek;;;NA;NA;NA;NA;NA;NA;NA;NA;NA;NA;NA;dls;;;,,,,,,
jrey;2017-11-30;;kcm;;;2018-07-30;;;;;2018-07-30;error;;21655.5;JREY was never seen at den, hence the large error term;NA;;;;;NA;;;;;NA;NA;NA;NA;NA;NA;NA;NA;NA;NA;2020-05-14;dls;;;,,,,,
js;NA;;oltukai;;;2005-07-03;;;;;NA;;;;;NA;dbw;;;;NA;;;;;NA;NA;NA;NA;NA;NA;NA;NA;NA;NA;2005-07-03;dls;;;,,,,,,
jsh;2001-01-15;;mara.river;;;2001-06-13;;;;;NA;;;;;NA;;;;;NA;;;;;NA;NA;NA;NA;NA;NA;NA;NA;NA;NA;2001-08-14;dead;lion;;,,,,,,
jsha;NA;;;;;2015-07-06;;;;;NA;;;;;NA;;;;;NA;;;;;NA;NA;NA;NA;NA;NA;NA;NA;NA;NA;2015-07-06;dls;;;,,,,,,
jsj;2008-11-01;;serena.n;;;2008-11-21;;;;;NA;;;;;NA;dbw;;;;NA;;;;;NA;NA;NA;NA;NA;NA;NA;NA;NA;NA;2008-11-23;dls;;;,,,,,,
jslm;NA;;talek;;;2012-08-11;;;;;NA;;;;;NA;;;;;NA;;;;;NA;NA;NA;NA;NA;NA;NA;NA;NA;NA;2012-08-22;dls;dispersed;;,,,,,,
jsmn;2022-11-05;;happy.zebra;;;2023-01-07;;;;;NA;;;;;NA;;;;;NA;;;;;NA;NA;NA;NA;NA;NA;NA;NA;NA;NA;NA;;;;,,,,,,
jst;2005-12-25;;mara.river;;;2006-01-03;;;;;2006-09-04;;;;DenGrad info not in table, instead taken from tblHyenas;NA;;;;;NA;;;;;NA;NA;NA;NA;NA;NA;NA;NA;NA;NA;2007-08-28;dls;;;check EventStatus and EventData,,,,,
juan;NA;;unknown;;;2018-10-03;;;;;NA;;;;;NA;;;;;2021-03-05;dispersal;serena.n;;;NA;dispersal;happy.zebra;;;NA;NA;NA;NA;NA;NA;;;;,,,,,,
juba;NA;;fig.tree;;;2006-10-31;;;;;NA;;;;;NA;;;;;2008-05-10;dispersal;unknown;;;2008-09-13;dispersal;talek;;;2016-05-01;fission;talek;;;2020-10-03;dls;;;,,,,,,
jude;2012-11-17;;serena.n;;;2013-02-09;;;;DFS assigned by field, no associated session;2013-09-12;;;;DenGrad info not in table, instead taken from tblHyenas;2013-10-18;;;;;NA;;;;;NA;NA;NA;NA;NA;NA;NA;NA;NA;NA;NA;dls;;;,,,,
jug;NA;;mara.river;;;2001-07-27;;;;;NA;;;;;NA;;;;;NA;;;;;NA;NA;NA;NA;NA;NA;NA;NA;NA;NA;2001-12-03;dls;fate unknown;;,,,,,,
juju;2016-10-20;;happy.zebra;;;2016-12-08;;;;;NA;;;;;2017-05-24;;;1.5;;NA;;;;;NA;NA;NA;NA;NA;NA;NA;NA;NA;NA;NA;dls;;;,,,,,,
jul;1986-09-15;;talek;;;1988-06-28;;;;;NA;;;;;NA;;;;;NA;;;;;NA;NA;NA;NA;NA;NA;NA;NA;NA;NA;1990-06-04;dls;dispersed;;,,,,,,
jule;NA;;serena.s;;;2008-11-25;;;;;NA;;;;;NA;;;;;NA;;;;;NA;NA;NA;NA;NA;NA;NA;NA;NA;NA;2009-05-15;dls;fate unknown;;,,,,,,
julp;2015-05-02;;happy.zebra;;;2015-07-31;;;;;NA;;;;;2016-01-20;error;;51;;NA;;;;;NA;NA;NA;NA;NA;NA;NA;NA;NA;NA;2016-03-11;dls;;;,,,,,,
jun;NA;;talek;;;1998-07-15;;;;;NA;;;;;NA;;;;;NA;;;;;NA;NA;NA;NA;NA;NA;NA;NA;NA;NA;1998-07-15;dls;fate unknown;;,,,,,,
juno;2008-04-20;;talek;;;2008-05-20;;;;;2009-01-28;;;;;2009-02-24;;;;;2016-05-01;fission;pond;;;NA;NA;NA;NA;NA;NA;NA;NA;NA;NA;2021-05-29;dls;;;,,,,,,
jup;2001-01-05;;talek;;;2001-02-14;;;;;2001-09-18;;;3.5;;2002-05-25;error;;40.5;;NA;;;;;NA;NA;NA;NA;NA;NA;NA;NA;NA;NA;2002-12-17;dls;fate unknown;;,,,,,,
jurg;NA;;talek;;;1996-09-15;;;;;NA;;;;;NA;;;;;NA;;;;;NA;NA;NA;NA;NA;NA;NA;NA;NA;NA;1996-09-16;dls;fate unknown;;,,,,,,
jut;1998-11-30;;talek;;;1999-01-29;;;;;1999-06-20;;;1.5;;1999-12-24;;;;;2002-05-01;fission;talek.e;;;NA;NA;NA;NA;NA;NA;NA;NA;NA;NA;2003-11-24;dls;inferred dead;;,,,,,,
juu;2020-01-15;;kcm;;;2022-02-03;;;;;2021-01-15;error;;22105.5;Graduated based on DOB, before DFS;NA;;;;;NA;;;;;NA;NA;NA;NA;NA;NA;NA;NA;NA;NA;NA;;;;,,,,,
jwlk;2010-11-26;;serena.s;;;2011-01-29;;;;;NA;;;;;NA;dbw;;;;NA;;;;;NA;NA;NA;NA;NA;NA;NA;NA;NA;NA;2011-06-16;dls;fate unknown;;,,,,,,
jy;1989-08-05;;talek;;;1989-09-05;;;;;1990-04-17;;;0.5;;NA;;;;;NA;;;;;NA;NA;NA;NA;NA;NA;NA;NA;NA;NA;1990-05-02;dead;;;,,,,,,
kai;NA;;unknown;;;2019-10-09;;;;;NA;;;;;NA;;;;;2019-10-09;dispersal;talek;;;NA;NA;NA;NA;NA;NA;NA;NA;NA;NA;NA;;;;,,,,,,
kaka;2017-05-10;;pond;;;2017-07-14;;;;;NA;;;;;NA;;;;;NA;;;;;NA;NA;NA;NA;NA;NA;NA;NA;NA;NA;2018-01-02;dls;;;,,,,,,
kaki;2019-11-30;;cool.beans;;;2020-02-22;;;;;2020-11-30;error;;59.5;Graduated based on DOB;NA;;;;;NA;;;;;NA;NA;NA;NA;NA;NA;NA;NA;NA;NA;2021-12-16;dls;;;,,,,,,
kal;2006-08-07;;talek.w;;;2006-09-19;;;;;NA;;;;;NA;dbw;;;;NA;;;;;NA;NA;NA;NA;NA;NA;NA;NA;NA;NA;2007-03-13;;;;check EventStatus and EventData,,,,,,
kala;2022-04-02;;serena.s;;;2022-05-18;;;;;2022-12-19;;;6.5;>200, >200, >200;NA;;;;;NA;;;;;NA;NA;NA;NA;NA;NA;NA;NA;NA;NA;NA;;;;,,,,
kale;2020-03-07;;cool.beans;;;2020-03-07;;;;;2020-10-03;error;;28.5;;NA;;;;;NA;;;;;NA;NA;NA;NA;NA;NA;NA;NA;NA;NA;2021-12-23;dls;;;,,,,,,
kali;2004-04-17;;airstrip;;;2004-04-18;;;;;NA;;;;;NA;;;;;NA;;;;;NA;NA;NA;NA;NA;NA;NA;NA;NA;NA;2004-08-10;dls;;;,,,,,,
kamp;NA;;talek;;;2008-12-04;;;;;NA;;;;;NA;;;;;NA;;;;;NA;NA;NA;NA;NA;NA;NA;NA;NA;NA;2009-10-09;dls;dispersed;;,,,,,,
kang;1996-10-07;;talek;;;1996-10-11;;;;;1997-05-13;;;5.5;;1997-11-21;;;9;;NA;;;;;NA;NA;NA;NA;NA;NA;NA;NA;NA;NA;1998-02-15;dls;inferred dead;;,,,,,,
kani;2016-01-29;;talek;;;2016-06-29;;;;;2016-10-07;;;;DenGrad info not in table, instead taken from tblHyenas;2017-03-14;error;;39.5;;2016-05-01;fission;kcm;;;NA;NA;NA;NA;NA;NA;NA;NA;NA;NA;NA;dls;;;,,,,,
kans;NA;;;;;2022-06-08;;;;Seen HZ and N;NA;;;;;NA;;;;;2023-01-24;dispersal;happy.zebra;;KDSL not sure of this date;NA;NA;NA;NA;NA;NA;NA;NA;NA;NA;NA;;;;,,,,,,
kant;2000-07-30;;talek;;;NA;;;;;NA;;;;;NA;dbw;;;;NA;;;;;NA;NA;NA;NA;NA;NA;NA;NA;NA;NA;2000-09-03;dls;;;,,,,,,
kanu;2021-10-15;;cool.beans;;;2021-10-15;;;;;NA;;;;;NA;;;;;NA;;;;;NA;NA;NA;NA;NA;NA;NA;NA;NA;NA;2022-02-08;dls;;;,,,,,,
kany;2014-07-10;;fig.tree;;;2014-12-10;;;;;NA;;;;;NA;;;;;NA;;;;;NA;NA;NA;NA;NA;NA;NA;NA;NA;NA;2015-05-20;dls;;;check EventStatus and EventData,,,,,,
kape;NA;;unknown;;;2015-10-13;;;;;NA;;;;;NA;;;;;2015-10-13;dispersal;talek;;;2016-05-01;fission;talek;;;NA;NA;NA;NA;NA;2021-04-29;dls;;;,,,,,,
kapo;2018-12-07;;talek;;;2019-01-14;;;;;2019-08-19;;;2.5;;NA;;;;;NA;;;;;NA;NA;NA;NA;NA;NA;NA;NA;NA;NA;2021-12-16;dls;;;,,,,,,
kapu;2016-08-11;;serena.s;;;2016-09-03;;;;;2017-02-25;;;;DenGrad info not in table, instead taken from tblHyenas;NA;;;;;NA;;;;;NA;NA;NA;NA;NA;NA;NA;NA;NA;NA;2021-02-19;dls;;;,,,,,
karm;2010-01-01;;fig.tree;;;2010-01-19;;;;;NA;;;;;NA;;;;;NA;;;;;NA;NA;NA;NA;NA;NA;NA;NA;NA;NA;2010-02-03;dls;unknown;;,,,,,,
karn;2011-12-23;;fig.tree;;;2012-02-03;;;;;NA;;;;;NA;;;;;NA;;;;;NA;NA;NA;NA;NA;NA;NA;NA;NA;NA;2012-10-22;dls;unk;;,,,,,,
karo;2022-12-01;;serena.n;;;2023-02-20;;;;;NA;;;;;NA;;;;;NA;;;;;NA;NA;NA;NA;NA;NA;NA;NA;NA;NA;NA;;;;,,,,,,
kat;2006-10-20;;mara.river;;;2006-11-07;;;;;NA;;;;;NA;;;;;NA;;;;;NA;NA;NA;NA;NA;NA;NA;NA;NA;NA;2008-08-05;dls;;;check EventStatus and EventData,,,,,,
kata;2010-02-16;;happy.zebra;;;2010-03-16;;;;;2010-11-23;;;;DenGrad info not in table, instead taken from tblHyenas;2010-11-03;;;4.5;;2013-03-13;dispersal;serena.s;;date is DFS in serena south;2014-06-28;dispersal;serena.n;;date is DFS in serena north;NA;NA;NA;NA;NA;2021-07-02;dls;fate unknown;;,,,,,
kate;2022-02-02;;serena.n;;;2022-07-21;;;;;2023-02-02;grad;;0.5;Cub automatically den graduated based on birthdate;NA;;;;;NA;;;;;NA;NA;NA;NA;NA;NA;NA;NA;NA;NA;NA;;;;,,,,,,
kath;2014-02-23;;serena.n;;;2014-03-23;;;;;2014-09-24;;;;DenGrad info not in table, instead taken from tblHyenas;2015-01-25;;;11.5;;2017-06-18;dispersal;serena.s;;;NA;NA;NA;NA;NA;NA;NA;NA;NA;NA;2018-09-06;dls;;;,,,,,
kaya;2021-09-05;;kcm;;;2022-07-11;;;;;2022-07-11;error;;22376.5;Never seen at den;NA;;;;;NA;;;;;NA;NA;NA;NA;NA;NA;NA;NA;NA;NA;NA;;;;,,,,,,
kaz;NA;;talek;;;1997-10-31;;;;;NA;;;;;NA;;;;;NA;;;;;NA;NA;NA;NA;NA;NA;NA;NA;NA;NA;1997-10-31;dls;fate unknown;;,,,,,,
kazu;2021-09-12;;pond;;;2022-04-01;;;;;2022-09-12;error;;23;Graduated based on DOB;NA;;;;;NA;;;;;NA;NA;NA;NA;NA;NA;NA;NA;NA;NA;NA;;;;,,,,,,
kb;1978-01-01;;talek;;;1978-01-01;;;;;NA;;;;;NA;;;;;NA;;;;;NA;NA;NA;NA;NA;NA;NA;NA;NA;NA;1995-06-23;dls;inferred dead;;,,,,,,
kbk;1988-08-23;;talek;;;1988-10-03;;;;;1989-05-22;;;0.5;;1989-06-12;;;;;NA;;;;;NA;NA;NA;NA;NA;NA;NA;NA;NA;NA;1993-07-27;dls;dispersed;;,,,,,,
kbm;2004-11-02;;mara.river;;;2005-01-14;;;;;NA;;;;;NA;;;;;NA;;;;;NA;NA;NA;NA;NA;NA;NA;NA;NA;NA;2005-02-12;dls;;;check EventStatus and EventData,,,,,,
kbos;2013-12-05;;fig.tree;;;2013-12-27;;;;;NA;;;;;NA;;;;;NA;;;;;NA;NA;NA;NA;NA;NA;NA;NA;NA;NA;2014-06-02;dls;;;check EventStatus and EventData,,,,,,
kbra;2023-05-15;;serena.n;;;2023-06-19;;;;;NA;;;;;NA;;;;;NA;;;;;NA;NA;NA;NA;NA;NA;NA;NA;NA;NA;NA;;;;,,,,,,
kcha;2013-03-04;;talek;;;2013-03-25;;;;;NA;dbg;;;;NA;dbw;;;;NA;;;;;NA;NA;NA;NA;NA;NA;NA;NA;NA;NA;2013-06-13;dead;starvation?;;,,,,,,
kdy;2000-10-03;;talek;;;2001-05-20;;;;;2001-07-30;;;8;;2002-07-19;;;9;;2004-03-03;dispersal;unknown;;;NA;NA;NA;NA;NA;NA;NA;NA;NA;NA;2006-03-31;dls;;;,,,,,,
keda;2018-10-01;;kcm;;;2019-02-10;;;;;2019-06-11;error;;60.5;;NA;;;;;NA;;;;;NA;NA;NA;NA;NA;NA;NA;NA;NA;NA;NA;;;;,,,,,,
kee;2021-01-15;;talek;;;2021-07-25;;;;;2021-07-25;error;;22201;Never seen at den;NA;;;;;NA;;;;;NA;NA;NA;NA;NA;NA;NA;NA;NA;NA;NA;;;;,,,,,,
keek;NA;;keekorok;;;NA;;;;;NA;;;;;NA;;;;;NA;;;;;NA;NA;NA;NA;NA;NA;NA;NA;NA;NA;NA;;;;,,,,,,
keln;2010-01-05;;mara.river;;;NA;;;;;NA;;;;;NA;;;;;NA;;;;;NA;NA;NA;NA;NA;NA;NA;NA;NA;NA;NA;dls;;;,,,,,,
ken;1994-12-21;;talek;;;1994-12-27;;;;;NA;;;;;NA;dbw;;;;NA;;;;;NA;NA;NA;NA;NA;NA;NA;NA;NA;NA;1995-06-25;dead;;;,,,,,,
keng;2014-03-17;;talek;;;2014-06-03;;;;;2014-11-12;;;0.5;;2014-12-18;;;3.5;;2016-05-01;fission;pond;;;NA;NA;NA;NA;NA;NA;NA;NA;NA;NA;NA;dls;;;,,,,,,
kens;NA;;mara.river;;;2009-08-11;;;;;NA;;;;;NA;;;;;NA;;;;;NA;NA;NA;NA;NA;NA;NA;NA;NA;NA;2010-07-07;dls;;;check EventStatus and EventData,,,,,,
kent;2006-12-01;;fig.tree;;;2007-06-17;;;;;NA;;;;;NA;;;;;2010-10-08;dispersal;unknown;;;NA;NA;NA;NA;NA;NA;NA;NA;NA;NA;2010-10-08;;;;,,,,,,
keny;NA;;;;;NA;;;;;NA;;;;;NA;;;;;NA;;;;;NA;NA;NA;NA;NA;NA;NA;NA;NA;NA;NA;;;;,,,,,,
keri;2013-05-07;;fig.tree;;;2013-07-24;;;;;NA;;;;;NA;;;;;NA;;;;;NA;NA;NA;NA;NA;NA;NA;NA;NA;NA;2014-11-07;dls;;;check EventStatus and EventData,,,,,,
kerm;1994-12-28;;talek;;;NA;;;;;NA;;;;;NA;;;;;NA;;;;;NA;NA;NA;NA;NA;NA;NA;NA;NA;NA;1995-01-05;dead;inferred dead;;,,,,,,
kero;2015-07-12;;talek;;;2016-03-12;;;;;NA;;;;;2016-05-02;;;19;;2016-05-01;fission;kcm;;;NA;NA;NA;NA;NA;NA;NA;NA;NA;NA;2018-02-16;dls;;;,,,,,,
kesq;NA;;unknown;;;2013-12-05;;;;;NA;;;;;NA;;;;;2013-12-05;dispersal;talek;;;2016-05-01;fission;talek;;;NA;NA;NA;NA;NA;NA;dls;;;,,,,,,
kevn;2018-01-01;;talek;;;2018-04-01;;;;;NA;;;;;NA;;;;;NA;;;;;NA;NA;NA;NA;NA;NA;NA;NA;NA;NA;2018-04-20;;;;,,,,,,
kfk;2008-04-01;;serena.s;;;2008-12-24;;;;;NA;;;;;NA;;;;;NA;;;;;NA;NA;NA;NA;NA;NA;NA;NA;NA;NA;2009-03-03;dls;;;check EventStatus and EventData,,,,,,
kgee;2018-08-28;;kcm;;;2019-02-10;;;;;2019-08-28;error;;99.5;Graduated based on DOB;NA;;;;;NA;;;;;NA;NA;NA;NA;NA;NA;NA;NA;NA;NA;NA;;;;,,,,,,
khtm;NA;;talek;;;2011-06-08;;;;;NA;;;;;NA;;;;;2016-05-01;fission;talek;;;NA;NA;NA;NA;NA;NA;NA;NA;NA;NA;2020-08-01;dls;;;,,,,,,
kiba;2014-10-15;;fig.tree;;;2014-12-10;;;;;NA;;;;;NA;;;;;NA;;;;;NA;NA;NA;NA;NA;NA;NA;NA;NA;NA;2015-02-16;dead;lion;;,,,,,,
kibo;2005-05-23;;airstrip;;;2005-06-10;;;;;NA;;;;;NA;dbw;;;;NA;;;;;NA;NA;NA;NA;NA;NA;NA;NA;NA;NA;2005-07-11;dls;;;,,,,,,
kich;NA;;;;;2013-05-12;;;;;NA;;;;;NA;;;;;NA;;;;;NA;NA;NA;NA;NA;NA;NA;NA;NA;NA;2013-06-09;;;;,,,,,,
kier;2000-12-25;;talek;;;2001-02-06;;;;;2001-11-03;;;0.5;;2002-04-07;;;6;;NA;;;;;NA;NA;NA;NA;NA;NA;NA;NA;NA;NA;2005-06-03;dls;inferred dead;;speared?,,,,,,
kiev;NA;;airstrip;;;2004-01-05;;;;;NA;;;;;NA;;;;;NA;;;;;NA;NA;NA;NA;NA;NA;NA;NA;NA;NA;2005-07-11;;;;check EventStatus and EventData,,,,,,
kifi;NA;;talek;;;2019-07-08;;;;;NA;;;;;NA;;;;;NA;;;;;NA;NA;NA;NA;NA;NA;NA;NA;NA;NA;2021-12-16;dls;;;,,,,,,
kik;2002-11-24;;talek;;;2003-02-21;;;;;2003-10-01;;;0;;2003-09-12;;;7.5;;NA;;;;;NA;NA;NA;NA;NA;NA;NA;NA;NA;NA;2006-09-19;dls;dispersed;;,,,,,,
kiki;NA;;musiara;;;1995-08-11;;;;;NA;;;;;NA;;;;;NA;;;;;NA;NA;NA;NA;NA;NA;NA;NA;NA;NA;1995-08-11;dls;fate unknown;;,,,,,,
kiko;2020-12-20;;kcm;;;2021-07-23;;;;;2021-10-11;error;;22240;Never seen at den;NA;;;;;NA;;;;;NA;NA;NA;NA;NA;NA;NA;NA;NA;NA;NA;;;;,,,,,,
kili;1994-12-21;;talek;;;1994-12-30;;;;;NA;;;;;NA;dbw;;;;NA;;;;;NA;NA;NA;NA;NA;NA;NA;NA;NA;NA;1995-07-02;dls;;;,,,,,,
kill;2012-01-18;;serena.n;;;2012-02-15;;;;;NA;;;;;NA;dbw;;;;NA;;;;;NA;NA;NA;NA;NA;NA;NA;NA;NA;NA;2012-02-21;dls;;;check EventStatus and EventData,,,,,,
kilo;2015-06-20;;talek;;;2015-07-11;;;;See notes. The field assigns DFS based on their discretion.;2016-03-03;;;1;;2016-05-04;;;0.5;;2016-05-01;fission;talek;;;NA;NA;NA;NA;NA;NA;NA;NA;NA;NA;NA;dls;;;,,,,,,
kilr;NA;;fig.tree;;;1993-06-14;;;;;NA;;;;;NA;;;;;NA;;;;;NA;NA;NA;NA;NA;NA;NA;NA;NA;NA;1993-06-14;dls;fate unknown;;check EventStatus and EventData,,,,,,
kim;NA;;talek;;;1997-04-17;;;;;NA;;;;;NA;;;;;NA;;;;;NA;NA;NA;NA;NA;NA;NA;NA;NA;NA;1997-04-17;dls;fate unknown;;,,,,,,
kimi;2022-12-03;;serena.s;;;2023-01-09;;;;;NA;;;;;NA;;;;;NA;;;;;NA;NA;NA;NA;NA;NA;NA;NA;NA;NA;NA;;;;,,,,,,
kimj;2016-12-01;;kcm;;;2017-07-01;;;;;NA;;;;;2017-09-02;;;22;;NA;;;;;NA;NA;NA;NA;NA;NA;NA;NA;NA;NA;NA;dls;;;,,,,,,
kimu;NA;;unknown;;;2022-07-10;;;;;NA;;;;;NA;;;;;2022-07-10;dispersal;kcm;;;NA;NA;NA;NA;NA;NA;NA;NA;NA;NA;NA;;;;,,,,,,
kin;NA;;talek;;;1997-12-02;;;;;NA;;;;;NA;;;;;NA;;;;;NA;NA;NA;NA;NA;NA;NA;NA;NA;NA;1997-12-02;dls;fate unknown;;,,,,,,
kina;NA;;kcm;;;2019-08-01;;;;;NA;;;;;NA;;;;;NA;;;;;NA;NA;NA;NA;NA;NA;NA;NA;NA;NA;2020-07-01;dls;;;,,,,,,
king;2006-04-01;;talek;;;2006-06-09;;;;;NA;dbg;;;;2007-04-02;error;;120.5;;NA;;;;;NA;NA;NA;NA;NA;NA;NA;NA;NA;NA;2007-11-06;dls;inferred dead;;,,,,,,
kip;1993-12-10;;talek;;;1993-12-15;;;;;1994-08-23;;;2;;1994-09-10;;;;;NA;;;;;NA;NA;NA;NA;NA;NA;NA;NA;NA;NA;2000-09-26;dls;inferred dead;;,,,,,,
kips;2009-10-25;;talek;;;2009-11-18;;;;;2010-07-15;;;1.5;;2010-09-14;;;4;;NA;;;;;NA;NA;NA;NA;NA;NA;NA;NA;NA;NA;2010-11-22;dls;inferred dead;;,,,,,,
kirk;2015-12-25;;serena.s;;;2016-01-29;;;;;NA;;;;;NA;;;;;NA;;;;;NA;NA;NA;NA;NA;NA;NA;NA;NA;NA;2016-01-29;dls;;;,,,,,,
kish;NA;;unknown;;;2016-11-09;;;;;NA;;;;;NA;;;;;2016-11-09;dispersal;kcm;;;NA;NA;NA;NA;NA;NA;NA;NA;NA;NA;NA;dls;;;,,,,,,
kiss;2021-10-15;;cool.beans;;;2021-12-16;;;;;NA;;;;;NA;;;;;NA;;;;;NA;NA;NA;NA;NA;NA;NA;NA;NA;NA;2022-02-08;dls;;;,,,,,,
kit;2003-10-28;;airstrip;;;2004-01-12;;;;;NA;;;;;NA;;;;;NA;;;;;NA;NA;NA;NA;NA;NA;NA;NA;NA;NA;2005-07-10;;;;check EventStatus and EventData,,,,,,
kita;2016-01-17;;serena.s;;;2016-06-17;;;;;2017-02-22;;;;DenGrad info not in table, instead taken from tblHyenas;2017-08-15;;;1.5;;NA;;;;;NA;NA;NA;NA;NA;NA;NA;NA;NA;NA;2019-01-06;dls;;;,,,,,
kite;2007-08-15;;happy.zebra;;;2008-06-24;;;;;NA;;;;;NA;;;;;NA;;;;;NA;NA;NA;NA;NA;NA;NA;NA;NA;NA;2010-03-05;dls;fate unknown;;,,,,,,
kiwi;2019-02-06;;pond;;;2019-03-19;;;;;2020-02-06;error;;44.5;Graduated based on DOB;NA;;;;;NA;;;;;NA;NA;NA;NA;NA;NA;NA;NA;NA;NA;2020-09-19;dls;;;,,,,,,
kk;1990-12-15;;talek;;;1991-01-17;;;;;1991-08-30;;;1;;NA;;;;;NA;;;;;NA;NA;NA;NA;NA;NA;NA;NA;NA;NA;1992-01-17;dead;;;,,,,,,
kkat;2016-10-04;;serena.n;;;2016-11-08;;;;;2017-07-09;;;;DenGrad info not in table, instead taken from tblHyenas;NA;;;;;NA;;;;;NA;NA;NA;NA;NA;NA;NA;NA;NA;NA;2019-02-01;;;;,,,,,
kl;1993-07-07;;talek;;;1993-08-20;;;;;1994-03-23;;;0.5;;1994-07-27;;;;;NA;;;;;NA;NA;NA;NA;NA;NA;NA;NA;NA;NA;1994-12-30;dls;inferred dead;;,,,,,,
klax;2010-01-11;;;;;NA;;;;;NA;;;;;NA;;;;;NA;;;;;NA;NA;NA;NA;NA;NA;NA;NA;NA;NA;NA;;;;,,,,,,
kli;NA;;talek;;;1997-05-06;;;;;NA;;;;;NA;;;;;NA;;;;;NA;NA;NA;NA;NA;NA;NA;NA;NA;NA;1997-05-06;dls;fate unknown;;,,,,,,
klso;2023-04-02;born;serena.s;;;2023-07-13;;;;;NA;;;;;NA;;;;;NA;;;;;NA;NA;NA;NA;NA;NA;NA;NA;NA;NA;NA;;;;,,,,,,
knee;NA;;fig.tree;;;2014-12-09;;;;;NA;;;;;NA;;;;;NA;;;;;NA;NA;NA;NA;NA;NA;NA;NA;NA;NA;2014-12-09;dls;;;check EventStatus and EventData,,,,,,
kng;2016-12-11;;happy.zebra;;;2017-01-02;;;;;NA;;;;;NA;;;;;2020-01-02;dispersal;serena.s;;;NA;NA;NA;NA;NA;NA;NA;NA;NA;NA;2020-10-07;dls;;;,,,,,,
knin;2015-06-04;;serena.s;;;2015-09-03;;;;;2016-09-13;;;;DenGrad info not in table, instead taken from tblHyenas;2016-10-09;;;30;;NA;;;;;NA;NA;NA;NA;NA;NA;NA;NA;NA;NA;NA;dls;;;,,,,,
knot;2014-08-23;;talek;;;2014-10-23;;;;;NA;;;;;2015-04-03;;;23;;2016-05-01;fission;talek;;;NA;NA;NA;NA;NA;NA;NA;NA;NA;NA;NA;dls;;;,,,,,,
knox;NA;;unknown;;;2016-12-17;;;;;NA;;;;;NA;;;;;2017-12-17;dispersal;talek;;;NA;NA;NA;NA;NA;NA;NA;NA;NA;NA;2018-09-09;dls;;;,,,,,,
knta;2022-01-25;;kcm;;;2022-08-09;;;;;2022-11-02;error;;12.5;Nov 5 AM and PM;NA;;;;;NA;;;;;NA;NA;NA;NA;NA;NA;NA;NA;NA;NA;NA;;;;,,,,,,
knx;NA;;talek;;;1998-09-26;;;;;NA;;;;;NA;;;;;NA;;;;;NA;NA;NA;NA;NA;NA;NA;NA;NA;NA;1998-10-08;dls;fate unknown;;,,,,,,
knz;NA;;;;;2022-01-06;;;;;NA;;;;;NA;;;;;NA;;;;;NA;NA;NA;NA;NA;NA;NA;NA;NA;NA;NA;;;;,,,,,,
koal;2012-06-04;;serena.n;;;2012-07-02;;;;;2013-04-22;;;;DenGrad info not in table, instead taken from tblHyenas;2013-08-04;;;2;;NA;;;;;NA;NA;NA;NA;NA;NA;NA;NA;NA;NA;2015-01-14;dls;;;,,,,,
kof;2005-06-18;;oltukai;;;2005-07-04;;;;;NA;;;;;NA;;;;;NA;;;;;NA;NA;NA;NA;NA;NA;NA;NA;NA;NA;2005-07-10;dls;inferred dead;;,,,,,,
kofi;2010-07-22;;mara.river;;;2005-07-04;;;;;NA;;;;;NA;;;;;NA;;;;;NA;NA;NA;NA;NA;NA;NA;NA;NA;NA;2013-08-25;dls;;;check EventStatus and EventData,,,,,,
koi;NA;;happy.zebra;;;2008-07-12;;;;;NA;;;;;NA;;;;;NA;;;;;NA;NA;NA;NA;NA;NA;NA;NA;NA;NA;2011-06-02;dead;lions, puncture wounds around neck, chest and shoulder;;,,,,
koin;2011-12-21;;talek;;;2012-03-19;;;;One sibling seen on DFS;NA;dbg;;;;NA;dbw;;;;NA;;;;;NA;NA;NA;NA;NA;NA;NA;NA;NA;NA;2012-05-15;dls;inferred dead;;,,,,,,
koko;2004-04-30;;mara.river;;;2004-07-10;;;;;NA;;;;;NA;;;;;NA;;;;;NA;NA;NA;NA;NA;NA;NA;NA;NA;NA;2012-01-31;dead;humans;;,,,,,,
kola;2007-10-01;;mara.river;;;NA;;;;;NA;;;;;NA;;;;;NA;;;;;NA;NA;NA;NA;NA;NA;NA;NA;NA;NA;NA;dls;;;,,,,,,
komo;2010-10-10;;serena.s;;;2010-11-14;;;;DFS assigned by field, no associated session;2011-07-02;;;;DenGrad info not in table, instead taken from tblHyenas;2011-11-07;;;;;NA;;;;;NA;NA;NA;NA;NA;NA;NA;NA;NA;NA;2017-05-26;dls;fate unknown;;,,,,
kon;1995-01-25;;talek;;;1995-01-31;;;;;1995-10-24;;;0.5;;1996-07-15;;;;;NA;;;;;NA;NA;NA;NA;NA;NA;NA;NA;NA;NA;2000-06-16;dls;dispersed;;,,,,,,
kona;2021-01-06;;kcm;;;2021-07-23;;;;;2021-07-23;error;;22200;Never seen at den;NA;;;;;NA;;;;;NA;NA;NA;NA;NA;NA;NA;NA;NA;NA;NA;;;;,,,,,,
kong;NA;;;;;2021-07-27;;;;;NA;;;;;NA;;;;;NA;;;;;NA;NA;NA;NA;NA;NA;NA;NA;NA;NA;NA;;;;,,,,,,
kopa;2012-08-08;;talek;;;2012-09-18;;;;;NA;dbg;;;;NA;dbw;;;;NA;;;;;NA;NA;NA;NA;NA;NA;NA;NA;NA;NA;2013-03-30;dls;inferred dead;;,,,,,,
korb;2012-05-27;;serena.s;;;2012-07-08;;;;;2013-05-19;;;;DenGrad info not in table, instead taken from tblHyenas;NA;dbw;;;;NA;;;;;NA;NA;NA;NA;NA;NA;NA;NA;NA;NA;2013-07-07;dls;;;check EventStatus and EventData,,,,,
kori;NA;;serena.s;;;2008-11-17;;;;;NA;;;;;NA;;;;;NA;;;;;NA;NA;NA;NA;NA;NA;NA;NA;NA;NA;2009-01-18;dls;fate unknown;;,,,,,,
kors;2020-05-27;;serena.s;;;2020-08-03;;;;;NA;;;;;NA;;;;;NA;;;;;NA;NA;NA;NA;NA;NA;NA;NA;NA;NA;2021-02-17;dls;;;,,,,,,
kpa;NA;;talek;;;1997-06-01;;;;;NA;;;;;NA;;;;;NA;;;;;NA;NA;NA;NA;NA;NA;NA;NA;NA;NA;1997-06-01;dls;fate unknown;;,,,,,,
kpo;2004-11-27;;oltukai;;;2005-01-01;;;;;NA;;;;;NA;;;;;NA;;;;;NA;NA;NA;NA;NA;NA;NA;NA;NA;NA;2005-07-11;;;;check EventStatus and EventData,,,,,,
kpop;2017-02-06;;pond;;;2017-05-04;;;;;2018-01-12;;;;DenGrad info not in table, instead taken from tblHyenas;NA;;;;;NA;;;;;NA;NA;NA;NA;NA;NA;NA;NA;NA;NA;2018-03-27;dls;;;,,,,,
kpri;2021-02-01;;serena.s;;;2021-02-19;;;;;NA;;;;;NA;;;;;NA;;;;;NA;NA;NA;NA;NA;NA;NA;NA;NA;NA;2021-02-19;dls;;;,,,,,,
kq;2015-07-24;;happy.zebra;;;2015-09-15;;;;;NA;;;;;NA;dbw;;;;NA;;;;;NA;NA;NA;NA;NA;NA;NA;NA;NA;NA;2016-03-06;dls;;;,,,,,,
krab;2019-01-23;;serena.n;;;2019-03-12;;;;;NA;;;;;NA;;;;;NA;;;;;NA;NA;NA;NA;NA;NA;NA;NA;NA;NA;2019-03-20;dls;;;,,,,,,
krav;2017-04-01;;happy.zebra;;;2017-05-01;;;;;NA;;;;;NA;;;;;NA;;;;;NA;NA;NA;NA;NA;NA;NA;NA;NA;NA;2017-05-31;dls;;;,,,,,,
krgr;2009-04-10;;serena.s;;;2009-05-12;;;;;2010-04-10;;;;DenGrad info not in table, instead taken from tblHyenas;2009-12-06;;;;;NA;;;;;NA;NA;NA;NA;NA;NA;NA;NA;NA;NA;2010-05-02;dls;fate unknown;;,,,,,
krk;1992-01-10;;talek;;;1992-02-19;;;;;1992-08-15;;;0.5;;1993-03-28;;;;;NA;;;;;NA;NA;NA;NA;NA;NA;NA;NA;NA;NA;1994-02-06;dls;dispersed;;,,,,,,
krkl;2009-11-22;;;;;NA;;;;;NA;;;;;NA;;;;;NA;;;;;NA;NA;NA;NA;NA;NA;NA;NA;NA;NA;NA;;;;,,,,,,
krkn;2016-10-08;;happy.zebra;;;2016-11-28;;;;;NA;;;;;NA;;;;;NA;;;;;NA;NA;NA;NA;NA;NA;NA;NA;NA;NA;NA;dls;;;,,,,,,
krne;2022-12-18;;serena.n;;;2023-01-14;;;;;NA;;;;;NA;;;;;NA;;;;;NA;NA;NA;NA;NA;NA;NA;NA;NA;NA;NA;;;;,,,,,,
kro;2003-07-23;;talek.e;;;2003-09-12;;;;;2004-06-01;;;79;;2004-06-26;;;11;;2005-10-02;dispersal;unknown;;;NA;NA;NA;NA;NA;NA;NA;NA;NA;NA;2006-10-18;dls;;;,,,,,,
krst;2008-10-15;;serena.n;;;2009-01-24;;;;;2009-09-12;;;;DenGrad info not in table, instead taken from tblHyenas;2009-09-20;;;;;NA;;;;;NA;NA;NA;NA;NA;NA;NA;NA;NA;NA;2012-10-09;dls;fate unknown;;,,,,,
krug;NA;;;;;NA;;;;;NA;;;;;NA;;;;;NA;;;;;NA;NA;NA;NA;NA;NA;NA;NA;NA;NA;NA;;;;,,,,,,
kryp;2007-11-01;;talek;;;2008-04-13;;;;;2008-09-16;;;1;;2008-08-28;;;4.5;;NA;;;;;NA;NA;NA;NA;NA;NA;NA;NA;NA;NA;2010-07-22;dls;dispersed;;,,,,,,
ks;NA;;serena.s;;;2008-11-17;;;;;NA;;;;;NA;;;;;NA;;;;;NA;NA;NA;NA;NA;NA;NA;NA;NA;NA;2016-05-26;dls;fate unknown;;,,,,,,
ksi;2005-01-03;;talek;;;2005-06-29;;;;;2005-10-17;;;0.5;;2006-02-08;;;1;;2008-05-25;dispersal;fig.tree;;;NA;NA;NA;NA;NA;NA;NA;NA;NA;NA;2009-08-21;dls;;;,,,,,,
ksmu;NA;;talek;;;2012-11-16;;;;;NA;;;;;NA;;;;;NA;;;;;NA;NA;NA;NA;NA;NA;NA;NA;NA;NA;2014-03-10;dls;fate unknown;;,,,,,,
ktn;2000-12-15;;talek.w;;;2001-04-02;;;;;NA;;;;;2001-06-15;;;2;;NA;;;;;NA;NA;NA;NA;NA;NA;NA;NA;NA;NA;2003-01-22;;;;check EventStatus and EventData,,,,,,
kto;NA;;talek;;;2003-08-25;;;;;NA;;;;;NA;;;;;NA;;;;;NA;NA;NA;NA;NA;NA;NA;NA;NA;NA;2015-09-24;dls;dispersed;;,,,,,,
kv;NA;;musiara;;;2002-07-06;;;;;NA;;;;;NA;;;;;NA;;;;;NA;NA;NA;NA;NA;NA;NA;NA;NA;NA;NA;;;;,,,,,,
kwak;2021-01-05;;cool.beans;;;2021-02-19;;;;;NA;;;;;NA;;;;;NA;;;;;NA;NA;NA;NA;NA;NA;NA;NA;NA;NA;2021-02-19;dls;;;,,,,,,
kwan;2014-03-30;;talek;;;2014-04-16;;;;;NA;dbg;;;;NA;dbw;;;;NA;;;;;NA;NA;NA;NA;NA;NA;NA;NA;NA;NA;2014-05-13;dls;inferred dead;;,,,,,,
kxb;1992-01-10;;talek;;;1992-02-19;;;;;1992-08-15;;;0.5;;1993-03-28;;;;;NA;;;;;NA;NA;NA;NA;NA;NA;NA;NA;NA;NA;1994-02-23;dls;dispersed;;,,,,,,
ky;1989-08-05;;talek;;;1989-09-05;;;;;1990-04-18;;;1;;NA;;;;;NA;;;;;NA;NA;NA;NA;NA;NA;NA;NA;NA;NA;1990-05-20;dead;;;,,,,,,
kzoo;NA;;mara.river;;;2006-09-11;;;;;NA;;;;;NA;;;;;NA;;;;;NA;NA;NA;NA;NA;NA;NA;NA;NA;NA;2010-07-07;dls;;;check EventStatus and EventData,,,,,,
l&f;NA;;talek;;;1994-06-25;;;;;NA;;;;;NA;;;;;NA;;;;;NA;NA;NA;NA;NA;NA;NA;NA;NA;NA;1994-06-25;dls;fate unknown;;,,,,,,
lady;2012-11-17;;serena.n;;;2012-12-19;;;;;2013-06-27;;;;DenGrad info not in table, instead taken from tblHyenas;2013-10-05;;;;;NA;;;;;NA;NA;NA;NA;NA;NA;NA;NA;NA;NA;2019-02-02;dls;;;,,,,,
lag;2017-05-23;;talek.w;;;2017-06-28;;;;;NA;;;;;NA;;;;;NA;;;;;NA;NA;NA;NA;NA;NA;NA;NA;NA;NA;2018-02-04;dls;;;,,,,,,
lak;2009-06-15;;talek;;;2009-08-10;;;;;NA;dbg;;;;NA;dbw;;;;NA;;;;;NA;NA;NA;NA;NA;NA;NA;NA;NA;NA;2009-08-13;dls;inferred dead;;,,,,,,
lala;2021-12-17;;pond;;;2022-04-01;;;;;2022-12-17;error;;75.5;Graduated based on DOB;NA;;;;;NA;;;;;NA;NA;NA;NA;NA;NA;NA;NA;NA;NA;NA;;;;,,,,,,
lali;2014-10-31;;serena.n;;;2014-12-06;;;;;NA;;;;;2015-05-21;error;;54;;NA;;;;;NA;NA;NA;NA;NA;NA;NA;NA;NA;NA;2016-04-12;dls;;;,,,,,,
lam;NA;;talek;;;1998-11-14;;;;;NA;;;;;NA;;;;;NA;;;;;NA;NA;NA;NA;NA;NA;NA;NA;NA;NA;1998-11-14;dls;fate unknown;;,,,,,,
lamm;2014-12-01;;fig.tree;;;2015-01-18;;;;;NA;;;;;NA;;;;;NA;;;;;NA;NA;NA;NA;NA;NA;NA;NA;NA;NA;NA;dls;;;,,,,,,
lamu;NA;;talek;;;2011-11-13;;;;;NA;;;;;NA;;;;;2016-05-01;fission;talek;;;NA;NA;NA;NA;NA;NA;NA;NA;NA;NA;2016-05-05;dls;dispersed;;,,,,,,
lan;NA;;talek;;;1997-03-02;;;;;NA;;;;;NA;;;;;NA;;;;;NA;NA;NA;NA;NA;NA;NA;NA;NA;NA;1997-03-02;dls;fate unknown;;,,,,,,
lana;2016-10-17;;kcm;;;2016-12-06;;;;;2018-02-27;error;;37;;NA;;;;;NA;;;;;NA;NA;NA;NA;NA;NA;NA;NA;NA;NA;NA;dls;;;,,,,,,
lanc;2015-02-04;;happy.zebra;;;2015-04-01;;;;;2015-09-21;;;;DenGrad info not in table, instead taken from tblHyenas;2015-11-13;;;7;;NA;;;;;NA;NA;NA;NA;NA;NA;NA;NA;NA;NA;NA;dls;;;,,,,,
lang;2010-11-14;;fig.tree;;;2010-12-19;;;;;NA;;;;;NA;;;;;NA;;;;;NA;NA;NA;NA;NA;NA;NA;NA;NA;NA;2011-01-07;dls;inferred dead;;,,,,,,
lani;2022-10-30;;happy.zebra;;;2023-01-09;;;;;NA;;;;;NA;;;;;NA;;;;;NA;NA;NA;NA;NA;NA;NA;NA;NA;NA;2023-03-31;dls;inferred dead;;KDSL:young cub but should check notes too,,,,,,
lans;NA;;talek;;;2008-10-16;;;;;NA;;;;;NA;;;;;NA;;;;;NA;NA;NA;NA;NA;NA;NA;NA;NA;NA;2010-08-16;dls;dispersed;;,,,,,,
lapi;2021-05-15;;talek;;;2021-07-23;;;;;2021-09-22;error;;25.5;;NA;;;;;NA;;;;;NA;NA;NA;NA;NA;NA;NA;NA;NA;NA;NA;;;;,,,,,,
lar;NA;;talek;;;1998-12-18;;;;;NA;;;;;NA;;;;;NA;;;;;NA;NA;NA;NA;NA;NA;NA;NA;NA;NA;1999-01-14;dls;fate unknown;;,,,,,,
lari;2016-10-31;;talek;;;2016-12-13;;;;;2017-10-23;;;;DenGrad info not in table, instead taken from tblHyenas;NA;;;;;NA;;;;;NA;NA;NA;NA;NA;NA;NA;NA;NA;NA;2020-01-05;dls;;;,,,,,
larm;2013-11-10;;mara.river;;;2013-11-10;;;;;NA;;;;;NA;;;;;NA;;;;;NA;NA;NA;NA;NA;NA;NA;NA;NA;NA;NA;dls;;;,,,,,,
larr;NA;;fig.tree;;;1992-12-30;;;;;NA;;;;;NA;;;;;NA;;;;;NA;NA;NA;NA;NA;NA;NA;NA;NA;NA;1992-12-30;dls;;;check EventStatus and EventData,,,,,,
lars;NA;;talek;;;1996-09-06;;;;;NA;;;;;NA;;;;;NA;;;;;NA;NA;NA;NA;NA;NA;NA;NA;NA;NA;1996-09-06;dls;fate unknown;;,,,,,,
lav;2008-02-20;;talek;;;2008-05-11;;;;;2008-10-15;;;0.5;;2008-10-23;;;1.5;;2010-11-22;dispersal;unknown;;;NA;NA;NA;NA;NA;NA;NA;NA;NA;NA;2011-06-16;dls;;;,,,,,,
lava;2021-05-11;;happy.zebra;;;2021-07-19;;;;;2022-05-11;error;;52.2;Cub automatically den graduated based on birthdate;NA;;;;;NA;;;;;NA;NA;NA;NA;NA;NA;NA;NA;NA;NA;NA;;;;,,,,,,
lax;NA;;unknown;;;2019-07-17;;;;;NA;;;;;NA;;;;;2019-07-17;dispersal;talek;;;NA;NA;NA;NA;NA;NA;NA;NA;NA;NA;2021-02-03;dls;;;,,,,,,
lay;2022-07-20;;serena.n;;;2022-10-03;;;;;2023-07-20;;;;KDSL, no info from the field RE error or date calc;NA;;;;;NA;;;;;NA;NA;NA;NA;NA;NA;NA;NA;NA;NA;NA;;;;,,,,,
laya;2019-12-24;;cool.beans;;;2020-02-11;;;;;NA;;;;;NA;;;;;NA;;;;;NA;NA;NA;NA;NA;NA;NA;NA;NA;NA;2020-02-16;dls;;;,,,,,,
lazr;2014-04-01;;talek;;;2014-07-03;;;;;2014-12-04;;;18.5;;2015-01-28;error;;49;;NA;;;;;NA;NA;NA;NA;NA;NA;NA;NA;NA;NA;2016-01-20;dls;inferred dead;;,,,,,,
lazy;2013-12-01;;talek;;;2014-01-12;;;;;NA;dbg;;;;NA;dbw;;;;NA;;;;;NA;NA;NA;NA;NA;NA;NA;NA;NA;NA;2014-05-29;dead;starved (poison, april 2014);;,,,,,
lb;2011-12-12;;mara.river;;;2012-01-30;;;;;NA;;;;;NA;;;;;NA;;;;;NA;NA;NA;NA;NA;NA;NA;NA;NA;NA;1992-07-11;dls;;;check EventStatus and EventData,,,,,,
lbg;NA;;mara.river;;;2001-09-19;;;;;NA;;;;;NA;;;;;NA;;;;;NA;NA;NA;NA;NA;NA;NA;NA;NA;NA;2003-02-15;dls;fate unknown;;,,,,,,
lbj;2010-01-10;;;;;NA;;;;;NA;;;;;NA;;;;;NA;;;;;NA;NA;NA;NA;NA;NA;NA;NA;NA;NA;NA;;;;,,,,,,
lbm;1993-09-15;;talek;;;1993-10-16;;;;;NA;;;;;NA;;;;;NA;;;;;NA;NA;NA;NA;NA;NA;NA;NA;NA;NA;1994-03-05;dead;;;,,,,,,
lbn;NA;;talek;;;1995-11-10;;;;;NA;;;;;NA;;;;;NA;;;;;NA;NA;NA;NA;NA;NA;NA;NA;NA;NA;1995-11-10;dead;;;,,,,,,
lboy;NA;;;;;2008-11-01;;;;;NA;;;;;NA;;;;;2008-11-01;dispersal;happy.zebra;;;NA;NA;NA;NA;NA;NA;NA;NA;NA;NA;2012-03-13;dls;fate unknown;;check EventStatus and EventData,,,,,,
lbra;2020-11-24;;serena.n;;;2021-02-15;;;;;NA;;;;;NA;;;;;NA;;;;;NA;NA;NA;NA;NA;NA;NA;NA;NA;NA;2021-06-05;dls;;;mother died before weaning,,,,,,
lbs;NA;;talek;;;1991-06-24;;;;;NA;;;;;NA;;;;;NA;;;;;NA;NA;NA;NA;NA;NA;NA;NA;NA;NA;1991-06-24;dls;fate unknown;;,,,,,,
lbsl;NA;;talek;;;1995-06-07;;;;;NA;;;;;NA;;;;;NA;;;;;NA;NA;NA;NA;NA;NA;NA;NA;NA;NA;1995-06-13;dls;fate unknown;;,,,,,,
lcb;NA;;talek;;;1991-11-17;;;;;NA;;;;;NA;;;;;NA;;;;;NA;NA;NA;NA;NA;NA;NA;NA;NA;NA;1991-11-17;dls;fate unknown;;,,,,,,
lcd;NA;;talek;;;1989-11-12;;;;;NA;;;;;NA;;;;;NA;;;;;NA;NA;NA;NA;NA;NA;NA;NA;NA;NA;1990-03-10;dls;dispersed;;,,,,,,
lcs;NA;;serena.n;;;2008-06-24;;;;;NA;;;;;NA;;;;;NA;;;;;NA;NA;NA;NA;NA;NA;NA;NA;NA;NA;2022-08-02;dls;;;,,,,,,
lcst;2010-11-06;;mara.river;;;NA;;;;;NA;;;;;NA;;;;;NA;;;;;NA;NA;NA;NA;NA;NA;NA;NA;NA;NA;NA;dls;;;,,,,,,
ldn;1988-06-01;;talek;;;1988-06-29;;;;;NA;;;;;1988-10-07;;;;;NA;;;;;NA;NA;NA;NA;NA;NA;NA;NA;NA;NA;1988-12-08;dls;inferred dead;;starvation,,,,,,
ldv;1997-11-24;;talek;;;1997-12-19;;;;;1998-08-06;;;0.5;;1999-03-13;;;1.5;;NA;;;;;NA;NA;NA;NA;NA;NA;NA;NA;NA;NA;2007-04-23;dead;lions;;estimated date of death from necropsy sheet. Skull collected and mortality signal picked up 24-Apr-07, DLS alive 07-Apr-07,,,,,
ldz;1996-10-13;;talek;;;1996-11-26;;;;;NA;;;;;NA;;;;;NA;;;;;NA;NA;NA;NA;NA;NA;NA;NA;NA;NA;1996-12-15;dead;;;,,,,,,
leak;NA;;oltukai;;;2003-09-02;;;;;NA;;;;;NA;;;;;NA;;;;;NA;NA;NA;NA;NA;NA;NA;NA;NA;NA;NA;;;;,,,,,,
lear;2001-08-10;;talek;;;2001-09-20;;;;;NA;;;;;NA;dbw;;;;NA;;;;;NA;NA;NA;NA;NA;NA;NA;NA;NA;NA;2001-10-07;dls;;;,,,,,,
lee;2011-07-16;;talek;;;2011-11-05;;;;;2012-07-09;;;1;;2012-10-24;;;16;;NA;;;;;NA;NA;NA;NA;NA;NA;NA;NA;NA;NA;2013-02-12;dls;inferred dead;;,,,,,,
lefi;2016-05-15;;serena.s;;;2016-07-14;;;;;2017-02-25;;;;DenGrad info not in table, instead taken from tblHyenas;NA;;;;;NA;;;;;NA;NA;NA;NA;NA;NA;NA;NA;NA;NA;2019-02-03;dls;;;,,,,,
leg;NA;;mara.river;;;2003-08-31;;;;;NA;;;;;NA;;;;;NA;;;;;NA;NA;NA;NA;NA;NA;NA;NA;NA;NA;2010-09-02;dls;;;check EventStatus and EventData,,,,,,
lelo;2011-11-02;;happy.zebra;;;2011-11-30;;;;;NA;;;;;NA;dbw;;;;NA;;;;;NA;NA;NA;NA;NA;NA;NA;NA;NA;NA;2012-06-13;dls;;;,,,,,,
lem;2011-07-10;;mara.river;;;2012-01-30;;;;;NA;;;;;NA;;;;;NA;;;;;NA;NA;NA;NA;NA;NA;NA;NA;NA;NA;2013-06-09;dls;;;check EventStatus and EventData,,,,,,
len;2003-03-04;;talek;;;2003-04-24;;;;;2003-11-13;;;2;;2004-01-18;;;0;;NA;;;;;NA;NA;NA;NA;NA;NA;NA;NA;NA;NA;2004-05-18;dls;inferred dead;;,,,,,,
lena;2022-05-06;;kcm;;;2022-08-13;;;;;2022-12-06;error;;10;Dec 15 AM and PM;NA;;;;;NA;;;;;NA;NA;NA;NA;NA;NA;NA;NA;NA;NA;NA;;;;,,,,,,
leo;2017-05-25;;talek.w;;;2017-08-11;;;;;2018-03-11;error;;8.5;;NA;;;;;NA;;;;;NA;NA;NA;NA;NA;NA;NA;NA;NA;NA;NA;dls;;;,,,,,,
let;NA;;talek;;;1994-07-29;;;;;NA;;;;;NA;;;;;NA;;;;;NA;NA;NA;NA;NA;NA;NA;NA;NA;NA;1994-07-29;dls;fate unknown;;,,,,,,
lev;NA;;serena.s;;;2008-11-25;;;;;NA;;;;;NA;;;;;NA;;;;;NA;NA;NA;NA;NA;NA;NA;NA;NA;NA;2009-10-30;;;;check EventStatus and EventData,,,,,,
levi;2010-01-13;;talek;;;2010-01-27;;;;;NA;dbg;;;;NA;dbw;;;;NA;;;;;NA;NA;NA;NA;NA;NA;NA;NA;NA;NA;2010-01-27;dls;inferred dead;;,,,,,,
lewa;2015-07-12;;talek;;;2016-03-12;;;;;NA;;;;;2016-05-02;;;19;;2016-05-01;fission;kcm;;;NA;NA;NA;NA;NA;NA;NA;NA;NA;NA;2018-08-06;dls;;;,,,,,,
lexi;NA;;unknown;;;2020-01-02;;;;;NA;;;;;NA;;;;;NA;;serena.s;;;NA;NA;NA;NA;NA;NA;NA;NA;NA;NA;NA;;;;,,,,,,
lf;1993-12-10;;talek;;;1993-12-15;;;;;1994-08-23;;;1.5;;1994-09-10;;;;;NA;;;;;NA;NA;NA;NA;NA;NA;NA;NA;NA;NA;1994-12-01;dead;;;,,,,,,
lfl;NA;;fig.tree;;;1995-07-20;;;;;NA;;;;;NA;;;;;NA;;;;;NA;NA;NA;NA;NA;NA;NA;NA;NA;NA;1995-07-20;dls;fate unknown;;,,,,,,
lftm;2018-10-26;;serena.n;;;2019-01-31;;;;;2019-10-26;;;2.5;graduated by turning 1 yo;NA;;;;;NA;;;;;NA;NA;NA;NA;NA;NA;NA;NA;NA;NA;2022-03-24;dls;;;,,,,,,
lfty;NA;;olare;;;2008-08-19;;;;;NA;;;;;NA;;;;;NA;;;;;NA;NA;NA;NA;NA;NA;NA;NA;NA;NA;NA;;;;,,,,,,
lg;1982-06-01;;talek;;;1982-06-01;;;;;NA;;;;;NA;;;;;NA;;;;;NA;NA;NA;NA;NA;NA;NA;NA;NA;NA;1999-04-16;dls;inferred dead;;,,,,,,
lgmg;NA;;;;;2004-07-28;;;;;NA;;;;;NA;;;;;NA;;;;;NA;NA;NA;NA;NA;NA;NA;NA;NA;NA;2004-08-05;dls;inferred dead;;,,,,,,
lgnd;2016-07-04;;talek;;;2016-07-27;;;;;2015-01-19;;;;;2017-08-01;;;0.5;;NA;;;;;NA;NA;NA;NA;NA;NA;NA;NA;NA;NA;NA;dls;;;,,,,,,
lgo;NA;;serena.n;;;2008-06-25;;;;;NA;;;;;NA;;;;;NA;;;;;NA;NA;NA;NA;NA;NA;NA;NA;NA;NA;2011-09-19;;;;check EventStatus and EventData,,,,,,
lh;1987-09-01;;talek;;;1988-06-26;;;;;NA;;;;;1988-06-26;;;;;NA;;;;;NA;NA;NA;NA;NA;NA;NA;NA;NA;NA;1990-09-25;dead;;;,,,,,,
lia;NA;;oltukai;;;2005-05-28;;;;;NA;;;;;NA;dbw;;;;NA;;;;;NA;NA;NA;NA;NA;NA;NA;NA;NA;NA;2005-07-10;dls;;;,,,,,,
life;2016-12-12;;serena.n;;;2017-02-09;;;;;NA;;;;;NA;;;;;NA;;;;;NA;NA;NA;NA;NA;NA;NA;NA;NA;NA;2017-03-11;dls;;;,,,,,,
lil;1993-06-26;;talek;;;1993-07-24;;;;;NA;;;;;NA;;;;;NA;;;;;NA;NA;NA;NA;NA;NA;NA;NA;NA;NA;1993-09-26;dead;;;,,,,,,
lily;NA;;talek.e;;;2012-06-18;;;;;NA;;;;;NA;;;;;NA;;;;;NA;NA;NA;NA;NA;NA;NA;NA;NA;NA;2012-06-18;;;;check EventStatus and EventData,,,,,,
lim;NA;;talek;;;1999-07-23;;;;;NA;;;;;NA;;;;;NA;;;;;NA;NA;NA;NA;NA;NA;NA;NA;NA;NA;2008-10-18;dls;dispersed;;,,,,,,
limb;2021-03-29;;kcm;;;2022-03-29;;;;;2022-03-29;error;;22324.5;Graduated based on DOB, never seen at den;NA;;;;;NA;;;;;NA;NA;NA;NA;NA;NA;NA;NA;NA;NA;NA;;;;,,,,,
lime;2022-09-19;;serena.s;;;2022-10-05;;;;;NA;;;;;NA;;;;;NA;;;;;NA;NA;NA;NA;NA;NA;NA;NA;NA;NA;2022-10-05;dls;;;,,,,,,
limp;NA;;talek;;;1995-08-24;;;;;NA;;;;;NA;;;;;NA;;;;;NA;NA;NA;NA;NA;NA;NA;NA;NA;NA;1995-08-24;dls;fate unknown;;,,,,,,
lina;2017-04-26;;pond;;;2017-06-08;;;;;NA;;;;;NA;;;;;NA;;;;;NA;NA;NA;NA;NA;NA;NA;NA;NA;NA;2018-02-27;dls;;;,,,,,,
linc;1996-10-23;;talek;;;1996-11-27;;;;;1997-06-29;;;0.5;;1997-11-10;;;2;;NA;;;;;NA;NA;NA;NA;NA;NA;NA;NA;NA;NA;2001-01-05;dls;dispersed;;,,,,,,
ling;2022-03-16;;kcm;;;2022-08-01;;;;;NA;;;;;NA;;;;;NA;;;;;NA;NA;NA;NA;NA;NA;NA;NA;NA;NA;NA;;;;,,,,,,
link;2011-10-14;;talek;;;2011-10-20;;;;;NA;dbg;;;;NA;dbw;;;;NA;;;;;NA;NA;NA;NA;NA;NA;NA;NA;NA;NA;2012-04-29;dls;;;,,,,,,
linl;NA;;airstrip;;;2003-07-20;;;;;NA;;;;;NA;;;;;NA;;;;;NA;NA;NA;NA;NA;NA;NA;NA;NA;NA;2003-12-08;;;;check EventStatus and EventData,,,,,,
lip;NA;;talek;;;1998-09-12;;;;;NA;;;;;NA;;;;;NA;;;;;NA;NA;NA;NA;NA;NA;NA;NA;NA;NA;1998-09-12;dls;fate unknown;;,,,,,,
lira;1995-11-18;;talek;;;1996-01-02;;;;;NA;;;;;NA;dbw;;;;NA;;;;;NA;NA;NA;NA;NA;NA;NA;NA;NA;NA;1996-03-22;dead;;;,,,,,,
lita;2018-11-02;;talek;;;2018-12-28;;;;;2019-07-21;;;1;;NA;;;;;NA;;;;;NA;NA;NA;NA;NA;NA;NA;NA;NA;NA;2019-11-17;dls;;;,,,,,,
litl;2021-04-07;;talek;;;2021-11-07;;;;;2022-03-24;error;;22322;Never seen at den;NA;;;;;NA;;;;;NA;NA;NA;NA;NA;NA;NA;NA;NA;NA;NA;;;;,,,,,,
live;2019-09-22;;talek;;;2020-09-28;;;;;2020-09-22;error;;22048;Graduated based on DOB, before DFS;NA;;;;;NA;;;;;NA;NA;NA;NA;NA;NA;NA;NA;NA;NA;NA;;;;,,,,,
livt;2017-11-30;;kcm;;;2018-08-16;;;;;2018-08-16;error;;21664;LIVT was never seen at the den, hence the large error term;NA;;;;;NA;;;;;NA;NA;NA;NA;NA;NA;NA;NA;NA;NA;NA;;;;,,,,,
liz;2020-11-14;;serena.n;;;2021-02-15;;;;;2021-08-16;;;0;Lv wlk, away from den, >200 from den;NA;;;;;NA;;;;;NA;NA;NA;NA;NA;NA;NA;NA;NA;NA;NA;;;;,,,,
liza;2019-11-13;;pond;;;2020-02-16;;;;;NA;;;;;NA;;;;;NA;;;;;NA;NA;NA;NA;NA;NA;NA;NA;NA;NA;2020-07-17;dls;;;,,,,,,
lj;2005-04-15;;talek;;;2005-08-04;;;;;2005-09-27;;;3;;NA;dbw;;;;NA;;;;;NA;NA;NA;NA;NA;NA;NA;NA;NA;NA;2005-11-20;dls;inferred dead;;,,,,,,
ljoy;NA;;fig.tree;;;1992-11-29;;;;;NA;;;;;NA;;;;;NA;;;;;NA;NA;NA;NA;NA;NA;NA;NA;NA;NA;1993-03-25;dls;;;check EventStatus and EventData,,,,,,
lk;2001-11-19;;talek;;;2002-01-06;;;;;NA;;;;;NA;;;;;NA;;;;;NA;NA;NA;NA;NA;NA;NA;NA;NA;NA;2002-01-16;dls;;;,,,,,,
lky;2005-06-01;;talek.e;;;2005-07-16;;;;;NA;dbg;;;;NA;;;;;NA;;;;;NA;NA;NA;NA;NA;NA;NA;NA;NA;NA;2005-07-20;dls;;;,,,,,,
ll2;NA;;llion;;;1995-07-02;;;;;NA;;;;;NA;;;;;NA;;;;;NA;NA;NA;NA;NA;NA;NA;NA;NA;NA;1995-07-02;dead;lions;;,,,,,,
llam;NA;;llion;;;1994-07-04;;;;;NA;;;;;NA;;;;;NA;;;;;NA;NA;NA;NA;NA;NA;NA;NA;NA;NA;1994-07-04;dead;;;,,,,,,
lln;NA;;fig.tree;;;2007-06-29;;;;;NA;;;;;NA;;;;;NA;;;;;NA;NA;NA;NA;NA;NA;NA;NA;NA;NA;2009-01-07;dls;unk;;,,,,,,
lma;NA;;;;;2002-10-08;;;;;NA;;;;;NA;;;;;2002-10-08;dispersal;talek.e;;;NA;NA;NA;NA;NA;NA;NA;NA;NA;NA;2005-12-03;dls;dispersed;;,,,,,,
lmbo;2016-12-28;;serena.s;;;2017-01-18;;;;;2017-08-12;;;;DenGrad info not in table, instead taken from tblHyenas;NA;;;;;NA;;;;;NA;NA;NA;NA;NA;NA;NA;NA;NA;NA;NA;dls;;;,,,,,
lnce;2008-07-20;;happy.zebra;;;2008-08-20;;;;;2009-03-14;;;;DenGrad info not in table, instead taken from tblHyenas;2008-12-25;error;;53;;NA;;;;;NA;NA;NA;NA;NA;NA;NA;NA;NA;NA;2010-05-09;dls;fate unknown;;,,,,,
lndo;2012-05-27;;serena.s;;;2012-07-09;;;;;NA;;;;;NA;dbw;;;;NA;;;;;NA;NA;NA;NA;NA;NA;NA;NA;NA;NA;2012-08-09;dls;;;,,,,,,
lnki;2012-09-14;;mara.river;;;2013-05-14;;;;;NA;;;;;NA;;;;;NA;;;;;NA;NA;NA;NA;NA;NA;NA;NA;NA;NA;2013-08-25;dls;;;check EventStatus and EventData,,,,,,
lno;NA;;serena.s;;;2009-01-20;;;;;NA;;;;;NA;;;;;NA;;;;;NA;NA;NA;NA;NA;NA;NA;NA;NA;NA;2009-01-27;dls;fate unknown;;,,,,,,
lns;NA;;oz valley;;;2008-11-02;;;;;NA;;;;;NA;;;;;NA;;;;;NA;NA;NA;NA;NA;NA;NA;NA;NA;NA;NA;;;;,,,,,,
lntl;2021-01-15;;serena.n;;;2021-04-30;;;;;2021-08-10;;;0;13Aug21 = away from den;NA;;;;;NA;;;;;NA;NA;NA;NA;NA;NA;NA;NA;NA;NA;NA;;;;,,,,,,
lnx;2006-03-01;;mara.river;;;2006-03-11;;;;;2006-10-11;;;;DenGrad info not in table, instead taken from tblHyenas;NA;;;;;NA;;;;;NA;NA;NA;NA;NA;NA;NA;NA;NA;NA;NA;dls;;;,,,,,
lob;2020-05-10;;talek;;;2021-02-20;;;;;2021-02-20;error;;22123.5;Never seen at den, first tick based on DFS, not in notes;NA;;;;;NA;;;;;NA;NA;NA;NA;NA;NA;NA;NA;NA;NA;NA;;;;,,,,
lobi;2017-09-19;;serena.n;;;2017-10-17;;;;;2018-09-14;grad;;1.5;;NA;;;;;NA;;;;;NA;NA;NA;NA;NA;NA;NA;NA;NA;NA;NA;;;;,,,,,,
lobo;2020-04-15;;kcm;;;2021-07-20;;;;;2021-04-15;error;;22150.5;Graduated based on DOB, before DFS;NA;;;;;NA;;;;;NA;NA;NA;NA;NA;NA;NA;NA;NA;NA;NA;;;;,,,,,
lock;2010-11-08;;happy.zebra;;;2010-12-13;;;;;2011-11-08;;;;DenGrad info not in table, instead taken from tblHyenas;NA;;;;;NA;;;;;NA;NA;NA;NA;NA;NA;NA;NA;NA;NA;2012-05-18;dls;fate unknown;;,,,,,
logc;2010-02-11;;serena.n;;;2010-03-07;;;;;2010-12-17;;;;DenGrad info not in table, instead taken from tblHyenas;2011-04-09;;;;;NA;;;;;NA;NA;NA;NA;NA;NA;NA;NA;NA;NA;2015-10-02;dls;fate unknown;;,,,,,
loha;2015-10-29;;talek;;;2016-01-29;;;;;NA;;;;;NA;dbw;;;;NA;;;;;NA;NA;NA;NA;NA;NA;NA;NA;NA;NA;2016-02-21;dls;inferred dead;;,,,,,,
loin;1999-10-15;;mara.river;;;2001-05-09;;;;;NA;;;;;NA;;;;;NA;;;;;NA;NA;NA;NA;NA;NA;NA;NA;NA;NA;2004-03-09;dls;;;check EventStatus and EventData,,,,,,
loki;2008-04-20;;talek;;;2008-05-20;;;;;2009-01-28;;;;;2009-02-24;;;;;NA;;;;;NA;NA;NA;NA;NA;NA;NA;NA;NA;NA;2014-04-12;dead;humans (poison - april 2014);;,,,,,,
lol;NA;;olare;;;2008-11-19;;;;;NA;;;;;NA;;;;;NA;;;;;NA;NA;NA;NA;NA;NA;NA;NA;NA;NA;NA;;;;,,,,,,
lola;2019-03-03;;kcm;;;2019-05-03;;;;;NA;;;;;NA;;;;;NA;;;;;NA;NA;NA;NA;NA;NA;NA;NA;NA;NA;2019-05-03;dls;;;,,,,,,
lole;2014-10-08;;happy.zebra;;;2014-10-29;;;;;2015-05-16;;;;DenGrad info not in table, instead taken from tblHyenas;2015-07-04;error;;44;;NA;;;;;NA;NA;NA;NA;NA;NA;NA;NA;NA;NA;2015-09-19;dls;;;,,,,,
loop;2014-09-22;;mara.river;;;2014-03-11;;;;;NA;;;;;NA;;;;;NA;;;;;NA;NA;NA;NA;NA;NA;NA;NA;NA;NA;NA;dls;;;,,,,,,
lop;1995-02-15;;talek;;;1995-03-27;;;;;1995-12-09;;;1;;1995-11-15;;;;;NA;;;;;NA;NA;NA;NA;NA;NA;NA;NA;NA;NA;1997-03-01;dead;;;,,,,,,
lop?;NA;;talek;;;1997-03-13;;;;;NA;;;;;NA;;;;;NA;;;;;NA;NA;NA;NA;NA;NA;NA;NA;NA;NA;1997-03-13;dls;inferred dead;;,,,,,,
lord;2016-10-22;;talek;;;2016-11-23;;;;;2017-08-22;;;;DenGrad info not in table, instead taken from tblHyenas;NA;;;;;NA;;;;;NA;NA;NA;NA;NA;NA;NA;NA;NA;NA;NA;dls;;;,,,,,
lore;2021-01-11;;kcm;;;2021-11-01;;;;;2022-01-11;error;;22286;Graduated based on DOB, never seen at den;NA;;;;;NA;;;;;NA;NA;NA;NA;NA;NA;NA;NA;NA;NA;NA;;;;,,,,,
lori;2022-04-02;;serena.s;;;2022-05-18;;;;;2022-12-22;;;8;>200, >200, >200, 2 ticks on 23Dec as we saw him in AM and PM obs;NA;;;;;NA;;;;;NA;NA;NA;NA;NA;NA;NA;NA;NA;NA;NA;;;;,,,
loth;2009-12-20;;fig.tree;;;2010-01-30;;;;;NA;;;;;NA;;;;;NA;;;;;NA;NA;NA;NA;NA;NA;NA;NA;NA;NA;2010-02-03;dls;unknown;;,,,,,,
lotu;2015-10-31;;talek;;;2016-01-13;;;;;NA;;;;;NA;dbw;;;;NA;;;;;NA;NA;NA;NA;NA;NA;NA;NA;NA;NA;2016-04-09;dls;inferred dead;;,,,,,,
lou;NA;;talek;;;2013-09-09;;;;;NA;;;;;NA;;;;;NA;;;;;NA;NA;NA;NA;NA;NA;NA;NA;NA;NA;2014-09-01;dls;dispersed;;,,,,,,
louv;2009-09-01;;fig.tree;;;2009-09-25;;;;;NA;;;;;NA;;;;;NA;;;;;NA;NA;NA;NA;NA;NA;NA;NA;NA;NA;2010-04-06;dls;unk;;,,,,,,
love;2019-01-29;;serena.n;;;2019-04-06;;;;;2019-10-04;;;4.5;;NA;;;;;NA;;;;;NA;NA;NA;NA;NA;NA;NA;NA;NA;NA;2020-08-04;dls;;;,,,,,,
lph;2001-06-15;;mara.river;;;2001-06-15;;;;;NA;;;;;NA;;;;;NA;;;;;NA;NA;NA;NA;NA;NA;NA;NA;NA;NA;2004-04-14;dls;;;check EventStatus and EventData,,,,,,
lpr;NA;;serena.n;;;2008-07-07;;;;;NA;;;;;NA;;;;;NA;;;;;NA;NA;NA;NA;NA;NA;NA;NA;NA;NA;2020-10-23;dls;;;,,,,,,
lrax;2015-12-14;;serena.s;;;2016-01-06;;;;;2016-09-13;;;;DenGrad info not in table, instead taken from tblHyenas;2016-09-26;;;13;;NA;;;;;NA;NA;NA;NA;NA;NA;NA;NA;NA;NA;2016-12-21;dls;;;LRAX? Seen on 5-Mar-17,,,,,
lsb;NA;;mara.river;;;2006-01-19;;;;;NA;;;;;NA;;;;;NA;;;;;NA;NA;NA;NA;NA;NA;NA;NA;NA;NA;2007-04-27;dls;;;check EventStatus and EventData,,,,,,
lsd;2010-01-04;;serena.n;;;2010-02-04;;;;;2010-11-21;;;;DenGrad info not in table, instead taken from tblHyenas;2010-09-09;;;;;NA;;;;;NA;NA;NA;NA;NA;NA;NA;NA;NA;NA;2011-06-06;dls;fate unknown;;,,,,,
lska;2018-03-30;;talek;;;2018-06-18;;;;;2018-11-29;grad;;1.5;;NA;;;;;NA;;;;;NA;NA;NA;NA;NA;NA;NA;NA;NA;NA;NA;dls;;;,,,,,,
lski;NA;;mara.river;;;2002-09-18;;;;;NA;;;;;NA;;;;;NA;;;;;NA;NA;NA;NA;NA;NA;NA;NA;NA;NA;2008-08-05;dls;;;check EventStatus and EventData,,,,,,
lstr;2013-12-22;;serena.s;;;2014-01-19;;;;;NA;;;;;NA;;;;;NA;;;;;NA;NA;NA;NA;NA;NA;NA;NA;NA;NA;2014-01-19;dls;;;,,,,,,
lt;NA;;talek;;;1993-08-07;;;;;NA;;;;;NA;;;;;NA;;;;;NA;NA;NA;NA;NA;NA;NA;NA;NA;NA;1993-11-16;dls;fate unknown;;,,,,,,
lth;NA;;serena.s;;;2008-11-16;;;;;NA;;;;;NA;;;;;NA;;;;;NA;NA;NA;NA;NA;NA;NA;NA;NA;NA;2009-02-04;dls;fate unknown;;,,,,,,
lu;2007-02-02;;fig.tree;;;2007-05-03;;;;;NA;;;;;NA;;;;;NA;;;;;NA;NA;NA;NA;NA;NA;NA;NA;NA;NA;2014-12-10;dls;;;check EventStatus and EventData,,,,,,
luc;NA;;fig.tree;;;1995-01-23;;;;;NA;;;;;NA;;;;;NA;;;;;NA;NA;NA;NA;NA;NA;NA;NA;NA;NA;1995-01-23;dls;fate unknown;;,,,,,,
luci;2019-01-16;;happy.zebra;;;2019-02-20;;;;;NA;;;;;NA;;;;;NA;;;;;NA;NA;NA;NA;NA;NA;NA;NA;NA;NA;2019-02-20;dls;;;,,,,,,
luck;NA;;talek;;;1995-12-02;;;;;NA;;;;;NA;;;;;NA;;;;;NA;NA;NA;NA;NA;NA;NA;NA;NA;NA;1995-12-02;dls;fate unknown;;,,,,,,
lucy;1997-09-01;;talek;;;1997-10-01;;;;;NA;;;;;NA;;;;;NA;;;;;NA;NA;NA;NA;NA;NA;NA;NA;NA;NA;1997-10-04;dls;inferred dead;;,,,,,,
luda;2011-04-17;;serena.n;;;2011-05-08;;;;;NA;;;;DenGrad info not in table, instead taken from tblH;2012-04-18;error;;57;;NA;;;;;NA;NA;NA;NA;NA;NA;NA;NA;NA;NA;2012-06-14;dls;fate unknown;;,,,,,
ludi;2014-08-05;;talek;;;2014-10-26;;;;;NA;dbg;;0;;NA;dbw;;;;NA;;;;;NA;NA;NA;NA;NA;NA;NA;NA;NA;NA;2014-11-19;dls;inferred dead;;,,,,,,
lugi;2013-08-18;;talek;;;2014-03-18;;;;;2014-05-21;;;2.5;;2014-07-10;;;17.5;;2016-05-01;fission;pond;;;NA;NA;NA;NA;NA;NA;NA;NA;NA;NA;NA;dls;;;,,,,,,
luis;NA;;talek;;;2017-05-27;;;;;NA;;;;;NA;;;;;NA;;;;;NA;NA;NA;NA;NA;NA;NA;NA;NA;NA;NA;dls;;;,,,,,,
luk;1997-12-08;;talek;;;1998-01-02;;;;;NA;;;;;NA;;;;;NA;;;;;NA;NA;NA;NA;NA;NA;NA;NA;NA;NA;1998-01-22;dead;illness;;,,,,,,
lulu;NA;;unknown;;;2019-09-01;;;;;NA;;;;;NA;;;;;2019-09-01;;happy.zebra;;;NA;NA;NA;NA;NA;NA;NA;NA;NA;NA;NA;;;;,,,,,,
lume;2017-12-17;;talek;;;2018-03-25;;;;;NA;;;;;NA;;;;;NA;;;;;NA;NA;NA;NA;NA;NA;NA;NA;NA;NA;2018-04-20;dls;;;,,,,,,
lun;2014-01-20;;talek;;;2014-02-24;;;;;NA;dbg;;;;NA;;;;;NA;;;;;NA;NA;NA;NA;NA;NA;NA;NA;NA;NA;2014-04-05;dead;starved (poison, april 2014);;,,,,,
luna;NA;;serena.s;;;2008-11-17;;;;;NA;;;;;NA;;;;;NA;;;;;NA;NA;NA;NA;NA;NA;NA;NA;NA;NA;2010-01-05;dls;fate unknown;;check EventStatus and EventData,,,,,,
luo;2004-02-07;;talek;;;2004-05-31;;;;;2004-09-01;;;0.5;;2004-10-07;;;0.5;;2007-05-07;dispersal;fig.tree;;;NA;NA;NA;NA;NA;NA;NA;NA;NA;NA;2008-03-20;dls;;;,,,,,,
lus;2005-05-01;;airstrip;;;2005-05-13;;;;;NA;;;;;NA;;;;;NA;;;;;NA;NA;NA;NA;NA;NA;NA;NA;NA;NA;2005-07-11;;;;,,,,,,
lush;2019-02-07;;;;;2019-07-25;;;;;NA;;;;;NA;;;;;NA;;;;;NA;NA;NA;NA;NA;NA;NA;NA;NA;NA;2020-01-24;dls;;;,,,,,,
lust;2011-09-06;;talek;;;2011-12-23;;;;;2012-07-07;;;0.5;;2012-06-10;;;2.5;;2016-05-01;fission;talek;;;NA;NA;NA;NA;NA;NA;NA;NA;NA;NA;NA;dls;;;,,,,,,
lux;2009-12-24;;serena.s;;;2010-01-08;;;;;2010-10-29;;;;DenGrad info not in table, instead taken from tblHyenas;2010-07-26;;;;;NA;;;;;NA;NA;NA;NA;NA;NA;NA;NA;NA;NA;2011-05-25;dls;fate unknown;;,,,,,
luxy;2017-02-03;;talek.w;;;2017-03-25;;;;;2017-12-13;;;;DenGrad info not in table, instead taken from tblHyenas;NA;;;;;NA;;;;;NA;NA;NA;NA;NA;NA;NA;NA;NA;NA;2022-01-27;dls;;;,,,,,
lvlc;2012-10-10;;fig.tree;;;2012-12-06;;;;;NA;;;;;NA;;;;;NA;;;;;NA;NA;NA;NA;NA;NA;NA;NA;NA;NA;2012-12-09;dls;unk;;,,,,,,
lvtn;2010-01-08;;fig.tree;;;2010-01-28;;;;;NA;;;;;NA;;;;;NA;;;;;NA;NA;NA;NA;NA;NA;NA;NA;NA;NA;2010-04-06;dls;unk;;,,,,,,
lwig;NA;;unknown;;;2018-09-04;;;;;NA;;;;;NA;;;;;NA;dispersal;talek;;;NA;NA;NA;NA;NA;NA;NA;NA;NA;NA;NA;;;;,,,,,,
lws;NA;;talek;;;1997-05-01;;;;;NA;;;;;NA;;;;;NA;;;;;NA;NA;NA;NA;NA;NA;NA;NA;NA;NA;1997-05-01;dls;fate unknown;;,,,,,,
lyco;2013-03-26;;talek;;;2013-06-10;;;;;2014-02-27;;;57.5;;2013-08-19;;;4;;2016-05-01;fission;pond;;;NA;NA;NA;NA;NA;NA;NA;NA;NA;NA;NA;dls;;;,,,,,,
lyle;2008-10-30;;talek;;;2009-05-30;;;;;2009-06-24;;;10.5;;2009-06-11;;;12.5;;NA;;;;;NA;NA;NA;NA;NA;NA;NA;NA;NA;NA;2012-04-20;dls;inferred dead;;,,,,,,
lyon;NA;;unknown;;;2019-01-14;;;;;NA;;;;;NA;;;;;2019-01-14;dispersal;talek;;;NA;NA;NA;NA;NA;NA;NA;NA;NA;NA;NA;;;;,,,,,,
lyx;NA;;mara.river;;;2001-07-26;;;;;NA;;;;;NA;;;;;NA;;;;;NA;NA;NA;NA;NA;NA;NA;NA;NA;NA;2001-11-02;dls;fate unknown;;,,,,,,
lzzo;2019-07-15;;happy.zebra;;;2019-09-16;;;;;2020-07-15;error;;58.5;Cub automatically den graduated based on birthdate, error term skewed due to pandemic;NA;;;;;NA;;;;;NA;NA;NA;NA;NA;NA;NA;NA;NA;NA;2020-10-13;dls;;;,,,,,
m1000;NA;;serena.n;;;2008-07-08;;;;;NA;;;;;NA;;;;;NA;;;;;NA;NA;NA;NA;NA;NA;NA;NA;NA;NA;2008-07-08;dls;;;,,,,,,
m110;NA;;fig.tree;;;1993-01-03;;;;;NA;;;;;NA;;;;;NA;;;;;NA;NA;NA;NA;NA;NA;NA;NA;NA;NA;1993-01-03;dls;;;check EventStatus and EventData,,,,,,
m111;NA;;mara.river;;;2005-12-06;;;;;NA;;;;;NA;;;;;NA;;;;;NA;NA;NA;NA;NA;NA;NA;NA;NA;NA;2005-12-06;dls;hyenas;;,,,,,,
m130;NA;;fig.tree;;;1992-12-30;;;;;NA;;;;;NA;;;;;NA;;;;;NA;NA;NA;NA;NA;NA;NA;NA;NA;NA;1992-12-30;dls;;;check EventStatus and EventData,,,,,,
m131;NA;;fig.tree;;;1992-12-30;;;;;NA;;;;;NA;;;;;NA;;;;;NA;NA;NA;NA;NA;NA;NA;NA;NA;NA;1992-12-30;dls;;;check EventStatus and EventData,,,,,,
m326;NA;;;;;2006-10-13;;;;;NA;;;;;NA;;;;;NA;;;;;NA;NA;NA;NA;NA;NA;NA;NA;NA;NA;2006-10-13;dead;;;lions,,,,,,
m361;NA;;;;;NA;;;;;NA;;;;;NA;;;;;NA;;;;;NA;NA;NA;NA;NA;NA;NA;NA;NA;NA;NA;;;;,,,,,,
m378;NA;;llion;;;2001-05-29;;;;;NA;;;;;NA;;;;;NA;;;;;NA;NA;NA;NA;NA;NA;NA;NA;NA;NA;NA;;;;,,,,,,
m383;NA;;sandriv;;;2002-04-25;;;;;NA;;;;;NA;;;;;NA;;;;;NA;NA;NA;NA;NA;NA;NA;NA;NA;NA;NA;;;;,,,,,,
m385;NA;;llion;;;2000-11-06;;;;;NA;;;;;NA;;;;;NA;;;;;NA;NA;NA;NA;NA;NA;NA;NA;NA;NA;NA;;;;,,,,,,
m389;NA;;emarti w;;;2000-08-06;;;;;NA;;;;;NA;;;;;NA;;;;;NA;NA;NA;NA;NA;NA;NA;NA;NA;NA;NA;;;;,,,,,,
m392;NA;;emarti w;;;2000-08-04;;;;;NA;;;;;NA;;;;;NA;;;;;NA;NA;NA;NA;NA;NA;NA;NA;NA;NA;NA;;;;,,,,,,
m394;NA;;llion;;;2000-08-03;;;;;NA;;;;;NA;;;;;NA;;;;;NA;NA;NA;NA;NA;NA;NA;NA;NA;NA;NA;;;;,,,,,,
m396;NA;;emarti w;;;2000-08-02;;;;;NA;;;;;NA;;;;;NA;;;;;NA;NA;NA;NA;NA;NA;NA;NA;NA;NA;NA;;;;,,,,,,
m397;NA;;emarti w;;;2000-08-02;;;;;NA;;;;;NA;;;;;NA;;;;;NA;NA;NA;NA;NA;NA;NA;NA;NA;NA;NA;;;;,,,,,,
m398;NA;;llion;;;2000-08-01;;;;;NA;;;;;NA;;;;;NA;;;;;NA;NA;NA;NA;NA;NA;NA;NA;NA;NA;NA;;;;,,,,,,
m399;NA;;serena e;;;2000-07-17;;;;;NA;;;;;NA;;;;;NA;;;;;NA;NA;NA;NA;NA;NA;NA;NA;NA;NA;NA;;;;,,,,,,
m404;NA;;fig.tree;;;2000-05-19;;;;;NA;;;;;NA;;;;;NA;;;;;NA;NA;NA;NA;NA;NA;NA;NA;NA;NA;NA;dls;;;,,,,,,
m412;NA;;fig.tree;;;2000-05-30;;;;;NA;;;;;NA;;;;;NA;;;;;NA;NA;NA;NA;NA;NA;NA;NA;NA;NA;NA;dls;;;,,,,,,
m422;NA;;fig.tree;;;2000-06-05;;;;;NA;;;;;NA;;;;;NA;;;;;NA;NA;NA;NA;NA;NA;NA;NA;NA;NA;NA;dls;;;,,,,,,
m424;NA;;mara.river;;;2000-06-07;;;;;NA;;;;;NA;;;;;NA;;;;;NA;NA;NA;NA;NA;NA;NA;NA;NA;NA;NA;dls;;;,,,,,,
m431;NA;;mara.river;;;2000-06-10;;;;;NA;;;;;NA;;;;;NA;;;;;NA;NA;NA;NA;NA;NA;NA;NA;NA;NA;NA;dls;;;,,,,,,
m434;NA;;scomfort;;;2000-06-11;;;;;NA;;;;;NA;;;;;NA;;;;;NA;NA;NA;NA;NA;NA;NA;NA;NA;NA;NA;;;;,,,,,,
m442;NA;;emarti h;;;2000-06-14;;;;;NA;;;;;NA;;;;;NA;;;;;NA;NA;NA;NA;NA;NA;NA;NA;NA;NA;NA;;;;,,,,,,
m443;NA;;emarti h;;;2000-06-14;;;;;NA;;;;;NA;;;;;NA;;;;;NA;NA;NA;NA;NA;NA;NA;NA;NA;NA;NA;;;;,,,,,,
m447;NA;;mara.river;;;2000-06-17;;;;;NA;;;;;NA;;;;;NA;;;;;NA;NA;NA;NA;NA;NA;NA;NA;NA;NA;NA;dls;;;,,,,,,
m450;NA;;mara.river;;;2000-06-18;;;;;NA;;;;;NA;;;;;NA;;;;;NA;NA;NA;NA;NA;NA;NA;NA;NA;NA;NA;dls;;;,,,,,,
m451;NA;;mara.river;;;2000-06-20;;;;;NA;;;;;NA;;;;;NA;;;;;NA;NA;NA;NA;NA;NA;NA;NA;NA;NA;NA;dls;;;,,,,,,
m459;NA;;scomfort;;;2000-06-29;;;;;NA;;;;;NA;;;;;NA;;;;;NA;NA;NA;NA;NA;NA;NA;NA;NA;NA;NA;;;;,,,,,,
m460;NA;;;;;2001-02-07;;;;;NA;;;;;NA;;;;;NA;dispersal;talek;;;NA;NA;NA;NA;NA;NA;NA;NA;NA;NA;2002-01-02;dead;humans;;,,,,,,
m464;NA;;ftbump;;;2000-07-02;;;;;NA;;;;;NA;;;;;NA;;;;;NA;NA;NA;NA;NA;NA;NA;NA;NA;NA;NA;;;;,,,,,,
m469;NA;;llion;;;2000-07-06;;;;;NA;;;;;NA;;;;;NA;;;;;NA;NA;NA;NA;NA;NA;NA;NA;NA;NA;NA;;;;,,,,,,
m470;NA;;llion;;;2000-07-06;;;;;NA;;;;;NA;;;;;NA;;;;;NA;NA;NA;NA;NA;NA;NA;NA;NA;NA;NA;;;;,,,,,,
m471;NA;;fig.tree;;;2001-02-13;;;;;NA;;;;;NA;;;;;NA;;;;;NA;NA;NA;NA;NA;NA;NA;NA;NA;NA;2001-02-13;dls;;;check EventStatus and EventData,,,,,,
m473;NA;;scomfort;;;2000-07-13;;;;;NA;;;;;NA;;;;;NA;;;;;NA;NA;NA;NA;NA;NA;NA;NA;NA;NA;NA;;;;,,,,,,
m475;NA;;fig.tree;;;2000-07-14;;;;;NA;;;;;NA;;;;;NA;;;;;NA;NA;NA;NA;NA;NA;NA;NA;NA;NA;NA;dls;;;,,,,,,
m483;NA;;llion;;;2000-07-19;;;;;NA;;;;;NA;;;;;NA;;;;;NA;NA;NA;NA;NA;NA;NA;NA;NA;NA;NA;;;;,,,,,,
m495;NA;;scomfort;;;2000-07-27;;;;;NA;;;;;NA;;;;;NA;;;;;NA;NA;NA;NA;NA;NA;NA;NA;NA;NA;NA;;;;,,,,,,
m499;NA;;emarti w;;;2000-07-31;;;;;NA;;;;;NA;;;;;NA;;;;;NA;NA;NA;NA;NA;NA;NA;NA;NA;NA;NA;;;;,,,,,,
m752;NA;;;;;2004-09-17;;;;;NA;;;;;NA;;;;;NA;;;;;NA;NA;NA;NA;NA;NA;NA;NA;NA;NA;2004-09-17;dls;fate unknown;;,,,,,,
m764;NA;;FT;;;2004-12-03;;;;;NA;;;;;NA;;;;;NA;;;;;NA;NA;NA;NA;NA;NA;NA;NA;NA;NA;2004-12-03;dls;fate unknown;;,,,,,,
m836;NA;;;;;2011-01-11;;;;;NA;;;;;NA;;;;;NA;;;;;NA;NA;NA;NA;NA;NA;NA;NA;NA;NA;2011-01-11;dls;fate unknown;;,,,,,,
m849;NA;;;;;2011-04-04;;;;;NA;;;;;NA;;;;;NA;;;;;NA;NA;NA;NA;NA;NA;NA;NA;NA;NA;2011-04-04;dead;;;unknown,,,,,,
m851;NA;;;;;2003-02-17;;;;;NA;;;;;NA;;;;;NA;;;;;NA;NA;NA;NA;NA;NA;NA;NA;NA;NA;NA;;;;,,,,,,
m857;NA;;;;;2005-05-23;;;;;NA;;;;;NA;;;;;NA;;;;;NA;NA;NA;NA;NA;NA;NA;NA;NA;NA;2005-05-21;dead;;;speared, humans,,,,,
m984;NA;;mara.river;;;2001-08-15;;;;;NA;;;;;NA;;;;;NA;;;;;NA;NA;NA;NA;NA;NA;NA;NA;NA;NA;2001-08-15;dead;lions;;,,,,,,
maa;2012-10-12;;talek;;;2012-12-29;;;;;2013-07-29;;;0;;2013-09-16;;;1.5;;2016-05-01;fission;talek;;;NA;NA;NA;NA;NA;NA;NA;NA;NA;NA;2018-10-27;dls;;;,,,,,,
mab;2005-06-18;;airstrip;;;2005-06-30;;;;;NA;;;;;NA;;;;;NA;;;;;NA;NA;NA;NA;NA;NA;NA;NA;NA;NA;2005-07-11;;;;,,,,,,
mac;2001-08-10;;talek;;;2001-08-30;;;;;NA;;;;;2002-10-05;;;8.5;;NA;;;;;NA;NA;NA;NA;NA;NA;NA;NA;NA;NA;2005-07-11;dls;inferred dead;;poison?? EventStatus and EventData,,,,,,
maca;2003-02-16;;mara.river;;;2003-04-14;;;;;NA;;;;;NA;;;;;NA;;;;;NA;NA;NA;NA;NA;NA;NA;NA;NA;NA;2003-11-30;dls;;;check EventStatus and EventData,,,,,,
mack;NA;;serena.s;;;2008-11-25;;;;;NA;;;;;NA;;;;;NA;;;;;NA;NA;NA;NA;NA;NA;NA;NA;NA;NA;2008-11-25;dls;fate unknown;;MACK? Seen on 31-Jan-09,,,,,,
mad;NA;;oltukai;;;2003-07-12;;;;;NA;;;;;NA;;;;;NA;;;;;NA;NA;NA;NA;NA;NA;NA;NA;NA;NA;2005-07-09;;;;check EventStatus and EventData,,,,,,
madi;NA;;talek;;;2014-04-05;;;;;NA;;;;;NA;;;;;NA;;;;;NA;NA;NA;NA;NA;NA;NA;NA;NA;NA;2015-05-11;dls;dispersed;;,,,,,,
maer;2018-08-03;;pond;;;2018-10-04;;;;;2019-05-26;grad;;1.5;;NA;;;;;NA;;;;;NA;NA;NA;NA;NA;NA;NA;NA;NA;NA;NA;;;;,,,,,,
mag;2000-11-26;;talek;;;1998-09-09;;;;;NA;;;;;NA;dbw;;;;NA;;;;;NA;NA;NA;NA;NA;NA;NA;NA;NA;NA;2001-02-18;dls;;;,,,,,,
magc;2022-01-10;;serena.n;;;2022-07-16;;;;;2022-11-29;grad;;0;lv, >200, absent from den;NA;;;;;NA;;;;;NA;NA;NA;NA;NA;NA;NA;NA;NA;NA;NA;;;;,,,,
magu;2014-10-23;;fig.tree;;;2015-02-06;;;;;NA;;;;;NA;;;;;NA;;;;;NA;NA;NA;NA;NA;NA;NA;NA;NA;NA;NA;dls;;;,,,,,,
maju;NA;;talek.e;;;2012-06-18;;;;;NA;;;;;NA;;;;;NA;;;;;NA;NA;NA;NA;NA;NA;NA;NA;NA;NA;2012-06-18;;;;check EventStatus and EventData,,,,,,
maka;1995-03-15;;talek;;;1995-04-09;;;;;1995-10-15;;;1.5;;NA;dbw;;;;NA;;;;;NA;NA;NA;NA;NA;NA;NA;NA;NA;NA;1995-11-01;dead;starvation;;,,,,,,
mako;2008-12-22;;mara.river;;;2009-06-13;;;;;2009-10-03;;;;DenGrad info not in table, instead taken from tblHyenas;NA;;;;;NA;;;;;NA;NA;NA;NA;NA;NA;NA;NA;NA;NA;NA;dls;;;,,,,,
maku;2011-12-05;;serena.s;;;2012-01-23;;;;;NA;;;;;NA;;;;;NA;;;;;NA;NA;NA;NA;NA;NA;NA;NA;NA;NA;2012-01-29;dead;bitten in head by clovis;;,,,,,,
mal;NA;;talek;;;1988-09-01;;;;;NA;;;;;NA;;;;;NA;;;;;NA;NA;NA;NA;NA;NA;NA;NA;NA;NA;1988-09-01;dls;fate unknown;;,,,,,,
mali;1996-10-13;;talek;;;1996-11-11;;;;;1997-04-08;;;2.5;;1997-10-01;;;4;;NA;;;;;NA;NA;NA;NA;NA;NA;NA;NA;NA;NA;2006-01-13;dls;inferred dead;;,,,,,,
malo;2011-12-27;;happy.zebra;;;2012-01-24;;;;;2012-10-24;;;;DenGrad info not in table, instead taken from tblHyenas;2012-09-17;;;22.5;;NA;;;;;NA;NA;NA;NA;NA;NA;NA;NA;NA;NA;2013-10-07;dead;humans(car);;,,,,,
malr;2014-07-18;;serena.s;;;2014-08-15;;;;;NA;;;;;NA;dbw;;;;NA;;;;;NA;NA;NA;NA;NA;NA;NA;NA;NA;NA;2014-11-04;dls;;;,,,,,,
mama;2022-10-10;;talek;;;2022-12-06;;;;;NA;;;;;NA;;;;;NA;;;;;NA;NA;NA;NA;NA;NA;NA;NA;NA;NA;NA;;;;,,,,,,
mame;2022-03-24;;cool.beans;;;2022-07-13;;;;;NA;;;;;NA;;;;;NA;;;;;NA;NA;NA;NA;NA;NA;NA;NA;NA;NA;NA;;;;,,,,,,
mami;2022-09-16;;talek;;;2022-11-24;;;;;NA;;;;;NA;;;;;NA;;;;;NA;NA;NA;NA;NA;NA;NA;NA;NA;NA;NA;;;;,,,,,,
mand;2003-12-11;;talek.e;;;2003-12-24;;;;;NA;;;;;2004-09-09;;;2.5;;NA;;;;;NA;NA;NA;NA;NA;NA;NA;NA;NA;NA;2006-12-23;;;;check EventStatus and EventData,,,,,,
mang;2011-12-21;;talek;;;2012-03-19;;;;One sibling seen on DFS;NA;dbg;;;;NA;dbw;;;;NA;;;;;NA;NA;NA;NA;NA;NA;NA;NA;NA;NA;2012-05-15;dls;inferred dead;;,,,,,,
mani;2015-03-20;;fig.tree;;;2015-05-06;;;;;NA;;;;;NA;;;;;NA;;;;;NA;NA;NA;NA;NA;NA;NA;NA;NA;NA;NA;dls;;;,,,,,,
manu;NA;;serena.n;;;2008-07-10;;;;;NA;;;;;NA;;;;;NA;;;;;NA;NA;NA;NA;NA;NA;NA;NA;NA;NA;2009-02-05;dls;fate unknown;;,,,,,,
map;NA;;unknown;;;2019-09-11;;;;;NA;;;;;NA;;;;;2019-09-11;dispersal;kcm;;;NA;NA;NA;NA;NA;NA;NA;NA;NA;NA;2020-06-10;dls;;;,,,,,,
mapi;2008-04-08;;talek;;;2008-05-20;;;;;NA;dbg;;;;NA;dbw;;;;NA;;;;;NA;NA;NA;NA;NA;NA;NA;NA;NA;NA;2008-07-24;dls;inferred dead;;,,,,,,
mar;1988-10-30;;talek;;;1988-12-12;;;;;1989-12-16;;;1.5;;1990-01-04;;;;;NA;;;;;NA;NA;NA;NA;NA;NA;NA;NA;NA;NA;1990-05-26;dead;;;,,,,,,
mari;2011-01-02;;serena.n;;;2011-01-19;;;;;2011-10-26;;;;DenGrad info not in table, instead taken from tblHyenas;2011-09-26;;;;;NA;;;;;NA;NA;NA;NA;NA;NA;NA;NA;NA;NA;2011-11-16;dls;fate unknown;;check EventStatus and EventData,,,,,
mark;NA;;talek;;;1994-03-31;;;;;NA;;;;;NA;;;;;NA;;;;;NA;NA;NA;NA;NA;NA;NA;NA;NA;NA;1996-10-18;dls;illness;;,,,,,,
marn;NA;;oltukai;;;2003-07-12;;;;;NA;;;;;NA;;;;;NA;;;;;NA;NA;NA;NA;NA;NA;NA;NA;NA;NA;2004-02-28;dls;;;,,,,,,
maro;2016-02-16;;talek;;;2016-03-27;;;;;2016-10-23;;;;DenGrad info not in table, instead taken from tblHyenas;2016-09-20;;;3;;2016-05-01;fission;pond;;;NA;NA;NA;NA;NA;NA;NA;NA;NA;NA;NA;dls;;;,,,,,
marq;NA;;unknown;;;2016-07-28;;;;;NA;;;;;NA;;;;;2016-07-28;dispersal;talek;;;NA;NA;NA;NA;NA;NA;NA;NA;NA;NA;NA;dls;;;,,,,,,
mars;NA;;mara.river;;;2011-06-14;;;;;NA;;;;;NA;;;;;NA;;;;;NA;NA;NA;NA;NA;NA;NA;NA;NA;NA;NA;dls;;;,,,,,,
mart;NA;;talek;;;1984-08-01;;;;;NA;;;;;NA;;;;;NA;;;;;NA;NA;NA;NA;NA;NA;NA;NA;NA;NA;1988-08-22;dls;inferred dead;;,,,,,,
mas;2005-11-20;;talek;;;2006-02-15;;;;;2006-09-02;;;0.5;;2006-11-27;;;3.5;;NA;;;;;NA;NA;NA;NA;NA;NA;NA;NA;NA;NA;2006-12-06;dls;starved;;,,,,,,
mase;NA;;unknown;;;2020-06-22;;;;;NA;;;;;NA;;;;;2020-06-22;dispersal;talek;;;NA;NA;NA;NA;NA;NA;NA;NA;NA;NA;NA;;;;,,,,,,
mast;2008-12-01;;fig.tree;;;2009-01-05;;;;;NA;;;;;NA;;;;;NA;;;;;NA;NA;NA;NA;NA;NA;NA;NA;NA;NA;2009-02-19;dls;unk;;,,,,,,
mat;2002-06-10;;talek;;;2002-06-24;;;;;2003-04-05;;;25;;2002-12-30;;;22.5;;NA;;;;;NA;NA;NA;NA;NA;NA;NA;NA;NA;NA;2003-06-22;dls;inferred dead;;,,,,,,
mata;2014-10-15;;fig.tree;;;2014-12-10;;;;;NA;;;;;NA;;;;;NA;;;;;NA;NA;NA;NA;NA;NA;NA;NA;NA;NA;2014-12-10;dls;;;check EventStatus and EventData,,,,,,
mati;2017-11-16;;serena.n;;;2017-12-18;;;;;NA;;;;;NA;;;;;NA;;;;;NA;NA;NA;NA;NA;NA;NA;NA;NA;NA;2017-12-18;dls;fate unknown;;,,,,,,
maud;NA;;talek.e;;;2012-06-18;;;;;NA;;;;;NA;;;;;NA;;;;;NA;NA;NA;NA;NA;NA;NA;NA;NA;NA;2012-06-18;;;;check EventStatus and EventData,,,,,,
maun;NA;;oz valley;;;2008-11-23;;;;;NA;;;;;NA;;;;;NA;;;;;NA;NA;NA;NA;NA;NA;NA;NA;NA;NA;NA;;;;,,,,,,
mav;NA;;talek;;;1992-06-04;;;;;NA;;;;;NA;;;;;NA;;;;;NA;NA;NA;NA;NA;NA;NA;NA;NA;NA;1992-06-04;dls;fate unknown;;,,,,,,
mavi;2016-11-25;;talek.w;;;2017-01-24;;;;;2017-11-18;;;;DenGrad info not in table, instead taken from tblHyenas;NA;;;;;NA;;;;;NA;NA;NA;NA;NA;NA;NA;NA;NA;NA;NA;dls;;;,,,,,
max;NA;;talek;;;1989-03-20;;;;;NA;;;;;NA;;;;;NA;;;;;NA;NA;NA;NA;NA;NA;NA;NA;NA;NA;1989-03-21;dls;fate unknown;;,,,,,,
maxe;2022-02-28;;kcm;;;2022-08-13;;;;;NA;;;;;NA;;;;;NA;;;;;NA;NA;NA;NA;NA;NA;NA;NA;NA;NA;NA;;;;,,,,,,
may;NA;;talek;;;1996-12-07;;;;;NA;;;;;NA;;;;;NA;;;;;NA;NA;NA;NA;NA;NA;NA;NA;NA;NA;1996-12-07;dls;fate unknown;;,,,,,,
maya;NA;;airstrip;;;2002-06-09;;;;;NA;;;;;NA;;;;;NA;;;;;NA;NA;NA;NA;NA;NA;NA;NA;NA;NA;2005-07-11;;;;check EventStatus and EventData,,,,,,
mayo;2010-11-16;;serena.s;;;2011-01-04;;;;;NA;;;;;NA;dbw;;;;NA;;;;;NA;NA;NA;NA;NA;NA;NA;NA;NA;NA;2011-01-29;dead;unknown;;,,,,,,
mayw;2009-03-05;;mara.river;;;NA;;;;;NA;;;;;NA;;;;;NA;;;;;NA;NA;NA;NA;NA;NA;NA;NA;NA;NA;NA;;;;,,,,,,
maz;1996-11-14;;talek;;;1996-11-20;;;;;1997-06-13;;;0.5;;1997-08-03;;;0.5;;NA;;;;;NA;NA;NA;NA;NA;NA;NA;NA;NA;NA;1997-11-27;dls;inferred dead;;,,,,,,
maza;NA;;talek;;;2015-04-30;;;;;NA;;;;;NA;;;;;2016-05-01;fission;kcm;;;NA;NA;NA;NA;NA;NA;NA;NA;NA;NA;2019-01-27;dead;lions;;,,,,,,
mba;2002-11-14;;talek.e;;;2002-12-26;;;;;NA;dbg;;;;NA;;;;;NA;;;;;NA;NA;NA;NA;NA;NA;NA;NA;NA;NA;2002-12-31;dls;;;,,,,,,
mbi;NA;;llion;;;2002-06-30;;;;;NA;;;;;NA;;;;;NA;;;;;NA;NA;NA;NA;NA;NA;NA;NA;NA;NA;NA;;;;,,,,,,
mbrk;2005-01-21;;oltukai;;;2005-01-21;;;;;NA;;;;;NA;;;;;NA;;;;;NA;NA;NA;NA;NA;NA;NA;NA;NA;NA;2005-01-21;dls;;;,,,,,,
mc1;1989-08-10;;talek;;;1989-09-23;;;;;NA;;;;;NA;;;;;NA;;;;;NA;NA;NA;NA;NA;NA;NA;NA;NA;NA;1989-09-23;dead;hyenas;;,,,,,,
mc2;1989-08-15;;talek;;;1989-09-23;;;;;NA;;;;;NA;;;;;NA;;;;;NA;NA;NA;NA;NA;NA;NA;NA;NA;NA;1989-09-23;dead;hyenas;;,,,,,,
mc3;1990-09-10;;talek;;;1990-12-20;;;;;NA;;;;;NA;;;;;NA;;;;;NA;NA;NA;NA;NA;NA;NA;NA;NA;NA;1990-12-10;dead;hyenas;;,,,,,,
mc4;1996-04-25;;talek;;;1996-04-25;;;;;NA;;;;;NA;;;;;NA;;;;;NA;NA;NA;NA;NA;NA;NA;NA;NA;NA;1996-05-31;dead;;;,,,,,,
mca;1999-04-17;;talek;;;1999-05-31;;;;;1999-12-05;;;1;;2000-04-10;;;5.5;;2002-05-01;fission;talek.e;;;NA;NA;NA;NA;NA;NA;NA;NA;NA;NA;2001-12-05;dls;fate unknown;;,,,,,,
mcd;NA;;mara.river;;;2002-01-09;;;;;NA;;;;;NA;;;;;NA;;;;;NA;NA;NA;NA;NA;NA;NA;NA;NA;NA;2002-01-09;dls;;;,,,,,,
mcds;2014-12-01;;talek;;;2015-05-31;;;;;NA;;;;;NA;;;;;2016-05-01;fission;kcm;;;NA;NA;NA;NA;NA;NA;NA;NA;NA;NA;2018-01-24;dls;;;,,,,,,
mce;2004-02-16;;airstrip;;;2002-06-09;;;;;NA;;;;;NA;;;;;NA;;;;;NA;NA;NA;NA;NA;NA;NA;NA;NA;NA;2005-07-11;;;;check EventStatus and EventData,,,,,,
mcg;2016-11-25;;talek.w;;;2017-01-24;;;;;2017-10-04;;;;DenGrad info not in table, instead taken from tblHyenas;NA;;;;;NA;;;;;NA;NA;NA;NA;NA;NA;NA;NA;NA;NA;2019-09-25;dls;;;,,,,,
mchl;2012-11-17;;serena.n;;;2013-02-09;;;;DFS assigned by field, no associated session;NA;;;;;2013-10-18;;;;;NA;;;;;NA;NA;NA;NA;NA;NA;NA;NA;NA;NA;2016-08-31;dls;;;,,,,,
mck;2002-04-01;;mara.river;;;2002-04-04;;;;;NA;;;;;NA;;;;;NA;;;;;NA;NA;NA;NA;NA;NA;NA;NA;NA;NA;2002-04-08;dead;inferred dead;;,,,,,,
mcky;2021-01-27;;serena.s;;;2021-03-23;;;;;2022-01-27;;;1;Cub automatically den graduated based on birthdate;NA;;;;;NA;;;;;NA;NA;NA;NA;NA;NA;NA;NA;NA;NA;NA;;;;,,,,,,
mcm;NA;;talek;;;1998-10-14;;;;;NA;;;;;NA;;;;;NA;;;;;NA;NA;NA;NA;NA;NA;NA;NA;NA;NA;1998-10-14;dls;fate unknown;;,,,,,,
mcrn;2008-02-15;;serena.n;;;2008-06-27;;;;;NA;;;;;2008-09-17;;;24;;NA;;;;;NA;NA;NA;NA;NA;NA;NA;NA;NA;NA;2008-12-29;dls;fate unknown;;,,,,,,
mcu;2005-01-15;;talek;;;2005-04-24;;;;;NA;dbg;;;;NA;dbw;;;;NA;;;;;NA;NA;NA;NA;NA;NA;NA;NA;NA;NA;2005-04-24;dead;starved;;,,,,,,
md;1990-09-15;;talek;;;1990-10-21;;;;;1991-05-29;;;1;;1991-10-21;;;;;NA;;;;;NA;NA;NA;NA;NA;NA;NA;NA;NA;NA;1991-11-07;dead;;;,,,,,,
mdb;NA;;oz valley;;;2008-10-08;;;;;NA;;;;;NA;;;;;NA;;;;;NA;NA;NA;NA;NA;NA;NA;NA;NA;NA;2008-10-12;;;;check EventStatus and EventData,,,,,,
mdcy;2011-12-23;;fig.tree;;;2012-02-07;;;;;NA;;;;;NA;;;;;2014-01-30;dispersal;unknown;;;NA;NA;NA;NA;NA;NA;NA;NA;NA;NA;2013-11-24;dls;;;,,,,,,
mdos;2020-05-10;;kcm;;;2021-07-23;;;;;2021-05-10;error;;22163;Graduated based on DOB, before DFS;NA;;;;;NA;;;;;NA;NA;NA;NA;NA;NA;NA;NA;NA;NA;NA;;;;,,,,,
mdra;2021-08-23;;serena.n;;;2021-12-07;;;;;NA;;;;;NA;;;;;NA;;;;;NA;NA;NA;NA;NA;NA;NA;NA;NA;NA;2021-12-15;dls;;;,,,,,,
mdrk;2016-01-07;;happy.zebra;;;2016-03-01;;;;;2016-09-29;;;;DenGrad info not in table, instead taken from tblHyenas;NA;;;;;NA;;;;;NA;NA;NA;NA;NA;NA;NA;NA;NA;NA;2019-04-14;dls;;;,,,,,
mdsa;2017-01-26;;talek.w;;;2017-03-03;;;;;2017-07-28;;;;DenGrad info not in table, instead taken from tblHyenas;NA;;;;;NA;;;;;NA;NA;NA;NA;NA;NA;NA;NA;NA;NA;NA;dls;;;,,,,,
mdsn;2002-11-20;;talek;;;2003-01-06;;;;;2003-09-22;;;0.5;;2004-02-11;;;3;;NA;;;;;NA;NA;NA;NA;NA;NA;NA;NA;NA;NA;2004-12-23;dls;fate unknown;;,,,,,,
mdwy;2011-12-12;;talek;;;2012-01-30;;;;;NA;;;;;NA;;;;;NA;;;;;NA;NA;NA;NA;NA;NA;NA;NA;NA;NA;NA;dls;;;,,,,,,
mdzi;2019-02-06;;kcm;;;2019-08-06;;;;;2019-08-06;error;;21841.5;MDZI was never seen at the den;NA;;;;;NA;;;;;NA;NA;NA;NA;NA;NA;NA;NA;NA;NA;2021-09-19;dls;;;,,,,,,
med;NA;;fig.tree;;;2007-03-13;;;;;NA;;;;;NA;;;;;NA;;;;;NA;NA;NA;NA;NA;NA;NA;NA;NA;NA;2008-04-12;dls;unk;;,,,,,,
medi;2021-10-15;;kcm;;;2022-08-13;;;;;2022-10-15;error;;24;Graduated based on DOB;NA;;;;;NA;;;;;NA;NA;NA;NA;NA;NA;NA;NA;NA;NA;NA;;;;,,,,,,
meko;2014-01-21;;talek;;;2014-03-18;;;;;2014-08-11;;;2;;2015-01-16;;;14.5;;2016-05-01;fission;pond;;;NA;NA;NA;NA;NA;NA;NA;NA;NA;NA;2017-08-21;dls;;;,,,,,,
mel;2008-08-22;;mara.river;;;NA;;;;;NA;;;;;NA;;;;;NA;;;;;NA;NA;NA;NA;NA;NA;NA;NA;NA;NA;NA;dls;;;,,,,,,
meln;2015-06-27;;serena.n;;;2015-08-24;;;;;NA;;;;;NA;dbw;;;;NA;;;;;NA;NA;NA;NA;NA;NA;NA;NA;NA;NA;2016-04-16;dls;;;,,,,,,
meno;2017-01-26;;talek.w;;;2017-03-03;;;;;2017-08-09;;;;DenGrad info not in table, instead taken from tblHyenas;NA;;;;;NA;;;;;NA;NA;NA;NA;NA;NA;NA;NA;NA;NA;2021-04-30;dls;;;,,,,,
mer;NA;;;;;1997-08-06;;;;;NA;;;;;NA;;;;;1997-08-06;dispersal;talek;;;2002-05-01;fission;talek.e;;;NA;NA;NA;NA;NA;2004-09-21;dls;fate unknown;;,,,,,,
merc;2018-11-25;;happy.zebra;;;2019-01-06;;;;;2019-11-25;;;14;graduated by turning 1 yo;NA;;;;;NA;;;;;NA;NA;NA;NA;NA;NA;NA;NA;NA;NA;2021-09-06;dls;;;,,,,,,
merl;2013-07-21;;talek;;;2013-08-23;;;;;2014-04-23;;;0.5;;2014-05-26;;;3;;2016-05-01;fission;talek;;;NA;NA;NA;NA;NA;NA;NA;NA;NA;NA;2021-02-26;dls;;;,,,,,,
meru;2003-06-15;;talek.e;;;2003-07-27;;;;;NA;dbg;;;;NA;;;;;NA;;;;;NA;NA;NA;NA;NA;NA;NA;NA;NA;NA;2003-07-27;dls;;;,,,,,,
mes;NA;;talek;;;1996-07-23;;;;;NA;;;;;NA;;;;;NA;;;;;NA;NA;NA;NA;NA;NA;NA;NA;NA;NA;1996-07-23;dls;fate unknown;;,,,,,,
meti;2019-02-05;;talek;;;2019-03-25;;;;;2020-02-05;error;;40;Graduated based on DOB;NA;;;;;NA;;;;;NA;NA;NA;NA;NA;NA;NA;NA;NA;NA;2022-01-27;dls;;;,,,,,,
mfn;2008-02-15;;serena.n;;;2008-06-27;;;;;NA;;;;;2008-02-24;error;;;;NA;;;;;NA;NA;NA;NA;NA;NA;NA;NA;NA;NA;2011-11-11;dls;fate unknown;;check EventStatus and EventData,,,,,,
mgdi;2013-12-05;;fig.tree;;;2013-12-27;;;;;NA;;;;;NA;;;;;NA;;;;;NA;NA;NA;NA;NA;NA;NA;NA;NA;NA;2019-02-22;dls;;;,,,,,,
mge;2002-10-07;;talek.e;;;2002-10-14;;;;;2003-08-08;;;33.5;;2003-04-01;;;0.5;;NA;;;;;NA;NA;NA;NA;NA;NA;NA;NA;NA;NA;2006-09-06;dls;dispersed;;,,,,,,
mgl;1994-01-25;;talek;;;1994-02-13;;;;;NA;;;;;NA;;;;;NA;;;;;NA;NA;NA;NA;NA;NA;NA;NA;NA;NA;1994-03-05;dead;;;,,,,,,
mgm;2008-05-23;;serena.s;;;2008-11-23;;;;;NA;;;;;2009-03-31;;;;;NA;;;;;NA;NA;NA;NA;NA;NA;NA;NA;NA;NA;2014-10-14;dls;fate unknown;;,,,,,,
mgn;NA;;airstrip;;;2002-06-08;;;;;NA;;;;;NA;;;;;NA;;;;;NA;NA;NA;NA;NA;NA;NA;NA;NA;NA;2005-07-10;;;;check EventStatus and EventData,,,,,,
mgta;2009-01-10;;talek;;;2009-02-17;;;;;2009-08-05;;;1.5;;2009-10-09;;;8.5;;2016-05-01;fission;talek;;;NA;NA;NA;NA;NA;NA;NA;NA;NA;NA;2019-05-30;dls;;;,,,,,,
mgy;NA;;airstrip;;;2003-09-03;;;;;NA;;;;;NA;;;;;NA;;;;;NA;NA;NA;NA;NA;NA;NA;NA;NA;NA;2003-09-03;dls;;;check EventStatus and EventData,,,,,,
mh;1994-06-22;;talek;;;1994-07-08;;;;;1995-01-26;;;2.5;;1995-12-30;;;;;NA;;;;;NA;NA;NA;NA;NA;NA;NA;NA;NA;NA;1996-03-12;;;;check EventStatus and EventData,,,,,,
mhal;2007-02-01;;mara.river;;;2007-11-24;;;;;NA;;;;;NA;;;;;NA;;;;;NA;NA;NA;NA;NA;NA;NA;NA;NA;NA;2013-08-25;dls;;;check EventStatus and EventData,,,,,,
mi;NA;;talek;;;1989-09-06;;;;;NA;;;;;NA;;;;;NA;;;;;NA;NA;NA;NA;NA;NA;NA;NA;NA;NA;1989-10-01;dls;fate unknown;;,,,,,,
miba;2015-08-25;;pond;;;2015-09-30;;;;;2016-04-13;;;0;;2016-07-18;;;15;;2016-05-01;fission;pond;;;2019-05-05;dispersal;talek;;;NA;NA;NA;NA;NA;2021-07-02;dls;;;,,,,,,
mice;2021-10-16;;kcm;;;2022-05-02;;;;;2022-07-11;error;;22376.5;Never seen at den;NA;;;;;NA;;;;;NA;NA;NA;NA;NA;NA;NA;NA;NA;NA;NA;;;;,,,,,,
mich;2010-03-01;;fig.tree;;;2010-06-10;;;;;NA;;;;;NA;;;;;NA;;;;;NA;NA;NA;NA;NA;NA;NA;NA;NA;NA;2011-09-16;dls;;;,,,,,,
mico;2020-12-02;;kcm;;;2021-07-23;;;;;2021-09-08;error;;22223.5;Never seen at den;NA;;;;;NA;;;;;NA;NA;NA;NA;NA;NA;NA;NA;NA;NA;NA;;;;,,,,,,
midd;2009-07-19;;talek;;;2009-08-25;;;;;2010-05-09;;;0.5;;2010-08-07;;;22.5;;NA;;;;;NA;NA;NA;NA;NA;NA;NA;NA;NA;NA;2012-06-07;dls;inferred dead;;,,,,,,
mig;NA;;talek;;;1994-09-06;;;;;NA;;;;;NA;;;;;NA;;;;;NA;NA;NA;NA;NA;NA;NA;NA;NA;NA;2010-02-02;dls;fate unknown;;,,,,,,
mike;NA;;talek;;;1994-03-27;;;;;NA;;;;;NA;;;;;NA;NA;NA;NA;NA;NA;NA;NA;NA;NA;NA;NA;NA;NA;NA;1997-11-19;dead;lions;;,,,,,,
mil;NA;;talek;;;1997-10-26;;;;;NA;;;;;NA;;;;;NA;;;;;NA;NA;NA;NA;NA;NA;NA;NA;NA;NA;1997-10-26;dls;fate unknown;;,,,,,,
mile;2009-05-09;;mara.river;;;NA;;;;;NA;;;;;NA;;;;;NA;;;;;NA;NA;NA;NA;NA;NA;NA;NA;NA;NA;NA;dls;;;,,,,,,
milo;2016-10-06;;pond;;;2017-01-04;;;;;NA;;;;;NA;;;;;NA;;;;;NA;NA;NA;NA;NA;NA;NA;NA;NA;NA;2017-04-27;dls;;;,,,,,,
mily;NA;;mara.river;;;2013-09-18;;;;;NA;;;;;NA;;;;;NA;;;;;NA;NA;NA;NA;NA;NA;NA;NA;NA;NA;NA;dls;;;,,,,,,
mim;2013-12-30;;serena.n;;;2014-02-27;;;;;2014-10-10;;;;DenGrad info not in table, instead taken from tblHyenas;2014-05-27;;;2;;NA;;;;;NA;NA;NA;NA;NA;NA;NA;NA;NA;NA;2016-09-12;dls;;;,,,,,
ming;2007-01-02;;fig.tree;;;2007-05-02;;;;;NA;;;;;NA;;;;;NA;;;;;NA;NA;NA;NA;NA;NA;NA;NA;NA;NA;2010-02-26;dls;dispersed;;,,,,,,
mini;NA;;unknown;;;2018-10-27;;;;;NA;;;;;NA;;;;;NA;;happy.zebra;;;NA;NA;NA;NA;NA;NA;NA;NA;NA;NA;2020-10-19;dls;;;,,,,,,
mink;2020-10-28;;pond;;;2020-12-03;;;;;NA;;;;;NA;;;;;NA;;;;;NA;NA;NA;NA;NA;NA;NA;NA;NA;NA;2021-02-09;dls;;;,,,,,,
mino;2011-10-16;;talek;;;2011-12-11;;;;;2012-06-22;;;1;;2012-11-29;;;1;;NA;;;;;NA;NA;NA;NA;NA;NA;NA;NA;NA;NA;2014-11-20;dls;dispersed;;,,,,,,
mint;2020-12-05;;kcm;;;2021-07-23;;;;;2021-09-08;error;;22223.5;Never seen at den;NA;;;;;NA;;;;;NA;NA;NA;NA;NA;NA;NA;NA;NA;NA;NA;;;;,,,,,,
mir;NA;;mara.river;;;2001-07-26;;;;;NA;;;;;NA;;;;;NA;;;;;NA;NA;NA;NA;NA;NA;NA;NA;NA;NA;2001-07-26;dls;;;,,,,,,
mira;2015-12-02;;serena.s;;;2016-01-20;;;;;2016-10-04;;;;DenGrad info not in table, instead taken from tblHyenas;NA;;;;;NA;;;;;NA;NA;NA;NA;NA;NA;NA;NA;NA;NA;2017-03-05;dls;;;,,,,,
mirc;2018-12-11;;talek;;;2019-10-09;;;;;2019-10-09;error;;21873.5;MIRC was never seen at the den;NA;;;;;NA;;;;;NA;NA;NA;NA;NA;NA;NA;NA;NA;NA;NA;;;;,,,,,,
misu;2016-12-27;;talek.w;;;2017-02-18;;;;;2018-01-13;;;12;DenGrad info not in table, instead taken from tblHyenas;NA;;;;;NA;;;;;NA;NA;NA;NA;NA;NA;NA;NA;NA;NA;2020-07-25;dls;;;,,,,,
mite;2000-10-05;;talek;;;2000-10-25;;;;;NA;;;;;NA;dbw;;;;NA;;;;;NA;NA;NA;NA;NA;NA;NA;NA;NA;NA;2001-03-30;dead;starvation;;DLS alive: 29-Mar-01. Mom (GOL) died,,,,,,
mizz;2018-10-13;;pond;;;2018-10-27;;;;;2019-06-02;;;1.5;;NA;;;;;NA;;;;;NA;NA;NA;NA;NA;NA;NA;NA;NA;NA;2020-04-05;dls;;;,,,,,,
mj;NA;;;;;NA;;;;;NA;;;;;NA;;;;;NA;;;;;NA;NA;NA;NA;NA;NA;NA;NA;NA;NA;NA;;;;,,,,,,
mjag;2015-06-04;;serena.s;;;2015-09-03;;;;;NA;;;;;NA;dbw;;;;NA;;;;;NA;NA;NA;NA;NA;NA;NA;NA;NA;NA;2016-05-12;dls;;;,,,,,,
mjv;2010-12-24;;talek;;;2011-03-17;;;;;2011-07-01;;;0.5;;NA;dbw;;;;NA;;;;;NA;NA;NA;NA;NA;NA;NA;NA;NA;NA;2011-09-15;dls;inferred dead;;,,,,,,
mk;1990-04-30;;talek;;;1990-06-23;;;;;1990-12-31;;;0.5;;NA;dbw;;;;NA;;;;;NA;NA;NA;NA;NA;NA;NA;NA;NA;NA;1991-03-12;dead;;;,,,,,,
mke;NA;;unknown;;;2016-07-04;;;;;NA;;;;;NA;;;;;2016-07-04;dispersal;talek;;;NA;dispersal;talek;;;NA;NA;NA;NA;NA;2021-02-28;dls;;;,,,,,,
mla;NA;;airstrip;;;2002-06-09;;;;;NA;;;;;NA;;;;;NA;;;;;NA;NA;NA;NA;NA;NA;NA;NA;NA;NA;2005-07-11;;;;check EventStatus and EventData,,,,,,
mlar;2021-02-23;;kcm;;;2022-08-05;;;;;2022-02-23;error;;22307.5;Graduated based on DOB, before DFS;NA;;;;;NA;;;;;NA;NA;NA;NA;NA;NA;NA;NA;NA;NA;NA;;;;,,,,,
mlb;NA;;talek;;;1998-09-14;;;;;NA;;;;;NA;;;;;NA;;;;;NA;NA;NA;NA;NA;NA;NA;NA;NA;NA;1998-09-14;dls;fate unknown;;,,,,,,
mle;NA;;happy.zebra;;;2008-06-23;;;;;NA;;;;;NA;;;;;NA;;;;;NA;NA;NA;NA;NA;NA;NA;NA;NA;NA;2008-06-23;dls;fate unknown;;,,,,,,
mlhs;2004-12-03;;mara.river;;;2005-02-09;;;;;NA;;;;;NA;;;;;NA;;;;;NA;NA;NA;NA;NA;NA;NA;NA;NA;NA;2014-04-23;dls;;;check EventStatus and EventData,,,,,,
mlle;2010-10-08;;mara.river;;;NA;;;;;NA;;;;;NA;;;;;NA;;;;;NA;NA;NA;NA;NA;NA;NA;NA;NA;NA;NA;dls;;;,,,,,,
mln;NA;;talek;;;2001-09-19;;;;;NA;;;;;NA;;;;;NA;;;;;NA;NA;NA;NA;NA;NA;NA;NA;NA;NA;2006-06-21;dls;dispersed;;,,,,,,
mlo;2003-12-26;;talek.e;;;2004-01-26;;;;;NA;dbg;;;;NA;;;;;NA;;;;;NA;NA;NA;NA;NA;NA;NA;NA;NA;NA;2004-02-15;dls;inferred dead;;,,,,,,
mlry;2004-10-02;;oltukai;;;2004-10-03;;;;;NA;;;;;NA;;;;;NA;;;;;NA;NA;NA;NA;NA;NA;NA;NA;NA;NA;2005-05-25;dls;;;check EventStatus and EventData,,,,,,
mls;2002-11-06;;mara.river;;;2002-11-26;;;;;NA;;;;;NA;;;;;NA;;;;;NA;NA;NA;NA;NA;NA;NA;NA;NA;NA;2010-09-02;dls;;;check EventStatus and EventData,,,,,,
mlt;NA;;mara.river;;;2001-08-01;;;;;NA;;;;;NA;;;;;NA;;;;;NA;NA;NA;NA;NA;NA;NA;NA;NA;NA;2002-10-29;dls;fate unknown;;,,,,,,
mlta;2021-11-20;;serena.n;;;2021-12-19;;;;;NA;;;;;NA;;;;;NA;;;;;NA;NA;NA;NA;NA;NA;NA;NA;NA;NA;2021-12-19;dls;;;,,,,,,
mlth;2008-09-01;;serena.s;;;2008-11-25;;;;;NA;;;;;NA;;;;;NA;;;;;NA;NA;NA;NA;NA;NA;NA;NA;NA;NA;2009-01-31;dls;;;,,,,,,
mm1;NA;;talek;;;1992-10-10;;;;;NA;;;;;NA;;;;;NA;;;;;NA;NA;NA;NA;NA;NA;NA;NA;NA;NA;1992-10-10;dls;fate unknown;;,,,,,,
mm2;NA;;talek;;;1992-11-29;;;;;NA;;;;;NA;;;;;NA;;;;;NA;NA;NA;NA;NA;NA;NA;NA;NA;NA;1992-11-29;dls;fate unknown;;,,,,,,
mm3;NA;;talek;;;1993-02-13;;;;;NA;;;;;NA;;;;;NA;;;;;NA;NA;NA;NA;NA;NA;NA;NA;NA;NA;1993-02-13;dls;fate unknown;;,,,,,,
mm4;NA;;talek;;;1993-02-16;;;;;NA;;;;;NA;;;;;NA;;;;;NA;NA;NA;NA;NA;NA;NA;NA;NA;NA;1993-02-16;dls;fate unknown;;,,,,,,
mml;2010-11-01;;serena.n;;;2011-01-05;;;;;NA;;;;;NA;dbw;;;;NA;;;;;NA;NA;NA;NA;NA;NA;NA;NA;NA;NA;2011-01-05;dls;;;,,,,,,
mmm;2010-12-04;;serena.n;;;2011-01-15;;;;;2011-09-28;;;;DenGrad info not in table, instead taken from tblHyenas;2011-10-14;;;;;NA;;;;;NA;NA;NA;NA;NA;NA;NA;NA;NA;NA;2011-11-17;dls;fate unknown;;,,,,,
mmn;2005-04-15;;talek;;;2005-09-04;;;;;2005-09-26;;;2.5;;NA;dbw;;;;NA;;;;;NA;NA;NA;NA;NA;NA;NA;NA;NA;NA;2005-11-19;dls;;;,,,,,,
mmth;2009-02-25;;serena.s;;;2009-04-01;;;;;2009-10-10;;;;DenGrad info not in table, instead taken from tblHyenas;2009-09-07;;;;;NA;;;;;NA;NA;NA;NA;NA;NA;NA;NA;NA;NA;2010-03-26;dls;;;,,,,,
mn;NA;;17km;;;2008-06-28;;;;;NA;;;;;NA;;;;;NA;;;;;NA;NA;NA;NA;NA;NA;NA;NA;NA;NA;2011-07-08;;;;check EventStatus and EventData,,,,,,
mnd;2003-08-03;;oltukai;;;2003-09-01;;;;;NA;;;;;NA;;;;;NA;;;;;NA;NA;NA;NA;NA;NA;NA;NA;NA;NA;2003-10-25;dls;;;,,,,,,
mng;2000-05-25;;mara.river;;;2001-05-25;;;;;NA;;;;;NA;;;;;NA;;;;;NA;NA;NA;NA;NA;NA;NA;NA;NA;NA;2003-07-17;dls;fate unknown;;,,,,,,
mnkn;2016-12-23;;kcm;;;2017-08-26;;;;;2017-10-25;;;;DenGrad info not in table, instead taken from tblHyenas;NA;;;;;NA;;;;;NA;NA;NA;NA;NA;NA;NA;NA;NA;NA;NA;dls;;;,,,,,
mnr;2002-11-20;;talek;;;2003-01-06;;;;;2003-10-02;;;0;;2004-02-10;;;2.5;;2008-11-02;dispersal;unknown;;;NA;NA;NA;NA;NA;NA;NA;NA;NA;NA;2010-06-11;dls;;;,,,,,,
mnsl;2013-05-07;;fig.tree;;;2013-07-24;;;;;NA;;;;;NA;;;;;NA;;;;;NA;NA;NA;NA;NA;NA;NA;NA;NA;NA;2016-10-19;dls;;;check EventStatus and EventData,,,,,,
mnst;2015-02-04;;happy.zebra;;;2015-04-01;;;;;2015-11-30;;;;DenGrad info not in table, instead taken from tblHyenas;2015-11-13;;;7;;NA;;;;;NA;NA;NA;NA;NA;NA;NA;NA;NA;NA;2016-01-02;dead;unk;;,,,,,
mnt;NA;;mara.river;;;2005-09-15;;;;;NA;;;;;NA;;;;;NA;;;;;NA;NA;NA;NA;NA;NA;NA;NA;NA;NA;2006-10-19;dls;;;check EventStatus and EventData,,,,,,
mnto;2022-03-01;;kcm;;;2022-08-11;;;;;2022-11-24;error;;10;;NA;;;;;NA;;;;;NA;NA;NA;NA;NA;NA;NA;NA;NA;NA;NA;;;;,,,,,,
mnty;2010-06-23;;mara.river;;;NA;;;;;NA;;;;;NA;;;;;NA;;;;;NA;NA;NA;NA;NA;NA;NA;NA;NA;NA;NA;dls;;;,,,,,,
mnzo;NA;;oz valley;;;2008-10-12;;;;;NA;;;;;NA;;;;;NA;;;;;NA;NA;NA;NA;NA;NA;NA;NA;NA;NA;2011-10-28;;;;check EventStatus and EventData,,,,,,
moav;2004-10-12;;airstrip;;;2004-10-22;;;;;NA;;;;;NA;;;;;NA;;;;;NA;NA;NA;NA;NA;NA;NA;NA;NA;NA;2008-08-17;;;;check EventStatus and EventData,,,,,,
moba;NA;;unknown;;;2019-05-15;;;;;NA;;;;;NA;;;;;2019-05-15;dispersal;pond;;;NA;NA;NA;NA;NA;NA;NA;NA;NA;NA;2020-06-28;dls;;;,,,,,,
moby;2011-12-23;;fig.tree;;;2012-02-07;;;;;NA;;;;;NA;;;;;NA;;;;;NA;NA;NA;NA;NA;NA;NA;NA;NA;NA;2012-04-16;dls;unk;;,,,,,,
moc;NA;;oltukai;;;2003-07-12;;;;;NA;;;;;NA;;;;;NA;;;;;NA;NA;NA;NA;NA;NA;NA;NA;NA;NA;2005-07-09;;;;check EventStatus and EventData,,,,,,
moe;2003-10-10;;mara.river;;;2003-10-31;;;;;NA;;;;;NA;;;;;NA;;;;;NA;NA;NA;NA;NA;NA;NA;NA;NA;NA;2005-09-29;dls;;;check EventStatus and EventData,,,,,,
mog;NA;;mara.river;;;2006-09-11;;;;;NA;;;;;NA;;;;;NA;;;;;NA;NA;NA;NA;NA;NA;NA;NA;NA;NA;2014-09-26;dls;;;check EventStatus and EventData,,,,,,
moh;2015-11-05;;serena.s;;;2015-12-10;;;;;2016-10-13;;;;DenGrad info not in table, instead taken from tblHyenas;2016-08-01;;;3.5;;NA;;;;;NA;NA;NA;NA;NA;NA;NA;NA;NA;NA;2017-04-02;dls;;;,,,,,
moil;2001-11-10;;talek;;;2002-01-08;;;;;2002-09-10;;;0.5;;2002-11-30;;;7.5;;NA;;;;;NA;NA;NA;NA;NA;NA;NA;NA;NA;NA;2003-01-15;dls;inferred dead;;,,,,,,
moji;2012-09-17;;happy.zebra;;;2013-02-02;;;;;2013-07-15;;;;DenGrad info not in table, instead taken from tblHyenas;2013-09-26;;;12.5;;NA;;;;;NA;NA;NA;NA;NA;NA;NA;NA;NA;NA;2013-11-11;dls;;;,,,,,
mojo;1999-11-17;;talek;;;1999-12-09;;;;;2000-07-27;;;2;;2000-08-28;;;3;;2003-11-17;dispersal;unknown;;;NA;NA;NA;NA;NA;NA;NA;NA;NA;NA;2004-11-27;dls;;;,,,,,,
moln;2021-10-08;;serena.n;;;2021-12-07;;;;;2022-10-08;;;2.5;Cub automatically den graduated based on birthdate;NA;;;;;NA;;;;;NA;NA;NA;NA;NA;NA;NA;NA;NA;NA;2022-10-03;dls;fate unknown;;KDSL: need some QC on dls and DenGrad,,,,,,
molo;2008-04-15;;talek;;;2008-06-01;;;;;2009-01-22;;;1.5;;2009-02-20;;;5;;NA;;;;;NA;NA;NA;NA;NA;NA;NA;NA;NA;NA;2010-07-11;dls;dispersed;;,,,,,,
moly;2021-10-05;cool.beans;;;;2022-05-17;;;;;NA;;;;;NA;;;;;NA;;;;;NA;NA;NA;NA;NA;NA;NA;NA;NA;NA;NA;;;;,,,,,,
moma;2011-11-20;;fig.tree;;;2012-01-20;;;;;NA;;;;;NA;;;;;NA;;;;;NA;NA;NA;NA;NA;NA;NA;NA;NA;NA;2013-02-08;dls;unk;;,,,,,,
momo;2015-10-06;;serena.n;;;2015-12-01;;;;;2016-07-27;;;;DenGrad info not in table, instead taken from tblHyenas;2016-09-23;;;10.5;;2019-12-16;dispersal;serena.s;;;NA;NA;NA;NA;NA;NA;NA;NA;NA;NA;NA;;;;,,,,,
mong;NA;;airstrip;;;2003-08-04;;;;;NA;;;;;NA;;;;;NA;;;;;NA;NA;NA;NA;NA;NA;NA;NA;NA;NA;2008-10-26;;;;check EventStatus and EventData,,,,,,
monk;2006-02-15;;talek.e;;;2006-07-10;;;;;NA;sugu;;;;2006-08-02;;;0;;2006-10-30;dispersal;unknown;;;NA;NA;NA;NA;NA;NA;NA;NA;NA;NA;2007-08-03;dls;;;,,,,,,
mono;2008-07-22;;talek;;;2008-07-28;;;;;2009-04-18;;;28;;2009-08-20;;;1;;NA;;;;;NA;NA;NA;NA;NA;NA;NA;NA;NA;NA;2013-03-15;dls;humans (snare?);;,,,,,,
mont;NA;;talek;;;1994-04-26;;;;;NA;;;;;NA;;;;;NA;;;;;NA;NA;NA;NA;NA;NA;NA;NA;NA;NA;1994-04-26;dls;fate unknown;;,,,,,,
moo;2016-06-25;;kcm;;;2016-11-19;;;;;2017-04-22;;;11.5;;2017-06-27;;;0.5;;NA;;;;;NA;NA;NA;NA;NA;NA;NA;NA;NA;NA;2018-02-25;dls;;;,,,,,,
moon;NA;;mara.river;;;2011-06-17;;;;;NA;;;;;NA;;;;;NA;;;;;NA;NA;NA;NA;NA;NA;NA;NA;NA;NA;2013-06-09;dls;;;check EventStatus and EventData,,,,,,
moos;2017-08-04;;pond;;;2017-09-23;;;;;2018-07-17;error;;3;;NA;;;;;NA;;;;;NA;NA;NA;NA;NA;NA;NA;NA;NA;NA;NA;dls;;;,,,,,,
mop;1991-11-13;;talek;;;1991-12-27;;;;;NA;;;;;NA;;;;;NA;;;;;NA;NA;NA;NA;NA;NA;NA;NA;NA;NA;1992-05-24;dead;humans (us);;,,,,,,
mor;1998-11-21;;talek;;;1998-12-21;;;;;NA;;;;;NA;dbw;;;;NA;;;;;NA;NA;NA;NA;NA;NA;NA;NA;NA;NA;1999-07-05;dead;humans;;,,,,,,
mord;2009-01-01;;fig.tree;;;2009-02-10;;;;;NA;;;;;NA;;;;;NA;;;;;NA;NA;NA;NA;NA;NA;NA;NA;NA;NA;2012-11-27;dls;unk;;,,,,,,
mori;2016-05-15;;serena.s;;;2016-07-14;;;;;2017-02-22;;;;DenGrad info not in table, instead taken from tblHyenas;2017-02-23;;;1.5;;NA;;;;;NA;NA;NA;NA;NA;NA;NA;NA;NA;NA;2017-02-25;dls;;;,,,,,
mork;2007-04-10;;fig.tree;;;2007-05-12;;;;;NA;;;;;NA;;;;;2009-12-19;dispersal;unknown;;;2010-05-27;dispersal;talek;;;NA;NA;NA;NA;NA;2014-04-07;dead;humans (poison - april 2014);;,,,,,,
moro;NA;;fig.tree;;;2013-09-09;;;;;NA;;;;;NA;;;;;NA;;;;;NA;NA;NA;NA;NA;NA;NA;NA;NA;NA;2014-11-16;dls;;;check EventStatus and EventData,,,,,,
mos;2003-02-18;;talek;;;2003-04-17;;;;;2003-10-28;;;2;;2004-02-12;;;1;;NA;;;;;NA;NA;NA;NA;NA;NA;NA;NA;NA;NA;2013-05-15;dead;humans (us);;,,,,,,
mosh;NA;;;;;2019-09-03;;;;;NA;;;;;NA;;;;;2019-09-03;dispersal;happy.zebra;;;NA;NA;NA;NA;NA;NA;NA;NA;NA;NA;NA;;;;,,,,,,
moss;NA;;serena.n;;;2008-06-27;;;;;NA;;;;;NA;;;;;NA;;;;;NA;NA;NA;NA;NA;NA;NA;NA;NA;NA;2009-05-11;dls;fate unknown;;,,,,,,
mota;2012-01-18;;serena.n;;;2012-02-15;;;;;NA;;;;;NA;dbw;;;;NA;;;;;NA;NA;NA;NA;NA;NA;NA;NA;NA;NA;2012-02-21;dls;;;,,,,,,
motl;2017-12-13;;talek.w;;;2018-01-12;;;;;2018-12-18;grad;;6;;NA;;;;;NA;;;;;NA;NA;NA;NA;NA;NA;NA;NA;NA;NA;NA;dls;;;,,,,,,
motr;2013-05-31;;mara.river;;;2013-07-05;;;;;NA;;;;;NA;;;;;NA;;;;;NA;NA;NA;NA;NA;NA;NA;NA;NA;NA;NA;dls;;;,,,,,,
mow;2014-10-14;;serena.s;;;2014-11-10;;;;;NA;;;;;NA;;;;;NA;;;;;NA;NA;NA;NA;NA;NA;NA;NA;NA;NA;2014-11-25;dls;;;,,,,,,
moxi;2018-02-03;;kcm;;;2018-08-03;;;;;2018-08-03;error;;21657.5;MOXI was never seen at the den, hence the large error term;NA;;;;;NA;;;;;NA;NA;NA;NA;NA;NA;NA;NA;NA;NA;2020-03-11;dls;;;,,,,,
mp;1994-07-23;;talek;;;1994-08-14;;;;;1995-03-18;;;0.5;;1995-08-30;;;;;NA;;;;;NA;NA;NA;NA;NA;NA;NA;NA;NA;NA;2013-07-13;dls;inferred dead;;,,,,,,
mple;2022-12-01;;serena.n;;;2023-02-20;;;;;NA;;;;;NA;;;;;NA;;;;;NA;NA;NA;NA;NA;NA;NA;NA;NA;NA;NA;;;;,,,,,,
mprs;2018-12-03;;serena.s;;;2019-07-24;;;;;2019-10-27;;;1;;NA;;;;;NA;;;;;NA;NA;NA;NA;NA;NA;NA;NA;NA;NA;2022-11-22;dls;inferred dead;;Age estimated as the cub was too old to accurately tell when we found it, we retrieved her collar on 10-Jan-23 with no sign of her body,,,,,
mpt;NA;;talek;;;1986-09-01;;;;;NA;;;;;NA;;;;;NA;;;;;NA;NA;NA;NA;NA;NA;NA;NA;NA;NA;1988-09-02;dls;fate unknown;;,,,,,,
mrb;NA;;talek;;;1986-10-15;;;;;NA;;;;;NA;;;;;NA;;;;;NA;NA;NA;NA;NA;NA;NA;NA;NA;NA;1992-06-01;dead;hyenas;;,,,,,,
mrc;NA;;oz valley;;;2008-11-11;;;;;NA;;;;;NA;;;;;NA;;;;;NA;NA;NA;NA;NA;NA;NA;NA;NA;NA;2009-03-13;;;;check EventStatus and EventData,,,,,,
mrci;2016-11-19;;talek;;;2017-01-20;;;;;2017-11-21;;;;DenGrad info not in table, instead taken from tblHyenas;NA;;;;;NA;;;;;NA;NA;NA;NA;NA;NA;NA;NA;NA;NA;2019-09-08;dls;;;,,,,,
mrcl;NA;;mara.river;;;2010-09-01;;;;;NA;;;;;NA;;;;;NA;;;;;NA;NA;NA;NA;NA;NA;NA;NA;NA;NA;NA;dls;;;,,,,,,
mrcy;2009-09-08;;fig.tree;;;2009-10-13;;;;;NA;;;;;NA;;;;;NA;;;;;NA;NA;NA;NA;NA;NA;NA;NA;NA;NA;2009-10-13;dls;unk;;,,,,,,
mre;2001-06-15;;mara.river;;;2001-08-10;;;;;NA;;;;;NA;;;;;NA;;;;;NA;NA;NA;NA;NA;NA;NA;NA;NA;NA;NA;;;;,,,,,,
mrk;NA;;;;;2005-10-27;;;;;NA;;;;;NA;;;;;2005-10-27;dispersal;talek.e;;;NA;NA;NA;NA;NA;NA;NA;NA;NA;NA;2008-06-04;dls;dispersed;;,,,,,,
mrl;2007-02-01;;mara.river;;;2007-11-24;;;;;NA;;;;;NA;;;;;NA;;;;;NA;NA;NA;NA;NA;NA;NA;NA;NA;NA;NA;;;;,,,,,,
mrln;2011-12-11;;fig.tree;;;2012-01-22;;;;;NA;;;;;NA;;;;;NA;;;;;NA;NA;NA;NA;NA;NA;NA;NA;NA;NA;2014-11-07;dls;dispersed;;check EventStatus and EventData,,,,,,
mrlt;2001-07-25;;talek;;;2001-08-30;;;;;NA;;;;;NA;;;;;NA;;;;;NA;NA;NA;NA;NA;NA;NA;NA;NA;NA;2001-09-07;dead;;;Leave date, approved by KEH,,,,,
mrn;NA;;unknown;;;2019-06-11;;;;;NA;;;;;NA;;;;;2019-06-11;dispersal;kcm;;;NA;NA;NA;NA;NA;NA;NA;NA;NA;NA;NA;;;;,,,,,,
mrph;1996-06-25;;talek;;;1996-07-24;;;;;1996-12-24;;;1;;1997-06-01;;;1;;NA;;;;;NA;NA;NA;NA;NA;NA;NA;NA;NA;NA;2011-04-10;dead;lions;;,,,,,,
mrs;2001-01-05;;talek;;;2001-02-14;;;;;2001-09-18;;;3.5;;2002-05-16;;;31;;NA;;;;;NA;NA;NA;NA;NA;NA;NA;NA;NA;NA;2003-12-31;dls;dispersed;;,,,,,,
mrsb;2013-10-22;;serena.n;;;2013-11-28;;;;;NA;;;;;2014-09-13;;;3;;NA;;;;;NA;NA;NA;NA;NA;NA;NA;NA;NA;NA;2017-10-02;dls;;;,,,,,,
mrti;2015-05-02;;happy.zebra;;;2015-07-31;;;;;NA;;;;;2016-01-20;error;;51;;NA;;;;;NA;NA;NA;NA;NA;NA;NA;NA;NA;NA;2016-04-13;dls;;;,,,,,,
mrx;1990-09-10;;talek;;;1991-01-04;;;;;NA;;;;;NA;;;;;NA;;;;;NA;NA;NA;NA;NA;NA;NA;NA;NA;NA;1991-03-06;dead;;;,,,,,,
msc;NA;;talek;;;1997-12-15;;;;;NA;;;;;NA;;;;;NA;;;;;NA;NA;NA;NA;NA;NA;NA;NA;NA;NA;1997-12-17;dls;fate unknown;;,,,,,,
msha;1996-08-27;;talek;;;1996-12-07;;;;;1997-07-26;;;94.5;;1997-11-16;;;;;NA;;;;;NA;NA;NA;NA;NA;NA;NA;NA;NA;NA;1997-11-30;dls;inferred dead;;,,,,,,
mshu;2019-02-16;;happy.zebra;;;2019-03-19;;;;;2019-11-18;;;2.5;;NA;;;;;NA;;;;;NA;NA;NA;NA;NA;NA;NA;NA;NA;NA;2020-01-05;dls;;;,,,,,,
msl;2005-12-05;;talek;;;2005-12-19;;;;;2006-09-02;;;0.5;;2006-11-13;;;1;;NA;;;;;NA;NA;NA;NA;NA;NA;NA;NA;NA;NA;2011-02-01;dls;inferred dead;;,,,,,,
msr;2007-06-01;;oz valley;;;2008-11-01;;;;;NA;;;;;NA;;;;;NA;;;;;NA;NA;NA;NA;NA;NA;NA;NA;NA;NA;NA;;;;,,,,,,
mst;NA;;talek;;;1998-11-13;;;;;NA;;;;;NA;;;;;NA;;;;;NA;NA;NA;NA;NA;NA;NA;NA;NA;NA;1998-11-14;dls;fate unknown;;,,,,,,
mstd;2009-02-25;;serena.s;;;2009-04-01;;;;;NA;;;;;NA;dbw;;;;NA;;;;;NA;NA;NA;NA;NA;NA;NA;NA;NA;NA;2009-06-06;dls;;;,,,,,,
mstl;2007-11-01;;serena.n;;;2008-06-25;;;;;2008-08-01;;;;DenGrad info not in table, instead taken from tblHyenas;NA;;;;;NA;;;;;NA;NA;NA;NA;NA;NA;NA;NA;NA;NA;2013-07-31;;;;check EventStatus and EventData,,,,,
mstm;2016-11-03;;serena.s;;;2017-01-05;;;;;NA;;;;;NA;;;;;NA;;;;;NA;NA;NA;NA;NA;NA;NA;NA;NA;NA;2017-05-27;dls;;;,,,,,,
mt;2009-12-25;;talek;;;2010-01-31;;;;;2010-08-03;;;0.5;;2011-01-03;;;0.5;;NA;;;;;NA;NA;NA;NA;NA;NA;NA;NA;NA;NA;2014-04-12;dead;poison (april 2014 incident);;,,,,,,
mth;NA;;talek.e;;;2005-04-15;;;;;NA;;;;;NA;;;;;NA;;;;;NA;NA;NA;NA;NA;NA;NA;NA;NA;NA;2012-06-18;dls;inferred dead;;,,,,,,
mthr;1999-11-27;;talek;;;NA;;;;;NA;;;;;NA;;;;;NA;;;;;NA;NA;NA;NA;NA;NA;NA;NA;NA;NA;1999-12-04;dls;;;,,,,,,
mtk;NA;;talek;;;1997-11-28;;;;;NA;;;;;NA;;;;;NA;;;;;NA;NA;NA;NA;NA;NA;NA;NA;NA;NA;1997-11-28;dls;fate unknown;;,,,,,,
mtl;NA;;talek;;;2002-07-14;;;;;NA;;;;;NA;;;;;NA;;;;;NA;NA;NA;NA;NA;NA;NA;NA;NA;NA;2003-10-09;dls;dispersed;;,,,,,,
mtlb;NA;;llion;;;2006-06-17;;;;;NA;;;;;NA;;;;;NA;;;;;NA;NA;NA;NA;NA;NA;NA;NA;NA;NA;NA;;;;,,,,,,
mtn;NA;;serena.s;;;2009-04-03;;;;;NA;;;;;NA;;;;;NA;;;;;NA;NA;NA;NA;NA;NA;NA;NA;NA;NA;2016-12-22;dls;;;,,,,,,
mtno;2022-03-01;;kcm;;;2022-08-11;;;;;NA;;;;;NA;;;;;NA;;;;;NA;NA;NA;NA;NA;NA;NA;NA;NA;NA;NA;;;;,,,,,,
mtp;NA;;olare;;;2008-11-24;;;;;NA;;;;;NA;;;;;NA;;;;;NA;NA;NA;NA;NA;NA;NA;NA;NA;NA;NA;;;;,,,,,,
mtro;2021-10-08;;serena.n;;;2021-12-07;;;;;NA;;;;;NA;;;;;NA;;;;;NA;NA;NA;NA;NA;NA;NA;NA;NA;NA;2021-12-14;dls;;;,,,,,,
mu;1988-11-20;;talek;;;1989-01-14;;;;;1989-09-08;;;9.5;;1990-05-31;;;;;NA;;;;;NA;NA;NA;NA;NA;NA;NA;NA;NA;NA;1999-03-05;dead;;;from darting sheet,,,,,,
muay;2008-12-01;;serena.n;;;2009-01-20;;;;;NA;;;;;NA;dbw;;;;NA;;;;;NA;NA;NA;NA;NA;NA;NA;NA;NA;NA;2009-06-25;dls;fate unknown;;,,,,,,
mug;2021-10-15;;kcm;;;2022-07-14;;;;;2022-10-15;error;;24;Graduated based on DOB;NA;;;;;NA;;;;;NA;NA;NA;NA;NA;NA;NA;NA;NA;NA;NA;;;;,,,,,,
muga;2014-03-28;;talek;;;2014-10-29;;;;;2015-01-05;;;15.5;;NA;;;;;2016-05-01;fission;kcm;;;NA;NA;NA;NA;NA;NA;NA;NA;NA;NA;2016-11-10;dls;fate unknown;;,,,,,,
muki;2015-05-11;;talek;;;2015-07-11;;;;;2016-03-16;;;0;;2016-07-27;;;21.5;;2016-05-01;fission;talek;;;2018-10-10;dispersal;kcm;;;NA;NA;NA;NA;NA;2019-11-19;dls;;;,,,,,,
mumb;NA;;happy.zebra;;;2011-06-07;;;;;NA;;;;;NA;;;;;NA;;;;;NA;NA;NA;NA;NA;NA;NA;NA;NA;NA;2012-11-04;dls;fate unknown;;,,,,,,
mun;NA;;airstrip;;;2004-07-10;;;;;NA;;;;;NA;;;;;NA;;;;;NA;NA;NA;NA;NA;NA;NA;NA;NA;NA;2005-07-11;;;;check EventStatus and EventData,,,,,,
mung;2018-01-18;;happy.zebra;;;2018-05-31;;;;;2018-09-14;grad;;0;;NA;;;;;NA;;;;;NA;NA;NA;NA;NA;NA;NA;NA;NA;NA;2018-10-27;dls;;;,,,,,,
muon;2011-10-13;;happy.zebra;;;2011-11-10;;;;;2012-10-18;;;;DenGrad info not in table, instead taken from tblHyenas;2012-10-26;;;2.5;;NA;;;;;NA;NA;NA;NA;NA;NA;NA;NA;NA;NA;NA;dls;;;,,,,,
mura;2019-11-08;;cool.beans;;;2020-02-11;;;;;2020-11-08;error;;38.5;Graduated based on DOB;NA;;;;;NA;;;;;NA;NA;NA;NA;NA;NA;NA;NA;NA;NA;2021-12-16;dls;;;,,,,,,
muri;2019-10-29;;pond;;;2019-12-31;;;;;NA;;;;;NA;;;;;NA;;;;;NA;NA;NA;NA;NA;NA;NA;NA;NA;NA;2020-01-06;dls;;;,,,,,,
muss;2015-01-31;;talek;;;2015-07-31;;;;;NA;;;;;2016-06-11;error;;83;;2016-05-01;fission;kcm;;;NA;NA;NA;NA;NA;NA;NA;NA;NA;NA;2017-07-02;dls;;;,,,,,,
musu;2011-01-23;;talek;;;2011-02-06;;;;;2011-09-25;;;0.5;;NA;dbw;;;;NA;;;;;NA;NA;NA;NA;NA;NA;NA;NA;NA;NA;2011-11-05;dls;inferred dead;;,,,,,,
mutt;2019-01-12;;serena.n;;;2019-04-06;;;;;2020-01-12;;;13;;NA;;;;;NA;;;;;NA;NA;NA;NA;NA;NA;NA;NA;NA;NA;NA;;;;,,,,,,
mvn;NA;;talek;;;1998-10-26;;;;;NA;;;;;NA;;;;;NA;;;;;NA;NA;NA;NA;NA;NA;NA;NA;NA;NA;1998-11-12;dls;fate unknown;;,,,,,,
mvua;2015-12-29;;talek;;;2016-06-29;;;;;2016-09-26;;;;DenGrad info not in table, instead taken from tblHyenas;2016-09-26;;;18;;2016-05-01;fission;kcm;;;NA;NA;NA;NA;NA;NA;NA;NA;NA;NA;2016-12-23;dls;inferred dead;;,,,,,
mw;1987-05-01;;talek;;;1988-06-22;;;;;NA;;;;;NA;;;;;NA;;;;;NA;NA;NA;NA;NA;NA;NA;NA;NA;NA;1991-11-15;dead;unknown;;,,,,,,
mwht;NA;;fig.tree;;;2007-06-26;;;;;NA;;;;;NA;;;;;NA;;;;;NA;NA;NA;NA;NA;NA;NA;NA;NA;NA;2007-06-26;dls;fate unknown;;,,,,,,
mxm;NA;;mara.river;;;2001-07-08;;;;;NA;;;;;NA;;;;;NA;;;;;NA;NA;NA;NA;NA;NA;NA;NA;NA;NA;2001-07-08;dls;;;,,,,,,
mxx;NA;;talek;;;1999-12-15;;;;;NA;;;;;NA;;;;;NA;;;;;NA;NA;NA;NA;NA;NA;NA;NA;NA;NA;2000-06-15;dls;inferred dead;;,,,,,,
my;NA;;talek;;;1994-07-03;;;;;NA;;;;;NA;;;;;NA;;;;;NA;NA;NA;NA;NA;NA;NA;NA;NA;NA;1998-07-26;dls;fate unknown;;,,,,,,
myst;2013-05-20;;talek;;;2014-02-16;;;;;NA;sugu;;;;NA;;;;;NA;;;;;NA;NA;NA;NA;NA;NA;NA;NA;NA;NA;2016-05-15;dls;fate unknown;;check EventStatus and EventData,,,,,,
myth;2016-07-04;;talek;;;2016-07-27;;;;;2017-01-19;;;0.5;;2017-08-05;;;4.5;;NA;;;;;NA;NA;NA;NA;NA;NA;NA;NA;NA;NA;2021-07-24;dls;;;,,,,,,
mze;NA;;serena.n;;;2008-06-27;;;;;NA;;;;;NA;;;;;NA;;;;;NA;NA;NA;NA;NA;NA;NA;NA;NA;NA;2009-03-08;dls;fate unknown;;,,,,,,
mzi;2005-05-23;;airstrip;;;2005-06-10;;;;;NA;;;;;NA;dbw;;;;NA;;;;;NA;NA;NA;NA;NA;NA;NA;NA;NA;NA;2005-07-03;dls;;;,,,,,,
mzt;2003-06-16;;airstrip;;;2003-08-17;;;;;NA;;;;;NA;;;;;NA;;;;;NA;NA;NA;NA;NA;NA;NA;NA;NA;NA;2004-01-24;dls;;;,,,,,,
n2;NA;;talek;;;NA;;;;;NA;;;;;NA;;;;;NA;;;;;NA;NA;NA;NA;NA;NA;NA;NA;NA;NA;NA;dls;inferred dead;;,,,,,,
naan;2022-05-13;;kcm;;;2022-08-11;;;;;2022-12-06;grad;;5.5;;NA;;;;;NA;;;;;NA;NA;NA;NA;NA;NA;NA;NA;NA;NA;NA;;;;,,,,,,
naga;2017-05-25;;serena.n;;;2017-06-18;;;;;NA;;;;;NA;;;;;NA;;;;;NA;NA;NA;NA;NA;NA;NA;NA;NA;NA;2023-03-09;dls;fate unknown;;,,,,,,
nago;2016-01-09;;talek;;;2016-07-31;;;;;2016-10-07;;;;DenGrad info not in table, instead taken from tblHyenas;2017-03-14;error;;39.5;;2016-05-01;fission;kcm;;;NA;NA;NA;NA;NA;NA;NA;NA;NA;NA;2017-06-12;dead;humans (hit by car);;DLS alive: 23-Apr-17,,,,,
naju;2022-12-21;;happy.zebra;;;2023-01-09;;;;;NA;;;;;NA;;;;;NA;;;;;NA;NA;NA;NA;NA;NA;NA;NA;NA;NA;2023-02-07;dls;fate unknown;;,,,,,,
nali;2011-11-04;;serena.s;;;2011-12-05;;;;;2012-05-22;;;;DenGrad info not in table, instead taken from tblHyenas;2012-10-05;;;;;2018-08-07;dispersal;serena.n;;;NA;NA;NA;NA;NA;NA;NA;NA;NA;NA;NA;dls;;;,,,,,
nam;2000-06-05;;talek;;;2000-06-27;;;;;NA;;;;;NA;dbw;;;;NA;;;;;NA;NA;NA;NA;NA;NA;NA;NA;NA;NA;2000-06-27;dls;;;,,,,,,
nana;NA;;mara.river;;;2001-07-27;;;;;NA;;;;;NA;;;;;NA;;;;;NA;NA;NA;NA;NA;NA;NA;NA;NA;NA;2009-08-09;dls;inferred dead;;,,,,,,
nano;2016-07-19;;talek;;;2016-07-25;;;;Oen of siblings seen on DFS;2017-04-15;;;1.5;;2017-04-02;;;2.5;;NA;;;;;NA;NA;NA;NA;NA;NA;NA;NA;NA;NA;NA;dls;;;,,,,,,
nanu;2021-01-10;kcm;;;;2021-09-08;;;;;NA;;;;;NA;;;;;NA;;;;;NA;NA;NA;NA;NA;NA;NA;NA;NA;NA;2021-09-08;dls;;;,,,,,,
napo;NA;;pond;;;2021-08-18;;;;;NA;;;;;NA;;;;;NA;;;;;NA;NA;NA;NA;NA;NA;NA;NA;NA;NA;2022-02-09;dls;;;,,,,,,
nar;NA;;talek;;;1997-09-28;;;;;NA;;;;;NA;;;;;NA;;;;;NA;NA;NA;NA;NA;NA;NA;NA;NA;NA;1997-09-28;dls;dispersed;;,,,,,,
nar2;NA;;;;;1999-11-22;;;;;NA;;;;;NA;;;;;NA;;;;;NA;NA;NA;NA;NA;NA;NA;NA;NA;NA;1999-11-22;dls;;;,,,,,,
naru;2013-11-30;;fig.tree;;;2014-01-04;;;;;NA;;;;;NA;;;;;NA;;;;;NA;NA;NA;NA;NA;NA;NA;NA;NA;NA;2015-05-08;dls;;;check EventStatus and EventData,,,,,,
narw;2014-11-02;;serena.n;;;2014-11-24;;;;;NA;;;;;NA;;;;;NA;;;;;NA;NA;NA;NA;NA;NA;NA;NA;NA;NA;2014-11-24;dead;;;,,,,,,
nash;NA;;talek;;;2011-10-17;;;;;NA;;;;;NA;;;;;NA;;;;;NA;NA;NA;NA;NA;NA;NA;NA;NA;NA;2012-08-28;dls;dispersed;;,,,,,,
nasi;NA;;talek;;;1997-04-17;;;;;NA;;;;;NA;;;;;NA;;;;;NA;NA;NA;NA;NA;NA;NA;NA;NA;NA;1997-04-17;dls;fate unknown;;,,,,,,
nass;NA;;talek;;;2013-12-04;;;;;NA;;;;;NA;;;;;2016-05-01;fission;kcm;;;NA;NA;NA;NA;NA;NA;NA;NA;NA;NA;NA;dls;;;,,,,,,
natg;2011-12-17;;happy.zebra;;;2012-03-10;;;;;2012-10-08;;;;DenGrad info not in table, instead taken from tblHyenas;2012-12-11;error;;42.5;;NA;;;;;NA;NA;NA;NA;NA;NA;NA;NA;NA;NA;2016-01-21;dls;;;,,,,,
naut;2018-11-21;;happy.zebra;;;2019-02-27;;;;;2019-11-21;;;2.5;graduated by turning 1 yo;NA;;;;;NA;;;;;NA;NA;NA;NA;NA;NA;NA;NA;NA;NA;2020-03-20;dls;;;,,,,,,
nav;1992-11-07;;talek;;;1992-11-29;;;;;1993-06-08;;;0.5;;1993-11-29;;;;;2016-05-01;fission;kcm;;;NA;NA;NA;NA;NA;NA;NA;NA;NA;NA;2016-07-20;dls;inferred dead;;,,,,,,
navi;2011-10-14;;talek;;;2011-10-20;;;;;NA;dbg;;;;NA;dbw;;;;NA;;;;;NA;NA;NA;NA;NA;NA;NA;NA;NA;NA;2012-04-16;dls;;;,,,,,,
navy;2005-05-29;;oltukai;;;2005-06-29;;;;;NA;;;;;NA;;;;;NA;;;;;NA;NA;NA;NA;NA;NA;NA;NA;NA;NA;2005-07-10;;;;,,,,,,
nb;NA;;talek;;;1988-08-19;;;;;NA;;;;;NA;;;;;NA;;;;;NA;NA;NA;NA;NA;NA;NA;NA;NA;NA;1989-06-30;dls;dispersed;;,,,,,,
ncc;NA;;talek;;;1997-02-12;;;;;NA;;;;;NA;;;;;NA;;;;;NA;NA;NA;NA;NA;NA;NA;NA;NA;NA;1997-02-12;dls;fate unknown;;,,,,,,
ncl;2003-07-26;;talek;;;2003-09-23;;;;;NA;dbg;;;;NA;dbw;;;;NA;;;;;NA;NA;NA;NA;NA;NA;NA;NA;NA;NA;2004-01-08;dls;inferred dead;;,,,,,,
nedl;2019-04-22;;happy.zebra;;;2019-06-24;;;;;NA;;;;;NA;;;;;NA;;;;;NA;NA;NA;NA;NA;NA;NA;NA;NA;NA;2020-03-20;dls;;;,,,,,,
neh;2004-10-02;;oltukai;;;2004-10-03;;;;;NA;;;;;NA;;;;;NA;;;;;NA;NA;NA;NA;NA;NA;NA;NA;NA;NA;2005-01-15;dls;;;,,,,,,
neme;NA;;llion;;;2000-08-03;;;;;NA;;;;;NA;;;;;NA;;;;;NA;NA;NA;NA;NA;NA;NA;NA;NA;NA;2002-07-27;;;;check EventStatus and EventData,,,,,,
nemo;2011-09-14;;serena.s;;;2011-11-26;;;;;NA;;;;;NA;dbw;;;;NA;;;;;NA;NA;NA;NA;NA;NA;NA;NA;NA;NA;2012-01-23;dead;;;,,,,,,
nene;2021-01-10;;kcm;;;2021-09-08;;;;;2022-01-10;error;;22285.5;Never seen at den, graduated based on DOB;NA;;;;;NA;;;;;NA;NA;NA;NA;NA;NA;NA;NA;NA;NA;NA;;;;,,,,,
neno;2022-11-10;;serena.n;;;2023-01-10;;;;;NA;;;;;NA;;;;;NA;;;;;NA;NA;NA;NA;NA;NA;NA;NA;NA;NA;2023-01-10;dls;fate unknown;;,,,,,,
neo;2014-05-22;;happy.zebra;;;2014-06-22;;;;;2015-03-02;;;;DenGrad info not in table, instead taken from tblHyenas;2015-04-14;error;;43.5;;NA;;;;;NA;NA;NA;NA;NA;NA;NA;NA;NA;NA;2015-10-08;dls;;;,,,,,
neon;2010-12-26;;talek;;;2011-04-27;;;;;2011-11-18;;;1;;2011-12-05;;;17;;2016-05-01;fission;talek;;;NA;NA;NA;NA;NA;NA;NA;NA;NA;NA;2020-02-14;dls;;;,,,,,,
nerd;2015-03-15;;serena.s;;;2015-04-01;;;;;NA;;;;;2015-08-20;;;31.5;;NA;;;;;NA;NA;NA;NA;NA;NA;NA;NA;NA;NA;2015-11-22;dls;;;,,,,,,
neto;2014-08-18;;fig.tree;;;2015-01-13;;;;;NA;;;;;NA;;;;;NA;;;;;NA;NA;NA;NA;NA;NA;NA;NA;NA;NA;NA;dls;;;,,,,,,
neu;NA;;airstrip;;;2003-10-31;;;;;NA;;;;;NA;;;;;NA;;;;;NA;NA;NA;NA;NA;NA;NA;NA;NA;NA;2004-09-15;dls;;;check EventStatus and EventData,,,,,,
neut;2009-04-29;;happy.zebra;;;2009-05-06;;;;;NA;;;;;NA;;;;;NA;;;;;NA;NA;NA;NA;NA;NA;NA;NA;NA;NA;2009-07-18;dls;;;,,,,,,
nev;2003-10-28;;airstrip;;;2004-01-12;;;;;NA;;;;;NA;;;;;NA;;;;;NA;NA;NA;NA;NA;NA;NA;NA;NA;NA;2005-07-10;;;;check EventStatus and EventData,,,,,,
newb;NA;;talek;;;1996-12-18;;;;;NA;;;;;NA;;;;;NA;;;;;NA;NA;NA;NA;NA;NA;NA;NA;NA;NA;1996-12-18;dls;fate unknown;;,,,,,,
newt;2007-11-21;;fig.tree;;;2008-01-21;;;;;NA;;;;;NA;;;;;NA;;;;;NA;NA;NA;NA;NA;NA;NA;NA;NA;NA;2008-07-07;dls;unk;;,,,,,,
nf;2006-09-05;;talek.e;;;2006-09-17;;;;;NA;dbg;;;;NA;;;;;NA;;;;;NA;NA;NA;NA;NA;NA;NA;NA;NA;NA;2006-11-20;dls;inferred dead;;,,,,,,
nght;2010-10-15;;fig.tree;;;2010-11-22;;;;;NA;;;;;NA;;;;;NA;;;;;NA;NA;NA;NA;NA;NA;NA;NA;NA;NA;2010-11-22;dls;inferred dead;;,,,,,,
ngng;2011-12-23;;fig.tree;;;2012-02-03;;;;;NA;;;;;NA;;;;;NA;;;;;NA;NA;NA;NA;NA;NA;NA;NA;NA;NA;2012-02-13;dls;unk;;,,,,,,
ngo;NA;;;;;2003-07-19;;;;;NA;;;;;NA;;;;;NA;;;;;NA;NA;NA;NA;NA;NA;NA;NA;NA;NA;2003-07-19;;;;check EventStatus and EventData,,,,,,
nic;NA;;talek;;;1988-09-05;;;;;NA;;;;;NA;;;;;NA;;;;;NA;NA;NA;NA;NA;NA;NA;NA;NA;NA;1988-09-05;dls;fate unknown;;,,,,,,
nick;NA;;talek;;;1997-09-09;;;;;NA;;;;;NA;;;;;NA;;;;;NA;NA;NA;NA;NA;NA;NA;NA;NA;NA;2006-07-31;dls;fate unknown;;,,,,,,
nig;NA;;fig.tree;;;1999-06-20;;;;;NA;;;;;NA;;;;;NA;;;;;NA;NA;NA;NA;NA;NA;NA;NA;NA;NA;1999-06-20;dead;;;,,,,,,
nike;2009-11-10;;talek;;;2010-01-28;;;;;NA;dbg;;;;NA;dbw;;;;NA;;;;;NA;NA;NA;NA;NA;NA;NA;NA;NA;NA;2010-01-28;dls;inferred dead;;,,,,,,
nikk;NA;;fig.tree;;;2009-06-11;;;;;NA;;;;;NA;;;;;NA;;;;;NA;NA;NA;NA;NA;NA;NA;NA;NA;NA;2014-11-02;dls;;;check EventStatus and EventData,,,,,,
niko;2016-12-27;;serena.n;;;2017-02-09;;;;;2017-09-11;;;;DenGrad info not in table, instead taken from tblHyenas;2018-04-14;error;error;68;;NA;;;;;NA;NA;NA;NA;NA;NA;NA;NA;NA;NA;2020-03-02;dls;;;,,,,,
nina;NA;;airstrip;;;2003-09-13;;;;;NA;;;;;NA;;;;;NA;;;;;NA;NA;NA;NA;NA;NA;NA;NA;NA;NA;2003-10-08;;;;check EventStatus and EventData,,,,,,
ninj;2014-08-13;;fig.tree;;;2014-12-10;;;;;NA;;;;;NA;;;;;NA;;;;;NA;NA;NA;NA;NA;NA;NA;NA;NA;NA;2014-12-10;dls;;;check EventStatus and EventData,,,,,,
nion;2022-05-20;;serena.n;;;2022-07-13;;;;;2023-03-04;;;6;>200, absent from den, >200;NA;;;;;NA;;;;;NA;NA;NA;NA;NA;NA;NA;NA;NA;NA;NA;;;;,,,,
niza;2018-08-02;;serena.n;;;2018-10-14;;;;;NA;;;;;NA;;;;;NA;;;;;NA;NA;NA;NA;NA;NA;NA;NA;NA;NA;2018-12-07;dls;;;,,,,,,
nk;NA;;talek;;;1993-08-02;;;;;NA;;;;;NA;;;;;NA;;;;;NA;NA;NA;NA;NA;NA;NA;NA;NA;NA;1993-08-02;dls;fate unknown;;,,,,,,
nkit;2005-06-28;;oltukai;;;2005-07-09;;;;;NA;;;;;NA;;;;;NA;;amboseli;;;NA;NA;NA;NA;NA;NA;NA;NA;NA;NA;2005-07-10;;;;check EventStatus and EventData,,,,,,
nko;2003-07-15;;mara.river;;;2003-07-19;;;;;NA;;;;;NA;;;;;NA;;;;;NA;NA;NA;NA;NA;NA;NA;NA;NA;NA;2004-03-21;dls;;;,,,,,,
nkta;NA;;;;;2005-05-27;;;;;NA;;;;;NA;;;;;NA;;;;;NA;NA;NA;NA;NA;NA;NA;NA;NA;NA;2005-05-27;dls;;;,,,,,,
nle;NA;;fig.tree;;;1998-01-21;;;;;NA;;;;;NA;;;;;NA;;;;;NA;NA;NA;NA;NA;NA;NA;NA;NA;NA;1998-01-28;dls;fate unknown;;,,,,,,
nm/cs;2008-10-31;;serena.s;;;2008-11-18;;;;;NA;;;;;NA;dbw;;;;NA;;;;;NA;NA;NA;NA;NA;NA;NA;NA;NA;NA;NA;dls;;;,,,,,,
nmib;NA;;talek;;;2012-01-06;;;;;NA;;;;;NA;;;;;NA;;;;;NA;NA;NA;NA;NA;NA;NA;NA;NA;NA;2012-02-26;dls;inferred dead;;,,,,,,
nmlk;2007-05-10;;mara.river;;;2007-09-20;;;;;NA;;;;;NA;;;;;NA;;;;;NA;NA;NA;NA;NA;NA;NA;NA;NA;NA;2007-12-04;dead;lion;;,,,,,,
nmn;2014-05-16;;happy.zebra;;;2014-09-25;;;;;NA;;;;;NA;;;;;NA;;;;;NA;NA;NA;NA;NA;NA;NA;NA;NA;NA;2014-09-25;dead;found dead at den;;,,,,,,
no;1994-11-15;;talek;;;1994-12-19;;;;;NA;;;;;NA;;;;;NA;;;;;NA;NA;NA;NA;NA;NA;NA;NA;NA;NA;1995-03-26;dead;humans (us);;,,,,,,
nobl;2019-01-29;;serena.s;;;2019-07-24;;;;;2020-01-29;;;2.5;;NA;;;;;NA;;;;;NA;NA;NA;NA;NA;NA;NA;NA;NA;NA;2021-09-13;dls;;;,,,,,,
nod;1996-10-13;;talek;;;1996-11-27;;;;;1997-05-25;;;1.5;;1997-10-21;;;3;;NA;;;;;NA;NA;NA;NA;NA;NA;NA;NA;NA;NA;2001-02-15;dls;dispersed;;,,,,,,
nogn;2015-06-27;;serena.n;;;2015-08-24;;;;;NA;;;;;NA;dbw;;;;NA;;;;;NA;NA;NA;NA;NA;NA;NA;NA;NA;NA;2016-04-16;dls;;;,,,,,,
nol;NA;;serena.n;;;2017-08-14;;;;;NA;;;;;NA;;;;;NA;;;;;NA;NA;NA;NA;NA;NA;NA;NA;NA;NA;2019-05-11;dls;;;,,,,,,
nola;2000-09-25;;talek;;;2000-10-11;;;;;2001-07-02;;;1;;2001-08-15;;;1;;NA;;;;;NA;NA;NA;NA;NA;NA;NA;NA;NA;NA;2002-03-27;dls;inferred dead;;,,,,,,
nona;1996-11-04;;talek;;;NA;;;;;NA;;;;;NA;;;;;NA;;;;;NA;NA;NA;NA;NA;NA;NA;NA;NA;NA;1996-11-10;dls;;;,,,,,,
nons;2015-03-10;;serena.n;;;2015-04-07;;;;;NA;;;;;2015-04-08;error;;1.5;;NA;;;;;NA;NA;NA;NA;NA;NA;NA;NA;NA;NA;2015-04-10;dls;;;,,,,,,
noot;2014-07-13;;serena.n;;;2014-09-09;;;;;NA;;;;;2015-03-31;;;0;;NA;;;;;NA;NA;NA;NA;NA;NA;NA;NA;NA;NA;2016-01-18;dls;;;,,,,,,
nope;2019-08-16;;talek;;;2019-09-20;;;;;2020-08-16;error;;23;Graduated based on DOB;NA;;;;;NA;;;;;NA;NA;NA;NA;NA;NA;NA;NA;NA;NA;2020-10-10;dls;;;,,,,,,
nori;2021-01-11;;kcm;;;2021-11-01;;;;;2022-01-11;error;;22286;Graduated based on DOB, never seen at den;NA;;;;;NA;;;;;NA;NA;NA;NA;NA;NA;NA;NA;NA;NA;NA;;;;,,,,,
norm;2007-11-15;;mara.river;;;2008-01-19;;;;;NA;;;;;NA;;;;;NA;;;;;NA;NA;NA;NA;NA;NA;NA;NA;NA;NA;NA;dls;;;,,,,,,
nosi;2018-11-02;;talek;;;2018-12-28;;;;;2019-07-22;;;1.5;;NA;;;;;NA;;;;;NA;NA;NA;NA;NA;NA;NA;NA;NA;NA;NA;;;;,,,,,,
nott;NA;;fig.tree;;;NA;;;;;NA;;;;;NA;;;;;NA;;;;;NA;NA;NA;NA;NA;NA;NA;NA;NA;NA;NA;dls;fate unknown;;,,,,,,
novo;2022-09-23;;kcm;;;2022-10-31;;;;;NA;;;;;NA;;;;;NA;;;;;NA;NA;NA;NA;NA;NA;NA;NA;NA;NA;NA;;;;,,,,,,
nozo;2022-11-28;;happy.zebra;;;2023-01-09;;;;;NA;;;;;NA;;;;;NA;;;;;NA;NA;NA;NA;NA;NA;NA;NA;NA;NA;2023-01-09;dls;fate unknown;;,,,,,,
nozz;2017-12-03;;serena.n;;;2017-12-23;;;;;NA;;;;;NA;;;;;NA;;;;;NA;NA;NA;NA;NA;NA;NA;NA;NA;NA;2017-12-23;dls;;;,,,,,,
nrbi;NA;;mara.river;;;2012-09-14;;;;;NA;;;;;NA;;;;;NA;;;;;NA;NA;NA;NA;NA;NA;NA;NA;NA;NA;2012-09-14;dls;;;check EventStatus and EventData,,,,,,
nrna;2009-02-01;;happy.zebra;;;2009-04-02;;;;;2009-11-09;;;;DenGrad info not in table, instead taken from tblHyenas;2009-09-30;;;4.5;;NA;;;;;NA;NA;NA;NA;NA;NA;NA;NA;NA;NA;2010-03-28;dls;fate unknown;;,,,,,
nrwl;2014-11-02;;serena.n;;;2014-11-24;;;;;NA;;;;;2015-09-17;;;1.5;;NA;;;;;NA;NA;NA;NA;NA;NA;NA;NA;NA;NA;2015-10-20;dls;;;,,,,,,
nsh;2018-12-03;;happy.zebra;;;2019-01-27;;;;;2019-12-03;;;32;graduated by turning 1 yo;NA;;;;;NA;;;;;NA;NA;NA;NA;NA;NA;NA;NA;NA;NA;2020-02-23;dls;;;,,,,,,
nshd;2015-01-31;;happy.zebra;;;2015-03-12;;;;;NA;;;;;2015-07-02;;;4;;NA;;;;;NA;NA;NA;NA;NA;NA;NA;NA;NA;NA;2015-10-29;dls;;;,,,,,,
nsi;1996-12-15;;talek;;;1997-02-04;;;;;NA;;;;;NA;;;;;NA;;;;;NA;NA;NA;NA;NA;NA;NA;NA;NA;NA;1997-02-22;dead;;;,,,,,,
nst;2006-02-02;;mara.river;;;2006-03-12;;;;;2006-09-22;;;;DenGrad info not in table, instead taken from tblHyenas;NA;;;;;NA;;;;;NA;NA;NA;NA;NA;NA;NA;NA;NA;NA;2006-10-30;dls;;;check EventStatus and EventData,,,,,
ntch;2021-12-17;;serena.n;;;2022-07-14;;;;;2022-09-22;;;0;Lv wlk, >200m from den, absent from den;NA;;;;;NA;;;;;NA;NA;NA;NA;NA;NA;NA;NA;NA;NA;NA;;;;,,,,
ntl;2006-02-02;;mara.river;;;2006-03-12;;;;;2006-11-16;;;;DenGrad info not in table, instead taken from tblHyenas;NA;;;;;NA;;;;;NA;NA;NA;NA;NA;NA;NA;NA;NA;NA;2006-10-22;dls;;;check EventStatus and EventData,,,,,
ntro;NA;;mara.river;;;2001-07-07;;;;;NA;;;;;NA;;;;;NA;;;;;NA;NA;NA;NA;NA;NA;NA;NA;NA;NA;2001-07-07;dls;;;,,,,,,
ntut;2022-01-25;;kcm;;;2022-08-09;;;;;2022-11-02;grad;;1.5;;NA;;;;;NA;;;;;NA;NA;NA;NA;NA;NA;NA;NA;NA;NA;NA;;;;,,,,,,
ntz;2000-12-25;;talek;;;2001-03-27;;;;;2001-11-14;;;1.5;;2002-04-07;;;6;;NA;;;;;NA;NA;NA;NA;NA;NA;NA;NA;NA;NA;2002-12-27;dls;fate unknown;;,,,,,,
nub;NA;;airstrip;;;2003-07-21;;;;;NA;;;;;NA;;;;;NA;;;;;NA;NA;NA;NA;NA;NA;NA;NA;NA;NA;2005-05-12;;;;check EventStatus and EventData,,,,,,
nudi;2015-06-06;;talek;;;2015-07-11;;;;One sibling seen on DFS;2016-03-17;;;1;;2016-09-11;;;5;;2016-05-01;fission;talek;;;NA;NA;NA;NA;NA;NA;NA;NA;NA;NA;2021-06-11;dls;;;,,,,,,
numa;2020-12-16;;kcm;;;2021-08-11;;;;;2021-12-16;error;;22273;Never seen at den, graduated based on DOB;NA;;;;;NA;;;;;NA;NA;NA;NA;NA;NA;NA;NA;NA;NA;NA;;;;,,,,,
nvg;NA;;mara.river;;;2001-07-27;;;;;NA;;;;;NA;;;;;NA;;;;;NA;NA;NA;NA;NA;NA;NA;NA;NA;NA;2001-08-19;dls;;;,,,,,,
nvrl;2009-02-01;;happy.zebra;;;2009-02-16;;;;;NA;;;;;NA;;;;;NA;;;;;NA;NA;NA;NA;NA;NA;NA;NA;NA;NA;2009-02-16;dead;killed by a conspecific;;,,,,,,
nvsh;NA;;talek;;;2011-06-01;;;;;NA;;;;;NA;;;;;NA;;;;;NA;NA;NA;NA;NA;NA;NA;NA;NA;NA;2012-08-03;dls;dispersed;;,,,,,,
nwfi;2015-07-24;;serena.s;;;2015-11-24;;;;;NA;;;;;NA;dbw;;;;NA;;;;;NA;NA;NA;NA;NA;NA;NA;NA;NA;NA;2015-12-22;dls;;;,,,,,,
nwo;NA;;talek;;;1997-07-02;;;;;NA;;;;;NA;;;;;NA;;;;;NA;NA;NA;NA;NA;NA;NA;NA;NA;NA;1997-07-02;dls;fate unknown;;,,,,,,
nxn;2000-10-03;;talek;;;2001-05-20;;;;;2001-07-30;;;7.5;;2002-07-11;;;1;;NA;;;;;NA;NA;NA;NA;NA;NA;NA;NA;NA;NA;2003-12-13;dls;dispersed;;,,,,,,
nybl;2014-08-23;;talek;;;2014-10-23;;;;;NA;;;;;2015-03-16;;;5.5;;NA;;;;;NA;NA;NA;NA;NA;NA;NA;NA;NA;NA;2015-06-24;dead;unk;;Body found, DLS alive: 22-Jun-15,,,,,
nyc;NA;;happy.zebra;;;2016-11-02;;;;;NA;;;;;NA;;;;;NA;;;;;NA;NA;NA;NA;NA;NA;NA;NA;NA;NA;2021-05-07;dls;;;,,,,,,
nym;2016-12-05;;pond;;;2017-02-13;;;;;2017-10-06;;;;DenGrad info not in table, instead taken from tblHyenas;NA;;;;;NA;;;;;NA;NA;NA;NA;NA;NA;NA;NA;NA;NA;2018-06-19;dls;;;,,,,,
nyra;2022-03-19;;cool.beans;;;2022-07-15;;;;;NA;;;;;NA;;;;;NA;;;;;NA;NA;NA;NA;NA;NA;NA;NA;NA;NA;NA;;;;,,,,,,
nzth;NA;;talek;;;2012-06-14;;;;;NA;;;;;NA;;;;;NA;;;;;NA;NA;NA;NA;NA;NA;NA;NA;NA;NA;2012-08-10;dls;dispersed;;,,,,,,
oak;NA;;talek;;;2004-10-07;;;;;NA;;;;;NA;;;;;NA;;;;;NA;NA;NA;NA;NA;NA;NA;NA;NA;NA;2014-05-29;dls;dispersed;;,,,,,,
oat;2019-12-21;;cool.beans;;;2020-02-22;;;;;NA;;;;;NA;;;;;NA;;;;;NA;NA;NA;NA;NA;NA;NA;NA;NA;NA;2020-07-03;dls;;;,,,,,,
oba;2004-04-14;;airstrip;;;2004-06-11;;;;;NA;;;;;NA;;;;;NA;;;;;NA;NA;NA;NA;NA;NA;NA;NA;NA;NA;2004-10-19;dls;;;,,,,,,
obam;2008-11-13;;talek;;;2008-12-07;;;;;2009-07-16;;;11;;2010-01-06;;;;calculated using NAV lactation periods;NA;;;;;NA;NA;NA;NA;NA;NA;NA;NA;NA;NA;2014-04-12;dead;poison (april 2014 incident);;No associated session,,,,,,
ober;2019-08-08;;talek;;;2019-10-08;;;;;2020-08-08;error;;25.5;25.5;NA;;;;;NA;;;;;NA;NA;NA;NA;NA;NA;NA;NA;NA;NA;2021-09-27;dls;;;,,,,,,
oboy;NA;;pond;;;2019-11-11;;;;;NA;;;;;NA;;;;;NA;;;;;NA;NA;NA;NA;NA;NA;NA;NA;NA;NA;2019-11-11;dls;;;,,,,,,
oca;2021-10-24;;pond;;;2021-12-20;;;;;NA;;;;;NA;;;;;NA;;;;;NA;NA;NA;NA;NA;NA;NA;NA;NA;NA;2021-12-27;dls;;;,,,,,,
octo;2021-10-24;;talek;;;2022-05-20;;;;;2022-07-21;;;5;;NA;;;;;NA;;;;;NA;NA;NA;NA;NA;NA;NA;NA;NA;NA;NA;;;;,,,,,,
odb;2013-01-12;;serena.n;;;2013-02-06;;;;;NA;;;;;NA;dbw;;;;NA;;;;;NA;NA;NA;NA;NA;NA;NA;NA;NA;NA;2013-03-06;dls;;;,,,,,,
odd;2012-01-03;;talek;;;2012-03-06;;;;;2012-09-14;;;1;;2013-04-13;error;;157;;2016-05-01;fission;kcm;;;NA;NA;NA;NA;NA;NA;NA;NA;NA;NA;NA;dls;;;,,,,,,
odm;2021-10-15;;cool.beans;;;2021-12-16;;;;;2022-10-15;error;;35;Graduated based on DOB;NA;;;;;NA;;;;;NA;NA;NA;NA;NA;NA;NA;NA;NA;NA;NA;;;;,,,,,,
odo;NA;;airstrip;;;2004-07-10;;;;;NA;;;;;NA;;;;;NA;;;;;NA;NA;NA;NA;NA;NA;NA;NA;NA;NA;2005-07-10;;;;check EventStatus and EventData,,,,,,
oear;NA;;emarti h;;;2002-07-04;;;;;NA;;;;;NA;;;;;NA;;;;;NA;NA;NA;NA;NA;NA;NA;NA;NA;NA;NA;;;;,,,,,,
oey;NA;;mara.river;;;2002-01-09;;;;;NA;;;;;NA;;;;;NA;;;;;NA;NA;NA;NA;NA;NA;NA;NA;NA;NA;2002-01-09;dls;;;,,,,,,
og;NA;;talek;;;1989-09-25;;;;;NA;;;;;NA;;;;;NA;;;;;NA;NA;NA;NA;NA;NA;NA;NA;NA;NA;1989-09-25;dls;fate unknown;;,,,,,,
ohio;2022-09-16;;talek;;;2022-11-24;;;;;NA;;;;;NA;;;;;NA;;;;;NA;NA;NA;NA;NA;NA;NA;NA;NA;NA;NA;;;;,,,,,,
ojy;NA;;happy.zebra;;;2008-06-23;;;;;NA;;;;;NA;;;;;NA;;;;;NA;NA;NA;NA;NA;NA;NA;NA;NA;NA;2015-11-11;dls;fate unknown;;KDSL: date was changed to 15dec22 in Sept23 comps hyena list but I can't find other evidence it should be changed. Worth Qcing,,,,,,
ok;2007-03-01;;talek;;;2007-10-12;;;;;NA;;;;;NA;dbw;;;;NA;;;;;NA;NA;NA;NA;NA;NA;NA;NA;NA;NA;2007-10-18;dls;;;,,,,,,
ok1;NA;;olkiombo;;;2001-07-14;;;;;NA;;;;;NA;;;;;NA;;;;;NA;NA;NA;NA;NA;NA;NA;NA;NA;NA;2001-11-07;;;;check EventStatus and EventData,,,,,,
ok10;NA;;olkiombo;;;2001-08-02;;;;;NA;;;;;NA;;;;;NA;;;;;NA;NA;NA;NA;NA;NA;NA;NA;NA;NA;2001-08-02;;;;check EventStatus and EventData,,,,,,
ok11;NA;;olkiombo;;;2001-08-02;;;;;NA;;;;;NA;;;;;NA;;;;;NA;NA;NA;NA;NA;NA;NA;NA;NA;NA;2001-08-02;;;;check EventStatus and EventData,,,,,,
ok12;NA;;olkiombo;;;2001-08-06;;;;;NA;;;;;NA;;;;;NA;;;;;NA;NA;NA;NA;NA;NA;NA;NA;NA;NA;2001-08-06;;;;check EventStatus and EventData,,,,,,
ok13;NA;;olkiombo;;;2001-08-06;;;;;NA;;;;;NA;;;;;NA;;;;;NA;NA;NA;NA;NA;NA;NA;NA;NA;NA;2001-08-06;;;;check EventStatus and EventData,,,,,,
ok14;NA;;olkiombo;;;2001-08-06;;;;;NA;;;;;NA;;;;;NA;;;;;NA;NA;NA;NA;NA;NA;NA;NA;NA;NA;2001-08-06;;;;check EventStatus and EventData,,,,,,
ok15;NA;;olkiombo;;;2001-08-11;;;;;NA;;;;;NA;;;;;NA;;;;;NA;NA;NA;NA;NA;NA;NA;NA;NA;NA;2001-08-11;;;;check EventStatus and EventData,,,,,,
ok16;NA;;olkiombo;;;2001-08-11;;;;;NA;;;;;NA;;;;;NA;;;;;NA;NA;NA;NA;NA;NA;NA;NA;NA;NA;2001-08-11;;;;check EventStatus and EventData,,,,,,
ok17;NA;;olkiombo;;;2001-08-11;;;;;NA;;;;;NA;;;;;NA;;;;;NA;NA;NA;NA;NA;NA;NA;NA;NA;NA;2001-08-11;;;;check EventStatus and EventData,,,,,,
ok18;NA;;olkiombo;;;2001-09-11;;;;;NA;;;;;NA;;;;;NA;;;;;NA;NA;NA;NA;NA;NA;NA;NA;NA;NA;2001-09-11;;;;check EventStatus and EventData,,,,,,
ok2;NA;;olkiombo;;;2001-07-14;;;;;NA;;;;;NA;;;;;NA;;;;;NA;NA;NA;NA;NA;NA;NA;NA;NA;NA;2001-07-14;;;;check EventStatus and EventData,,,,,,
ok21;NA;;olkiombo;;;2002-01-09;;;;;NA;;;;;NA;;;;;NA;;;;;NA;NA;NA;NA;NA;NA;NA;NA;NA;NA;2002-01-09;;;;check EventStatus and EventData,,,,,,
ok22;NA;;olkiombo;;;2002-02-13;;;;;NA;;;;;NA;;;;;NA;;;;;NA;NA;NA;NA;NA;NA;NA;NA;NA;NA;2002-02-13;;;;check EventStatus and EventData,,,,,,
ok3;NA;;olkiombo;;;2001-07-14;;;;;NA;;;;;NA;;;;;NA;;;;;NA;NA;NA;NA;NA;NA;NA;NA;NA;NA;2001-07-14;;;;check EventStatus and EventData,,,,,,
ok4;NA;;olkiombo;;;2001-07-14;;;;;NA;;;;;NA;;;;;NA;;;;;NA;NA;NA;NA;NA;NA;NA;NA;NA;NA;2001-07-14;;;;check EventStatus and EventData,,,,,,
ok484;NA;;;;;NA;;;;;NA;;;;;NA;;;;;NA;;;;;NA;NA;NA;NA;NA;NA;NA;NA;NA;NA;NA;;;;,,,,,,
ok5;NA;;olkiombo;;;2001-07-14;;;;;NA;;;;;NA;;;;;NA;;;;;NA;NA;NA;NA;NA;NA;NA;NA;NA;NA;2001-07-14;;;;check EventStatus and EventData,,,,,,
ok6;NA;;olkiombo;;;2001-07-14;;;;;NA;;;;;NA;;;;;NA;;;;;NA;NA;NA;NA;NA;NA;NA;NA;NA;NA;2001-07-14;;;;check EventStatus and EventData,,,,,,
ok7;NA;;olkiombo;;;2001-07-14;;;;;NA;;;;;NA;;;;;NA;;;;;NA;NA;NA;NA;NA;NA;NA;NA;NA;NA;2001-07-14;;;;check EventStatus and EventData,,,,,,
ok8;NA;;olkiombo;;;2001-07-14;;;;;NA;;;;;NA;;;;;NA;;;;;NA;NA;NA;NA;NA;NA;NA;NA;NA;NA;2001-07-14;;;;check EventStatus and EventData,,,,,,
ok9;NA;;olkiombo;;;2001-07-14;;;;;NA;;;;;NA;;;;;NA;;;;;NA;NA;NA;NA;NA;NA;NA;NA;NA;NA;2001-07-14;;;;check EventStatus and EventData,,,,,,
oka;NA;;olkiombo;;;1993-08-04;;;;;NA;;;;;NA;;;;;NA;;;;;NA;NA;NA;NA;NA;NA;NA;NA;NA;NA;1993-08-04;dls;fate unknown;;,,,,,,
oke;1997-11-24;;talek;;;1997-12-19;;;;;1998-08-06;;;0.5;;1999-03-13;;;1.5;;NA;;;;;NA;NA;NA;NA;NA;NA;NA;NA;NA;NA;2003-02-01;dead;humans;;,,,,,,
okem;NA;;talek;;;2009-07-10;;;;;NA;;;;;NA;;;;;NA;;;;;NA;NA;NA;NA;NA;NA;NA;NA;NA;NA;2009-07-11;dls;dispersed;;,,,,,,
oksa;NA;;olkiombo;;;1993-08-05;;;;;NA;;;;;NA;;;;;NA;;;;;NA;NA;NA;NA;NA;NA;NA;NA;NA;NA;1993-08-05;dls;fate unknown;;,,,,,,
ola1;NA;;ollosog;;;1998-10-25;;;;;NA;;;;;NA;;;;;NA;;;;;NA;NA;NA;NA;NA;NA;NA;NA;NA;NA;1998-10-26;dls;fate unknown;;,,,,,,
ola2;NA;;ollosog;;;1998-10-25;;;;;NA;;;;;NA;;;;;NA;;;;;NA;NA;NA;NA;NA;NA;NA;NA;NA;NA;1998-10-26;dls;fate unknown;;,,,,,,
ola3;NA;;ollosog;;;1998-10-26;;;;;NA;;;;;NA;;;;;NA;;;;;NA;NA;NA;NA;NA;NA;NA;NA;NA;NA;1998-10-26;dls;fate unknown;;,,,,,,
ola4;NA;;ollosog;;;1998-10-26;;;;;NA;;;;;NA;;;;;NA;;;;;NA;NA;NA;NA;NA;NA;NA;NA;NA;NA;1998-10-26;dls;fate unknown;;,,,,,,
ola5;NA;;ollosog;;;1998-10-26;;;;;NA;;;;;NA;;;;;NA;;;;;NA;NA;NA;NA;NA;NA;NA;NA;NA;NA;1998-10-26;dls;fate unknown;;,,,,,,
oldy;2014-12-11;;talek;;;2015-01-31;;;;;NA;;;;;2015-08-27;;;2.5;;NA;;;;;NA;NA;NA;NA;NA;NA;NA;NA;NA;NA;2016-05-21;dls;inferred dead;;,,,,,,
ole;NA;;airstrip;;;2002-06-09;;;;;NA;;;;;NA;;;;;NA;;;;;NA;NA;NA;NA;NA;NA;NA;NA;NA;NA;2005-07-10;;;;check EventStatus and EventData,,,,,,
oli;2019-10-08;;happy.zebra;;;2019-11-11;;;;;NA;;;;;NA;;;;;NA;;;;;NA;NA;NA;NA;NA;NA;NA;NA;NA;NA;2020-02-07;dls;;;,,,,,,
olia;2003-01-07;;talek;;;2003-02-21;;;;;NA;dbg;;;;NA;dbw;;;;NA;;;;;NA;NA;NA;NA;NA;NA;NA;NA;NA;NA;2003-07-12;dls;;;,,,,,,
oliv;2021-02-23;;kcm;;;2022-08-23;;;;;2022-02-23;error;;22307.5;Graduated based on DOB, before DFS;NA;;;;;NA;;;;;NA;NA;NA;NA;NA;NA;NA;NA;NA;NA;NA;;;;,,,,,
olo;1998-11-30;;talek;;;1999-01-29;;;;;NA;;;;;NA;;;;;NA;;;;;NA;NA;NA;NA;NA;NA;NA;NA;NA;NA;1999-02-03;dead;;;,,,,,,
olp;2001-01-01;;mara.river;;;2001-07-27;;;;;NA;;;;;NA;;;;;NA;;;;;NA;NA;NA;NA;NA;NA;NA;NA;NA;NA;2001-11-06;dls;inferred dead;;,,,,,,
oly;1995-11-07;;talek;;;1995-12-28;;;;;1996-06-24;;;0.5;;1996-09-17;;;0.5;;NA;;;;;NA;NA;NA;NA;NA;NA;NA;NA;NA;NA;1999-06-20;dls;dispersed;;,,,,,,
oman;2022-12-18;;serena.n;;;2023-01-10;;;;;NA;;;;;NA;;;;;NA;;;;;NA;NA;NA;NA;NA;NA;NA;NA;NA;NA;NA;;;;,,,,,,
ome;1997-02-02;;talek;;;1997-03-22;;;;;1997-07-06;;;0.5;;1998-07-29;;;0.5;;2001-08-02;dispersal;mara.river;;;NA;NA;NA;NA;NA;NA;NA;NA;NA;NA;2000-06-20;dls;;;,,,,,,
omet;2019-06-15;;talek;;;2019-09-30;;;;;2020-04-04;error;;42.5;;NA;;;;;NA;;;;;NA;NA;NA;NA;NA;NA;NA;NA;NA;NA;2022-05-25;dead;lions;;,,,,,,
omg;2013-12-09;;talek;;;2015-03-09;;;;;NA;sugu;;;;NA;sugu;;;;2016-05-01;fission;kcm;;;NA;NA;NA;NA;NA;NA;NA;NA;NA;NA;NA;dls;;;,,,,,,
omha;NA;;happy.zebra;;;2013-06-25;;;;;NA;;;;;NA;;;;;NA;;;;;NA;NA;NA;NA;NA;NA;NA;NA;NA;NA;NA;dls;;;,,,,,,
omly;2016-01-04;;happy.zebra;;;2016-02-29;;;;;2016-11-20;;;;DenGrad info not in table, instead taken from tblHyenas;2017-07-21;;;30.5;;NA;;;;;NA;NA;NA;NA;NA;NA;NA;NA;NA;NA;2023-03-19;dls;fate unknown;;,,,,,
omo;2013-11-27;;talek;;;2014-01-04;;;;One sibling seen on DFS;NA;dbg;;;;NA;dbw;;;;NA;;;;;NA;NA;NA;NA;NA;NA;NA;NA;NA;NA;2014-01-04;dls;inferred dead;;,,,,,,
one;NA;;talek;;;1996-12-04;;;;;NA;;;;;NA;;;;;NA;;;;;NA;NA;NA;NA;NA;NA;NA;NA;NA;NA;1996-12-04;dls;fate unknown;;,,,,,,
onek;NA;;serena.s;;;2013-08-22;;;;;NA;;;;;NA;;;;;2014-05-19;dispersal;serena.n;;date is DFS in serena north;2014-09-02;dispersal;serena.s;;date is DFS in serena south;2019-12-01;dispersal;serena.n;;;NA;;;;,,,,,,
onix;2015-09-30;;talek;;;2015-12-31;;;;;2016-08-18;;;;DenGrad info not in table, instead taken from tblHyenas;2016-12-17;;;22;;2016-05-01;fission;talek;;;NA;NA;NA;NA;NA;NA;NA;NA;NA;NA;2017-12-01;dls;;;,,,,,
ons;NA;;talek;;;1996-12-11;;;;;NA;;;;;NA;;;;;NA;;;;;NA;NA;NA;NA;NA;NA;NA;NA;NA;NA;1996-12-11;dls;fate unknown;;,,,,,,
oolg;2017-01-23;;pond;;;2017-03-13;;;;;2017-10-06;;;;DenGrad info not in table, instead taken from tblHyenas;NA;;;;;2021-03-02;dispersal;cool.beans;;;NA;NA;NA;NA;NA;NA;NA;NA;NA;NA;NA;dls;;;,,,,,
opa;1997-11-12;;talek;;;1997-12-15;;;;;1998-09-28;;;0.5;;1999-01-23;;;5;;NA;;;;;NA;NA;NA;NA;NA;NA;NA;NA;NA;NA;1999-05-26;dls;inferred dead;;,,,,,,
opal;2021-05-15;;talek;;;2021-07-23;;;;;2021-09-22;error;;25.5;;NA;;;;;NA;;;;;NA;NA;NA;NA;NA;NA;NA;NA;NA;NA;NA;;;;,,,,,,
opie;2015-12-17;;serena.n;;;2016-03-10;;;;;NA;;;;;NA;;;;;NA;;;;;NA;NA;NA;NA;NA;NA;NA;NA;NA;NA;2016-04-16;dls;;;,,,,,,
ora;NA;;olare;;;2008-08-19;;;;;NA;;;;;NA;;;;;NA;;;;;NA;NA;NA;NA;NA;NA;NA;NA;NA;NA;2008-11-27;dls;;;,,,,,,
orb;2016-05-31;;happy.zebra;;;2016-07-12;;;;;NA;;;;;NA;dbw;;;;NA;;;;;NA;NA;NA;NA;NA;NA;NA;NA;NA;NA;2017-02-10;dls;;;,,,,,,
orc;NA;;talek;;;1997-09-28;;;;;NA;;;;;NA;;;;;NA;;;;;NA;NA;NA;NA;NA;NA;NA;NA;NA;NA;1997-09-28;dls;fate unknown;;,,,,,,
orca;2016-02-14;;serena.n;;;2016-03-20;;;;;NA;;;;;NA;;;;;NA;;;;;NA;NA;NA;NA;NA;NA;NA;NA;NA;NA;2016-04-16;dls;;;,,,,,,
ordg;NA;;serena.n;;;2013-05-11;;;;;NA;;;;;NA;;;;;NA;;;;;NA;NA;NA;NA;NA;NA;NA;NA;NA;NA;2017-08-14;;;;,,,,,,
oreo;NA;;olare;;;2008-08-17;;;;;NA;;;;;NA;;;;;NA;;;;;NA;NA;NA;NA;NA;NA;NA;NA;NA;NA;NA;;;;,,,,,,
orff;1994-07-01;;talek;;;1994-08-07;;;;;1995-02-06;;;0.5;;NA;dbw;;;;NA;;;;;NA;NA;NA;NA;NA;NA;NA;NA;NA;NA;1995-02-18;dead;;;,,,,,,
ori;1996-08-03;;talek;;;1996-08-07;;;;;NA;;;;;NA;;;;;NA;;;;;NA;NA;NA;NA;NA;NA;NA;NA;NA;NA;1996-08-26;dls;;;,,,,,,
orl;NA;;talek;;;1998-09-27;;;;;NA;;;;;NA;;;;;NA;;;;;NA;NA;NA;NA;NA;NA;NA;NA;NA;NA;1998-09-27;dls;fate unknown;;,,,,,,
orng;2014-07-19;;talek;;;2015-01-19;;;;;NA;;;;;NA;;;;;NA;;;;;NA;NA;NA;NA;NA;NA;NA;NA;NA;NA;NA;dls;;;,,,,,,
oros;2013-12-13;;happy.zebra;;;2014-01-17;;;;;NA;;;;;NA;;;;;NA;;;;;NA;NA;NA;NA;NA;NA;NA;NA;NA;NA;2014-01-17;dls;;;,,,,,,
ors;NA;;talek;;;1995-06-03;;;;;NA;;;;;NA;;;;;NA;;;;;NA;NA;NA;NA;NA;NA;NA;NA;NA;NA;1995-06-03;dls;fate unknown;;,,,,,,
orv;NA;;talek;;;1996-12-22;;;;;NA;;;;;NA;;;;;NA;;;;;NA;NA;NA;NA;NA;NA;NA;NA;NA;NA;1996-12-22;dls;fate unknown;;,,,,,,
oryx;NA;;talek;;;1988-07-04;;;;;NA;;;;;NA;;;;;NA;;;;;NA;NA;NA;NA;NA;NA;NA;NA;NA;NA;1988-07-19;dls;fate unknown;;,,,,,,
orzo;2022-09-06;;serena.s;;;2022-11-04;;;;;2023-06-06;grad;;19;;NA;;;;;NA;;;;;NA;NA;NA;NA;NA;NA;NA;NA;NA;NA;NA;;;;,,,,,,
osa;NA;;unknown;;;2016-10-23;;;;;NA;;;;;NA;;;;;2016-10-23;dispersal;kcm;;;NA;NA;NA;NA;NA;NA;NA;NA;NA;NA;NA;dls;;;,,,,,,
osca;2017-12-17;;talek;;;2018-04-01;;;;;NA;;;;;NA;;;;;NA;;;;;NA;NA;NA;NA;NA;NA;NA;NA;NA;NA;2018-04-08;;;;,,,,,,
oscr;2004-10-25;;mara.river;;;2004-10-31;;;;;NA;;;;;NA;;;;;NA;;;;;NA;NA;NA;NA;NA;NA;NA;NA;NA;NA;2014-09-26;dls;;;check EventStatus and EventData,,,,,,
osid;2020-10-08;;kcm;;;2021-11-08;;;;;2021-10-08;error;;22238.5;Graduated based on DOB, before DFS;NA;;;;;NA;;;;;NA;NA;NA;NA;NA;NA;NA;NA;NA;NA;2021-11-08;dls;;;,,,,,
osl;NA;;talek;;;2002-09-19;;;;;NA;;;;;NA;;;;;NA;;;;;NA;NA;NA;NA;NA;NA;NA;NA;NA;NA;2004-07-04;dls;dispersed;;,,,,,,
oslo;NA;;unknown;;;2022-10-24;;;;;NA;;;;;NA;;;;;2022-10-24;dispersal;cool.beans;;;NA;NA;NA;NA;NA;NA;NA;NA;NA;NA;NA;;;;,,,,,,
ot;1984-09-01;;talek;;;1984-09-01;;;;;NA;;;;;NA;;;;;NA;;;;;NA;NA;NA;NA;NA;NA;NA;NA;NA;NA;1997-12-17;dls;inferred dead;;,,,,,,
otis;2015-01-31;;talek;;;2015-07-31;;;;;NA;;;;;2016-03-13;;;2;;2016-05-01;fission;kcm;;;NA;NA;NA;NA;NA;NA;NA;NA;NA;NA;2021-01-30;dls;;;,,,,,,
otto;2015-01-03;;fig.tree;;;2015-01-31;;;;;NA;;;;;NA;;;;;NA;;;;;NA;NA;NA;NA;NA;NA;NA;NA;NA;NA;2016-11-22;dls;;;check EventStatus and EventData,,,,,,
oula;2018-08-10;;kcm;;;2019-02-07;;;;;2019-05-24;error;;48;;NA;;;;;NA;;;;;NA;NA;NA;NA;NA;NA;NA;NA;NA;NA;2019-11-24;dls;;;,,,,,,
ouz;2000-06-01;;talek;;;2000-07-02;;;;;NA;;;;;NA;dbw;;;;NA;;;;;NA;NA;NA;NA;NA;NA;NA;NA;NA;NA;2001-06-08;dls;starvation;;,,,,,,
ow;2003-12-04;;oltukai;;;2003-12-06;;;;;NA;;;;;NA;;;;;NA;;;;;NA;NA;NA;NA;NA;NA;NA;NA;NA;NA;2004-01-06;dls;;;,,,,,,
owen;2022-01-10;;serena.s;;;2022-03-13;;;;;2022-10-08;;;1.5;>200, >200, absent from den;NA;;;;;NA;;;;;NA;NA;NA;NA;NA;NA;NA;NA;NA;NA;NA;;;;,,,,
owl;NA;;talek;;;1996-06-20;;;;;NA;;;;;NA;;;;;NA;;;;;NA;NA;NA;NA;NA;NA;NA;NA;NA;NA;1996-06-20;dls;fate unknown;;,,,,,,
oxy;2016-10-29;;kcm;;;2016-12-05;;;;;NA;;;;;NA;;;;;NA;;;;;NA;NA;NA;NA;NA;NA;NA;NA;NA;NA;2017-01-10;dls;;;,,,,,,
pa00;NA;;mara.river;;;2002-02-19;;;;;NA;;;;;NA;;;;;NA;;;;;NA;NA;NA;NA;NA;NA;NA;NA;NA;NA;2002-02-19;dls;;;,,,,,,
pa01;NA;;mara.river;;;2002-01-08;;;;;NA;;;;;NA;;;;;NA;;;;;NA;NA;NA;NA;NA;NA;NA;NA;NA;NA;2002-01-08;dls;;;,,,,,,
pa02;NA;;mara.river;;;2001-12-14;;;;;NA;;;;;NA;;;;;NA;;;;;NA;NA;NA;NA;NA;NA;NA;NA;NA;NA;NA;dls;;;,,,,,,
pa03;NA;;mara.river;;;2002-01-22;;;;;NA;;;;;NA;;;;;NA;;;;;NA;NA;NA;NA;NA;NA;NA;NA;NA;NA;2002-01-22;dls;;;,,,,,,
pa05;NA;;mara.river;;;2002-02-21;;;;;NA;;;;;NA;;;;;NA;;;;;NA;NA;NA;NA;NA;NA;NA;NA;NA;NA;2002-02-21;dls;;;,,,,,,
pa06;NA;;mara.river;;;2002-03-25;;;;;NA;;;;;NA;;;;;NA;;;;;NA;NA;NA;NA;NA;NA;NA;NA;NA;NA;2002-03-25;dls;;;,,,,,,
pa07;NA;;mara.river;;;2002-04-18;;;;;NA;;;;;NA;;;;;NA;;;;;NA;NA;NA;NA;NA;NA;NA;NA;NA;NA;2002-04-18;dls;;;,,,,,,
pa08;NA;;mara.river;;;2002-08-08;;;;;NA;;;;;NA;;;;;NA;;;;;NA;NA;NA;NA;NA;NA;NA;NA;NA;NA;2002-08-08;dls;;;,,,,,,
pa09;NA;;mara.river;;;2002-08-13;;;;;NA;;;;;NA;;;;;NA;;;;;NA;NA;NA;NA;NA;NA;NA;NA;NA;NA;2002-08-13;dls;;;,,,,,,
pa10;NA;;mara.river;;;2002-08-14;;;;;NA;;;;;NA;;;;;NA;;;;;NA;NA;NA;NA;NA;NA;NA;NA;NA;NA;2002-08-14;dls;;;,,,,,,
pa11;NA;;mara.river;;;2002-08-14;;;;;NA;;;;;NA;;;;;NA;;;;;NA;NA;NA;NA;NA;NA;NA;NA;NA;NA;2002-08-14;dls;;;,,,,,,
pa12;NA;;mara.river;;;2002-08-16;;;;;NA;;;;;NA;;;;;NA;;;;;NA;NA;NA;NA;NA;NA;NA;NA;NA;NA;2002-08-16;dls;;;,,,,,,
pa13;NA;;mara.river;;;2002-08-19;;;;;NA;;;;;NA;;;;;NA;;;;;NA;NA;NA;NA;NA;NA;NA;NA;NA;NA;2002-08-19;dls;;;,,,,,,
pa14;NA;;mara.river;;;2002-08-26;;;;;NA;;;;;NA;;;;;NA;;;;;NA;NA;NA;NA;NA;NA;NA;NA;NA;NA;2002-08-26;dls;;;,,,,,,
pa15;NA;;mara.river;;;2002-08-27;;;;;NA;;;;;NA;;;;;NA;;;;;NA;NA;NA;NA;NA;NA;NA;NA;NA;NA;2002-08-27;dls;;;,,,,,,
pa16;NA;;mara.river;;;2002-09-04;;;;;NA;;;;;NA;;;;;NA;;;;;NA;NA;NA;NA;NA;NA;NA;NA;NA;NA;2002-09-04;dls;;;,,,,,,
pa17;NA;;mara.river;;;2002-09-16;;;;;NA;;;;;NA;;;;;NA;;;;;NA;NA;NA;NA;NA;NA;NA;NA;NA;NA;2002-09-21;dls;;;,,,,,,
pa18;NA;;mara.river;;;2002-09-16;;;;;NA;;;;;NA;;;;;NA;;;;;NA;NA;NA;NA;NA;NA;NA;NA;NA;NA;2002-09-16;dls;;;,,,,,,
pa19;NA;;mara.river;;;2002-09-17;;;;;NA;;;;;NA;;;;;NA;;;;;NA;NA;NA;NA;NA;NA;NA;NA;NA;NA;2002-09-17;dls;;;,,,,,,
pa21;NA;;mara.river;;;2002-09-20;;;;;NA;;;;;NA;;;;;NA;;;;;NA;NA;NA;NA;NA;NA;NA;NA;NA;NA;2002-09-20;dls;;;,,,,,,
pa22;NA;;mara.river;;;2002-09-22;;;;;NA;;;;;NA;;;;;NA;;;;;NA;NA;NA;NA;NA;NA;NA;NA;NA;NA;2002-09-22;dls;;;,,,,,,
pa24;NA;;mara.river;;;2002-10-07;;;;;NA;;;;;NA;;;;;NA;;;;;NA;NA;NA;NA;NA;NA;NA;NA;NA;NA;2002-10-07;dls;;;,,,,,,
pa25;NA;;mara.river;;;2002-10-12;;;;;NA;;;;;NA;;;;;NA;;;;;NA;NA;NA;NA;NA;NA;NA;NA;NA;NA;2002-10-12;dls;;;,,,,,,
pa26;NA;;mara.river;;;2002-10-30;;;;;NA;;;;;NA;;;;;NA;;;;;NA;NA;NA;NA;NA;NA;NA;NA;NA;NA;2002-10-30;dls;;;,,,,,,
pa27;NA;;mara.river;;;2002-10-30;;;;;NA;;;;;NA;;;;;NA;;;;;NA;NA;NA;NA;NA;NA;NA;NA;NA;NA;2002-10-30;dls;;;,,,,,,
pa28;NA;;mara.river;;;2002-10-30;;;;;NA;;;;;NA;;;;;NA;;;;;NA;NA;NA;NA;NA;NA;NA;NA;NA;NA;2002-10-30;dls;;;,,,,,,
pa29;NA;;mara.river;;;2002-11-02;;;;;NA;;;;;NA;;;;;NA;;;;;NA;NA;NA;NA;NA;NA;NA;NA;NA;NA;2002-11-02;dls;;;check EventStatus and EventData,,,,,,
pa30;NA;;mara.river;;;2002-11-03;;;;;NA;;;;;NA;;;;;NA;;;;;NA;NA;NA;NA;NA;NA;NA;NA;NA;NA;2002-11-03;dls;;;check EventStatus and EventData,,,,,,
pa31;NA;;mara.river;;;2002-11-04;;;;;NA;;;;;NA;;;;;NA;;;;;NA;NA;NA;NA;NA;NA;NA;NA;NA;NA;2002-11-04;dls;;;check EventStatus and EventData,,,,,,
pa32;NA;;mara.river;;;2002-11-14;;;;;NA;;;;;NA;;;;;NA;;;;;NA;NA;NA;NA;NA;NA;NA;NA;NA;NA;2002-11-14;dls;;;check EventStatus and EventData,,,,,,
pa33;NA;;mara.river;;;2002-11-14;;;;;NA;;;;;NA;;;;;NA;;;;;NA;NA;NA;NA;NA;NA;NA;NA;NA;NA;2003-09-09;dls;;;check EventStatus and EventData,,,,,,
pa34;NA;;mara.river;;;2002-11-16;;;;;NA;;;;;NA;;;;;NA;;;;;NA;NA;NA;NA;NA;NA;NA;NA;NA;NA;2002-11-16;dls;;;check EventStatus and EventData,,,,,,
pa35;NA;;mara.river;;;2002-11-16;;;;;NA;;;;;NA;;;;;NA;;;;;NA;NA;NA;NA;NA;NA;NA;NA;NA;NA;2002-11-16;dls;;;check EventStatus and EventData,,,,,,
pa36;NA;;mara.river;;;2002-12-26;;;;;NA;;;;;NA;;;;;NA;;;;;NA;NA;NA;NA;NA;NA;NA;NA;NA;NA;2002-12-26;dls;;;check EventStatus and EventData,,,,,,
pa37;NA;;mara.river;;;2003-01-09;;;;;NA;;;;;NA;;;;;NA;;;;;NA;NA;NA;NA;NA;NA;NA;NA;NA;NA;2003-01-09;dls;;;check EventStatus and EventData,,,,,,
pa38;NA;;mara.river;;;2002-06-09;;;;;NA;;;;;NA;;;;;NA;;;;;NA;NA;NA;NA;NA;NA;NA;NA;NA;NA;2003-02-21;dls;;;check EventStatus and EventData,,,,,,
pa39;NA;;mara.river;;;2003-02-26;;;;;NA;;;;;NA;;;;;NA;;;;;NA;NA;NA;NA;NA;NA;NA;NA;NA;NA;2003-04-18;dls;;;check EventStatus and EventData,,,,,,
pa40;NA;;;;;2003-03-04;;;;;NA;;;;;NA;;;;;NA;;;;;NA;NA;NA;NA;NA;NA;NA;NA;NA;NA;2003-03-04;;;;check EventStatus and EventData,,,,,,
pa42;NA;;;;;2003-03-06;;;;;NA;;;;;NA;;;;;NA;;;;;NA;NA;NA;NA;NA;NA;NA;NA;NA;NA;2003-03-06;;;;check EventStatus and EventData,,,,,,
pa44;NA;;;;;2003-04-03;;;;;NA;;;;;NA;;;;;NA;;;;;NA;NA;NA;NA;NA;NA;NA;NA;NA;NA;2003-04-03;;;;check EventStatus and EventData,,,,,,
pa45;NA;;;;;2003-04-20;;;;;NA;;;;;NA;;;;;NA;;;;;NA;NA;NA;NA;NA;NA;NA;NA;NA;NA;2003-04-20;;;;check EventStatus and EventData,,,,,,
pa46;NA;;;;;2003-04-20;;;;;NA;;;;;NA;;;;;NA;;;;;NA;NA;NA;NA;NA;NA;NA;NA;NA;NA;2003-04-20;;;;check EventStatus and EventData,,,,,,
pa47;NA;;;;;2003-04-29;;;;;NA;;;;;NA;;;;;NA;;;;;NA;NA;NA;NA;NA;NA;NA;NA;NA;NA;2003-04-29;;;;check EventStatus and EventData,,,,,,
pa48;NA;;;;;2003-04-29;;;;;NA;;;;;NA;;;;;NA;;;;;NA;NA;NA;NA;NA;NA;NA;NA;NA;NA;2003-04-29;;;;check EventStatus and EventData,,,,,,
pa49;NA;;;;;2003-04-30;;;;;NA;;;;;NA;;;;;NA;;;;;NA;NA;NA;NA;NA;NA;NA;NA;NA;NA;2003-04-30;;;;check EventStatus and EventData,,,,,,
pa50;NA;;;;;2003-05-05;;;;;NA;;;;;NA;;;;;NA;;;;;NA;NA;NA;NA;NA;NA;NA;NA;NA;NA;2003-05-05;;;;check EventStatus and EventData,,,,,,
pa51;NA;;;;;2003-05-24;;;;;NA;;;;;NA;;;;;NA;;;;;NA;NA;NA;NA;NA;NA;NA;NA;NA;NA;2003-05-24;;;;check EventStatus and EventData,,,,,,
pa52;NA;;;;;2003-06-11;;;;;NA;;;;;NA;;;;;NA;;;;;NA;NA;NA;NA;NA;NA;NA;NA;NA;NA;2003-06-11;;;;check EventStatus and EventData,,,,,,
pa53;NA;;;;;2003-06-24;;;;;NA;;;;;NA;;;;;NA;;;;;NA;NA;NA;NA;NA;NA;NA;NA;NA;NA;2003-06-24;;;;check EventStatus and EventData,,,,,,
pa54;NA;;;;;2003-07-04;;;;;NA;;;;;NA;;;;;NA;;;;;NA;NA;NA;NA;NA;NA;NA;NA;NA;NA;2003-07-04;;;;check EventStatus and EventData,,,,,,
pa55;NA;;;;;2003-07-17;;;;;NA;;;;;NA;;;;;NA;;;;;NA;NA;NA;NA;NA;NA;NA;NA;NA;NA;2003-07-29;;;;check EventStatus and EventData,,,,,,
pa56;NA;;;;;2003-07-29;;;;;NA;;;;;NA;;;;;NA;;;;;NA;NA;NA;NA;NA;NA;NA;NA;NA;NA;2003-07-29;;;;check EventStatus and EventData,,,,,,
pa57;NA;;;;;2003-08-31;;;;;NA;;;;;NA;;;;;NA;;;;;NA;NA;NA;NA;NA;NA;NA;NA;NA;NA;2003-08-31;;;;check EventStatus and EventData,,,,,,
pa58;NA;;;;;2003-08-31;;;;;NA;;;;;NA;;;;;NA;;;;;NA;NA;NA;NA;NA;NA;NA;NA;NA;NA;2003-08-31;;;;check EventStatus and EventData,,,,,,
pa59;NA;;;;;2003-08-31;;;;;NA;;;;;NA;;;;;NA;;;;;NA;NA;NA;NA;NA;NA;NA;NA;NA;NA;2003-08-31;;;;check EventStatus and EventData,,,,,,
pa60;NA;;;;;2003-09-06;;;;;NA;;;;;NA;;;;;NA;;;;;NA;NA;NA;NA;NA;NA;NA;NA;NA;NA;2003-09-06;;;;check EventStatus and EventData,,,,,,
pa61;NA;;;;;2003-09-09;;;;;NA;;;;;NA;;;;;NA;;;;;NA;NA;NA;NA;NA;NA;NA;NA;NA;NA;2003-09-09;;;;check EventStatus and EventData,,,,,,
pa62;NA;;;;;2003-09-14;;;;;NA;;;;;NA;;;;;NA;;;;;NA;NA;NA;NA;NA;NA;NA;NA;NA;NA;2003-09-14;;;;check EventStatus and EventData,,,,,,
pa63;NA;;;;;2003-09-18;;;;;NA;;;;;NA;;;;;NA;;;;;NA;NA;NA;NA;NA;NA;NA;NA;NA;NA;2003-09-19;;;;check EventStatus and EventData,,,,,,
pa64;NA;;;;;2003-09-19;;;;;NA;;;;;NA;;;;;NA;;;;;NA;NA;NA;NA;NA;NA;NA;NA;NA;NA;2003-09-19;;;;check EventStatus and EventData,,,,,,
pa65;NA;;;;;2003-09-20;;;;;NA;;;;;NA;;;;;NA;;;;;NA;NA;NA;NA;NA;NA;NA;NA;NA;NA;2003-09-20;;;;check EventStatus and EventData,,,,,,
pa66;NA;;;;;2003-09-18;;;;;NA;;;;;NA;;;;;NA;;;;;NA;NA;NA;NA;NA;NA;NA;NA;NA;NA;2003-09-18;;;;check EventStatus and EventData,,,,,,
pa67;NA;;;;;2003-09-26;;;;;NA;;;;;NA;;;;;NA;;;;;NA;NA;NA;NA;NA;NA;NA;NA;NA;NA;2003-10-04;;;;check EventStatus and EventData,,,,,,
pa68;NA;;;;;2003-10-30;;;;;NA;;;;;NA;;;;;NA;;;;;NA;NA;NA;NA;NA;NA;NA;NA;NA;NA;2003-10-30;;;;check EventStatus and EventData,,,,,,
pa69;NA;;;;;2003-10-31;;;;;NA;;;;;NA;;;;;NA;;;;;NA;NA;NA;NA;NA;NA;NA;NA;NA;NA;2003-10-31;;;;check EventStatus and EventData,,,,,,
pa70;NA;;;;;2003-10-31;;;;;NA;;;;;NA;;;;;NA;;;;;NA;NA;NA;NA;NA;NA;NA;NA;NA;NA;2003-10-31;;;;check EventStatus and EventData,,,,,,
pa71;NA;;;;;2003-11-05;;;;;NA;;;;;NA;;;;;NA;;;;;NA;NA;NA;NA;NA;NA;NA;NA;NA;NA;2003-11-05;;;;check EventStatus and EventData,,,,,,
pa72;NA;;;;;2003-11-06;;;;;NA;;;;;NA;;;;;NA;;;;;NA;NA;NA;NA;NA;NA;NA;NA;NA;NA;2003-11-06;;;;check EventStatus and EventData,,,,,,
pa73;NA;;;;;2003-11-10;;;;;NA;;;;;NA;;;;;NA;;;;;NA;NA;NA;NA;NA;NA;NA;NA;NA;NA;2003-11-10;;;;check EventStatus and EventData,,,,,,
pa75;NA;;;;;2003-11-11;;;;;NA;;;;;NA;;;;;NA;;;;;NA;NA;NA;NA;NA;NA;NA;NA;NA;NA;2003-11-11;;;;check EventStatus and EventData,,,,,,
pa76;NA;;;;;2003-11-11;;;;;NA;;;;;NA;;;;;NA;;;;;NA;NA;NA;NA;NA;NA;NA;NA;NA;NA;2003-11-11;;;;check EventStatus and EventData,,,,,,
pa77;NA;;;;;2003-11-25;;;;;NA;;;;;NA;;;;;NA;;;;;NA;NA;NA;NA;NA;NA;NA;NA;NA;NA;2003-11-25;;;;check EventStatus and EventData,,,,,,
pa78;NA;;;;;2003-12-28;;;;;NA;;;;;NA;;;;;NA;;;;;NA;NA;NA;NA;NA;NA;NA;NA;NA;NA;2003-12-28;;;;check EventStatus and EventData,,,,,,
pa79;NA;;;;;2003-12-29;;;;;NA;;;;;NA;;;;;NA;;;;;NA;NA;NA;NA;NA;NA;NA;NA;NA;NA;2003-12-29;;;;check EventStatus and EventData,,,,,,
pa80;NA;;;;;2003-12-29;;;;;NA;;;;;NA;;;;;NA;;;;;NA;NA;NA;NA;NA;NA;NA;NA;NA;NA;2003-12-29;;;;check EventStatus and EventData,,,,,,
pa81;NA;;;;;2004-01-10;;;;;NA;;;;;NA;;;;;NA;;;;;NA;NA;NA;NA;NA;NA;NA;NA;NA;NA;2004-01-10;;;;check EventStatus and EventData,,,,,,
pa82;NA;;;;;2004-01-21;;;;;NA;;;;;NA;;;;;NA;;;;;NA;NA;NA;NA;NA;NA;NA;NA;NA;NA;2004-01-21;;;;check EventStatus and EventData,,,,,,
pa83;NA;;;;;2004-01-26;;;;;NA;;;;;NA;;;;;NA;;;;;NA;NA;NA;NA;NA;NA;NA;NA;NA;NA;2004-01-26;;;;check EventStatus and EventData,,,,,,
pa84;NA;;;;;2004-02-18;;;;;NA;;;;;NA;;;;;NA;;;;;NA;NA;NA;NA;NA;NA;NA;NA;NA;NA;2004-02-18;;;;check EventStatus and EventData,,,,,,
pa85;NA;;;;;2004-03-05;;;;;NA;;;;;NA;;;;;NA;;;;;NA;NA;NA;NA;NA;NA;NA;NA;NA;NA;2004-03-05;;;;check EventStatus and EventData,,,,,,
pa86;NA;;;;;2004-06-30;;;;;NA;;;;;NA;;;;;NA;;;;;NA;NA;NA;NA;NA;NA;NA;NA;NA;NA;2004-06-30;;;;check EventStatus and EventData,,,,,,
pa88;NA;;;;;2004-10-11;;;;;NA;;;;;NA;;;;;NA;;;;;NA;NA;NA;NA;NA;NA;NA;NA;NA;NA;2004-10-11;;;;check EventStatus and EventData,,,,,,
pab;2007-12-09;;mara.river;;;2008-01-18;;;;;NA;;;;;NA;;;;;NA;;;;;NA;NA;NA;NA;NA;NA;NA;NA;NA;NA;2008-04-01;dls;;;,,,,,,
pach;2020-09-05;;pond;;;2020-09-28;;;;;NA;;;;;NA;;;;;NA;;;;;NA;NA;NA;NA;NA;NA;NA;NA;NA;NA;2020-09-28;dls;;;,,,,,,
pad;NA;;17km;;;2008-06-30;;;;;NA;;;;;NA;;;;;NA;;;;;NA;NA;NA;NA;NA;NA;NA;NA;NA;NA;2008-06-30;;;;,,,,,,
pafu;2019-02-06;;pond;;;2019-03-10;;;;;NA;;;;;NA;;;;;NA;;;;;NA;NA;NA;NA;NA;NA;NA;NA;NA;NA;2019-05-11;dls;;;,,,,,,
pais;2017-10-09;;serena.n;;;2017-11-27;;;;;NA;;;;;NA;;;;;NA;;;;;NA;NA;NA;NA;NA;NA;NA;NA;NA;NA;2021-03-12;dls;;;,,,,,,
pala;2010-12-16;;serena.s;;;2011-01-06;;;;;2011-09-06;;;;DenGrad info not in table, instead taken from tblHyenas;2011-11-09;;;;;NA;;;;;NA;NA;NA;NA;NA;NA;NA;NA;NA;NA;2023-06-17;dead;;;unclear what killed pala, DYDA feeding on carcass,,,,
pale;NA;;ollosog;;;1992-04-02;;;;;NA;;;;;NA;;;;;NA;;;;;NA;NA;NA;NA;NA;NA;NA;NA;NA;NA;1992-04-02;dls;fate unknown;;,,,,,,
pan;2004-05-20;;talek;;;2004-07-01;;;;;2005-03-01;;;1.5;;2005-03-14;;;0.5;;NA;;;;;NA;NA;NA;NA;NA;NA;NA;NA;NA;NA;2013-03-21;dead;;;Body found 26-Mar-13, DLS alive 20-Mar-13,,,,,
pand;2020-09-12;;happy.zebra;;;2021-04-24;;;;;NA;;;;;NA;;;;;NA;;;;;NA;NA;NA;NA;NA;NA;NA;NA;NA;NA;2021-04-24;dls;;;,,,,,,
pang;2021-11-05;;happy.zebra;;;2022-01-13;;;;;2022-11-05;;;0;Cub automatically den graduated based on birthdate;NA;;;;;NA;;;;;NA;NA;NA;NA;NA;NA;NA;NA;NA;NA;NA;;;;,,,,,,
pani;2022-11-28;;serena.s;;;2023-01-07;;;;;NA;;;;;NA;;;;;NA;;;;;NA;NA;NA;NA;NA;NA;NA;NA;NA;NA;NA;;;;,,,,,,
pant;2010-12-21;;talek;;;2011-01-29;;;;;2011-06-13;;;0.5;;2011-09-20;;;4;;2014-01-06;dispersal;talek.e;;data from andy;NA;NA;NA;NA;NA;NA;NA;NA;NA;NA;2015-02-01;dls;dispersed;;,,,,,,
papa;2007-12-09;;fig.tree;;;2008-01-20;;;;;NA;;;;;NA;;;;;NA;;;;;NA;NA;NA;NA;NA;NA;NA;NA;NA;NA;2008-07-08;dls;inferred dead;;,,,,,,
papi;2017-10-25;;pond;;;2017-12-13;;;;;2018-09-11;error;;17.5;;NA;;;;;NA;;;;;NA;NA;NA;NA;NA;NA;NA;NA;NA;NA;2021-08-16;dls;;;,,,,,,
papr;2022-02-26;;happy.zebra;;;2022-09-26;;;;;2023-02-26;error;;62.5;Cub automatically den graduated based on birthdate, error term skewed due to lost den;NA;;;;;NA;;;;;NA;NA;NA;NA;NA;NA;NA;NA;NA;NA;NA;;;;,,,,,
par;1993-07-15;;talek;;;1993-08-16;;;;;1994-04-03;;;0.5;;NA;;;;;2002-05-01;fission;talek.e;;;NA;NA;NA;NA;NA;NA;NA;NA;NA;NA;2004-02-10;dls;inferred dead;;,,,,,,
parc;2008-07-22;;talek;;;2008-08-08;;;;;2009-05-04;;;3.5;;2009-07-18;;;1.5;;2016-05-01;fission;kcm;;;NA;NA;NA;NA;NA;NA;NA;NA;NA;NA;NA;dls;;;,,,,,,
pasl;2014-01-11;;mara.river;;;2014-03-11;;;;;NA;;;;;NA;;;;;NA;;;;;NA;NA;NA;NA;NA;NA;NA;NA;NA;NA;NA;dls;;;,,,,,,
pat;2006-09-05;;talek.e;;;2006-09-17;;;;;NA;dbg;;;;NA;;;;;NA;;;;;NA;NA;NA;NA;NA;NA;NA;NA;NA;NA;2006-11-20;dls;inferred dead;;,,,,,,
patn;NA;;fig.tree;;;2007-06-10;;;;;NA;;;;;NA;;;;;NA;;;;;NA;NA;NA;NA;NA;NA;NA;NA;NA;NA;2007-06-26;dls;unk;;,,,,,,
paul;2007-02-02;;fig.tree;;;2007-05-02;;;;;NA;;;;;NA;;;;;NA;;;;;NA;NA;NA;NA;NA;NA;NA;NA;NA;NA;2007-08-04;dls;unk;;,,,,,,
pavo;NA;;emarti w;;;2006-02-18;;;;;NA;;;;;NA;;;;;NA;;;;;NA;NA;NA;NA;NA;NA;NA;NA;NA;NA;NA;;;;,,,,,,
paw;NA;;talek;;;1992-11-30;;;;;NA;;;;;NA;;;;;NA;;;;;NA;NA;NA;NA;NA;NA;NA;NA;NA;NA;1992-11-30;dls;fate unknown;;,,,,,,
paya;2021-02-11;;kcm;;;2021-10-11;;;;;2022-02-11;error;;22301.5;22301.5;NA;;;;;NA;;;;;NA;NA;NA;NA;NA;NA;NA;NA;NA;NA;NA;;;;,,,,,,
pb;1987-11-01;;talek;;;1988-06-27;;;;;NA;;;;;1988-07-11;;;;;1990-12-16;dispersal;unknown;;;NA;NA;NA;NA;NA;NA;NA;NA;NA;NA;1995-11-05;dls;fate unknown;;,,,,,,
pbdy;NA;;oz valley;;;2008-11-11;;;;;NA;;;;;NA;;;;;NA;;;;;NA;NA;NA;NA;NA;NA;NA;NA;NA;NA;NA;;;;,,,,,,
pbf;2008-11-01;;serena.n;;;2008-11-21;;;;;NA;;;;;NA;dbw;;;;NA;;;;;NA;NA;NA;NA;NA;NA;NA;NA;NA;NA;2008-11-23;dls;;;,,,,,,
pboy;2013-11-07;;happy.zebra;;;2013-12-05;;;;;NA;;;;;NA;;;;;NA;;;;;NA;NA;NA;NA;NA;NA;NA;NA;NA;NA;2014-01-11;dls;;;,,,,,,
pbut;2013-07-04;;talek;;;2013-08-26;;;;One sibling seen on DFS;2014-04-30;;;0.5;;2014-02-15;;;0.5;;2016-05-01;fission;kcm;;;NA;NA;NA;NA;NA;NA;NA;NA;NA;NA;2019-11-15;dls;;;,,,,,,
pces;2013-12-02;;talek;;;2014-05-21;;;;;2014-11-05;;;0;;2014-12-08;;;3;;2016-05-01;fission;talek;;;NA;NA;NA;NA;NA;NA;NA;NA;NA;NA;2022-06-16;dls;;;,,,,,,
pcfl;NA;;talek;;;2018-02-22;;;;;NA;;;;;NA;;;;;NA;;;;;NA;NA;NA;NA;NA;NA;NA;NA;NA;NA;2018-02-27;dls;;;,,,,,,
pch;NA;;emarti h;;;2004-01-10;;;;;NA;;;;;NA;;;;;NA;;;;;NA;NA;NA;NA;NA;NA;NA;NA;NA;NA;NA;;;;,,,,,,
pchu;2017-08-31;;talek.w;;;2017-10-02;;;;;NA;;;;;NA;;;;;NA;;;;;NA;NA;NA;NA;NA;NA;NA;NA;NA;NA;2018-02-21;dls;;;,,,,,,
pcl;2002-11-09;;talek.e;;;2002-12-13;;;;;NA;sugu;;;;2003-05-05;;;3.5;;NA;;;;;NA;NA;NA;NA;NA;NA;NA;NA;NA;NA;2004-02-06;dls;;;,,,,,,
pcs;2000-03-24;;talek;;;2000-04-17;;;;;NA;;;;;NA;dbw;;;;NA;;;;;NA;NA;NA;NA;NA;NA;NA;NA;NA;NA;2000-09-05;dead;lions;;Body found, DLS alive: 3-Sep-00,,,,,
pdot;2017-04-25;;serena.n;;;2017-05-16;;;;;NA;;;;;NA;;;;;NA;;;;;NA;NA;NA;NA;NA;NA;NA;NA;NA;NA;2017-05-20;dls;inferred dead;;,,,,,,
pdox;2019-01-29;;serena.s;;;2019-07-24;;;;;2020-01-29;;;2.5;;NA;;;;;NA;;;;;NA;NA;NA;NA;NA;NA;NA;NA;NA;NA;2021-05-29;dls;;;,,,,,,
pdtn;2015-11-17;;serena.n;;;2016-01-05;;;;;2016-07-30;;;;DenGrad info not in table, instead taken from tblHyenas;2016-09-09;;;1;;NA;;;;;NA;NA;NA;NA;NA;NA;NA;NA;NA;NA;2018-08-20;dls;fate unknown;;,,,,,
pea;2002-03-13;;mara.river;;;2002-03-19;;;;;2002-08-06;;;;DenGrad info not in table, instead taken from tblHyenas;NA;;;;;NA;;;;;NA;NA;NA;NA;NA;NA;NA;NA;NA;NA;2003-01-13;dead;;;,,,,,
pear;2020-08-10;;pond;;;2020-11-19;;;;;NA;;;;;NA;;;;;NA;;;;;NA;NA;NA;NA;NA;NA;NA;NA;NA;NA;2021-06-14;dls;;;,,,,,,
pec;2007-09-27;;mara.river;;;2008-02-28;;;;;NA;;;;;NA;;;;;NA;;;;;NA;NA;NA;NA;NA;NA;NA;NA;NA;NA;NA;dls;;;,,,,,,
peda;2021-10-10;;talek;;;2022-05-20;;;;;2022-07-26;;;0;;NA;;;;;NA;;;;;NA;NA;NA;NA;NA;NA;NA;NA;NA;NA;NA;;;;,,,,,,
pedo;2014-08-05;;talek;;;2014-10-26;;;;;NA;;;;;NA;;;;;NA;;;;;NA;NA;NA;NA;NA;NA;NA;NA;NA;NA;2014-10-31;dls;inferred dead;;,,,,,,
peeb;2003-08-26;;mara.river;;;2003-09-08;;;;;NA;;;;;NA;;;;;NA;;;;;NA;NA;NA;NA;NA;NA;NA;NA;NA;NA;NA;;;;,,,,,,
peep;NA;;serena.n;;;2008-07-01;;;;;NA;;;;;NA;;;;;NA;;;;;NA;NA;NA;NA;NA;NA;NA;NA;NA;NA;2013-01-24;dls;;;,,,,,,
peg;NA;;talek;;;1985-10-30;;;;;NA;;;;;NA;;;;;NA;;;;;NA;NA;NA;NA;NA;NA;NA;NA;NA;NA;1988-10-08;dls;fate unknown;;,,,,,,
pelt;2017-05-10;;pond;;;2017-07-14;;;;;NA;;;;;NA;;;;;NA;;;;;NA;NA;NA;NA;NA;NA;NA;NA;NA;NA;2018-01-02;dls;;;,,,,,,
pene;2010-04-03;;talek;;;2010-06-09;;;;;2010-11-12;;;0;;2011-07-20;;;0;;2016-05-01;fission;talek;;;NA;NA;NA;NA;NA;NA;NA;NA;NA;NA;2016-11-26;dead;unknown;;Body is a day or two old at this time. DLS alive: 15-Nov-16,,,,,,
pent;NA;;Peekaboo;;;2003-07-13;;;;;NA;;;;;NA;;;;;NA;;;;;NA;NA;NA;NA;NA;NA;NA;NA;NA;NA;2005-05-23;;;;check EventStatus and EventData,,,,,,
per;NA;;talek;;;1995-05-27;;;;;NA;;;;;NA;;;;;NA;;;;;NA;NA;NA;NA;NA;NA;NA;NA;NA;NA;1995-06-11;dls;fate unknown;;,,,,,,
perl;2017-11-23;;happy.zebra;;;2017-12-05;;;;;NA;;;;;NA;;;;;NA;;;;;NA;NA;NA;NA;NA;NA;NA;NA;NA;NA;2018-01-15;dls;;;,,,,,,
pert;NA;;talek;;;2012-03-10;;;;;NA;;;;;NA;;;;;NA;;;;;NA;NA;NA;NA;NA;NA;NA;NA;NA;NA;2013-02-25;dls;dispersed;;,,,,,,
pesa;2017-07-24;;kcm;;;2018-01-23;;;;;2018-01-23;error;;0.5;;NA;;;;;NA;;;;;NA;NA;NA;NA;NA;NA;NA;NA;NA;NA;2022-03-29;dls;;;,,,,,,
pete;NA;;talek;;;1988-07-27;;;;;NA;;;;;NA;;;;;NA;;;;;NA;NA;NA;NA;NA;NA;NA;NA;NA;NA;1989-05-25;dls;dispersed;;,,,,,,
peti;2021-01-02;;kcm;;;2021-07-20;;;;;2021-07-20;error;;22198.5;Never seen at den;NA;;;;;NA;;;;;NA;NA;NA;NA;NA;NA;NA;NA;NA;NA;NA;;;;,,,,,,
pf;1995-05-20;;talek;;;1995-06-21;;;;;1996-02-14;;;0.5;;1996-07-01;;;4.5;;NA;;;;;NA;NA;NA;NA;NA;NA;NA;NA;NA;NA;1996-07-28;dead;humans;;,,,,,,
pfi;2004-08-07;;talek;;;2004-10-17;;;;;2005-04-29;;;0.5;;NA;dbw;;;;NA;;;;;NA;NA;NA;NA;NA;NA;NA;NA;NA;NA;2005-05-11;dead;starved;;,,,,,,
pglg;NA;;happy.zebra;;;2008-08-10;;;;;NA;;;;;NA;;;;;NA;;;;;NA;NA;NA;NA;NA;NA;NA;NA;NA;NA;2013-06-25;dls;fate unknown;;check EventStatus and EventData,,,,,,
ph;2009-12-24;;serena.s;;;2010-01-08;;;;;NA;;;;;NA;dbw;;;;NA;;;;;NA;NA;NA;NA;NA;NA;NA;NA;NA;NA;2010-04-05;dls;;;Seen as PH? On 1-May-10,,,,,,
pher;2015-04-05;;talek;;;2016-05-05;;;;;NA;sugu;;;;NA;;;;;2016-05-01;fission;kcm;;;NA;NA;NA;NA;NA;NA;NA;NA;NA;NA;2018-02-03;dls;;;,,,,,,
phew;NA;;musiara;;;NA;;;;;NA;;;;;NA;;;;;NA;;;;;NA;NA;NA;NA;NA;NA;NA;NA;NA;NA;NA;;;;,,,,,,
phi;NA;;airstrip;;;2004-07-13;;;;;NA;;;;;NA;;;;;NA;;;;;NA;NA;NA;NA;NA;NA;NA;NA;NA;NA;2005-07-11;;;;check EventStatus and EventData,,,,,,
phil;NA;;talek;;;1999-11-26;;;;;NA;;;;;NA;;;;;NA;;;;;NA;NA;NA;NA;NA;NA;NA;NA;NA;NA;2000-11-01;dls;dispersed;;,,,,,,
phln;2014-11-14;;serena.n;;;2014-12-16;;;;;NA;;;;;NA;;;;;NA;;;;;NA;NA;NA;NA;NA;NA;NA;NA;NA;NA;2015-01-04;dead;hyena, sau,pol,logc,elsi,fuzz,or flws?;;
phr;2004-02-11;;airstrip;;;2004-03-05;;;;;NA;;;;;NA;;;;;NA;;;;;NA;NA;NA;NA;NA;NA;NA;NA;NA;NA;2004-05-08;dls;;;,,,,,,
phrh;2016-05-07;;serena.s;;;2016-07-16;;;;DFS assigned by field, no associated session;2017-02-22;;;;DenGrad info not in table, instead taken from tblHyenas;2017-06-24;;;2.5;;2019-10-29;dispersal;serena.n;;;NA;NA;NA;NA;NA;NA;NA;NA;NA;NA;NA;dls;;;,,,,
phtm;2009-07-25;;talek;;;2009-08-13;;;;;NA;dbg;;;;NA;dbw;;;;NA;;;;;NA;NA;NA;NA;NA;NA;NA;NA;NA;NA;2009-08-24;dls;inferred dead;;,,,,,,
phtn;2009-04-29;;happy.zebra;;;2009-06-05;;;;;2010-01-04;;;;DenGrad info not in table, instead taken from tblHyenas;2010-01-17;;;13;;NA;;;;;NA;NA;NA;NA;NA;NA;NA;NA;NA;NA;2010-03-20;dls;fate unknown;;,,,,,
phx;NA;;talek;;;1988-07-05;;;;;NA;;;;;NA;;;;;NA;;;;;NA;NA;NA;NA;NA;NA;NA;NA;NA;NA;1989-06-09;dls;dispersed;;,,,,,,
phy;NA;;;;;NA;;;;;NA;;;;;NA;;;;;NA;;;;;NA;NA;NA;NA;NA;NA;NA;NA;NA;NA;NA;;;;,,,,,,
pi;NA;;serena.n;;;2008-07-13;;;;;NA;;;;;NA;;;;;NA;;;;;NA;NA;NA;NA;NA;NA;NA;NA;NA;NA;2010-02-18;dls;fate unknown;;,,,,,,
pib;NA;;fig.tree;;;1998-07-17;;;;;NA;;;;;NA;;;;;NA;;;;;NA;NA;NA;NA;NA;NA;NA;NA;NA;NA;1998-07-17;dls;fate unknown;;,,,,,,
pic;1997-02-02;;talek;;;1997-03-22;;;;;NA;;;;;NA;;;;;NA;;;;;NA;NA;NA;NA;NA;NA;NA;NA;NA;NA;1997-04-24;dead;;;,,,,,,
pica;2014-01-17;;talek;;;2014-02-21;;;;;2014-07-24;;;1;;2014-06-29;;;0.5;;2016-05-01;fission;talek;;;NA;NA;NA;NA;NA;NA;NA;NA;NA;NA;NA;dls;;;,,,,,,
pie;NA;;talek;;;1990-08-08;;;;;NA;;;;;NA;;;;;NA;;;;;NA;NA;NA;NA;NA;NA;NA;NA;NA;NA;1990-08-08;dls;fate unknown;;,,,,,,
pig;1995-07-15;;talek;;;1995-10-22;;;;;NA;;;;;1996-03-19;;;3;;NA;;;;;NA;NA;NA;NA;NA;NA;NA;NA;NA;NA;1996-04-16;dead;;;,,,,,,
pika;2019-09-19;;happy.zebra;;;2020-01-02;;;;;2020-09-19;errror;;91.5;Cub automatically den graduated based on birthdate, error term skewed due to pandemic;NA;;;;;NA;;;;;NA;NA;NA;NA;NA;NA;NA;NA;NA;NA;2020-10-06;dls;;;,,,,,
pike;2007-10-30;;happy.zebra;;;2008-06-30;;;;;NA;;;;;NA;;;;;NA;;;;;NA;NA;NA;NA;NA;NA;NA;NA;NA;NA;2020-05-07;dead;lions?;;Discovered dead on this day by Brian Heath,,,,,,
pili;NA;;happy.zebra;;;2008-08-19;;;;;NA;;;;;NA;;;;;NA;;;;;NA;NA;NA;NA;NA;NA;NA;NA;NA;NA;2008-11-20;dls;fate unknown;;,,,,,,
pilo;2018-06-30;;talek.w;;;2018-09-24;;;;;2019-03-02;grad;;0.5;;NA;;;;;NA;;;;;NA;NA;NA;NA;NA;NA;NA;NA;NA;NA;NA;;;;,,,,,,
pimp;NA;;talek;;;1995-11-09;;;;;NA;;;;;NA;;;;;NA;;;;;NA;NA;NA;NA;NA;NA;NA;NA;NA;NA;1995-11-09;dls;fate unknown;;,,,,,,
pims;1996-10-13;;talek;;;1996-11-27;;;;;1997-05-23;;;0.5;;1997-10-21;;;3;;NA;;;;;NA;NA;NA;NA;NA;NA;NA;NA;NA;NA;1998-03-27;dls;inferred dead;;,,,,,,
pin;2005-12-25;;mara.river;;;2006-01-03;;;;;NA;;;;;NA;;;;;NA;;;;;NA;NA;NA;NA;NA;NA;NA;NA;NA;NA;2006-07-08;dead;;;,,,,,,
pine;2022-01-13;;kcm;;;2022-08-10;;;;;2022-11-24;error;;4;;NA;;;;;NA;;;;;NA;NA;NA;NA;NA;NA;NA;NA;NA;NA;NA;;;;,,,,,,
pion;2022-04-15;;talek;;;2022-05-20;;;;;NA;;;;;NA;;;;;NA;;;;;NA;NA;NA;NA;NA;NA;NA;NA;NA;NA;NA;;;;,,,,,,
pip;2016-10-31;;talek;;;2016-12-11;;;;;2017-07-06;;;;DenGrad info not in table, instead taken from tblHyenas;NA;;;;;NA;;;;;NA;NA;NA;NA;NA;NA;NA;NA;NA;NA;NA;;;;,,,,,
pipi;2008-10-31;;happy.zebra;;;2008-11-30;;;;;2009-03-05;;;;DenGrad info not in table, instead taken from tblHyenas;2009-08-10;;;;;NA;;;;;NA;NA;NA;NA;NA;NA;NA;NA;NA;NA;2012-09-11;dls;fate unknown;;,,,,,
pira;2009-01-10;;happy.zebra;;;2009-02-10;;;;;NA;;;;;NA;;;;;NA;;;;;NA;NA;NA;NA;NA;NA;NA;NA;NA;NA;2009-04-02;dls;fate unknown;;,,,,,,
pirt;NA;;talek;;;1997-01-05;;;;;NA;;;;;NA;;;;;NA;;;;;NA;NA;NA;NA;NA;NA;NA;NA;NA;NA;1997-01-05;dls;fate unknown;;,,,,,,
pisa;NA;;talek;;;1999-09-04;;;;;NA;;;;;NA;;;;;NA;;;;;NA;NA;NA;NA;NA;NA;NA;NA;NA;NA;2008-05-14;dls;dispersed;;,,,,,,
pit;2003-07-10;;mara.river;;;2003-08-16;;;;;NA;;;;;NA;;;;;NA;;;;;NA;NA;NA;NA;NA;NA;NA;NA;NA;NA;2004-03-20;dls;;;,,,,,,
pita;2003-11-01;;oltukai;;;2003-11-29;;;;;NA;;;;;NA;;;;;NA;;;;;NA;NA;NA;NA;NA;NA;NA;NA;NA;NA;2003-12-12;dls;;;,,,,,,
pitt;NA;;;;;2016-06-09;;;;;NA;;;;;NA;;;;;NA;;;;;NA;NA;NA;NA;NA;NA;NA;NA;NA;NA;NA;;;;,,,,,,
pitu;2018-02-12;;talek;;;2018-06-03;;;;;2018-10-17;grad;;5.5;;NA;;;;;NA;;;;;NA;NA;NA;NA;NA;NA;NA;NA;NA;NA;2020-07-25;dls;;;,,,,,,
pius;2022-02-10;;talek;;;2022-06-24;;;;;NA;;;;;NA;;;;;NA;;;;;NA;NA;NA;NA;NA;NA;NA;NA;NA;NA;NA;;;;,,,,,,
pixi;2015-11-05;;serena.s;;;2015-12-10;;;;;2016-10-13;;;;DenGrad info not in table, instead taken from tblHyenas;2016-08-08;;;3.5;;NA;;;;;NA;NA;NA;NA;NA;NA;NA;NA;NA;NA;2017-06-15;dls;;;,,,,,
piz;NA;;serena;;;1995-08-03;;;;;NA;;;;;NA;;;;;NA;;;;;NA;NA;NA;NA;NA;NA;NA;NA;NA;NA;1995-08-03;dls;fate unknown;;,,,,,,
pjas;2019-01-21;;kcm;;;2019-08-04;;;;;2019-08-04;error;;21840.5;PJAS was never seen at the den;NA;;;;;NA;;;;;NA;NA;NA;NA;NA;NA;NA;NA;NA;NA;NA;;;;,,,,,,
pk;1990-03-22;;talek;;;1990-04-15;;;;;NA;;;;;NA;;;;;NA;;;;;NA;NA;NA;NA;NA;NA;NA;NA;NA;NA;1990-05-02;dead;;;,,,,,,
pkey;NA;;serena.n;;;2015-03-10;;;;;NA;;;;;NA;;;;;NA;;;;;NA;NA;NA;NA;NA;NA;NA;NA;NA;NA;2020-10-16;dls;;;,,,,,,
pky;1991-06-23;;talek;;;1991-07-20;;;;;1992-03-31;;;1.5;;1992-07-17;;;;;NA;;;;;NA;NA;NA;NA;NA;NA;NA;NA;NA;NA;1994-05-12;dls;dispersed;;,,,,,,
pl;2015-04-12;;serena.s;;;2015-05-13;;;;;NA;;;;;NA;dbw;;;;NA;;;;;NA;NA;NA;NA;NA;NA;NA;NA;NA;NA;2015-07-03;dls;;;,,,,,,
pla;2003-03-07;;talek;;;2003-04-17;;;;;2003-11-16;;;2;;2004-01-06;;;0.5;;NA;;;;;NA;NA;NA;NA;NA;NA;NA;NA;NA;NA;2004-03-02;dls;inferred dead;;,,,,,,
plad;2017-10-09;;serena.n;;;2017-11-27;;;;;NA;;;;;NA;;;;;NA;;;;;NA;NA;NA;NA;NA;NA;NA;NA;NA;NA;2018-01-11;dls;;;,,,,,,
plka;2004-07-12;;talek.e;;;2004-08-02;;;;;NA;dbg;;;;NA;;;;;NA;;;;;NA;NA;NA;NA;NA;NA;NA;NA;NA;NA;2004-09-14;dls;;;,,,,,,
pll;NA;;talek;;;1996-06-18;;;;;NA;;;;;NA;;;;;NA;;;;;NA;NA;NA;NA;NA;NA;NA;NA;NA;NA;1996-06-18;dls;fate unknown;;,,,,,,
plnk;2013-11-14;;happy.zebra;;;2013-12-05;;;;;2014-07-11;;;;DenGrad info not in table, instead taken from tblHyenas;2014-05-17;;;0.5;;NA;;;;;NA;NA;NA;NA;NA;NA;NA;NA;NA;NA;2018-11-07;dls;;;,,,,,
plop;NA;;happy.zebra;;;2014-10-10;;;;;NA;;;;;NA;;;;;NA;;;;;NA;NA;NA;NA;NA;NA;NA;NA;NA;NA;2017-12-07;dls;;;,,,,,,
plot;2010-01-02;;serena.n;;;2010-05-02;;;;;2011-01-27;;;;DenGrad info not in table, instead taken from tblHyenas;2010-10-07;;;;;NA;;;;;NA;NA;NA;NA;NA;NA;NA;NA;NA;NA;2011-04-04;dls;fate unknown;;,,,,,
plt;NA;;serena.n;;;2008-11-18;;;;;NA;;;;;NA;;;;;NA;;;;;NA;NA;NA;NA;NA;NA;NA;NA;NA;NA;2008-11-18;dls;fate unknown;;,,,,,,
pltm;NA;;mara.river;;;2011-06-22;;;;;NA;;;;;NA;;;;;NA;;;;;NA;NA;NA;NA;NA;NA;NA;NA;NA;NA;NA;dls;;;,,,,,,
plto;2020-12-08;;happy.zebra;;;2021-08-06;;;;;2021-12-08;error;;40;Cub automatically den graduated based on birthdate;NA;;;;;NA;;;;;NA;NA;NA;NA;NA;NA;NA;NA;NA;NA;NA;;;;,,,,,,
plum;2022-04-30;;pond;;;2022-06-22;;;;;NA;;;;;NA;;;;;NA;;;;;NA;NA;NA;NA;NA;NA;NA;NA;NA;NA;NA;;;;,,,,,,
plyr;2019-01-05;;kcm;;;2019-09-05;;;;;2019-09-05;error;;21856.5;PLYR was never seen at the den;NA;;;;;NA;;;;;NA;NA;NA;NA;NA;NA;NA;NA;NA;NA;2022-02-04;dls;;;,,,,,,
pman;2000-11-04;;mara.river;;;2001-06-13;;;;;NA;;;;;NA;;;;;NA;;;;;NA;NA;NA;NA;NA;NA;NA;NA;NA;NA;2001-08-11;dead;;;,,,,,,
pmnt;2009-06-27;;fig.tree;;;2010-03-16;;;;;NA;;;;;NA;;;;;NA;;;;;NA;NA;NA;NA;NA;NA;NA;NA;NA;NA;2010-03-28;dls;unk;;,,,,,,
pn;NA;;talek;;;1990-12-26;;;;;NA;;;;;NA;;;;;NA;;;;;NA;NA;NA;NA;NA;NA;NA;NA;NA;NA;1990-12-26;dls;fate unknown;;,,,,,,
pnb;2008-10-31;;serena.s;;;2008-11-29;;;;;2009-10-31;;;;DenGrad info not in table, instead taken from tblHyenas;2009-08-14;;;;;NA;;;;;NA;NA;NA;NA;NA;NA;NA;NA;NA;NA;2012-08-01;dls;fate unknown;;,,,,,
pnc;2004-06-26;;talek;;;2004-08-30;;;;;2005-04-29;;;0.5;;2005-08-03;;;3.5;;2007-08-16;dispersal;talek.e;;;NA;NA;NA;NA;NA;NA;NA;NA;NA;NA;2007-08-16;;;;,,,,,,
pncl;2021-05-29;;serena.s;;;2021-06-25;;;;;2022-04-07;;;0;Lv wlk, >200 from den, wlk arr;NA;;;;;NA;;;;;NA;NA;NA;NA;NA;NA;NA;NA;NA;NA;NA;;;;,,,,
pnda;2010-12-25;;serena.n;;;2011-02-12;;;;;2011-07-12;;;;DenGrad info not in table, instead taken from tblHyenas;2011-08-24;;;;;NA;;;;;NA;NA;NA;NA;NA;NA;NA;NA;NA;NA;2014-01-22;dls;inferred dead;;,,,,,
pndi;NA;;serena.n;;;2015-03-31;;;;;NA;;;;;NA;;;;;NA;;;;;NA;NA;NA;NA;NA;NA;NA;NA;NA;NA;2018-09-11;dls;fate unknown;;,,,,,,
pner;2021-01-05;;cool.beans;;;2021-02-19;;;;;2021-07-16;;;1.5;;NA;;;;;NA;;;;;NA;NA;NA;NA;NA;NA;NA;NA;NA;NA;NA;;;;,,,,,,
png;2002-07-14;;mara.river;;;2002-09-21;;;;;NA;;;;;NA;;;;;NA;;;;;NA;NA;NA;NA;NA;NA;NA;NA;NA;NA;2002-09-26;dead;;;,,,,,,
pnga;2017-06-07;;talek.w;;;2017-06-12;;;;;2018-02-03;;;;DenGrad info not in table, instead taken from tblHyenas;NA;;;;;NA;;;;;NA;NA;NA;NA;NA;NA;NA;NA;NA;NA;2018-05-18;dls;;;,,,,,
pnoc;2017-09-05;;happy.zebra;;;2017-12-21;;;;;NA;;;;;NA;;;;;NA;;;;;NA;NA;NA;NA;NA;NA;NA;NA;NA;NA;2018-04-06;dls;;;,,,,,,
pntr;2019-06-05;;talek;;;2019-10-06;;;;;2020-06-05;error;;74;Graduated based on DOB;NA;;;;;NA;;;;;NA;NA;NA;NA;NA;NA;NA;NA;NA;NA;NA;;;;,,,,,,
pnut;2019-01-12;;serena.n;;;2019-04-06;;;;;NA;;;;;NA;;;;;NA;;;;;NA;NA;NA;NA;NA;NA;NA;NA;NA;NA;2019-05-03;dls;;;,,,,,,
pob;NA;;fig.tree;;;1998-04-24;;;;;NA;;;;;NA;;;;;NA;;;;;NA;NA;NA;NA;NA;NA;NA;NA;NA;NA;1998-04-24;dead;humans;;,,,,,,
poch;2019-06-15;;talek;;;2019-09-30;;;;;2020-04-04;error;;27;;NA;;;;;NA;;;;;NA;NA;NA;NA;NA;NA;NA;NA;NA;NA;2020-10-22;dls;;;,,,,,,
podo;2022-04-22;;talek;;;2022-06-06;;;;;NA;;;;;NA;;;;;NA;;;;;NA;NA;NA;NA;NA;NA;NA;NA;NA;NA;NA;;;;,,,,,,
poe;1996-09-24;;talek;;;1996-09-24;;;;;NA;;;;;NA;;;;;NA;;;;;NA;NA;NA;NA;NA;NA;NA;NA;NA;NA;1996-10-24;dead;;;,,,,,,
pogo;NA;;talek;;;1996-06-27;;;;;NA;;;;;NA;;;;;NA;;;;;NA;NA;NA;NA;NA;NA;NA;NA;NA;NA;1996-06-27;dls;fate unknown;;,,,,,,
poin;NA;;talek;;;1995-06-03;;;;;NA;;;;;NA;;;;;NA;;;;;NA;NA;NA;NA;NA;NA;NA;NA;NA;NA;1995-06-03;dls;fate unknown;;,,,,,,
pok;2008-04-15;;talek;;;2008-06-01;;;;;NA;;;;;NA;dbw;;;;NA;;;;;NA;NA;NA;NA;NA;NA;NA;NA;NA;NA;2008-06-01;dls;inferred dead;;,,,,,,
pol;2009-12-01;;serena.n;;;2009-12-23;;;;;2010-11-19;;;;DenGrad info not in table, instead taken from tblHyenas;2010-09-09;;;;;NA;;;;;NA;NA;NA;NA;NA;NA;NA;NA;NA;NA;NA;dls;fate unknown;;,,,,,
polo;2009-03-01;;talek;;;2009-06-27;;;;;2009-11-05;;;1;;2009-12-22;;;2;;NA;;;;;NA;NA;NA;NA;NA;NA;NA;NA;NA;NA;2010-04-02;dls;inferred dead;;,,,,,,
pomo;2010-12-22;;talek;;;2011-04-19;;;;;NA;;;;;NA;dbw;;;;NA;;;;;NA;NA;NA;NA;NA;NA;NA;NA;NA;NA;2011-04-27;dls;inferred dead;;,,,,,,
pony;2014-09-23;;serena.s;;;2014-10-26;;;;;NA;;;;;NA;;;;;NA;;;;;NA;NA;NA;NA;NA;NA;NA;NA;NA;NA;2014-11-04;dls;;;,,,,,,
pool;2021-02-15;;talek;;;2021-07-23;;;;;2021-08-17;error;;12.5;;NA;;;;;NA;;;;;NA;NA;NA;NA;NA;NA;NA;NA;NA;NA;2022-05-19;;;;,,,,,,
popo;2021-03-15;;pond;;;2021-05-21;;;;;NA;;;;;NA;;;;;NA;;;;;NA;NA;NA;NA;NA;NA;NA;NA;NA;NA;NA;;;;,,,,,,
popp;NA;;fig.tree;;;1992-12-18;;;;;NA;;;;;NA;;;;;NA;;;;;NA;NA;NA;NA;NA;NA;NA;NA;NA;NA;1992-12-19;dls;;;,,,,,,
popy;2022-12-13;;serena.n;;;2023-03-04;;;;;NA;;;;;NA;;;;;NA;;;;;NA;NA;NA;NA;NA;NA;NA;NA;NA;NA;NA;;;;,,,,,,
pork;2022-11-28;;serena.s;;;2023-01-07;;;;;NA;;;;;NA;;;;;NA;;;;;NA;NA;NA;NA;NA;NA;NA;NA;NA;NA;NA;;;;,,,,,,
port;NA;;;;;2003-09-08;;;;;NA;;;;;NA;;;;;2003-09-08;dispersal;talek.e;;;NA;NA;NA;NA;NA;NA;NA;NA;NA;NA;2005-01-26;dead;;;,,,,,,
pos;NA;;talek;;;1996-01-31;;;;;NA;;;;;NA;;;;;NA;;;;;NA;NA;NA;NA;NA;NA;NA;NA;NA;NA;1999-03-25;dls;fate unknown;;,,,,,,
pot;NA;;fig.tree;;;2007-05-06;;;;;NA;;;;;NA;;;;;NA;;;;;NA;NA;NA;NA;NA;NA;NA;NA;NA;NA;2016-01-13;dls;;;check EventStatus and EventData,,,,,,
poto;2017-11-19;;serena.s;;;2018-01-23;;;;;2018-08-05;grad;;0.5;;NA;;;;;NA;;;;;NA;NA;NA;NA;NA;NA;NA;NA;NA;NA;2018-10-21;dls;;;,,,,,,
poty;NA;;talek;;;2014-03-20;;;;;NA;;;;;NA;;;;;NA;;;;;NA;NA;NA;NA;NA;NA;NA;NA;NA;NA;2016-02-02;dls;dispersed;;,,,,,,
pow;2015-12-06;;talek;;;2016-01-15;;;;;2016-06-18;;;0.5;;2016-11-09;;;2;;2016-05-01;fission;talek;;;NA;NA;NA;NA;NA;NA;NA;NA;NA;NA;2018-09-11;dls;;;,,,,,,
pp;1990-06-03;;talek;;;1990-07-29;;;;;1991-05-20;;;35;;1991-07-07;;;;;NA;;;;;NA;NA;NA;NA;NA;NA;NA;NA;NA;NA;1993-10-12;dls;dispersed;;,,,,,,
ppch;2012-08-08;;talek;;;2012-09-18;;;;;NA;dbg;;;;NA;;;;;NA;;;;;NA;NA;NA;NA;NA;NA;NA;NA;NA;NA;2013-07-27;dls;inferred dead;;,,,,,,
pph;2005-06-23;;talek;;;2005-08-11;;;;;NA;;;;;NA;dbw;;;;NA;;;;;NA;NA;NA;NA;NA;NA;NA;NA;NA;NA;2005-08-11;dead;;;,,,,,,
ppl;2018-10-03;;happy.zebra;;;2018-12-05;;;;;2019-10-03;;;20;graduated by turning 1 yo;NA;;;;;NA;;;;;NA;NA;NA;NA;NA;NA;NA;NA;NA;NA;2019-10-04;;;;,,,,,,
ppn;2007-01-01;;17km;;;2008-06-30;;;;;NA;;;;;NA;;;;;NA;;;;;NA;NA;NA;NA;NA;NA;NA;NA;NA;NA;2008-09-27;dls;;;,,,,,,
ppr;2007-12-09;;mara.river;;;2008-01-18;;;;;NA;;;;;NA;;;;;NA;;;;;NA;NA;NA;NA;NA;NA;NA;NA;NA;NA;NA;dls;;;,,,,,,
ppy;NA;;17km;;;2008-07-16;;;;;NA;;;;;NA;;;;;NA;;;;;NA;NA;NA;NA;NA;NA;NA;NA;NA;NA;2008-08-22;;;;check EventStatus and EventData,,,,,,
pr;1988-06-01;;talek;;;1988-06-29;;;;;NA;;;;;1988-10-08;;;;;NA;;;;;NA;NA;NA;NA;NA;NA;NA;NA;NA;NA;1988-12-08;dead;starvation;;,,,,,,
prag;NA;;mara.river;;;2009-08-11;;;;;NA;;;;;NA;;;;;NA;;;;;NA;NA;NA;NA;NA;NA;NA;NA;NA;NA;2009-10-18;dls;;;check EventStatus and EventData,,,,,,
prde;2012-10-28;;talek;;;2013-02-23;;;;;NA;dbg;;;;NA;dbw;;;;NA;;;;;NA;NA;NA;NA;NA;NA;NA;NA;NA;NA;2013-07-24;dls;inferred dead;;,,,,,,
prdg;2016-11-03;;serena.s;;;2017-01-05;;;;;2017-07-28;;;;DenGrad info not in table, instead taken from tblHyenas;NA;;;;;NA;;;;;NA;NA;NA;NA;NA;NA;NA;NA;NA;NA;2018-03-28;dls;;;,,,,,
prf;NA;;talek;;;1993-03-15;;;;;NA;;;;;NA;;;;;NA;;;;;NA;NA;NA;NA;NA;NA;NA;NA;NA;NA;1993-03-15;dls;fate unknown;;,,,,,,
prfl;2010-05-26;;fig.tree;;;2011-01-29;;;;;NA;;;;;NA;;;;;NA;;;;;NA;NA;NA;NA;NA;NA;NA;NA;NA;NA;2011-09-16;dls;unk;;,,,,,,
pri;2006-11-01;;mara.river;;;2006-11-18;;;;;NA;;;;;NA;;;;;NA;;;;;NA;NA;NA;NA;NA;NA;NA;NA;NA;NA;NA;dls;;;,,,,,,
prim;2019-11-15;;talek;;;2020-01-03;;;;;2020-09-28;error;;127;;NA;;;;;NA;;;;;NA;NA;NA;NA;NA;NA;NA;NA;NA;NA;NA;;;;,,,,,,
pris;2016-10-11;;;;;2016-11-21;;;;;NA;;;;;NA;;;;;NA;;;;;NA;NA;NA;NA;NA;NA;NA;NA;NA;NA;2017-01-13;dls;unknown cause of death;;Possibly died before this, but there is no way to know for sure.,,,,,
prma;2017-04-28;;serena.n;;;2017-06-01;;;;;NA;;;;;NA;;;;;NA;;;;;NA;NA;NA;NA;NA;NA;NA;NA;NA;NA;2017-06-04;dls;inferred dead;;,,,,,,
prme;2019-12-27;;serena.s;;;2020-08-03;;;;;2020-12-27;error;;38;Cub automatically den graduated based on birthdate, error term skewed due to pandemic;NA;;;;;NA;;;;;NA;NA;NA;NA;NA;NA;NA;NA;NA;NA;2021-05-29;dls;;;,,,,,
prn;NA;;oltukai;;;2003-07-12;;;;;NA;;;;;NA;;;;;NA;;;;;NA;NA;NA;NA;NA;NA;NA;NA;NA;NA;2005-07-10;;;;check EventStatus and EventData,,,,,,
pro;NA;;serena.s;;;2008-11-17;;;;;NA;;;;;NA;;;;;NA;;;;;NA;NA;NA;NA;NA;NA;NA;NA;NA;NA;2011-02-14;dls;fate unknown;;,,,,,,
prox;2014-08-18;;fig.tree;;;2015-01-13;;;;;NA;;;;;NA;;;;;NA;;;;;NA;NA;NA;NA;NA;NA;NA;NA;NA;NA;2016-10-11;dls;;;check EventStatus and EventData,,,,,,
prss;2017-01-01;;happy.zebra;;;2017-01-20;;;;;NA;;;;;NA;;;;;NA;;;;;NA;NA;NA;NA;NA;NA;NA;NA;NA;NA;2017-01-26;dls;;;,,,,,,
prta;NA;;talek;;;2011-03-30;;;;;NA;;;;;NA;;;;;NA;;;;;NA;NA;NA;NA;NA;NA;NA;NA;NA;NA;2014-06-26;dls;dispersed;;,,,,,,
prth;2009-03-09;;serena.n;;;2009-04-09;;;;;2009-08-24;;;;DenGrad info not in table, instead taken from tblHyenas;2009-12-21;;;;;NA;;;;;NA;NA;NA;NA;NA;NA;NA;NA;NA;NA;2010-06-13;dls;fate unknown;;,,,,,
pryt;NA;;airstrip;;;2002-06-10;;;;;NA;;;;;NA;;;;;NA;;;;;NA;NA;NA;NA;NA;NA;NA;NA;NA;NA;2005-07-11;;;;check EventStatus and EventData,,,,,,
prz32;NA;;mara.river;;;2001-06-04;;;;;NA;;;;;NA;;;;;NA;;;;;NA;NA;NA;NA;NA;NA;NA;NA;NA;NA;NA;dls;;;,,,,,,
pst;2001-01-20;;mara.river;;;2001-06-20;;;;;NA;;;;;NA;;;;;NA;;;;;NA;NA;NA;NA;NA;NA;NA;NA;NA;NA;2002-01-29;dls;fate unknown;;,,,,,,
psy;1996-10-13;;talek;;;1996-11-26;;;;;1997-06-12;;;0.5;;1997-08-07;;;1;;NA;;;;;NA;NA;NA;NA;NA;NA;NA;NA;NA;NA;1997-12-19;dls;inferred dead;;,,,,,,
pt;1991-04-01;;talek;;;1991-05-09;;;;;1992-01-07;;;0.5;;1992-07-16;;;;;NA;;;;;NA;NA;NA;NA;NA;NA;NA;NA;NA;NA;1996-06-11;dls;inferred dead;;,,,,,,
ptmh;NA;;oltukai;;;2003-10-08;;;;;NA;;;;;NA;;;;;NA;;;;;NA;NA;NA;NA;NA;NA;NA;NA;NA;NA;2003-10-08;;;;check EventStatus and EventData,,,,,,
ptn;2004-09-01;;talek;;;2004-11-24;;;;;NA;dbg;;;;NA;dbw;;;;NA;;;;;NA;NA;NA;NA;NA;NA;NA;NA;NA;NA;2005-06-11;dead;starved;;,,,,,,
pto;NA;;olkenya;;;2003-10-08;;;;;NA;;;;;NA;;;;;NA;;;;;NA;NA;NA;NA;NA;NA;NA;NA;NA;NA;2003-10-08;;;;check EventStatus and EventData,,,,,,
ptol;NA;;mara.river;;;2012-02-25;;;;;NA;;;;;NA;;;;;NA;;;;;NA;NA;NA;NA;NA;NA;NA;NA;NA;NA;NA;dls;;;,,,,,,
ptp;2008-02-01;;17km;;;2008-06-28;;;;;NA;;;;;NA;;;;;NA;;;;;NA;NA;NA;NA;NA;NA;NA;NA;NA;NA;2008-08-01;;;;check EventStatus and EventData,,,,,,
ptra;2016-11-03;;serena.n;;;2017-02-23;;;;;2017-06-23;;;;DenGrad info not in table, instead taken from tblHyenas;NA;;;;;NA;;;;;NA;NA;NA;NA;NA;NA;NA;NA;NA;NA;2019-10-25;;;;,,,,,
ptri;2016-10-31;;talek;;;2016-12-11;;;;;2017-07-06;;;;DenGrad info not in table, instead taken from tblHyenas;NA;;;;;NA;;;;;NA;NA;NA;NA;NA;NA;NA;NA;NA;NA;NA;dls;;;,,,,,
pua;2021-03-15;;pond;;;2021-05-19;;;;;NA;;;;;NA;;;;;NA;;;;;NA;NA;NA;NA;NA;NA;NA;NA;NA;NA;2021-06-30;dls;;;,,,,,,
puc;1997-06-01;;talek;;;1997-07-20;;;;;1998-01-21;;;8.5;;1998-08-11;;;0.5;;2002-05-01;fission;talek.e;;;NA;NA;NA;NA;NA;NA;NA;NA;NA;NA;2006-12-23;dls;inferred dead;;,,,,,,
pudd;2017-10-08;;serena.n;;;2017-12-11;;;;;2018-10-18;grad;;1.5;;NA;;;;;NA;;;;;NA;NA;NA;NA;NA;NA;NA;NA;NA;NA;2019-02-16;;;;,,,,,,
puff;2014-10-28;;happy.zebra;;;2014-11-18;;;;;NA;;;;;NA;dbw;;;;NA;;;;;NA;NA;NA;NA;NA;NA;NA;NA;NA;NA;2015-05-28;dls;;;,,,,,,
pufn;2022-10-22;;serena.n;;;2022-12-24;;;;;NA;;;;;NA;;;;;NA;;;;;NA;NA;NA;NA;NA;NA;NA;NA;NA;NA;2022-12-24;dls;fate unknown;;,,,,,,
pug;NA;;airstrip;;;2002-06-09;;;;;NA;;;;;NA;;;;;NA;;;;;NA;NA;NA;NA;NA;NA;NA;NA;NA;NA;2004-05-19;dls;;;,,,,,,
pugg;2014-12-01;;serena.s;;;2015-11-15;;;;;NA;;;;;NA;dbw;;;;NA;;;;;NA;NA;NA;NA;NA;NA;NA;NA;NA;NA;2015-05-13;dls;;;,,,,,,
puma;2009-11-10;;talek;;;2010-01-28;;;;;2010-07-29;;;1.5;;2010-11-05;;;22.5;;2012-08-06;dispersal;scomfort;;;NA;NA;NA;NA;NA;NA;NA;NA;NA;NA;2013-05-06;dls;fate unknown;;,,,,,,
pumb;2015-04-01;;talek;;;2015-05-06;;;;;2015-10-11;;;5;;2016-08-14;;;10;;2016-05-01;fission;pond;;;NA;NA;NA;NA;NA;NA;NA;NA;NA;NA;2017-11-20;dls;;;,,,,,,
pux;NA;;talek;;;1997-02-03;;;;;NA;;;;;NA;;;;;NA;;;;;NA;NA;NA;NA;NA;NA;NA;NA;NA;NA;1997-02-03;dls;fate unknown;;,,,,,,
pv;2011-01-12;;serena.s;;;2011-02-14;;;;;NA;;;;;NA;dbw;;;;NA;;;;;NA;NA;NA;NA;NA;NA;NA;NA;NA;NA;2011-02-14;dls;fate unknown;;,,,,,,
pw;NA;;talek;;;1992-12-15;;;;;NA;;;;;NA;;;;;NA;;;;;NA;NA;NA;NA;NA;NA;NA;NA;NA;NA;1992-12-15;dls;fate unknown;;,,,,,,
pyg;1994-05-01;;talek;;;1994-05-17;;;;;NA;;;;;NA;;;;;NA;;;;;NA;NA;NA;NA;NA;NA;NA;NA;NA;NA;1994-11-07;dead;;;,,,,,,
pyro;2011-12-23;;fig.tree;;;2012-02-01;;;;;NA;;;;;NA;;;;;NA;;;;;NA;NA;NA;NA;NA;NA;NA;NA;NA;NA;2014-10-27;dls;;;check EventStatus and EventData,,,,,,
pyt;NA;;mara.river;;;2001-09-12;;;;;NA;;;;;NA;;;;;NA;;;;;NA;NA;NA;NA;NA;NA;NA;NA;NA;NA;2001-09-12;dls;;;,,,,,,
pyxi;2020-09-23;;happy.zebra;;Age estimated as the cub was too old to accurately tell when we found it;2021-05-29;;;;;2021-09-23;;;4.5;Cub automatically den graduated based on birthdate;NA;;;;;NA;;;;;NA;NA;NA;NA;NA;NA;NA;NA;NA;NA;2022-06-13;dls;;;,,,,,,
pz;1993-11-25;;talek;;;1993-12-04;;;;;NA;;;;;NA;;;;;NA;;;;;NA;NA;NA;NA;NA;NA;NA;NA;NA;NA;1993-12-24;dead;siblicide;;,,,,,,
pzl;2004-07-12;;talek.e;;;2004-07-31;;;;;NA;sugu;;;;2005-12-08;;;27;;NA;;;;;NA;NA;NA;NA;NA;NA;NA;NA;NA;NA;2008-05-21;dls;fate unknown;;,,,,,,
q;1988-10-29;;talek;;;1988-11-20;;;;;1989-05-29;;;;DenGrad info not in table, instead taken from tblHyenas;1989-05-30;;;;;1993-03-06;dispersal;unknown;;;NA;NA;NA;NA;NA;NA;NA;NA;NA;NA;1993-03-06;dls;dispersed;;,,,,,
qata;2022-10-24;;talek;;;2022-11-23;;;;;NA;;;;;NA;;;;;NA;;;;;NA;NA;NA;NA;NA;NA;NA;NA;NA;NA;NA;;;;,,,,,,
qbt;2004-11-02;;mara.river;;;2005-01-14;;;;;NA;;;;;NA;;;;;NA;;;;;NA;NA;NA;NA;NA;NA;NA;NA;NA;NA;2005-02-12;dls;;;check EventStatus and EventData,,,,,,
qest;2017-08-10;;happy.zebra;;;2017-11-30;;;;;2018-09-12;grad;;0;;NA;;;;;NA;;;;;NA;NA;NA;NA;NA;NA;NA;NA;NA;NA;NA;dls;;;,,,,,,
"qing;2020-12-02;;kcm;;;2021-08-23;;;;;2021-08-23;error;;22215.5;""Never seen at den"," last tick is """"GING"""" typo"";NA;;;;;NA;;;;;NA;NA;NA;NA;NA;NA;NA;NA;NA;NA;NA;;;;",,,,,
qm;NA;;talek;;;1987-08-01;;;;;NA;;;;;NA;;;;;NA;;;;;NA;NA;NA;NA;NA;NA;NA;NA;NA;NA;1989-06-09;dls;dispersed;;,,,,,,
qmrk;2013-09-04;;mara.river;;;2014-03-18;;;;;NA;;;;;NA;;;;;NA;;;;;NA;NA;NA;NA;NA;NA;NA;NA;NA;NA;NA;dls;;;,,,,,,
qrk;2008-09-15;;happy.zebra;;;2008-10-11;;;;;NA;;;;;2008-11-28;error;;2;;NA;;;;;NA;NA;NA;NA;NA;NA;NA;NA;NA;NA;2009-02-24;dls;fate unknown;;,,,,,,
qrt;2005-06-18;;airstrip;;;2005-06-30;;;;;NA;;;;;NA;;;;;NA;;;;;NA;NA;NA;NA;NA;NA;NA;NA;NA;NA;2005-07-11;;;;,,,,,,
qsm;NA;;okejujem;;;2008-11-01;;;;;NA;;;;;NA;;;;;NA;;;;;NA;NA;NA;NA;NA;NA;NA;NA;NA;NA;NA;;;;,,,,,,
quai;NA;;talek;;;1988-09-05;;;;;NA;;;;;NA;;;;;NA;;;;;NA;NA;NA;NA;NA;NA;NA;NA;NA;NA;1993-06-21;dls;fate unknown;;,,,,,,
quak;2016-06-09;;happy.zebra;;;2016-07-31;;;;;2017-01-02;;;;DenGrad info not in table, instead taken from tblHyenas;2016-12-10;;;2;;NA;;;;;NA;NA;NA;NA;NA;NA;NA;NA;NA;NA;2017-10-07;dead;;;DLS alive: 24-Aug-17,,,,,
que;2008-04-18;;talek;;;2008-05-18;;;;;2008-11-17;;;0.5;;2009-04-23;;;0;;NA;;;;;NA;NA;NA;NA;NA;NA;NA;NA;NA;NA;2011-03-05;dls;dispersed;;,,,,,,
quen;2020-11-25;;happy.zebra;;Age estimated as the cub was too old to accurately tell when we found it;2021-05-29;;;;;2021-11-17;;;3;23Nov21 = away from den;NA;;;;;NA;;;;;NA;NA;NA;NA;NA;NA;NA;NA;NA;NA;NA;;;;,,,,,,
qui;NA;;mara.river;;;2001-07-31;;;;;NA;;;;;NA;;;;;NA;;;;;NA;NA;NA;NA;NA;NA;NA;NA;NA;NA;2002-01-09;dls;;;,,,,,,
quik;2018-06-12;;kcm;;;2019-02-07;;;;;2019-02-07;error;;21751.5;;NA;;;;;NA;;;;;NA;NA;NA;NA;NA;NA;NA;NA;NA;NA;2020-06-21;dls;;;,,,,,,
quiv;2022-06-24;;happy.zebra;;;2022-10-29;;;;;2023-06-24;error;graduated automatically based on birthday;22.5;;NA;;;;;NA;;;;;NA;NA;NA;NA;NA;NA;NA;NA;NA;NA;NA;;;;,,,,,,
quo;NA;;talek;;;1989-09-06;;;;;NA;;;;;NA;;;;;NA;;;;;NA;NA;NA;NA;NA;NA;NA;NA;NA;NA;1992-01-07;dls;dispersed;;,,,,,,
r2d2;2010-08-05;;fig.tree;;;2010-11-05;;;;;NA;;;;;NA;;;;;NA;;;;;NA;NA;NA;NA;NA;NA;NA;NA;NA;NA;2011-10-16;dls;unk;;,,,,,,
rac;2004-04-14;;airstrip;;;2004-05-05;;;;;NA;;;;;NA;;;;;NA;;;;;NA;NA;NA;NA;NA;NA;NA;NA;NA;NA;2005-07-07;;;;check EventStatus and EventData,,,,,,
rach;2019-12-01;;serena.s;;;2020-01-13;;;;;2020-12-01;error;;25;Cub automatically den graduated based on birthdate, error term skewed due to pandemic;NA;;;;;NA;;;;;NA;NA;NA;NA;NA;NA;NA;NA;NA;NA;2023-02-20;dls;inferred dispersal;;KDSL: inferred dispersal due to dls in HZ,,,,,
raco;2021-01-10;;talek;;;2021-07-27;;;;;2021-09-05;;;3;;NA;;;;;NA;;;;;NA;NA;NA;NA;NA;NA;NA;NA;NA;NA;NA;;;;,,,,,,
rad;2003-08-17;;airstrip;;;2003-11-24;;;;;NA;;;;;NA;;;;;NA;;;;;NA;NA;NA;NA;NA;NA;NA;NA;NA;NA;2005-07-08;;;;check EventStatus and EventData,,,,,,
radn;2010-01-13;;talek;;;2010-04-06;;;;;2010-10-09;;;4;;2010-09-09;;;3.5;;NA;;;;;NA;NA;NA;NA;NA;NA;NA;NA;NA;NA;2012-11-04;dls;dispersed;;,,,,,,
raf;1995-05-01;;talek;;;1995-08-20;;;;;NA;;;;;NA;dbw;;;;NA;;;;;NA;NA;NA;NA;NA;NA;NA;NA;NA;NA;1995-09-03;dead;;;,,,,,,
rafi;NA;;airstrip;;;2002-06-09;;;;;NA;;;;;NA;;;;;NA;;;;;NA;NA;NA;NA;NA;NA;NA;NA;NA;NA;2005-07-04;;;;check EventStatus and EventData,,,,,,
rag;NA;;talek;;;1995-05-27;;;;;NA;;;;;NA;;;;;NA;;;;;NA;NA;NA;NA;NA;NA;NA;NA;NA;NA;1995-06-27;dls;fate unknown;;,,,,,,
rage;2013-12-01;;talek;;;2014-01-12;;;;;NA;dbg;;;;NA;dbw;;;;NA;;;;;NA;NA;NA;NA;NA;NA;NA;NA;NA;NA;2014-05-13;dead;starved (poison, april 2014);;,,,,,
rain;NA;;talek;;;1987-08-01;;;;;NA;;;;;NA;;;;;NA;;;;;NA;NA;NA;NA;NA;NA;NA;NA;NA;NA;1988-07-20;dls;fate unknown;;,,,,,,
raka;2022-10-23;;serena.n;;;2022-11-29;;;;;NA;dbg;;;;NA;;;;;NA;;;;;NA;NA;NA;NA;NA;NA;NA;NA;NA;NA;2023-02-03;dls;inferred dead;;KDSL: young cub, but shold check notes,,,,,
rali;NA;;serena.n;;;2014-06-29;;;;;NA;;;;;NA;;;;;NA;;;;;NA;NA;NA;NA;NA;NA;NA;NA;NA;NA;2020-10-23;dls;;;,,,,,,
rama;2013-01-08;;serena.n;;;2013-05-06;;;;;2013-09-29;;;;DenGrad info not in table, instead taken from tblHyenas;2014-04-07;;;2.5;;NA;;;;;NA;NA;NA;NA;NA;NA;NA;NA;NA;NA;2021-07-07;dead;lions;;,,,,,
rams;2002-08-31;;airstrip;;;2003-07-21;;;;;NA;;;;;NA;;;;;NA;;;;;NA;NA;NA;NA;NA;NA;NA;NA;NA;NA;2005-07-04;;;;check EventStatus and EventData,,,,,,
ran;NA;;talek;;;1996-01-28;;;;;NA;;;;;NA;;;;;NA;;;;;NA;NA;NA;NA;NA;NA;NA;NA;NA;NA;1996-01-28;dls;fate unknown;;,,,,,,
rang;2013-10-31;;serena.s;;;2013-12-04;;;;;NA;;;;;2014-06-19;;;9;;NA;;;;;NA;NA;NA;NA;NA;NA;NA;NA;NA;NA;2021-10-25;dls;;;,,,,,,
ranu;2021-10-14;;serena.n;;;2021-12-07;;;;;2022-10-14;error;;19.5;Cub automatically den graduated based on birthdate;NA;;;;;NA;;;;;NA;NA;NA;NA;NA;NA;NA;NA;NA;NA;NA;;;;,,,,,,
ras;2021-02-03;;kcm;;;2021-07-23;;;;;2021-07-23;error;;22200;Never seen at den;NA;;;;;NA;;;;;NA;NA;NA;NA;NA;NA;NA;NA;NA;NA;NA;;;;,,,,,,
rasl;2014-09-04;;happy.zebra;;;2014-10-27;;;;;NA;;;;;NA;;;;;NA;;;;;NA;NA;NA;NA;NA;NA;NA;NA;NA;NA;2014-11-26;dls;;;,,,,,,
rast;2011-12-05;;serena.s;;;2012-01-23;;;;;NA;;;;;2012-10-30;;;6;;NA;;;;;NA;NA;NA;NA;NA;NA;NA;NA;NA;NA;2017-01-27;dls;;;,,,,,,
rat;2011-05-06;;mara.river;;;2011-10-18;;;;;NA;;;;;NA;;;;;NA;;;;;NA;NA;NA;NA;NA;NA;NA;NA;NA;NA;2012-03-18;dls;;;check EventStatus and EventData,,,,,,
ratc;2011-04-10;;serena.n;;;2011-07-07;;;;;2012-06-22;;;;DenGrad info not in table, instead taken from tblHyenas;2011-08-01;error;;;;NA;;;;;NA;NA;NA;NA;NA;NA;NA;NA;NA;NA;2015-03-18;dls;fate unknown;;check EventStatus and EventData,,,,,
rav;2006-12-01;;talek;;;2007-08-01;;;;;NA;;;;;2007-12-09;;;31.5;;NA;;;;;NA;NA;NA;NA;NA;NA;NA;NA;NA;NA;2009-10-18;dls;dispersed;;,,,,,,
ravi;2011-04-18;;serena.n;;;2011-05-30;;;;;2012-05-30;;;;DenGrad info not in table, instead taken from tblHyenas;2012-07-29;;;;;NA;;;;;NA;NA;NA;NA;NA;NA;NA;NA;NA;NA;2013-04-25;dls;fate unknown;;check EventStatus and EventData,,,,,
rbat;NA;;mara.river;;;2013-08-12;;;;;NA;;;;;NA;;;;;NA;;;;;NA;NA;NA;NA;NA;NA;NA;NA;NA;NA;NA;dls;;;,,,,,,
rbc;NA;;serena.n;;;2008-06-27;;;;;NA;;;;;NA;;;;;NA;;;;;NA;NA;NA;NA;NA;NA;NA;NA;NA;NA;2012-11-06;;;;check EventStatus and EventData,,,,,,
rbg;2018-12-03;;happy.zebra;;;2019-01-27;;;;;2019-10-14;;;7;;NA;;;;;NA;;;;;NA;NA;NA;NA;NA;NA;NA;NA;NA;NA;NA;;;;,,,,,,
rbo;2005-06-28;;oltukai;;;2005-07-04;;;;;NA;;;;;NA;;;;;NA;;amboseli;;;NA;NA;NA;NA;NA;NA;NA;NA;NA;NA;2005-07-10;;;;,,,,,,
rbt;1998-11-01;;talek;;;1998-11-04;;;;;NA;;;;;NA;;;;;NA;;;;;NA;NA;NA;NA;NA;NA;NA;NA;NA;NA;1998-11-07;dls;fate unknown;;,,,,,,
rbye;2019-03-13;;serena.n;;;2019-05-11;;;;;2020-03-13;;;20;;NA;;;;;NA;;;;;NA;NA;NA;NA;NA;NA;NA;NA;NA;NA;2020-10-20;dls;;;,,,,,,
rc;2009-02-15;;mara.river;;;2009-07-19;;;;;NA;;;;;NA;;;;;NA;;;;;NA;NA;NA;NA;NA;NA;NA;NA;NA;NA;NA;dls;;;,,,,,,
rcc;NA;;llion;;;2008-06-05;;;;;NA;;;;;NA;;;;;NA;;;;;NA;NA;NA;NA;NA;NA;NA;NA;NA;NA;2008-06-05;dls;;;,,,,,,
rch;2011-05-06;;mara.river;;;2011-10-18;;;;;NA;;;;;NA;;;;;NA;;;;;NA;NA;NA;NA;NA;NA;NA;NA;NA;NA;2012-03-18;dls;;;check EventStatus and EventData,,,,,,
rckt;2014-01-07;;serena.n;;;2014-02-05;;;;;2014-05-28;;;;DenGrad info not in table, instead taken from tblHyenas;2014-10-04;;;8;;NA;;;;;NA;NA;NA;NA;NA;NA;NA;NA;NA;NA;2023-03-26;dls;;;RCKT likely migrated from South to a non-study clan in 2020/2021, he was seen at a North hippo carcass and in Oz Valley in March 2023,,,,
rcn;NA;;talek;;;1990-12-21;;;;;NA;;;;;NA;;;;;NA;;;;;NA;NA;NA;NA;NA;NA;NA;NA;NA;NA;1997-03-07;dls;dispersed;;,,,,,,
rcs;NA;;talek;;;1990-03-12;;;;;NA;;;;;NA;;;;;NA;;;;;NA;NA;NA;NA;NA;NA;NA;NA;NA;NA;1990-03-12;dls;fate unknown;;,,,,,,
rdkl;NA;;suswa;;;1999-06-17;;;;;NA;;;;;NA;;;;;NA;;;;;NA;NA;NA;NA;NA;NA;NA;NA;NA;NA;1999-06-17;dead;humans;;,,,,,,
rdn;NA;;talek;;;1991-01-21;;;;;NA;;;;;NA;;;;;NA;;;;;NA;NA;NA;NA;NA;NA;NA;NA;NA;NA;1991-01-21;dls;fate unknown;;,,,,,,
rdq;1997-08-04;;talek;;;1997-09-07;;;;;NA;;;;;1997-12-08;;;12.5;;NA;;;;;NA;NA;NA;NA;NA;NA;NA;NA;NA;NA;1998-04-25;dls;inferred dead;;,,,,,,
rdrv;2013-06-28;;fig.tree;;;2013-07-24;;;;;NA;;;;;NA;;;;;NA;;;;;NA;NA;NA;NA;NA;NA;NA;NA;NA;NA;2014-11-07;dls;;;check EventStatus and EventData,,,,,,
rds;NA;;talek;;;1992-04-19;;;;;NA;;;;;NA;;;;;NA;;;;;NA;NA;NA;NA;NA;NA;NA;NA;NA;NA;1992-04-19;dls;fate unknown;;,,,,,,
reag;2008-11-13;;talek;;;2008-12-09;;;;;NA;dbg;;;;NA;dbw;;;;NA;;;;;NA;NA;NA;NA;NA;NA;NA;NA;NA;NA;2009-02-06;dls;inferred dead;;,,,,,,
reb;2011-06-16;;talek;;;2011-11-01;;;;;2012-07-03;;;0.5;;2012-11-22;;;6.5;;NA;;;;;NA;NA;NA;NA;NA;NA;NA;NA;NA;NA;2014-02-17;dls;inferred dead;;,,,,,,
rebe;2020-12-15;;kcm;;;2021-07-20;;;;;2021-07-20;error;;22198.5;Never seen at den;NA;;;;;NA;;;;;NA;NA;NA;NA;NA;NA;NA;NA;NA;NA;NA;;;;,,,,,,
red;2005-05-15;;talek.e;;;2005-07-24;;;;;NA;dbg;;;;2005-08-28;error;;14.5;;NA;;;;;NA;NA;NA;NA;NA;NA;NA;NA;NA;NA;2006-01-24;dls;;;,,,,,,
redw;NA;;mara.river;;;2013-04-17;;;;;NA;;;;;NA;;;;;NA;;;;;NA;NA;NA;NA;NA;NA;NA;NA;NA;NA;NA;dls;;;,,,,,,
reed;2020-08-29;;serena.s;;;2020-09-23;;;;;2021-08-29;;;4.5;Cub automatically den graduated based on birthdate;NA;;;;;NA;;;;;NA;NA;NA;NA;NA;NA;NA;NA;NA;NA;2021-11-19;dls;;;,,,,,,
reg;2004-12-24;;oltukai;;;2004-12-28;;;;;NA;;;;;NA;;;;;NA;;;;;NA;NA;NA;NA;NA;NA;NA;NA;NA;NA;2005-02-19;dls;;;check EventStatus and EventData,,,,,,
regu;2018-02-09;;talek.w;;;2018-04-20;;;;;2018-12-18;grad;;1;;NA;;;;;NA;;;;;NA;NA;NA;NA;NA;NA;NA;NA;NA;NA;2022-05-21;;;;,,,,,,
remi;2014-03-17;;serena.n;;;2014-05-18;;;;;NA;;;;;2015-05-29;error;;71;;NA;;;;;NA;NA;NA;NA;NA;NA;NA;NA;NA;NA;NA;dls;;;,,,,,,
remy;2013-10-29;;fig.tree;;;2013-11-26;;;;;NA;;;;;NA;;;;;NA;;;;;NA;NA;NA;NA;NA;NA;NA;NA;NA;NA;2014-11-03;dls;;;check EventStatus and EventData,,,,,,
ren;2016-10-03;;kcm;;;2016-11-21;;;;One sibling is seen on DFS;2017-07-02;;;;DenGrad info not in table, instead taken from tblHyenas;NA;;;;;NA;;;;;NA;NA;NA;NA;NA;NA;NA;NA;NA;NA;2019-02-17;dls;;;,,,,,
rena;2014-02-19;;serena.s;;;2014-05-01;;;;;NA;;;;;NA;dbw;;;;NA;;;;;NA;NA;NA;NA;NA;NA;NA;NA;NA;NA;2014-10-13;dls;;;,,,,,,
reta;2021-10-16;;pond;;;2022-04-01;;;;;NA;;;;;NA;;;;;NA;;;;;NA;NA;NA;NA;NA;NA;NA;NA;NA;NA;2022-04-01;dls;;;,,,,,,
reu;NA;;mara.river;;;2001-07-30;;;;;NA;;;;;NA;;;;;NA;;;;;NA;NA;NA;NA;NA;NA;NA;NA;NA;NA;2001-10-31;dls;fate unknown;;,,,,,,
rg;1989-09-01;;talek;;;1989-10-14;;;;;1990-04-19;;;0.5;;1990-09-03;;;;;NA;;;;;NA;NA;NA;NA;NA;NA;NA;NA;NA;NA;1991-03-13;dead;;;,,,,,,
rgnk;2017-05-02;;happy.zebra;;;2017-06-02;;;;;2018-05-02;;;;DenGrad info not in table, instead taken from tblHyenas;NA;;;;;NA;;;;;NA;NA;NA;NA;NA;NA;NA;NA;NA;NA;2019-03-18;dls;;;,,,,,
rgr;NA;;musiara;;;NA;;;;;NA;;;;;NA;;;;;NA;;;;;NA;NA;NA;NA;NA;NA;NA;NA;NA;NA;NA;;;;,,,,,,
rh;NA;;serena.s;;;2010-01-29;;;;;NA;;;;;NA;;;;;NA;;;;;NA;NA;NA;NA;NA;NA;NA;NA;NA;NA;2017-11-17;dls;fate unknown;;,,,,,,
riat;2014-10-14;;serena.s;;;2014-11-10;;;;;NA;;;;;NA;;;;;NA;;;;;NA;NA;NA;NA;NA;NA;NA;NA;NA;NA;2014-11-10;dls;;;,,,,,,
rib;2013-10-11;;mara.river;;;2014-03-11;;;;;NA;;;;;NA;;;;;NA;;;;;NA;NA;NA;NA;NA;NA;NA;NA;NA;NA;NA;dls;;;,,,,,,
rich;NA;;talek;;;1996-02-03;;;;;NA;;;;;NA;;;;;NA;;;;;NA;NA;NA;NA;NA;NA;NA;NA;NA;NA;1996-06-14;dls;fate unknown;;,,,,,,
rico;NA;;serena.s;;;2008-11-23;;;;;NA;;;;;NA;;;;;NA;;;;;NA;NA;NA;NA;NA;NA;NA;NA;NA;NA;2009-02-28;dls;fate unknown;;,,,,,,
rid;NA;;airstrip;;;2002-06-15;;;;;NA;;;;;NA;;;;;NA;;;;;NA;NA;NA;NA;NA;NA;NA;NA;NA;NA;2005-07-11;;;;check EventStatus and EventData,,,,,,
RIDA;2019-11-06;;pond;;;2020-04-06;;;;;NA;;;;;NA;;;;;NA;;;;;NA;NA;NA;NA;NA;NA;NA;NA;NA;NA;2020-04-18;dls;;;,,,,,,
ride;2010-10-14;;talek;;;2010-11-04;;;;;NA;dbg;;;;NA;dbw;;;;NA;;;;;NA;NA;NA;NA;NA;NA;NA;NA;NA;NA;2010-12-19;dls;inferred dead;;,,,,,,
rig;2007-12-09;;fig.tree;;;2008-01-20;;;;;NA;;;;;NA;;;;;NA;;;;;NA;NA;NA;NA;NA;NA;NA;NA;NA;NA;2010-04-08;dls;dispersed;;,,,,,,
riga;2011-11-08;;talek;;;2011-12-19;;;;;NA;dbg;;;;NA;dbw;;;;NA;;;;;NA;NA;NA;NA;NA;NA;NA;NA;NA;NA;2012-01-21;dls;starvation after mom's death;;,,,,,,
rigg;2021-02-27;;talek;;;2021-07-23;;;;;2021-08-02;;;0;;NA;;;;;NA;;;;;NA;NA;NA;NA;NA;NA;NA;NA;NA;NA;NA;;;;,,,,,,
rii;NA;;airstrip;;;2003-09-11;;;;;NA;;;;;NA;;;;;NA;;;;;NA;NA;NA;NA;NA;NA;NA;NA;NA;NA;2003-09-11;dls;;;,,,,,,
rinc;1995-08-01;;talek;;;1995-09-06;;;;;1996-04-16;;;3.5;;1996-07-15;;;;;NA;;;;;NA;NA;NA;NA;NA;NA;NA;NA;NA;NA;1997-05-09;dls;inferred dead;;,,,,,,
ring;2009-11-30;;happy.zebra;;;2009-12-22;;;;;2010-11-16;;;;DenGrad info not in table, instead taken from tblHyenas;2010-10-16;;;22.5;;NA;;;;;NA;NA;NA;NA;NA;NA;NA;NA;NA;NA;2020-03-02;dead;humans;;date last seen alive: 23-Oct-19,,,,,
rio;NA;;oltukai;;;2004-07-14;;;;;NA;;;;;NA;;;;;NA;;;;;NA;NA;NA;NA;NA;NA;NA;NA;NA;NA;2005-07-10;;;;check EventStatus and EventData,,,,,,
rioj;2005-12-15;;talek.e;;;2006-07-10;;;;;NA;;;;;2006-09-20;error;;48.5;;NA;;;;;NA;NA;NA;NA;NA;NA;NA;NA;NA;NA;2006-12-22;;;;check EventStatus and EventData,,,,,,
rion;2014-04-29;;talek;;;2014-05-20;;;;;2014-11-24;;;0;;2015-03-02;;;3;;2016-05-01;fission;talek;;;2018-08-09;dispersal;kcm;;;NA;NA;NA;NA;NA;NA;dls;;;,,,,,,
ripr;2010-10-21;;serena.s;;;2010-11-18;;;;DFS assigned by field, no associated session;2011-07-02;;;;DenGrad info not in table, instead taken from tblHyenas;2011-07-11;;;;;NA;;;;;NA;NA;NA;NA;NA;NA;NA;NA;NA;NA;2014-07-07;dls;fate unknown;;,,,,
riri;2019-07-15;;happy.zebra;;;2019-09-16;;;;;NA;;;;;NA;;;;;NA;;;;;NA;NA;NA;NA;NA;NA;NA;NA;NA;NA;2019-10-04;;;;,,,,,,
risk;2016-06-28;;kcm;;;2016-08-09;;;;;2017-01-08;;;1;;2017-07-05;;;7.5;;NA;;;;;NA;NA;NA;NA;NA;NA;NA;NA;NA;NA;2020-12-22;dls;;;,,,,,,
rist;2022-10-23;;serena.n;;;2022-11-29;;;;;NA;dbg;;;;NA;;;;;NA;;;;;NA;NA;NA;NA;NA;NA;NA;NA;NA;NA;2023-02-03;dls;inferred dead;;KDSL: young cub but should check notes to confirm,,,,,,
ritz;2017-01-12;;talek.w;;;2017-01-30;;;;One sibling seen on DFS;2017-07-23;;;;DenGrad info not in table, instead taken from tblHyenas;NA;;;;;NA;;;;;NA;NA;NA;NA;NA;NA;NA;NA;NA;NA;NA;dls;;;,,,,,
riv;2013-09-16;;fig.tree;;;2014-05-05;;;;;NA;;;;;NA;;;;;NA;;;;;NA;NA;NA;NA;NA;NA;NA;NA;NA;NA;2014-11-03;dls;;;check EventStatus and EventData,,,,,,
rivr;2019-11-14;;serena.n;;;2020-01-22;;;;;NA;;;;;NA;;;;;NA;;;;;NA;NA;NA;NA;NA;NA;NA;NA;NA;NA;2020-03-19;dls;;;,,,,,,
rizz;2015-08-25;;talek;;;2015-09-30;;;;;NA;;;;;NA;;;;;NA;;;;;NA;NA;NA;NA;NA;NA;NA;NA;NA;NA;2015-11-06;dls;inferred dead;;,,,,,,
rlla;2019-01-16;;happy.zebra;;;2019-02-20;;;;;NA;;;;;NA;;;;;NA;;;;;NA;NA;NA;NA;NA;NA;NA;NA;NA;NA;2019-02-20;dls;;;,,,,,,
rm;1993-07-07;;talek;;;1993-08-20;;;;;1994-03-23;;;0.5;;1994-07-27;;;;;NA;;;;;NA;NA;NA;NA;NA;NA;NA;NA;NA;NA;1996-09-12;dls;inferred dead;;,,,,,,
rmd;NA;;airstrip;;;2003-10-27;;;;;NA;;;;;NA;;;;;NA;;;;;NA;NA;NA;NA;NA;NA;NA;NA;NA;NA;2005-07-10;;;;check EventStatus and EventData,,,,,,
rmeo;NA;;double.x;;;2022-07-12;;;;;NA;;;;;NA;;;;;NA;;;;;NA;NA;NA;NA;NA;NA;NA;NA;NA;NA;NA;;;;,,,,,,
rmki;2015-11-22;;talek;;;2016-01-02;;;;;2016-06-29;;;;DenGrad info not in table, instead taken from tblHyenas;2016-08-30;;;1.5;;2016-05-01;fission;talek;;;NA;NA;NA;NA;NA;NA;NA;NA;NA;NA;2017-08-31;dls;inferred dead;;,,,,,
rmmy;2015-05-04;;happy.zebra;;;2015-05-25;;;;;NA;;;;;2016-08-08;;;1;;NA;;;;;NA;NA;NA;NA;NA;NA;NA;NA;NA;NA;NA;dls;;;,,,,,,
rmn;NA;;oltukai;;;2003-07-12;;;;;NA;;;;;NA;;;;;NA;;;;;NA;NA;NA;NA;NA;NA;NA;NA;NA;NA;2005-07-10;;;;check EventStatus and EventData,,,,,,
rmon;2012-09-30;;serena.n;;;2012-12-14;;;;;2013-06-18;;;;DenGrad info not in table, instead taken from tblHyenas;2013-11-11;;;;;NA;;;;;NA;NA;NA;NA;NA;NA;NA;NA;NA;NA;NA;dls;;;,,,,,
rn2;NA;;talek;;;1996-03-19;;;;;NA;;;;;NA;;;;;NA;;;;;NA;NA;NA;NA;NA;NA;NA;NA;NA;NA;1996-06-12;dls;fate unknown;;,,,,,,
rnb;2017-11-09;;pond;;;2017-12-14;;;;;NA;;;;;NA;;;;;NA;;;;;NA;NA;NA;NA;NA;NA;NA;NA;NA;NA;NA;dls;;;,,,,,,
rnbo;2017-07-19;;kcm;;;2017-12-23;;;;;NA;;;;;NA;;;;;NA;;;;;NA;NA;NA;NA;NA;NA;NA;NA;NA;NA;NA;;;;,,,,,,
rnch;2010-11-16;;serena.s;;;2010-11-30;;;;DFS assigned by field, no associated session;2011-09-18;;;;DenGrad info not in table, instead taken from tblHyenas;2011-07-25;;;10;;NA;;;;;NA;NA;NA;NA;NA;NA;NA;NA;NA;NA;2012-06-25;dls;fate unknown;;,,,,
rndm;2021-06-22;;;;;2022-06-19;;;;;NA;;;; based on DOB, never seen at den;NA;;;;;2022-06-19;dispersal;kcm;;;NA;NA;NA;NA;NA;NA;NA;NA;NA;NA;NA;;;;,,,,,
rngu;2013-12-08;;talek;;;2014-01-15;;;;;2014-07-07;;;1;;2014-07-06;;;1;;2016-05-01;fission;talek;;;NA;NA;NA;NA;NA;NA;NA;NA;NA;NA;2017-01-06;dls;;;,,,,,,
rnr;NA;;mara.river;;;2009-08-22;;;;;NA;;;;;NA;;;;;NA;;;;;NA;NA;NA;NA;NA;NA;NA;NA;NA;NA;2010-07-07;dls;;;check EventStatus and EventData,,,,,,
rntn;2019-01-23;;serena.n;;;2019-03-09;;;;;NA;;;;;NA;;;;;NA;;;;;NA;NA;NA;NA;NA;NA;NA;NA;NA;NA;2019-03-19;dls;;;,,,,,,
ro;NA;;mara.river;;;2002-08-10;;;;;NA;;;;;NA;;;;;NA;;;;;NA;NA;NA;NA;NA;NA;NA;NA;NA;NA;2006-03-30;dls;;;check EventStatus and EventData,,,,,,
robi;2022-09-16;kcm;;;;2022-11-04;;;;;NA;;;;;NA;;;;;NA;;;;;NA;NA;NA;NA;NA;NA;NA;NA;NA;NA;NA;;;;,,,,,,
robn;2013-04-14;;talek;;;2013-06-13;;;;One sibling seen on DFS;2013-12-26;;;11;;2013-11-25;;;0.5;;NA;;;;;NA;NA;NA;NA;NA;NA;NA;NA;NA;NA;2015-09-11;dls;;;,,,,,,
roch;NA;;serena.n;;;2008-09-01;;;;;NA;;;;;NA;;;;;NA;;;;;NA;NA;NA;NA;NA;NA;NA;NA;NA;NA;2009-03-12;dls;fate unknown;;,,,,,,
rock;NA;;talek;;;1994-06-05;;;;;NA;;;;;NA;;;;;NA;;;;;NA;NA;NA;NA;NA;NA;NA;NA;NA;NA;1994-06-18;dls;lions;;,,,,,,
roco;2022-08-28;;serena.n;;;2022-09-22;;;;;2023-08-28;;;;KDSL: no info from field on error or date calculation;NA;;;;;NA;;;;;NA;NA;NA;NA;NA;NA;NA;NA;NA;NA;NA;;;;,,,,,,
rod;2005-04-27;;airstrip;;;2005-05-31;;;;;NA;;;;;NA;dbw;;;;NA;;;;;NA;NA;NA;NA;NA;NA;NA;NA;NA;NA;2005-06-27;dls;;;,,,,,,
rodd;2022-06-13;;talek;;;2022-07-26;;;;;NA;;;;;NA;;;;;NA;;;;;NA;NA;NA;NA;NA;NA;NA;NA;NA;NA;NA;;;;,,,,,,
rog;NA;;talek;;;1996-09-04;;;;;NA;;;;;NA;;;;;NA;;;;;NA;NA;NA;NA;NA;NA;NA;NA;NA;NA;1996-09-04;dls;fate unknown;;,,,,,,
roh;2006-12-01;;fig.tree;;;2007-05-02;;;;;NA;;;;;NA;;;;;NA;;;;;NA;NA;NA;NA;NA;NA;NA;NA;NA;NA;2014-12-10;dls;;;check EventStatus and EventData,,,,,,
rolo;NA;;oz valley;;;2008-11-11;;;;;NA;;;;;NA;;;;;NA;;;;;NA;NA;NA;NA;NA;NA;NA;NA;NA;NA;NA;;;;,,,,,,
rom;NA;;talek;;;1994-05-21;;;;;NA;;;;;NA;;;;;NA;;;;;NA;NA;NA;NA;NA;NA;NA;NA;NA;NA;1994-06-05;dls;fate unknown;;,,,,,,
rome;NA;;mara.river;;;2013-09-03;;;;;NA;;;;;NA;;;;;NA;;;;;NA;NA;NA;NA;NA;NA;NA;NA;NA;NA;NA;dls;;;,,,,,,
ron;2010-11-06;;fig.tree;;;2010-12-16;;;;;NA;;;;;NA;;;;;NA;;;;;NA;NA;NA;NA;NA;NA;NA;NA;NA;NA;2010-12-16;dls;unk;;,,,,,,
roni;2019-08-15;;serena.s;;;2019-09-11;;;;;NA;;;;;NA;;;;;NA;;;;;NA;NA;NA;NA;NA;NA;NA;NA;NA;NA;2020-03-07;dls;;;,,,,,,
rony;2019-02-05;;talek;;;2019-03-25;;;;;2020-02-05;error;;40;Graduated based on DOB;NA;;;;;NA;;;;;NA;NA;NA;NA;NA;NA;NA;NA;NA;NA;NA;;;;,,,,,,
roo;1996-10-07;;talek;;;1996-10-11;;;;;NA;;;;;NA;;;;;NA;;;;;NA;NA;NA;NA;NA;NA;NA;NA;NA;NA;1996-11-24;dead;siblicide;;,,,,,,
"rook;2019-01-22;;kcm;;;2019-09-22;;;;;2019-09-22;error;;21865;""Never seen at den"," used former name """"TPET"""" to find dates"";NA;;;;;NA;;;;;NA;NA;NA;NA;NA;NA;NA;NA;NA;NA;NA;;;;",,,,,
roos;2007-03-02;;talek;;;2007-10-13;;;;;NA;;;;;2008-07-24;;;1.5;;2016-05-01;fission;kcm;;;NA;NA;NA;NA;NA;NA;NA;NA;NA;NA;2021-11-17;dls;;;,,,,,,
root;2022-06-24;;happy.zebra;;;2022-09-28;;;;;2023-06-24;error;;10.5;cub automatically graduated based on birthday;NA;;;;;NA;;;;;NA;NA;NA;NA;NA;NA;NA;NA;NA;NA;NA;;;;,,,,,,
ros;2009-01-09;;fig.tree;;;2009-06-22;;;;;NA;;;;;NA;;;;;NA;;;;;NA;NA;NA;NA;NA;NA;NA;NA;NA;NA;2010-03-16;dls;unk;;,,,,,,
rosa;2012-12-05;;mara.river;;;2013-08-20;;;;;NA;;;;;NA;;;;;NA;;;;;NA;NA;NA;NA;NA;NA;NA;NA;NA;NA;2013-08-25;dls;;;check EventStatus and EventData,,,,,,
rose;1996-06-25;;talek;;;1996-07-22;;;;;NA;;;;;NA;;;;;NA;;;;;NA;NA;NA;NA;NA;NA;NA;NA;NA;NA;1996-07-22;dead;;;,,,,,,
roti;2022-05-13;;kcm;;;2022-08-11;;;;;2022-12-06;error;;10;Dec 15 AM and PM;NA;;;;;NA;;;;;NA;NA;NA;NA;NA;NA;NA;NA;NA;NA;NA;;;;,,,,,,
rotn;2010-11-01;;serena.n;;;2010-12-20;;;;;NA;;;;;2011-09-26;;;;;NA;;;;;NA;NA;NA;NA;NA;NA;NA;NA;NA;NA;2011-11-18;dls;fate unknown;;check EventStatus and EventData,,,,,,
roug;2015-12-02;;serena.s;;;2016-01-20;;;;;2016-10-04;;;;DenGrad info not in table, instead taken from tblHyenas;2017-02-03;;;19;;NA;;;;;NA;NA;NA;NA;NA;NA;NA;NA;NA;NA;2022-09-17;dls;;;,,,,,
roxi;2011-12-27;;happy.zebra;;;2012-01-24;;;;;NA;;;;;NA;dbw;;;;NA;;;;;NA;NA;NA;NA;NA;NA;NA;NA;NA;NA;2012-04-27;dls;;;,,,,,,
roy;2001-11-21;;talek;;;2001-11-25;;;;;NA;;;;;NA;;;;;NA;;;;;NA;NA;NA;NA;NA;NA;NA;NA;NA;NA;2001-11-25;dls;;;,,,,,,
roz;NA;;fig.tree;;;1993-01-03;;;;;NA;;;;;NA;;;;;NA;;;;;NA;NA;NA;NA;NA;NA;NA;NA;NA;NA;1993-01-03;dls;;;check EventStatus and EventData,,,,,,
rp;NA;;fig.tree;;;1995-06-08;;;;;NA;;;;;NA;;;;;NA;;;;;NA;NA;NA;NA;NA;NA;NA;NA;NA;NA;1995-06-08;dls;fate unknown;;,,,,,,
rpal;NA;;emarti h;;;2004-06-11;;;;;NA;;;;;NA;;;;;NA;;;;;NA;NA;NA;NA;NA;NA;NA;NA;NA;NA;NA;;;;,,,,,,
rph;NA;;mara.river;;;2001-12-14;;;;;NA;;;;;NA;;;;;NA;;;;;NA;NA;NA;NA;NA;NA;NA;NA;NA;NA;NA;dls;;;,,,,,,
rpkn;2013-04-14;;talek;;;2013-06-13;;;;One sibling seen on DFS;2013-12-26;;;8.5;;2013-11-25;;;0.5;;2016-05-01;fission;pond;;;NA;NA;NA;NA;NA;NA;NA;NA;NA;NA;NA;dls;;;,,,,,,
rpl;1998-11-10;;talek;;;1998-12-11;;;;;NA;;;;;NA;dbw;;;;NA;;;;;NA;NA;NA;NA;NA;NA;NA;NA;NA;NA;1999-03-17;dls;inferred dead;;,,,,,,
rprt;2017-05-30;;kcm;;;2017-07-30;;;;;2018-02-01;error;;4.5;;NA;;;;;NA;;;;;NA;NA;NA;NA;NA;NA;NA;NA;NA;NA;2020-07-09;dls;;;,,,,,,
rpsd;2018-11-25;;happy.zebra;;;2019-02-22;;;;;2019-09-23;;;1;;NA;;;;;NA;;;;;NA;NA;NA;NA;NA;NA;NA;NA;NA;NA;2020-02-10;dls;;;,,,,,,
rr;NA;;olare;;;2008-08-17;;;;;NA;;;;;NA;;;;;NA;;;;;NA;NA;NA;NA;NA;NA;NA;NA;NA;NA;NA;;;;,,,,,,
rrf;NA;;talek;;;1991-11-15;;;;;NA;;;;;NA;;;;;NA;;;;;NA;NA;NA;NA;NA;NA;NA;NA;NA;NA;1991-11-15;dls;fate unknown;;,,,,,,
rs;NA;;talek;;;1995-12-06;;;;;NA;;;;;NA;;;;;NA;;;;;NA;NA;NA;NA;NA;NA;NA;NA;NA;NA;1998-11-30;dls;;;approved by KEH,,,,,,
rslg;2002-05-15;;talek.e;;;2002-06-19;;;;;2003-04-09;;;1;;2003-09-08;;;28.5;;NA;;;;;NA;NA;NA;NA;NA;NA;NA;NA;NA;NA;2004-06-13;dls;;;,,,,,,
rss;2005-12-06;;talek;;;2005-12-30;;;;;NA;dbg;;;;NA;dbw;;;;NA;;;;;NA;NA;NA;NA;NA;NA;NA;NA;NA;NA;2005-12-30;dead;;;,,,,,,
rsta;2015-06-25;;talek;;;2016-05-05;;;;;NA;sugu;;;;NA;;;;;2016-05-01;fission;kcm;;;NA;NA;NA;NA;NA;NA;NA;NA;NA;NA;NA;dls;;;,,,,,,
rstr;NA;;serena.s;;;2008-11-19;;;;;NA;;;;;NA;;;;;NA;;;;;NA;NA;NA;NA;NA;NA;NA;NA;NA;NA;2011-02-24;dls;fate unknown;;,,,,,,
rswl;NA;;talek;;;2012-12-01;;;;;NA;;;;;NA;;;;;2016-05-01;fission;pond;;;NA;NA;NA;NA;NA;NA;NA;NA;NA;NA;2018-03-30;dls;;;,,,,,,
rt;NA;;FT;;;NA;;;;;NA;;;;;NA;;;;;NA;;;;;NA;NA;NA;NA;NA;NA;NA;NA;NA;NA;NA;;;;,,,,,,
rtfr;2012-03-05;;talek;;;2012-06-20;;;;;NA;dbg;;;;NA;dbw;;;;NA;;;;;NA;NA;NA;NA;NA;NA;NA;NA;NA;NA;2012-07-02;dls;inferred dead;;,,,,,,
rtmt;NA;;talek;;;1992-07-10;;;;DFS checked and approved SSS;NA;;;;;NA;;;;;NA;;;;;NA;NA;NA;NA;NA;NA;NA;NA;NA;NA;1992-07-11;dls;dispersed;;,,,,,,
rtrf;NA;;talek;;;1989-11-03;;;;;NA;;;;;NA;;;;;NA;;;;;NA;NA;NA;NA;NA;NA;NA;NA;NA;NA;1989-11-15;dls;fate unknown;;,,,,,,
rtt;NA;;talek;;;1991-11-17;;;;;NA;;;;;NA;;;;;NA;;;;;NA;NA;NA;NA;NA;NA;NA;NA;NA;NA;1991-11-17;dls;fate unknown;;,,,,,,
rub;1997-11-12;;talek;;;1997-12-15;;;;;1998-09-28;;;0.5;;1999-01-22;;;5.5;;2002-05-01;fission;talek.e;;;NA;NA;NA;NA;NA;NA;NA;NA;NA;NA;2003-09-13;dls;dispersed;;,,,,,,
ruby;2022-10-13;;talek;;;2022-10-20;;;;;NA;;;;;NA;;;;;NA;;;;;NA;NA;NA;NA;NA;NA;NA;NA;NA;NA;NA;;;;,,,,,,
rudi;2013-11-05;;mara.river;;;2014-01-05;;;;;NA;;;;;NA;;;;;NA;;;;;NA;NA;NA;NA;NA;NA;NA;NA;NA;NA;NA;dls;;;,,,,,,
rugr;2015-06-28;;serena.n;;;2015-08-05;;;;;NA;;;;;NA;;;;;NA;;;;;NA;NA;NA;NA;NA;NA;NA;NA;NA;NA;2015-08-22;dls;;;,,,,,,
ruha;2013-01-17;;talek;;;2013-02-07;;;;;NA;dbg;;;;NA;dbw;;;;NA;;;;;NA;NA;NA;NA;NA;NA;NA;NA;NA;NA;2013-04-25;dls;starved when mom died;;,,,,,,
ruka;2020-02-14;;kcm;;;2021-07-29;;;;;2021-02-14;error;;22120.5;Graduated based on DOB, before DFS;NA;;;;;NA;;;;;NA;NA;NA;NA;NA;NA;NA;NA;NA;NA;NA;;;;,,,,,
rum;1988-12-10;;talek;;;1988-12-30;;;;;1989-09-15;;;0.5;;1989-10-30;;;;;NA;;;;;NA;NA;NA;NA;NA;NA;NA;NA;NA;NA;1990-06-04;dead;;;,,,,,,
rumg;2013-11-14;;happy.zebra;;;2013-12-05;;;;;2014-11-20;;;;DenGrad info not in table, instead taken from tblHyenas;2014-05-17;;;0.5;;NA;;;;;NA;NA;NA;NA;NA;NA;NA;NA;NA;NA;2023-08-11;dead;hyenas;;Tourists reported they say an already injured RUMG was attacked and killed by hyenas,,,,,
rumo;2020-11-15;;talek;;;2021-07-23;;;;;2021-07-29;;;1;;NA;;;;;NA;;;;;NA;NA;NA;NA;NA;NA;NA;NA;NA;NA;NA;;;;,,,,,,
rump;2000-06-25;;talek;;;2000-07-12;;;;;2001-01-27;;;9.5;;2001-08-25;;;7;;2002-05-01;fission;talek.e;;;NA;NA;NA;NA;NA;NA;NA;NA;NA;NA;2003-05-17;dls;inferred dead;;humans (spear),,,,,,
run;2009-06-15;;mara.river;;;NA;;;;;NA;;;;;NA;;;;;NA;;;;;NA;NA;NA;NA;NA;NA;NA;NA;NA;NA;NA;dls;;;,,,,,,
run2;NA;;talek;;;1999-09-04;;;;;NA;;;;;NA;;;;;NA;;;;;NA;NA;NA;NA;NA;NA;NA;NA;NA;NA;1999-12-20;dls;fate unknown;;,,,,,,
runt;1991-12-15;;talek;;;1992-01-22;;;;;NA;;;;;NA;;;;;NA;;;;;NA;NA;NA;NA;NA;NA;NA;NA;NA;NA;1992-01-28;dead;illness;;,,,,,,
rup;2003-01-01;;airstrip;;;2003-08-04;;;;;NA;;;;;NA;;;;;NA;;;;;NA;NA;NA;NA;NA;NA;NA;NA;NA;NA;2005-07-11;;;;check EventStatus and EventData,,,,,,
ruru;2020-03-15;;kcm;;;2021-09-10;;;;;2021-03-15;error;;22135;Graduated based on DOB, before DFS;NA;;;;;NA;;;;;NA;NA;NA;NA;NA;NA;NA;NA;NA;NA;NA;;;;,,,,,
russ;2022-12-03;;serena.s;;;2023-01-10;;;;;NA;;;;;NA;;;;;NA;;;;;NA;NA;NA;NA;NA;NA;NA;NA;NA;NA;2023-02-21;dls;fate unknown;;,,,,,,
rust;NA;;;;;2003-07-15;;;;;NA;;;;;NA;;;;;NA;;;;;NA;NA;NA;NA;NA;NA;NA;NA;NA;NA;2003-07-15;;;;check EventStatus and EventData,,,,,,
ruth;2021-10-04;;serena.n;;;2021-12-11;;;;;2022-10-04;error;;31;Cub automatically den graduated based on birthdate;NA;;;;;NA;;;;;NA;NA;NA;NA;NA;NA;NA;NA;NA;NA;NA;;;;,,,,,,
rv;1990-05-15;;talek;;;1990-06-26;;;;;1990-12-31;;;0.5;;1991-07-31;;;;;NA;;;;;NA;NA;NA;NA;NA;NA;NA;NA;NA;NA;1997-04-27;dls;fate unknown;;,,,,,,
rvnd;2009-12-20;;fig.tree;;;2010-01-30;;;;;NA;;;;;NA;;;;;NA;;;;;NA;NA;NA;NA;NA;NA;NA;NA;NA;NA;2010-02-03;dls;unk;;,,,,,,
rway;NA;;prozac;;;NA;;;;;NA;;;;;NA;;;;;NA;;;;;NA;NA;NA;NA;NA;NA;NA;NA;NA;NA;NA;;;;,,,,,,
rxp;2012-11-25;;talek;;;2013-01-23;;;;;2013-08-06;;;0.5;;2013-11-02;;;12.5;;NA;;;;;NA;NA;NA;NA;NA;NA;NA;NA;NA;NA;2013-12-26;dls;inferred dead;;,,,,,,
ry;NA;;talek;;;1989-09-17;;;;;NA;;;;;NA;;;;;NA;;;;;NA;NA;NA;NA;NA;NA;NA;NA;NA;NA;1992-07-11;dls;dispersed;;,,,,,,
ryan;2019-09-01;;talek;;;2020-09-28;;;;;2020-08-08;error;;22025.5;Never seen at den, first tick based on DFS, not in notes;NA;;;;;NA;;;;;NA;NA;NA;NA;NA;NA;NA;NA;NA;NA;NA;;;;,,,,
rye;2004-05-31;;oltukai;;;2004-07-14;;;;;NA;;;;;NA;;;;;NA;;;;;NA;NA;NA;NA;NA;NA;NA;NA;NA;NA;2005-07-10;;;;check EventStatus and EventData,,,,,,
sach;2006-05-04;;mara.river;;;2006-07-13;;;;;2006-12-07;;;;DenGrad info not in table, instead taken from tblHyenas;NA;;;;;NA;;;;;NA;NA;NA;NA;NA;NA;NA;NA;NA;NA;2007-01-25;dls;fate unknown;;,,,,,
sadu;2022-01-15;;talek;;;2022-06-06;;;;;2022-11-18;grad;;0;;NA;;;;;NA;;;;;NA;NA;NA;NA;NA;NA;NA;NA;NA;NA;NA;;;;,,,,,,
sag;2007-11-21;;fig.tree;;;2008-01-21;;;;;NA;;;;;NA;;;;;NA;;;;;NA;NA;NA;NA;NA;NA;NA;NA;NA;NA;2008-07-07;dls;unk;;,,,,,,
sagr;2008-09-26;;serena.n;;;2008-11-08;;;;;2009-10-26;;;;DenGrad info not in table, instead taken from tblHyenas;2009-05-06;;;;;NA;;;;;NA;NA;NA;NA;NA;NA;NA;NA;NA;NA;2009-07-23;dls;fate unknown;;,,,,,
sah;2003-12-12;;oltukai;;;2003-12-26;;;;;NA;;;;;NA;;;;;NA;;;;;NA;NA;NA;NA;NA;NA;NA;NA;NA;NA;2004-03-29;dls;;;,,,,,,
saha;2021-01-15;;kcm;;;2022-07-26;;;;;2022-01-15;error;;22288;22288;NA;;;;;NA;;;;;NA;NA;NA;NA;NA;NA;NA;NA;NA;NA;NA;;;;,,,,,,
saka;NA;;unknown;;;2016-08-01;;;;;NA;;;;;NA;;;;;2016-08-01;dispersal;talek;;;NA;NA;NA;NA;NA;NA;NA;NA;NA;NA;NA;dls;;;,,,,,,
saki;2013-11-27;;talek;;;2014-01-04;;;;One sibling seen on DFS;NA;dbg;;;;2014-07-04;;;1.5;;NA;;;;;NA;NA;NA;NA;NA;NA;NA;NA;NA;NA;2015-07-01;dls;inferred dead;;,,,,,,
sal;NA;;talek;;;1995-07-12;;;;;NA;;;;;NA;;;;;NA;;;;;NA;NA;NA;NA;NA;NA;NA;NA;NA;NA;1995-07-12;dls;fate unknown;;,,,,,,
sals;2000-07-06;;talek;;;2000-08-21;;;;;NA;;;;;NA;dbw;;;;NA;;;;;NA;NA;NA;NA;NA;NA;NA;NA;NA;NA;2001-03-17;dls;starved?;;,,,,,,
salt;2013-02-10;;mara.river;;;2013-05-16;;;;;NA;;;;;NA;;;;;NA;;;;;NA;NA;NA;NA;NA;NA;NA;NA;NA;NA;2013-08-25;dls;;;check EventStatus and EventData,,,,,,
salu;2019-01-24;;talek;;;2019-03-21;;;;;2020-01-24;error;;34;Graduated based on DOB;NA;;;;;NA;;;;;NA;NA;NA;NA;NA;NA;NA;NA;NA;NA;2020-02-18;dls;;;,,,,,,
saly;2022-10-10;;talek;;;2022-12-06;;;;;NA;;;;;NA;;;;;NA;;;;;NA;NA;NA;NA;NA;NA;NA;NA;NA;NA;NA;;;;,,,,,,
sam;2006-08-07;;talek;;;2006-09-19;;;;;2007-06-07;;;31;;2007-08-24;;;1;;NA;;;;;NA;NA;NA;NA;NA;NA;NA;NA;NA;NA;2012-04-30;dls;inferred dead;;,,,,,,
sami;2017-02-07;;serena.s;;;2017-03-07;;;;;2017-09-21;;;;DenGrad info not in table, instead taken from tblHyenas;NA;;;;;NA;;;;;NA;NA;NA;NA;NA;NA;NA;NA;NA;NA;NA;dls;;;,,,,,
samu;2019-04-22;;happy.zebra;;;2019-06-24;;;;;NA;;;;;NA;;;;;NA;;;;;NA;NA;NA;NA;NA;NA;NA;NA;NA;NA;2020-03-20;dls;;;,,,,,,
san;NA;;talek;;;1996-12-18;;;;;NA;;;;;NA;;;;;NA;;;;;NA;NA;NA;NA;NA;NA;NA;NA;NA;NA;1996-12-18;dls;fate unknown;;,,,,,,
sana;2010-01-02;;serena.n;;;2010-06-27;;;;;2011-01-02;;;;DenGrad info not in table, instead taken from tblHyenas;2010-10-07;;;;;NA;;;;;NA;NA;NA;NA;NA;NA;NA;NA;NA;NA;2012-10-15;dls;fate unknown;;,,,,,
sanc;NA;;olare;;;2008-11-24;;;;;NA;;;;;NA;;;;;NA;;;;;NA;NA;NA;NA;NA;NA;NA;NA;NA;NA;NA;;;;,,,,,,
sand;2022-08-28;;serena.n;;;2022-10-18;;;;;NA;;;;;NA;;;;;NA;;;;;NA;NA;NA;NA;NA;NA;NA;NA;NA;NA;2022-10-28;dls;;;,,,,,,
sang;2021-02-10;;talek;;;2021-07-23;;;;;2021-09-22;error;;30.5;;NA;;;;;NA;;;;;NA;NA;NA;NA;NA;NA;NA;NA;NA;NA;NA;;;;,,,,,,
sano;2016-11-22;;pond;;;2017-01-04;;;;;2017-09-23;;;;DenGrad info not in table, instead taken from tblHyenas;NA;;;;;NA;;;;;NA;NA;NA;NA;NA;NA;NA;NA;NA;NA;2022-02-07;dls;;;,,,,,
sant;NA;;fig.tree;;;2007-07-16;;;;;NA;;;;;NA;;;;;NA;;;;;NA;NA;NA;NA;NA;NA;NA;NA;NA;NA;2014-12-10;dls;;;check EventStatus and EventData,,,,,,
saph;2018-11-17;;pond;;;2018-12-03;;;;;NA;;;;;NA;;;;;NA;;;;;NA;NA;NA;NA;NA;NA;NA;NA;NA;NA;2018-12-03;;;;,,,,,,
sapp;2019-12-06;;talek;;;2020-01-06;;;;;2020-09-16;error;;109.5;;NA;;;;;NA;;;;;NA;NA;NA;NA;NA;NA;NA;NA;NA;NA;NA;;;;,,,,,,
sara;2020-11-06;;happy.zebra;;Age estimated as the cub was too old to accurately tell when we found it;2021-05-29;;;;;2021-11-06;;;2.5;Cub automatically den graduated based on birthdate;NA;;;;;NA;;;;;NA;NA;NA;NA;NA;NA;NA;NA;NA;NA;NA;;;;,,,,,,
sari;2017-12-07;;kcm;;;2018-09-01;;;;;2018-09-01;error;;21672;SARI was never seen at the den, hence the large error term;NA;;;;;NA;;;;;NA;NA;NA;NA;NA;NA;NA;NA;NA;NA;2019-11-17;dls;;;,,,,,
sarn;2013-03-04;;talek;;;2013-03-25;;;;;NA;dbg;;;;NA;dbw;;;;NA;;;;;NA;NA;NA;NA;NA;NA;NA;NA;NA;NA;2013-06-06;dead;unk/starvation;;body found dead, mother believed to have died, other hyenas consuming SARN's body. DLS alive: 05-Jun-13,,,,
sars;2010-11-09;;mara.river;;;NA;;;;;NA;;;;;NA;;;;;NA;;;;;NA;NA;NA;NA;NA;NA;NA;NA;NA;NA;NA;dls;;;,,,,,,
sasa;2015-03-20;;fig.tree;;;2015-05-06;;;;;NA;;;;;NA;;;;;NA;;;;;NA;NA;NA;NA;NA;NA;NA;NA;NA;NA;NA;dls;;;,,,,,,
sass;2018-12-03;;serena.s;;;2019-07-24;;;;;2019-11-09;;;6;;NA;;;;;NA;;;;;NA;NA;NA;NA;NA;NA;NA;NA;NA;NA;2020-01-02;dls;;;,,,,,,
sat;2005-06-10;;airstrip;;;2005-07-06;;;;;NA;;;;;NA;;;;;NA;;amboseli;;;NA;NA;NA;NA;NA;NA;NA;NA;NA;NA;2005-07-09;;;;,,,,,,
sau;NA;;serena.n;;;2008-08-24;;;;;NA;;;;;NA;;;;;NA;;;;;NA;NA;NA;NA;NA;NA;NA;NA;NA;NA;2019-05-17;dls;;;,,,,,,
savo;NA;;talek;;;2007-06-21;;;;;NA;;;;;NA;;;;;NA;;;;;NA;NA;NA;NA;NA;NA;NA;NA;NA;NA;2007-06-21;dls;fate unknown;;check EventStatus and EventData,,,,,,
savy;2014-10-30;;happy.zebra;;;2014-11-11;;;;;2015-10-15;;;;DenGrad info not in table, instead taken from tblHyenas;2015-05-25;;;4.5;;NA;;;;;NA;NA;NA;NA;NA;NA;NA;NA;NA;NA;2023-02-25;dls;fate unknown;;,,,,,
saw;NA;;happy.zebra;;;2008-06-23;;;;;NA;;;;;NA;;;;;NA;;;;;NA;NA;NA;NA;NA;NA;NA;NA;NA;NA;NA;dls;fate unknown;;,,,,,,
sb;1990-05-15;;talek;;;1990-06-26;;;;;1990-12-31;;;0.5;;1991-07-31;;;;;NA;;;;;NA;NA;NA;NA;NA;NA;NA;NA;NA;NA;1993-04-05;dls;dispersed;;,,,,,,
sbl;2004-07-21;;talek;;;2004-10-05;;;;;2005-04-11;;;0;;2005-09-07;;;4;;NA;;;;;NA;NA;NA;NA;NA;NA;NA;NA;NA;NA;2013-04-08;dls;inferred dead;;,,,,,,
sbr;2008-10-31;;serena.s;;;2008-11-29;;;;DFS assigned by field, no associated session;NA;;;;;NA;dbw;;;;NA;;;;;NA;NA;NA;NA;NA;NA;NA;NA;NA;NA;2008-12-28;dead;;;,,,,,
scar;1989-03-20;;talek;;;1989-04-09;;;;;1989-10-21;;;1;;1990-04-22;;;;;NA;;;;;NA;NA;NA;NA;NA;NA;NA;NA;NA;NA;1993-10-22;dead;humans?;;,,,,,,
scat;2018-09-15;;pond;;;2018-10-27;;;;;2019-08-30;;;1.5;;NA;;;;;NA;;;;;NA;NA;NA;NA;NA;NA;NA;NA;NA;NA;2020-01-04;dls;;;,,,,,,
scby;1994-01-27;;talek;;;1994-02-22;;;;;NA;;;;;NA;dbw;;;;NA;;;;;NA;NA;NA;NA;NA;NA;NA;NA;NA;NA;1994-11-05;dead;unknown;;,,,,,,
sch;1998-11-20;;talek;;;1998-12-17;;;;;1999-07-18;;;3.5;;2000-02-01;;;0.5;;NA;;;;;NA;NA;NA;NA;NA;NA;NA;NA;NA;NA;2000-04-04;dead;lions;;Body collected on 05-Apr-00,,,,,,
sclw;NA;;llion;;;2002-05-30;;;;;NA;;;;;NA;;;;;NA;;;;;NA;NA;NA;NA;NA;NA;NA;NA;NA;NA;NA;;;;,,,,,,
scmp;2011-10-30;;talek;;;2012-03-08;;;;;2012-09-14;;;0;;2012-12-11;;;5;;NA;;;;;NA;NA;NA;NA;NA;NA;NA;NA;NA;NA;2013-01-26;dls;inferred dead;;,,,,,,
sco;1997-12-15;;talek;;;1998-03-23;;;;;1998-10-14;;;;DenGrad info not in table, instead taken from tblHyenas;1998-10-18;;;3;;NA;;;;;NA;NA;NA;NA;NA;NA;NA;NA;NA;NA;2002-07-24;dls;dispersed;;,,,,,
scor;2004-09-30;;oltukai;;;2004-10-13;;;;;NA;;;;;NA;;;;;NA;;;;;NA;NA;NA;NA;NA;NA;NA;NA;NA;NA;2005-07-11;;;;check EventStatus and EventData,,,,,,
scot;NA;;talek;;;1991-08-11;;;;;NA;;;;;NA;;;;;NA;;;;;NA;NA;NA;NA;NA;NA;NA;NA;NA;NA;1991-08-11;dls;fate unknown;;,,,,,,
scra;NA;;llion;;;2008-05-23;;;;;NA;;;;;NA;;;;;NA;;;;;NA;NA;NA;NA;NA;NA;NA;NA;NA;NA;2008-05-23;dls;;;,,,,,,
scrf;NA;;serena.n;;;2008-06-25;;;;;NA;;;;;NA;;;;;NA;;;;;NA;NA;NA;NA;NA;NA;NA;NA;NA;NA;2012-06-06;;;;check EventStatus and EventData,,,,,,
scrm;2015-02-11;;talek;;;2015-03-06;;;;;NA;;;;;NA;dbw;;;;NA;;;;;NA;NA;NA;NA;NA;NA;NA;NA;NA;NA;2015-11-15;dls;;;,,,,,,
sct;NA;;olare;;;2008-11-01;;;;;1998-08-07;;;3.5;;1998-10-18;;;3;;NA;;;;;NA;NA;NA;NA;NA;NA;NA;NA;NA;NA;NA;dls;fate unknown;;,,,,,,
scy;1990-12-15;;talek;;;1991-01-18;;;;;1991-09-05;;;5;;1992-04-15;;;;;NA;;;;;NA;NA;NA;NA;NA;NA;NA;NA;NA;NA;1995-03-05;dls;inferred dead;;,,,,,,
sd;1990-11-20;;talek;;;1990-12-30;;;;;1991-08-13;;;1;;1991-12-15;;;;;NA;;;;;NA;NA;NA;NA;NA;NA;NA;NA;NA;NA;1996-04-15;dls;inferred dead;;,,,,,,
sdc;2004-11-26;;airstrip;;;2004-11-26;;;;;NA;;;;;NA;;;;;NA;;;;;NA;NA;NA;NA;NA;NA;NA;NA;NA;NA;2004-11-26;dls;;;check EventStatus and EventData,,,,,,
sde;2003-09-20;;airstrip;;;2003-12-02;;;;;NA;;;;;NA;;;;;NA;;;;;NA;NA;NA;NA;NA;NA;NA;NA;NA;NA;2004-04-19;dls;;;,,,,,,
sdi;2001-12-31;;mara.river;;;2002-03-13;;;;;NA;;;;;NA;;;;;NA;;;;;NA;NA;NA;NA;NA;NA;NA;NA;NA;NA;2003-06-11;dead;;;,,,,,,
se;NA;;talek;;;1985-06-30;;;;;NA;;;;;NA;;;;;NA;;;;;NA;NA;NA;NA;NA;NA;NA;NA;NA;NA;1989-07-23;dls;dispersed;;,,,,,,
seco;2021-10-24;;pond;;;2021-12-20;;;;;2022-08-05;error;;40;Graduated based on DOB;NA;;;;;NA;;;;;NA;NA;NA;NA;NA;NA;NA;NA;NA;NA;NA;;;;,,,,,,
seeg;2006-04-06;;talek;;;2006-04-09;;;;;NA;dbg;;;;NA;dbw;;;;NA;;;;;NA;NA;NA;NA;NA;NA;NA;NA;NA;NA;2006-06-24;dead;;;,,,,,,
sehe;2013-01-12;;fig.tree;;;2013-02-04;;;;;NA;;;;;NA;;;;;NA;;;;;NA;NA;NA;NA;NA;NA;NA;NA;NA;NA;2017-07-12;dead;;;Found dead on this date, DLS alive: 8-May-15,,,,,
sein;1995-03-22;;talek;;;1995-05-06;;;;;1995-12-03;;;0.5;;1996-04-01;;;;;NA;;;;;NA;NA;NA;NA;NA;NA;NA;NA;NA;NA;2002-03-09;dead;humans (Masai?);;Date is when collar is found, no body is ever found. DLS alive: 25-Feb-02,,,,,
sel;NA;;;;;1999-12-22;;;;;NA;;;;;NA;;;;;NA;;;;;NA;NA;NA;NA;NA;NA;NA;NA;NA;NA;1999-12-22;;;;check EventStatus and EventData,,,,,,
sele;2005-06-28;;oltukai;;;2005-07-04;;;;;NA;;;;;NA;;;;;NA;;amobseli;;;NA;NA;NA;NA;NA;NA;NA;NA;NA;NA;2005-07-10;;;;,,,,,,
sema;NA;NA;NA;NA;NA;NA;NA;NA;NA;NA;NA;NA;NA;NA;NA;NA;NA;NA;NA;NA;NA;;;;;NA;NA;NA;NA;NA;NA;NA;NA;NA;NA;NA;NA;NA;NA;NA,,,,,,
semi;NA;;oz valley;;;2008-11-02;;;;;NA;;;;;NA;;;;;NA;;;;;NA;NA;NA;NA;NA;NA;NA;NA;NA;NA;NA;;;;,,,,,,
sera;2022-04-17;;talek;;;2022-05-20;;;;;2022-10-14;grad;;2.5;;NA;;;;;NA;;;;;NA;NA;NA;NA;NA;NA;NA;NA;NA;NA;NA;;;;,,,,,,
seye;NA;;fig.tree;;;1992-12-28;;;;;NA;;;;;NA;;;;;NA;;;;;NA;NA;NA;NA;NA;NA;NA;NA;NA;NA;1992-12-30;dls;;;check EventStatus and EventData,,,,,,
sfig;2013-09-18;;talek;;;2014-03-18;;;;Field assigned DFS, trust their discretion;NA;dbg;;;;NA;dbw;;;;NA;;;;;NA;NA;NA;NA;NA;NA;NA;NA;NA;NA;2014-05-14;dead;starved (poison, april 2014);;,,,,
sge;1994-11-30;;talek;;;1995-02-07;;;;;NA;;;;;NA;;;;;NA;;;;;NA;NA;NA;NA;NA;NA;NA;NA;NA;NA;1995-02-25;dead;;;,,,,,,
sgl;2010-11-15;;happy.zebra;;;2010-12-13;;;;;2011-11-15;;;;DenGrad info not in table, instead taken from tblHyenas;2011-07-12;;;0.5;;NA;;;;;NA;NA;NA;NA;NA;NA;NA;NA;NA;NA;2020-02-17;;;;,,,,,
sgtp;2010-12-04;;serena.n;;;2011-01-15;;;;;2011-12-04;;;;DenGrad info not in table, instead taken from tblHyenas;2011-10-14;;;;;NA;;;;;NA;NA;NA;NA;NA;NA;NA;NA;NA;NA;2012-02-09;dls;;;,,,,,
sguy;2016-02-16;;talek;;;2016-03-27;;;;;2016-10-23;;;;DenGrad info not in table, instead taken from tblHyenas;2016-09-20;;;3;;2016-05-01;fission;pond;;;NA;NA;NA;NA;NA;NA;NA;NA;NA;NA;2017-05-25;dls;;;,,,,,
sha;1995-11-07;;talek;;;1995-12-28;;;;;1996-06-28;;;0.5;;1996-09-13;;;4;;NA;;;;;NA;NA;NA;NA;NA;NA;NA;NA;NA;NA;1996-10-06;dead;lions;;,,,,,,
shae;2022-02-20;;pond;;;2022-05-22;;;;;NA;;;;;NA;;;;;NA;;;;;NA;NA;NA;NA;NA;NA;NA;NA;NA;NA;NA;;;;,,,,,,
shai;NA;;mara.river;;;2012-08-19;;;;;NA;;;;;NA;;;;;NA;;;;;NA;NA;NA;NA;NA;NA;NA;NA;NA;NA;NA;dls;;;,,,,,,
shal;2004-07-03;;airstrip;;;2004-07-14;;;;;NA;;;;;NA;;;;;NA;;;;;NA;NA;NA;NA;NA;NA;NA;NA;NA;NA;2005-07-04;;;;check EventStatus and EventData,,,,,,
shap;2013-08-01;;talek;;;2014-04-10;;;;;NA;dbg;;;;2014-04-12;;;0;;NA;;;;;NA;NA;NA;NA;NA;NA;NA;NA;NA;NA;2014-05-18;dead;starved (poison - april 2014);;,,,,,,
shb;2001-03-19;;talek;;;2001-04-21;;;;;2001-12-05;;;1;;2001-11-26;;;6.5;;2002-05-01;fission;talek.e;;;NA;NA;NA;NA;NA;NA;NA;NA;NA;NA;2002-08-24;dls;inferred dead;;,,,,,,
shd;NA;;airstrip;;;2002-06-09;;;;;NA;;;;;NA;;;;;NA;;;;;NA;NA;NA;NA;NA;NA;NA;NA;NA;NA;2005-07-11;;;;check EventStatus and EventData,,,,,,
shda;2017-08-12;;kcm;;;2018-11-16;;;;;2018-08-12;error;;21662;Graduated based on DOB, before DFS;NA;;;;;NA;;;;;NA;NA;NA;NA;NA;NA;NA;NA;NA;NA;NA;;;;,,,,,
shdn;NA;;mara.river;;;2012-03-12;;;;;NA;;;;;NA;;;;;NA;;;;;NA;NA;NA;NA;NA;NA;NA;NA;NA;NA;NA;dls;;;,,,,,,
shdw;2018-01-01;;kcm;;;2018-09-01;;;;;NA;;;;;NA;;;;;NA;;;;;NA;NA;NA;NA;NA;NA;NA;NA;NA;NA;2018-09-05;dls;;;,,,,,,
she;NA;;fig.tree;;;1999-05-27;;;;;NA;;;;;NA;;;;;NA;;;;;NA;NA;NA;NA;NA;NA;NA;NA;NA;NA;1999-05-27;dls;fate unknown;;,,,,,,
shef;2009-01-20;;mara.river;;;2009-11-15;;;;;NA;;;;;NA;;;;;NA;;;;;NA;NA;NA;NA;NA;NA;NA;NA;NA;NA;2009-11-15;dls;;;check EventStatus and EventData,,,,,,
shel;1993-03-09;;talek;;;1993-04-09;;;;;NA;;;;;NA;;;;;NA;;;;;NA;NA;NA;NA;NA;NA;NA;NA;NA;NA;1993-05-05;dead;;;,,,,,,
shep;2017-12-28;;kcm;;;2018-08-28;;;;;2018-08-28;error;;21670;SHEP was never seen at the den, hence the large error term;NA;;;;;NA;;;;;NA;NA;NA;NA;NA;NA;NA;NA;NA;NA;NA;;;;,,,,,
sher;1987-08-01;;talek;;;1988-06-26;;;;;NA;;;;;1988-06-01;;;;;1991-07-01;dispersal;fig tree;;;2000-07-02;dispersal;aitong plain;;;NA;NA;NA;NA;NA;2001-06-27;dls;fate unknown;;,,,,,,
shfx;2010-12-18;;talek;;;2011-01-22;;;;;2011-08-04;;;0.5;;2012-04-30;;;18;;NA;;;;;NA;NA;NA;NA;NA;NA;NA;NA;NA;NA;2013-04-25;dls;dispersed;;,,,,,,
shg;NA;;lakeview;;;2003-08-17;;;;;NA;;;;;NA;;;;;NA;;;;;NA;NA;NA;NA;NA;NA;NA;NA;NA;NA;2003-08-17;;;;check EventStatus and EventData,,,,,,
shim;2013-09-11;;mara.river;;;2014-03-18;;;;;NA;;;;;NA;;;;;NA;;;;;NA;NA;NA;NA;NA;NA;NA;NA;NA;NA;NA;dls;;;,,,,,,
shk;NA;;mara.river;;;2001-10-30;;;;;NA;;;;;NA;;;;;NA;;;;;NA;NA;NA;NA;NA;NA;NA;NA;NA;NA;2002-04-09;dls;fate unknown;;,,,,,,
shlb;NA;;unknown;;;2018-10-13;;;;;NA;;;;;NA;;;;;NA;dispersal;talek;;;NA;NA;NA;NA;NA;NA;NA;NA;NA;NA;2020-02-11;dls;;;,,,,,,
shmp;2014-11-30;;talek;;;2014-12-06;;;;;NA;;;;;2015-08-24;;;1;;2016-05-01;fission;talek;;;NA;NA;NA;NA;NA;NA;NA;NA;NA;NA;2018-05-08;dls;;;,,,,,,
shok;2017-06-07;;talek.w;;;2017-06-12;;;;;2018-02-03;;;;DenGrad info not in table, instead taken from tblHyenas;NA;;;;;NA;;;;;NA;NA;NA;NA;NA;NA;NA;NA;NA;NA;2018-03-14;dls;;;,,,,,
shot;2019-02-22;;happy.zebra;;;2019-05-08;;;;;NA;;;;;NA;;;;;NA;;;;;NA;NA;NA;NA;NA;NA;NA;NA;NA;NA;2020-02-14;dls;;;,,,,,,
shpi;2022-01-28;;kcm;;;2022-08-10;;;;;NA;;;;;NA;;;;;NA;;;;;NA;NA;NA;NA;NA;NA;NA;NA;NA;NA;NA;;;;,,,,,,
shrd;2008-12-01;;fig.tree;;;2009-01-05;;;;;NA;;;;;NA;;;;;NA;;;;;NA;NA;NA;NA;NA;NA;NA;NA;NA;NA;2010-02-09;dls;unk;;,,,,,,
shrf;2008-10-30;;serena.n;;;2008-02-01;;;;;NA;;;;;NA;dbw;;;;NA;;;;;NA;NA;NA;NA;NA;NA;NA;NA;NA;NA;2009-02-05;dls;fate unknown;;,,,,,,
shrk;2009-12-01;;serena.n;;;2010-06-27;;;;;2010-12-01;;;;DenGrad info not in table, instead taken from tblHyenas;NA;;;;;NA;;;;;NA;NA;NA;NA;NA;NA;NA;NA;NA;NA;2013-06-22;;;;check EventStatus and EventData,,,,,
shrm;NA;;serena.n;;;2008-07-08;;;;;NA;;;;;NA;;;;;NA;;;;;NA;NA;NA;NA;NA;NA;NA;NA;NA;NA;2016-10-16;dead;unknown;;possibly lions,,,,,,
shrp;2019-09-20;;serena.s;;;2020-01-02;;;;;NA;;;;;NA;;;;;NA;;;;;NA;NA;NA;NA;NA;NA;NA;NA;NA;NA;2020-03-21;dls;;;,,,,,,
sht;NA;;mara.river;;;2001-12-14;;;;;NA;;;;;NA;;;;;NA;;;;;NA;NA;NA;NA;NA;NA;NA;NA;NA;NA;2010-11-05;dls;;;check EventStatus and EventData,,,,,,
shtr;2013-10-24;;serena.n;;;2013-12-26;;;;;NA;;;;;2015-03-11;;;6.5;;NA;;;;;NA;NA;NA;NA;NA;NA;NA;NA;NA;NA;2020-08-29;dls;;;,,,,,,
shv;2008-11-15;;serena.n;;;2009-02-10;;;;;NA;;;;;NA;dbw;;;;NA;;;;;NA;NA;NA;NA;NA;NA;NA;NA;NA;NA;2009-04-03;dls;fate unknown;;,,,,,,
shy;NA;;talek;;;1998-10-14;;;;;NA;;;;;NA;;;;;NA;;;;;NA;NA;NA;NA;NA;NA;NA;NA;NA;NA;1998-10-26;dls;fate unknown;;,,,,,,
shyl;2008-10-31;;happy.zebra;;;2008-11-30;;;;;NA;;;;;NA;dbw;;;;NA;;;;;NA;NA;NA;NA;NA;NA;NA;NA;NA;NA;2009-03-15;dls;fate unknown;;,,,,,,
sia;2004-06-10;;talek.e;;;2004-07-25;;;;;NA;sugu;;;;2005-09-21;;;3.5;;NA;;;;;NA;NA;NA;NA;NA;NA;NA;NA;NA;NA;2005-11-20;dls;inferred dead;;,,,,,,
sid;NA;;talek;;;1998-09-14;;;;;NA;;;;;NA;;;;;NA;;;;;NA;NA;NA;NA;NA;NA;NA;NA;NA;NA;1998-09-14;dls;fate unknown;;,,,,,,
sie;1997-11-15;;talek;;;1997-12-20;;;;;1998-07-15;;;12;;1998-09-07;;;1;;NA;;;;;NA;NA;NA;NA;NA;NA;NA;NA;NA;NA;1999-02-02;dls;inferred dead;;,,,,,,
siki;NA;;unknown;;;2022-08-06;;;;;NA;;;;;NA;;;;;2022-08-06;dispersal;kcm;;;NA;NA;NA;NA;NA;NA;NA;NA;NA;NA;NA;;;;,,,,,,
sil;2001-12-13;;mara.river;;;2001-12-19;;;;;NA;;;;;NA;;;;;NA;;;;;NA;NA;NA;NA;NA;NA;NA;NA;NA;NA;2002-04-26;dls;fate unknown;;,,,,,,
sili;2022-09-06;;serena.s;;;2022-11-04;;;;;2023-06-06;grad;;19;;NA;;;;;NA;;;;;NA;NA;NA;NA;NA;NA;NA;NA;NA;NA;NA;;;;,,,,,,
silk;NA;;happy.zebra;;;2005-07-02;;;;;NA;;;;;NA;;;;;NA;;;;;NA;NA;NA;NA;NA;NA;NA;NA;NA;NA;NA;dls;fate unknown;;,,,,,,
sill;2005-06-10;;airstrip;;;2005-07-02;;;;;NA;;;;;NA;;;;;NA;;;;;NA;NA;NA;NA;NA;NA;NA;NA;NA;NA;2005-07-09;dls;inferred dead;;,,,,,,
silu;2013-12-13;;happy.zebra;;;2014-01-17;;;;;NA;;;;;NA;;;;;NA;;;;;NA;NA;NA;NA;NA;NA;NA;NA;NA;NA;2014-01-17;dls;;;,,,,,,
sim;NA;;talek;;;1996-06-28;;;;;NA;;;;;NA;;;;;NA;;;;;NA;NA;NA;NA;NA;NA;NA;NA;NA;NA;2000-03-17;dls;humans (us);;,,,,,,
sime;2021-02-25;;kcm;;;2021-07-22;;;;;2021-07-22;error;;22199.5;Never seen at den;NA;;;;;NA;;;;;NA;NA;NA;NA;NA;NA;NA;NA;NA;NA;NA;;;;,,,,,,
simm;NA;;talek;;;1992-04-20;;;;;NA;;;;;NA;;;;;NA;;;;;NA;NA;NA;NA;NA;NA;NA;NA;NA;NA;1992-04-20;dls;fate unknown;;,,,,,,
simo;2016-10-28;;talek.w;;;2017-01-22;;;;;2018-12-08;grad;;1.5;;NA;;;;;NA;;;;;NA;NA;NA;NA;NA;NA;NA;NA;NA;NA;NA;dls;;;,,,,,,
sin;NA;;talek;;;1988-09-14;;;;;NA;;;;;NA;;;;;NA;;;;;NA;NA;NA;NA;NA;NA;NA;NA;NA;NA;1988-09-14;dls;fate unknown;;,,,,,,
sing;2008-07-15;;olare;;;2008-08-19;;;;;NA;;;;;NA;;;;;NA;;;;;NA;NA;NA;NA;NA;NA;NA;NA;NA;NA;NA;;;;,,,,,,
sipi;2002-11-07;;talek.e;;;2003-01-19;;;;;NA;;;;;NA;;;;;NA;;;;;NA;NA;NA;NA;NA;NA;NA;NA;NA;NA;2003-01-19;dls;;;,,,,,,
sir;1994-07-10;;talek;;;1994-07-29;;;;;NA;;;;;1994-10-22;error;;0.5;;NA;;;;;NA;NA;NA;NA;NA;NA;NA;NA;NA;NA;1996-02-16;;;;check EventStatus and EventData,,,,,,
sira;2022-10-20;;kcm;;;2022-10-30;;;;;NA;;;;;NA;;;;;NA;;;;;NA;NA;NA;NA;NA;NA;NA;NA;NA;NA;NA;;;;,,,,,,
sitr;2006-02-15;;talek.e;;;2006-07-25;;;;;NA;dbg;;;;NA;dbw;;;;NA;;;;;NA;NA;NA;NA;NA;NA;NA;NA;NA;NA;2006-07-25;dls;inferred dead;;,,,,,,
sj;NA;;oz valley;;;2008-10-08;;;;;NA;;;;;NA;;;;;NA;;;;;NA;NA;NA;NA;NA;NA;NA;NA;NA;NA;2009-01-17;;;;check EventStatus and EventData,,,,,,
skch;2010-12-10;;talek;;;2011-01-21;;;;;NA;;;;;NA;dbw;;;;NA;;;;;NA;NA;NA;NA;NA;NA;NA;NA;NA;NA;2011-07-03;dls;inferred dead;;,,,,,,
skep;2016-07-20;;happy.zebra;;;2016-08-26;;;;;NA;;;;;2017-04-28;;;24.5;;NA;;;;;NA;NA;NA;NA;NA;NA;NA;NA;NA;NA;NA;dls;;;,,,,,,
skip;NA;;olare;;;2008-08-17;;;;;NA;;;;;NA;;;;;NA;;;;;NA;NA;NA;NA;NA;NA;NA;NA;NA;NA;2008-09-27;;;;check EventStatus and EventData,,,,,,
skk;NA;;airstrip;;;2003-09-11;;;;;NA;;;;;NA;;;;;NA;;;;;NA;NA;NA;NA;NA;NA;NA;NA;NA;NA;2005-07-11;;;;check EventStatus and EventData,,,,,,
skp;2017-01-02;;kcm;;;2017-11-03;;;;;2018-04-06;;;;DenGrad info not in table, instead taken from tblHyenas;NA;;;;;NA;;;;;NA;NA;NA;NA;NA;NA;NA;NA;NA;NA;2018-08-12;dls;;;,,,,,
sks;1995-10-16;;talek;;;1995-11-25;;;;;1996-05-30;;;1.5;;1997-07-15;;;;;NA;;;;;NA;NA;NA;NA;NA;NA;NA;NA;NA;NA;1998-04-21;dls;dispersed;;,,,,,,
sktl;NA;;happy.zebra;;;2008-07-04;;;;;NA;;;;;NA;;;;;NA;;;;;NA;NA;NA;NA;NA;NA;NA;NA;NA;NA;2017-08-24;dls;fate unknown;;,,,,,,
skul;NA;;mara.river;;;2013-06-03;;;;;NA;;;;;NA;;;;;NA;;;;;NA;NA;NA;NA;NA;NA;NA;NA;NA;NA;NA;dls;;;,,,,,,
sky;2005-11-16;;mara.river;;;2005-11-23;;;;;NA;;;;;NA;;;;;NA;;;;;NA;NA;NA;NA;NA;NA;NA;NA;NA;NA;2006-04-16;dead;lions;;,,,,,,
sla;1987-11-01;;talek;;;1988-06-26;;;;;NA;;;;;1989-01-16;;;;;NA;;;;;NA;NA;NA;NA;NA;NA;NA;NA;NA;NA;1989-07-13;dls;inferred dead;;,,,,,,
slay;2020-10-19;;cool.beans;;;2021-02-19;;;;;NA;;;;;NA;;;;;NA;;;;;NA;NA;NA;NA;NA;NA;NA;NA;NA;NA;2021-03-02;dls;;;,,,,,,
slbr;2018-01-31;;serena.n;;;2018-02-27;;;;;2018-11-11;grad;;2.5;;NA;;;;;NA;;;;;NA;NA;NA;NA;NA;NA;NA;NA;NA;NA;2020-08-29;dls;;;,,,,,,
slik;2019-09-20;;serena.s;;;2020-01-02;;;;;NA;;;;;NA;;;;;NA;;;;;NA;NA;NA;NA;NA;NA;NA;NA;NA;NA;2020-08-10;dls;;;,,,,,,
slim;2013-01-14;;serena.n;;;2013-03-15;;;;;NA;;;;;2013-11-29;;;1;;2015-12-17;dispersal;serena.s;;date is DFS in serena south;NA;NA;NA;NA;NA;NA;NA;NA;NA;NA;NA;dls;;;,,,,,,
slin;NA;;serena.s;;;2008-11-17;;;;;NA;;;;;NA;;;;;NA;;;;;NA;NA;NA;NA;NA;NA;NA;NA;NA;NA;2018-08-14;dls;;;,,,,,,
slm;NA;;;;;2000-07-07;;;;;NA;;;;;NA;;;;;2003-11-24;dispersal;talek;;;NA;NA;NA;NA;NA;NA;NA;NA;NA;NA;2008-03-26;dls;croc?;;,,,,,,
sls;1997-11-18;;talek;;;1998-03-26;;;;;1998-10-21;;;;DenGrad info not in table, instead taken from tblHyenas;1998-07-14;;;12.5;;NA;;;;;NA;NA;NA;NA;NA;NA;NA;NA;NA;NA;1998-12-13;dls;inferred dead;;,,,,,
slsh;NA;;mara.river;;;NA;;;;;NA;;;;;NA;;;;;NA;;;;;NA;NA;NA;NA;NA;NA;NA;NA;NA;NA;NA;dls;;;,,,,,,
slth;2011-09-06;;talek;;;2011-12-29;;;;;NA;dbg;;;;2012-06-10;;;2.5;;NA;;;;;NA;NA;NA;NA;NA;NA;NA;NA;NA;NA;2012-08-21;dls;inferred dead;;,,,,,,
slug;2017-06-12;;talek.w;;;2017-07-10;;;;;NA;;;;;NA;;;;;NA;;;;;NA;NA;NA;NA;NA;NA;NA;NA;NA;NA;2018-04-19;dls;;;,,,,,,
slvr;NA;;unknown;;;2019-12-16;;;;;NA;;;;;NA;;;;;NA;;serena.s;;;NA;NA;NA;NA;NA;NA;NA;NA;NA;NA;NA;;;;,,,,,,
slwp;2014-06-30;;talek;;;2014-09-15;;;;;2015-03-18;;;2.5;;2015-05-10;error;;60;;2016-05-01;fission;talek;;;NA;NA;NA;NA;NA;NA;NA;NA;NA;NA;2016-12-31;dls;dispersed;;,,,,,,
slx;2000-07-19;;talek;;;NA;;;;;NA;;;;;NA;dbw;;;;NA;;;;;NA;NA;NA;NA;NA;NA;NA;NA;NA;NA;2000-07-25;dls;inferred dead;;,,,,,,
sly;NA;;talek;;;1997-01-05;;;;;NA;;;;;NA;;;;;NA;;;;;NA;NA;NA;NA;NA;NA;NA;NA;NA;NA;1997-01-05;dls;fate unknown;;,,,,,,
smag;2014-10-28;;happy.zebra;;;2014-11-18;;;;;NA;;;;;NA;dbw;;;;NA;;;;;NA;NA;NA;NA;NA;NA;NA;NA;NA;NA;2015-05-28;dls;;;,,,,,,
smba;2022-11-05;;happy.zebra;;;2023-01-07;;;;;NA;;;;;NA;;;;;NA;;;;;NA;NA;NA;NA;NA;NA;NA;NA;NA;NA;NA;;;;,,,,,,
smck;2016-12-27;;serena.n;;;2017-01-17;;;;;NA;;;;;NA;;;;;NA;;;;;NA;NA;NA;NA;NA;NA;NA;NA;NA;NA;2017-01-26;dls;;;,,,,,,
smmr;2022-02-16;;kcm;;;2022-08-16;;;;;2022-08-19;;;1;Received ticks on 19Aug AM and PM;NA;;;;;NA;;;;;NA;NA;NA;NA;NA;NA;NA;NA;NA;NA;NA;;;;,,,,,,
smsa;2017-05-07;;kcm;;;2018-01-07;;;;;2018-06-04;error;;60.5;;NA;;;;;NA;;;;;NA;NA;NA;NA;NA;NA;NA;NA;NA;NA;NA;dls;;;,,,,,,
smt;2002-10-20;;mara.river;;;2002-11-29;;;;;NA;;;;;NA;;;;;NA;;;;;NA;NA;NA;NA;NA;NA;NA;NA;NA;NA;2003-01-28;dead;;;,,,,,,
smth;2011-11-20;;fig.tree;;;2012-01-20;;;;;NA;;;;;NA;;;;;NA;;;;;NA;NA;NA;NA;NA;NA;NA;NA;NA;NA;2012-08-03;dls;unk;;,,,,,,
smy;NA;;lakeview;;;2003-08-17;;;;;NA;;;;;NA;;;;;NA;;;;;NA;NA;NA;NA;NA;NA;NA;NA;NA;NA;2003-08-17;;;;check EventStatus and EventData,,,,,,
sna;2006-04-17;;talek;;;2006-04-18;;;;;2006-12-11;;;4.5;;2006-11-30;;;1;;NA;;;;;NA;NA;NA;NA;NA;NA;NA;NA;NA;NA;2007-03-03;dead;;;,,,,,,
snag;NA;;fig.tree;;;2007-05-06;;;;;NA;;;;;NA;;;;;NA;;;;;NA;NA;NA;NA;NA;NA;NA;NA;NA;NA;2014-11-07;dls;inferred dead;;,,,,,,
snap;2007-10-30;;happy.zebra;;;2008-06-30;;;;;NA;;;;;NA;;;;;NA;;;;;NA;NA;NA;NA;NA;NA;NA;NA;NA;NA;2022-11-05;dls;fate unknown;;,,,,,,
snar;NA;;;;;1995-06-21;;;;;NA;;;;;NA;;;;;NA;;;;;NA;NA;NA;NA;NA;NA;NA;NA;NA;NA;1995-06-21;dead;humans;;,,,,,,
snb;NA;;olare;;;2008-08-17;;;;;NA;;;;;NA;;;;;NA;;;;;NA;NA;NA;NA;NA;NA;NA;NA;NA;NA;NA;;;;,,,,,,
sndy;NA;;oltukai;;;2003-07-12;;;;;NA;;;;;NA;;;;;NA;;;;;NA;NA;NA;NA;NA;NA;NA;NA;NA;NA;2005-07-11;;;;check EventStatus and EventData,,,,,,
sng;NA;;talek;;;1992-08-10;;;;;NA;;;;;NA;;;;;NA;;;;;NA;NA;NA;NA;NA;NA;NA;NA;NA;NA;1992-08-10;dls;humans;;,,,,,,
sngl;NA;;pond;;;2019-11-11;;;;;NA;;;;;NA;;;;;NA;;;;;NA;NA;NA;NA;NA;NA;NA;NA;NA;NA;2019-11-11;dls;;;,,,,,,
snhc;2015-12-22;;talek;;;2016-02-09;;;;;NA;;;;;NA;;;;;NA;;;;;NA;NA;NA;NA;NA;NA;NA;NA;NA;NA;2016-03-13;dls;inferred dead;;,,,,,,
snic;2017-05-16;;serena.s;;;2017-06-12;;;;;2018-05-16;;;;DenGrad info not in table, instead taken from tblHyenas;NA;;;;;NA;;;;;NA;NA;NA;NA;NA;NA;NA;NA;NA;NA;2018-03-13;dls;;;,,,,,
snik;2006-10-20;;mara.river;;;1960-11-07;;;;;NA;;;;;NA;;;;;NA;;;;;NA;NA;NA;NA;NA;NA;NA;NA;NA;NA;2007-01-28;dls;fate unknown;;,,,,,,
snip;2010-12-18;;serena.n;;;2011-02-09;;;;;2011-12-18;;;;DenGrad info not in table, instead taken from tblHyenas;2011-10-23;;;;;NA;;;;;NA;NA;NA;NA;NA;NA;NA;NA;NA;NA;2012-05-19;dls;fate unknown;;check EventStatus and EventData,,,,,
snji;2013-10-20;;serena.s;;;2013-11-25;;;;;NA;;;;;NA;dbw;;;;NA;;;;;NA;NA;NA;NA;NA;NA;NA;NA;NA;NA;2013-12-28;dls;;;,,,,,,
snk;NA;;17km;;;2008-06-28;;;;;NA;;;;;NA;;;;;NA;;;;;NA;NA;NA;NA;NA;NA;NA;NA;NA;NA;2008-08-22;;;;check EventStatus and EventData,,,,,,
snow;2017-05-19;;kcm;;;2018-01-02;;;;;2018-01-31;;;;DenGrad info not in table, instead taken from tblHyenas;NA;;;;;NA;;;;;NA;NA;NA;NA;NA;NA;NA;NA;NA;NA;NA;dls;;;,,,,,
snp;2008-11-13;;serena.n;;;2009-01-24;;;;;NA;;;;;NA;dbw;;;;NA;;;;;NA;NA;NA;NA;NA;NA;NA;NA;NA;NA;2009-02-11;dls;fate unknown;;,,,,,,
snpy;2016-10-06;;pond;;;2017-01-04;;;;;NA;;;;;NA;;;;;NA;;;;;NA;NA;NA;NA;NA;NA;NA;NA;NA;NA;2017-04-04;dls;inferred dead;;,,,,,,
snrl;2012-01-02;;mara.river;;;2012-01-30;;;;;NA;;;;;NA;;;;;NA;;;;;NA;NA;NA;NA;NA;NA;NA;NA;NA;NA;NA;dls;;;,,,,,,
sntr;2006-04-06;;talek;;;2006-04-09;;;;;2006-11-04;;;0.5;;2006-12-08;;;3;;NA;;;;;NA;NA;NA;NA;NA;NA;NA;NA;NA;NA;2010-06-25;dls;dispersed;;,,,,,,
snug;2014-06-15;;serena.s;;;2014-06-22;;;;;2014-11-14;;;;DenGrad info not in table, instead taken from tblHyenas;2015-05-10;;;22;;NA;;;;;NA;NA;NA;NA;NA;NA;NA;NA;NA;NA;NA;dls;;;,,,,,
sob;2017-02-19;;kcm;;;2017-11-18;;;;;2018-02-20;error;;6.5;;NA;;;;;NA;;;;;NA;NA;NA;NA;NA;NA;NA;NA;NA;NA;NA;dls;;;,,,,,,
soc1;2000-03-28;;talek;;;NA;;;;;NA;;;;;NA;dbw;;;;NA;;;;;NA;NA;NA;NA;NA;NA;NA;NA;NA;NA;2000-04-07;dls;;;,,,,,,
soc2;2000-03-28;;talek;;;NA;;;;;NA;;;;;NA;dbw;;;;NA;;;;;NA;NA;NA;NA;NA;NA;NA;NA;NA;NA;2000-04-07;dls;;;,,,,,,
soco;2010-11-26;;serena.s;;;2010-12-06;;;;DFS assigned by field, no associated session;2011-07-11;;;;DenGrad info not in table, instead taken from tblHyenas;2011-08-02;;;;;NA;;;;;NA;NA;NA;NA;NA;NA;NA;NA;NA;NA;2011-11-11;dls;fate unknown;;,,,,
soka;2021-05-25;;serena.n;;;2021-12-08;;;;;2022-05-25;error;;81;Cub automatically den graduated based on birthdate, error term skewed due to lost North den;NA;;;;;NA;;;;;NA;NA;NA;NA;NA;NA;NA;NA;NA;NA;NA;;;;,,,,,
sol;NA;;mara.river;;;2001-06-20;;;;;NA;;;;;NA;;;;;NA;;;;;NA;NA;NA;NA;NA;NA;NA;NA;NA;NA;2001-06-20;dls;;;,,,,,,
soli;2016-12-20;;happy.zebra;;;2017-01-26;;;;;NA;;;;;NA;;;;;NA;;;;;NA;NA;NA;NA;NA;NA;NA;NA;NA;NA;2017-01-26;dls;;;,,,,,,
solo;2020-10-22;;happy.zebra;;Age estimated as the cub was too old to accurately tell when we found it;2021-05-29;;;;;2021-10-22;;;1;Cub automatically den graduated based on birthdate;NA;;;;;NA;;;;;NA;NA;NA;NA;NA;NA;NA;NA;NA;NA;2022-01-15;;;;,,,,,,
song;2014-08-24;;serena.s;;;2014-11-05;;;;;NA;;;;;NA;dbw;;;;NA;;;;;NA;NA;NA;NA;NA;NA;NA;NA;NA;NA;2014-11-30;dls;;;,,,,,,
sony;2022-03-01;;talek;;;2022-05-20;;;;;NA;;;;;NA;;;;;NA;;;;;NA;NA;NA;NA;NA;NA;NA;NA;NA;NA;NA;;;;,,,,,,
soot;NA;;talek;;;NA;;;;;NA;;;;;NA;;;;;NA;;;;;NA;NA;NA;NA;NA;NA;NA;NA;NA;NA;NA;dls;;;,,,,,,
sopa;2013-07-21;;talek;;;2013-08-15;;;;;2014-05-20;;;0;;2014-06-07;;;17;;NA;;;;;NA;NA;NA;NA;NA;NA;NA;NA;NA;NA;2016-04-06;dls;fate unknown;;,,,,,,
sord;2016-02-14;;talek;;;2016-06-29;;;;;2016-10-07;;;;DenGrad info not in table, instead taken from tblHyenas;2016-12-06;;;0.5;;2016-05-01;fission;kcm;;;NA;NA;NA;NA;NA;NA;NA;NA;NA;NA;2020-07-27;dls;;;,,,,,
sos;2007-01-01;;17km;;;2008-06-30;;;;;NA;;;;;NA;;;;;NA;;;;;NA;NA;NA;NA;NA;NA;NA;NA;NA;NA;2008-08-20;;;;check EventStatus and EventData,,,,,,
sosa;NA;;fig.tree;;;2012-08-11;;;;;NA;;;;;NA;;;;;NA;;;;;NA;NA;NA;NA;NA;NA;NA;NA;NA;NA;2014-11-16;dls;;;check EventStatus and EventData,,,,,,
soto;NA;;talek;;;1997-04-17;;;;;NA;;;;;NA;;;;;NA;;;;;NA;NA;NA;NA;NA;NA;NA;NA;NA;NA;1997-04-17;dls;fate unknown;;,,,,,,
soul;2023-01-27;;serena.n;;;2023-03-06;;;;;NA;;;;;NA;;;;;NA;;;;;NA;NA;NA;NA;NA;NA;NA;NA;NA;NA;NA;;;;,,,,,,
soup;2014-06-21;;serena.n;;;2014-10-31;;;;;2015-07-15;;;;DenGrad info not in table, instead taken from tblHyenas;2015-08-06;;;10;;NA;;;;;NA;NA;NA;NA;NA;NA;NA;NA;NA;NA;NA;dls;;;,,,,,
sour;2009-05-16;;mara.river;;;NA;;;;;NA;;;;;NA;;;;;NA;;;;;NA;NA;NA;NA;NA;NA;NA;NA;NA;NA;NA;dls;;;,,,,,,
sp;NA;;mara.river;;;2001-05-25;;;;;NA;;;;;NA;;;;;NA;;;;;NA;NA;NA;NA;NA;NA;NA;NA;NA;NA;2001-05-25;dls;;;,,,,,,
spa;2003-07-15;;mara.river;;;2003-07-28;;;;;NA;;;;;NA;;;;;NA;;;;;NA;NA;NA;NA;NA;NA;NA;NA;NA;NA;2003-07-28;dead;;;,,,,,,
spad;2014-09-04;;happy.zebra;;;2014-10-27;;;;;NA;;;;;NA;;;;;NA;;;;;NA;NA;NA;NA;NA;NA;NA;NA;NA;NA;2014-10-27;dls;;;,,,,,,
spar;2015-08-02;;happy.zebra;;;2015-09-15;;;;;NA;;;;;NA;dbw;;;;NA;;;;;NA;NA;NA;NA;NA;NA;NA;NA;NA;NA;2016-03-29;dls;;;,,,,,,
spb;NA;;happy.zebra;;;2008-06-24;;;;;NA;;;;;NA;;;;;NA;;;;;NA;NA;NA;NA;NA;NA;NA;NA;NA;NA;2012-03-23;dls;fate unknown;;check EventStatus and EventData,,,,,,
spcd;2012-06-04;;serena.n;;;2012-07-07;;;;;NA;;;;;2013-08-04;;;2;;NA;;;;;NA;NA;NA;NA;NA;NA;NA;NA;NA;NA;2014-08-21;dls;;;,,,,,,
spce;2019-09-08;;happy.zebra;;;2019-11-08;;;;;NA;;;;;NA;;;;;NA;;;;;NA;NA;NA;NA;NA;NA;NA;NA;NA;NA;2020-03-20;dls;;;,,,,,,
spdr;NA;;serena.s;;;2008-11-16;;;;;NA;;;;;NA;;;;;NA;;;;;NA;NA;NA;NA;NA;NA;NA;NA;NA;NA;2011-08-27;dls;fate unknown;;check EventStatus and EventData,,,,,,
spea;2019-02-03;;kcm;;;2019-08-03;;;;;2019-08-03;error;;21840;SPEA was never seen at the den;NA;;;;;NA;;;;;NA;NA;NA;NA;NA;NA;NA;NA;NA;NA;NA;;;;,,,,,,
spec;NA;;talek;;;1987-08-15;;;;;NA;;;;;NA;;;;;NA;;;;;NA;NA;NA;NA;NA;NA;NA;NA;NA;NA;1989-05-18;dls;dispersed;;,,,,,,
spee;2013-01-13;;talek;;;2013-01-20;;;;;NA;dbg;;;;NA;dbw;;;;NA;;;;;NA;NA;NA;NA;NA;NA;NA;NA;NA;NA;2013-01-20;dls;inferred dead;;,,,,,,
sper;2019-02-03;;kcm;;;2019-08-03;;;;;NA;;;;;NA;;;;;NA;;;;;NA;NA;NA;NA;NA;NA;NA;NA;NA;NA;NA;;;;,,,,,,
sphx;2006-10-25;;talek;;;2006-11-24;;;;;2007-08-15;;;10.5;;2007-09-21;;;3;;NA;;;;;NA;NA;NA;NA;NA;NA;NA;NA;NA;NA;2007-11-16;dls;inferred dead;;,,,,,,
spir;2019-09-20;;pond;;;2019-12-20;;;;;2020-09-20;error;;25;Graduated based on DOB;NA;;;;;NA;;;;;NA;NA;NA;NA;NA;NA;NA;NA;NA;NA;NA;;;;,,,,,,
spk;NA;;talek;;;1992-08-23;;;;;NA;;;;;NA;;;;;NA;;;;;NA;NA;NA;NA;NA;NA;NA;NA;NA;NA;1992-08-23;dls;fate unknown;;,,,,,,
spm;NA;;talek;;;1998-10-05;;;;;NA;;;;;NA;;;;;NA;;;;;NA;NA;NA;NA;NA;NA;NA;NA;NA;NA;1998-10-05;dls;fate unknown;;,,,,,,
spn;NA;;oltukai;;;2003-07-12;;;;;NA;;;;;NA;;;;;NA;;;;;NA;NA;NA;NA;NA;NA;NA;NA;NA;NA;2005-07-09;;;;check EventStatus and EventData,,,,,,
spng;2012-11-03;;talek;;;2012-12-01;;;;;2013-08-08;;;0.5;;2013-09-22;;;7.5;;2015-01-01;dispersal;;;;NA;NA;NA;NA;NA;NA;NA;NA;NA;NA;2015-01-14;dls;;;,,,,,,
spnk;2008-07-20;;mara.river;;;2009-11-16;;;;;NA;;;;;NA;;;;;NA;;;;;NA;NA;NA;NA;NA;NA;NA;NA;NA;NA;2009-11-16;dls;;;check EventStatus and EventData,,,,,,
spo;1988-11-07;;talek;;;1988-12-14;;;;;NA;;;;;NA;;;;;NA;;;;;NA;NA;NA;NA;NA;NA;NA;NA;NA;NA;1989-02-20;dead;;;,,,,,,
spok;2015-08-01;;talek;;;2016-06-14;;;;;NA;;;;;NA;;;;;2016-05-01;fission;kcm;;;NA;NA;NA;NA;NA;NA;NA;NA;NA;NA;2016-09-12;dls;;;check EventStatus and EventData,,,,,,
spot;NA;;oz valley;;;2008-10-08;;;;;NA;;;;;NA;;;;;NA;;;;;NA;NA;NA;NA;NA;NA;NA;NA;NA;NA;2008-10-08;;;;check EventStatus and EventData,,,,,,
sprk;NA;;mara.river;;;2011-04-08;;;;;NA;;;;;NA;;;;;NA;;;;;NA;NA;NA;NA;NA;NA;NA;NA;NA;NA;NA;dls;;;,,,,,,
sprl;2016-02-14;;talek;;;2016-06-29;;;;;2016-10-04;;;;DenGrad info not in table, instead taken from tblHyenas;2016-12-06;;;0.5;;2016-05-01;fission;kcm;;;NA;NA;NA;NA;NA;NA;NA;NA;NA;NA;2016-12-24;dls;inferred dead;;,,,,,
sprn;NA;;happy.zebra;;;2009-02-24;;;;;NA;;;;;NA;;;;;NA;;;;;NA;NA;NA;NA;NA;NA;NA;NA;NA;NA;2010-03-10;dls;fate unknown;;,,,,,,
sprt;2013-11-07;;happy.zebra;;;2013-12-05;;;;;2014-07-17;;;;DenGrad info not in table, instead taken from tblHyenas;2014-08-21;;;32;;NA;;;;;NA;NA;NA;NA;NA;NA;NA;NA;NA;NA;2015-03-14;dead;;;,,,,,
spta;NA;;fig.tree;;;2007-07-04;;;;;NA;;;;;NA;;;;;NA;;;;;NA;NA;NA;NA;NA;NA;NA;NA;NA;NA;2008-04-25;dls;dispersed;;,,,,,,
spty;2009-12-14;;fig.tree;;;2010-03-14;;;;;NA;;;;;NA;;;;;NA;;;;;NA;NA;NA;NA;NA;NA;NA;NA;NA;NA;2010-04-04;dls;;;,,,,,,
spud;2012-11-06;;serena.n;;;2013-03-15;;;;;NA;;;;;2013-09-16;;;;;NA;;;;;NA;NA;NA;NA;NA;NA;NA;NA;NA;NA;2013-11-28;dls;;;,,,,,,
spw;NA;;oltukai;;;2003-07-12;;;;;NA;;;;;NA;;;;;NA;;;;;NA;NA;NA;NA;NA;NA;NA;NA;NA;NA;2005-07-09;;;;check EventStatus and EventData,,,,,,
spy;NA;;mara.river;;;2001-06-13;;;;;NA;;;;;NA;;;;;NA;;;;;NA;NA;NA;NA;NA;NA;NA;NA;NA;NA;2001-06-13;dls;;;,,,,,,
spyr;2013-12-22;;happy.zebra;;;2014-01-11;;;;;2014-07-19;;;;DenGrad info not in table, instead taken from tblHyenas;2014-07-11;;;0.5;;NA;;;;;NA;NA;NA;NA;NA;NA;NA;NA;NA;NA;2014-09-11;dls;;;,,,,,
sq;NA;;talek;;;1989-11-27;;;;;NA;;;;;NA;;;;;NA;;;;;NA;NA;NA;NA;NA;NA;NA;NA;NA;NA;1990-06-27;dls;inferred dead;;,,,,,,
sqa;1999-05-13;;talek;;;1999-06-14;;;;;2000-01-30;;;0.5;;2000-07-08;;;1;;NA;;;;;NA;NA;NA;NA;NA;NA;NA;NA;NA;NA;2001-01-16;dls;inferred dead;;,,,,,,
sqim;NA;;talek;;;2014-12-17;;;;;NA;;;;;NA;;;;;2016-05-01;fission;pond;;;NA;NA;NA;NA;NA;NA;NA;NA;NA;NA;2021-11-23;dls;;;,,,,,,
sqr;2010-11-09;;serena.s;;;2010-12-21;;;;DFS assigned by field, no associated session;2011-10-17;;;;DenGrad info not in table, instead taken from tblHyenas;2011-11-26;;;;;NA;;;;;NA;NA;NA;NA;NA;NA;NA;NA;NA;NA;2012-02-11;dls;fate unknown;;,,,,
sqrk;2015-02-27;;happy.zebra;;;2015-04-14;;;;;NA;;;;;2015-11-11;;;0;;NA;;;;;NA;NA;NA;NA;NA;NA;NA;NA;NA;NA;2016-03-15;dls;;;,,,,,,
sqrt;2015-01-09;;serena.n;;;2015-02-28;;;;;2015-07-21;;;;DenGrad info not in table, instead taken from tblHyenas;2015-10-07;;;1.5;;NA;;;;;NA;NA;NA;NA;NA;NA;NA;NA;NA;NA;2017-04-02;dls;;;,,,,,
sqsh;2019-07-19;;serena.n;;;2019-08-31;;;;;2020-07-19;error;;61;Cub automatically den graduated based on birthdate, error term skewed due to pandemic;NA;;;;;NA;;;;;NA;NA;NA;NA;NA;NA;NA;NA;NA;NA;2022-07-21;dls;;;,,,,,
sr;1983-01-22;;talek;;;1983-02-01;;;;;NA;;;;;NA;;;;;NA;;;;;NA;NA;NA;NA;NA;NA;NA;NA;NA;NA;1991-05-25;dls;inferred dead;;,,,,,,
sray;2010-06-03;;mara.river;;;2013-08-25;;;;;NA;;;;;NA;;;;;NA;;;;;NA;NA;NA;NA;NA;NA;NA;NA;NA;NA;2013-08-25;dls;;;check EventStatus and EventData,,,,,,
srg;2015-03-29;;talek;;;2015-06-29;;;;;2016-02-29;;;2;;2016-06-07;;;7.5;;2016-05-01;fission;talek;;;NA;NA;NA;NA;NA;NA;NA;NA;NA;NA;2020-02-24;dls;;;,,,,,,
sri;NA;;sri;;;1995-01-06;;;;;NA;;;;;NA;;;;;NA;;;;;NA;NA;NA;NA;NA;NA;NA;NA;NA;NA;1995-01-06;dls;fate unknown;;,,,,,,
srio;2016-12-05;;pond;;;2017-02-13;;;;;2017-09-23;;;;DenGrad info not in table, instead taken from tblHyenas;NA;;;;;NA;;;;;NA;NA;NA;NA;NA;NA;NA;NA;NA;NA;2019-05-28;dls;;;,,,,,
srir;2009-12-12;;serena.s;;;2009-12-26;;;;;2010-10-22;;;;DenGrad info not in table, instead taken from tblHyenas;2010-07-16;;;;;NA;;;;;NA;NA;NA;NA;NA;NA;NA;NA;NA;NA;2013-10-19;dls;fate unknown;;check EventStatus and EventData,,,,,
srlt;2009-11-29;;talek;;;2010-02-02;;;;;NA;dbg;;;;NA;dbw;;;;NA;;;;;NA;NA;NA;NA;NA;NA;NA;NA;NA;NA;2010-05-22;dls;inferred dead;;,,,,,,
srn;2008-03-01;;talek;;;2008-04-14;;;;;2008-12-06;;;0;;2009-01-23;;;2;;NA;;;;;NA;NA;NA;NA;NA;NA;NA;NA;NA;NA;2011-10-22;dls;dispersed;;,,,,,,
srvy;2014-09-03;;talek;;;2015-06-03;;;;;NA;;;;;NA;;;;;2016-05-01;fission;kcm;;;NA;NA;NA;NA;NA;NA;NA;NA;NA;NA;2018-02-25;dls;;;,,,,,,
ss;NA;;happy.zebra;;;2008-06-28;;;;;NA;;;;;NA;;;;;NA;;;;;NA;NA;NA;NA;NA;NA;NA;NA;NA;NA;2009-04-06;dls;fate unknown;;,,,,,,
ssh;NA;;airstrip;;;2003-10-12;;;;;NA;;;;;NA;;;;;NA;;;;;NA;NA;NA;NA;NA;NA;NA;NA;NA;NA;2005-07-09;;;;check EventStatus and EventData,,,,,,
sst;2007-04-01;;serena.n;;;2008-06-24;;;;;NA;;;;;NA;sugu;;;;NA;;;;;NA;NA;NA;NA;NA;NA;NA;NA;NA;NA;2010-05-14;dls;fate unknown;;,,,,,,
ssta;2018-02-20;;talek;;;2018-06-05;;;;;2018-11-24;grad;;2;;NA;;;;;NA;;;;;NA;NA;NA;NA;NA;NA;NA;NA;NA;NA;2021-11-22;dls;;;,,,,,,
sta;NA;;talek;;;1998-09-26;;;;;NA;;;;;NA;;;;;NA;;;;;NA;NA;NA;NA;NA;NA;NA;NA;NA;NA;1998-09-26;dls;fate unknown;;,,,,,,
stag;2014-01-19;;serena.s;;;2014-04-06;;;;;NA;;;;;NA;dbw;;;;NA;;;;;NA;NA;NA;NA;NA;NA;NA;NA;NA;NA;2014-04-25;dls;;;,,,,,,
stam;2021-02-15;;kcm;;;2021-08-09;;;;;2021-08-09;error;;22208.5;Never seen at den;NA;;;;;NA;;;;;NA;NA;NA;NA;NA;NA;NA;NA;NA;NA;NA;;;;,,,,,,
star;2012-07-22;;serena.s;;;2012-09-09;;;;;2013-02-15;;;;DenGrad info not in table, instead taken from tblHyenas;2013-08-15;;;;;NA;;;;;NA;NA;NA;NA;NA;NA;NA;NA;NA;NA;NA;dls;;;,,,,,
stb;2006-01-01;;talek.e;;;2006-07-10;;;;;NA;dbg;;;;NA;dbw;;;;NA;;;;;NA;NA;NA;NA;NA;NA;NA;NA;NA;NA;2006-07-30;dls;inferred dead;;,,,,,,
ste;1989-05-15;;talek;;;1989-06-10;;;;;NA;;;;;NA;;;;;NA;;;;;NA;NA;NA;NA;NA;NA;NA;NA;NA;NA;1989-08-06;dead;;;,,,,,,
stee;2009-08-14;;happy.zebra;;;2009-08-24;;;;;2009-12-22;;;;DenGrad info not in table, instead taken from tblHyenas;NA;dbw;;;;NA;;;;;NA;NA;NA;NA;NA;NA;NA;NA;NA;NA;2010-03-25;dls;fate unknown;;,,,,,
step;2021-06-11;;kcm;;;2022-08-09;;;;;2022-06-11;error;;22361.5;Graduated based on DOB, before DFS;NA;;;;;NA;;;;;NA;NA;NA;NA;NA;NA;NA;NA;NA;NA;NA;;;;,,,,,
stg;NA;;talek;;;1995-01-30;;;;;NA;;;;;NA;;;;;NA;;;;;NA;NA;NA;NA;NA;NA;NA;NA;NA;NA;1999-09-20;dls;dispersed;;,,,,,,
sth;2004-08-05;;oltukai;;;2004-08-10;;;;;NA;;;;;NA;;;;;NA;;;;;NA;NA;NA;NA;NA;NA;NA;NA;NA;NA;2005-07-09;;;;check EventStatus and EventData,,,,,,
stix;2015-11-12;;happy.zebra;;;2016-03-01;;;;;NA;;;;;NA;;;;;NA;;;;;NA;NA;NA;NA;NA;NA;NA;NA;NA;NA;2016-03-29;dls;;;,,,,,,
stl;NA;;talek;;;2004-10-24;;;;;NA;;;;;NA;;;;;NA;;;;;NA;NA;NA;NA;NA;NA;NA;NA;NA;NA;2005-11-28;dls;fate unknown;;,,,,,,
stly;NA;;talek;;;1998-09-26;;;;;NA;;;;;NA;;;;;NA;;;;;NA;NA;NA;NA;NA;NA;NA;NA;NA;NA;1998-09-26;dls;fate unknown;;,,,,,,
stne;NA;;unknown;;;2021-03-17;;;;;NA;;;;;NA;;;;;2021-03-17;dispersal;serena.n;;;NA;NA;NA;NA;NA;NA;NA;NA;NA;NA;NA;;;;,,,,,,
stng;2017-09-13;;happy.zebra;;;2017-12-21;;;;;2018-09-14;grad;;0;;NA;;;;;NA;;;;;NA;NA;NA;NA;NA;NA;NA;NA;NA;NA;2020-02-25;dls;;;,,,,,,
stny;NA;;talek;;;1994-08-30;;;;;NA;;;;;NA;;;;;NA;;;;;NA;NA;NA;NA;NA;NA;NA;NA;NA;NA;1996-07-25;dls;humans;;,,,,,,
sto;NA;;talek;;;1997-09-05;;;;;NA;;;;;NA;;;;;NA;;;;;NA;NA;NA;NA;NA;NA;NA;NA;NA;NA;1997-09-05;dls;fate unknown;;,,,,,,
stom;NA;;talek;;;1995-08-22;;;;;NA;;;;;NA;;;;;NA;;;;;NA;NA;NA;NA;NA;NA;NA;NA;NA;NA;1996-06-05;dls;fate unknown;;,,,,,,
ston;2010-10-20;;serena.n;;;2010-12-29;;;;;2011-08-02;;;;DenGrad info not in table, instead taken from tblHyenas;2011-08-29;;;;;NA;;;;;NA;NA;NA;NA;NA;NA;NA;NA;NA;NA;2013-08-23;dls;fate unknown;;check EventStatus and EventData,,,,,
stp;NA;;serena.s;;;2008-11-18;;;;;NA;;;;;NA;;;;;NA;;;;;NA;NA;NA;NA;NA;NA;NA;NA;NA;NA;2009-01-18;dls;fate unknown;;,,,,,,
str;1987-02-01;;talek;;;1987-06-01;;;;;NA;;;;;NA;;;;;NA;;;;;NA;NA;NA;NA;NA;NA;NA;NA;NA;NA;1992-07-11;dls;inferred dead;;,,,,,,
strd;NA;;oz valley;;;2008-11-01;;;;;NA;;;;;NA;;;;;NA;;;;;NA;NA;NA;NA;NA;NA;NA;NA;NA;NA;NA;;;;,,,,,,
strm;2012-09-30;;serena.n;;;2012-11-27;;;;;2013-06-18;;;;DenGrad info not in table, instead taken from tblHyenas;2013-11-11;;;;;2016-01-29;dispersal;serena.s;;;NA;NA;NA;NA;NA;NA;NA;NA;NA;NA;NA;dls;;;,,,,,
stth;NA;;lakeview;;;2003-08-17;;;;;NA;;;;;NA;;;;;NA;;;;;NA;NA;NA;NA;NA;NA;NA;NA;NA;NA;2003-08-17;;;;check EventStatus and EventData,,,,,,
stub;NA;;airstrip;;;2002-06-09;;;;;NA;;;;;NA;;;;;NA;;;;;NA;NA;NA;NA;NA;NA;NA;NA;NA;NA;2005-07-11;;;;check EventStatus and EventData,,,,,,
styr;2011-10-16;;talek;;;2011-12-11;;;;;2012-06-29;;;2.5;;2012-10-27;;;3;;2016-05-01;fission;kcm;;;NA;NA;NA;NA;NA;NA;NA;NA;NA;NA;2020-11-23;dls;;;,,,,,,
subu;2021-01-01;;kcm;;;2021-07-22;;;;;2021-07-22;error;;22199.5;Never seen at den;NA;;;;;NA;;;;;NA;NA;NA;NA;NA;NA;NA;NA;NA;NA;NA;;;;,,,,,,
sud;2000-12-24;;talek;;;2001-01-14;;;;;2001-07-24;;;1.5;;2001-12-28;;;7;;NA;;;;;NA;NA;NA;NA;NA;NA;NA;NA;NA;NA;2002-10-02;dls;inferred dead;;,,,,,,
suk;2009-08-04;;talek;;;2009-08-13;;;;;2010-05-22;;;7;;2010-07-30;;;0.5;;NA;;;;;NA;NA;NA;NA;NA;NA;NA;NA;NA;NA;2012-07-07;dls;inferred dead;;,,,,,,
suki;2021-05-25;;serena.n;;;2021-12-08;;;;;2022-05-25;error;;81;Cub automatically den graduated based on birthdate, error term skewed due to lost North den;NA;;;;;NA;;;;;NA;NA;NA;NA;NA;NA;NA;NA;NA;NA;NA;;;;,,,,,
sula;2012-07-28;;serena.s;;;2012-10-23;;;;;2013-05-17;;;;DenGrad info not in table, instead taken from tblHyenas;2013-07-07;;;;;NA;;;;;NA;NA;NA;NA;NA;NA;NA;NA;NA;NA;2014-07-12;dls;;;Seen as SULA? On 30-Jul-14,,,,,
suli;2014-10-15;;fig.tree;;;2014-12-10;;;;;NA;;;;;NA;;;;;NA;;;;;NA;NA;NA;NA;NA;NA;NA;NA;NA;NA;2014-12-10;dls;;;check EventStatus and EventData,,,,,,
suma;2010-10-10;;serena.s;;;2010-11-14;;;;DFS assigned by field, no associated session;2011-07-02;;;;DenGrad info not in table, instead taken from tblHyenas;2011-11-07;;;;;NA;;;;;NA;NA;NA;NA;NA;NA;NA;NA;NA;NA;2012-02-28;dls;fate unknown;;,,,,
sumo;2022-03-20;;kcm;;;2022-09-23;;;;;NA;;;;;NA;;;;;NA;;;;;NA;NA;NA;NA;NA;NA;NA;NA;NA;NA;NA;;;;,,,,,,
sun;1992-06-05;;talek;;;1992-07-06;;;;;1993-02-01;;;0.5;;1993-05-16;;;;;NA;;;;;NA;NA;NA;NA;NA;NA;NA;NA;NA;NA;1997-04-20;dls;dispersed;;,,,,,,
sunr;2019-01-29;;serena.n;;;2019-04-19;;;;;NA;;;;;NA;;;;;NA;;;;;NA;NA;NA;NA;NA;NA;NA;NA;NA;NA;2019-04-19;dls;;;,,,,,,
supm;NA;;airstrip;;;2002-06-08;;;;;NA;;;;;NA;;;;;NA;;;;;NA;NA;NA;NA;NA;NA;NA;NA;NA;NA;2005-06-27;;;;check EventStatus and EventData,,,,,,
surg;2021-11-20;;serena.n;;;2022-07-14;;;;;2022-11-20;error;;8;Cub automatically den graduated based on birthdate;NA;;;;;NA;;;;;NA;NA;NA;NA;NA;NA;NA;NA;NA;NA;NA;;;;,,,,,,
suri;2021-05-01;;cool.beans;;;2021-07-01;;;;;NA;;;;;NA;;;;;NA;;;;;NA;NA;NA;NA;NA;NA;NA;NA;NA;NA;2022-01-14;dls;;;,,,,,,
susu;2020-12-05;;talek;;;2021-07-25;;;;;2021-08-11;;;4.5;;NA;;;;;NA;;;;;NA;NA;NA;NA;NA;NA;NA;NA;NA;NA;2022-06-26;;;;,,,,,,
sut;NA;;serena.n;;;2008-07-01;;;;;NA;;;;;NA;;;;;NA;;;;;NA;NA;NA;NA;NA;NA;NA;NA;NA;NA;2008-07-08;dls;fate unknown;;,,,,,,
swag;2012-08-01;;happy.zebra;;;2013-01-05;;;;;2013-08-05;;;;DenGrad info not in table, instead taken from tblHyenas;2013-08-26;;;8;;NA;;;;;NA;NA;NA;NA;NA;NA;NA;NA;NA;NA;2015-06-30;dls;;;,,,,,
swb;2007-04-10;;olare;;;2008-12-10;;;;;NA;;;;;NA;;;;;NA;;;;;NA;NA;NA;NA;NA;NA;NA;NA;NA;NA;NA;;;;,,,,,,
swe;NA;;talek;;;1997-02-16;;;;;NA;;;;;NA;;;;;NA;;;;;NA;NA;NA;NA;NA;NA;NA;NA;NA;NA;1997-02-17;dls;fate unknown;;,,,,,,
swee;2019-02-19;;kcm;;;2019-10-05;;;;;2019-10-05;error;;21871.5;Never seen at den;NA;;;;;NA;;;;;NA;NA;NA;NA;NA;NA;NA;NA;NA;NA;NA;;;;,,,,,,
swi;NA;;talek;;;1997-04-14;;;;;NA;;;;;NA;;;;;NA;;;;;NA;NA;NA;NA;NA;NA;NA;NA;NA;NA;1997-04-14;dls;fate unknown;;,,,,,,
swil;2010-03-30;;talek;;;2010-04-09;;;;;2011-01-01;;;0.5;;2011-06-25;;;1;;NA;;;;;NA;NA;NA;NA;NA;NA;NA;NA;NA;NA;2013-02-07;dls;inferred dead;;,,,,,,
swim;2018-10-26;;serena.n;;;2018-11-30;;;;;2019-10-26;;;2.5;graduated by turning 1 yo;NA;;;;;NA;;;;;NA;NA;NA;NA;NA;NA;NA;NA;NA;NA;2020-01-20;dls;;;,,,,,,
swo;NA;;talek;;;1995-07-29;;;;;NA;;;;;NA;;;;;NA;;;;;NA;NA;NA;NA;NA;NA;NA;NA;NA;NA;1995-07-29;dls;fate unknown;;,,,,,,
swoo;2011-09-12;;serena.n;;;2012-01-27;;;;;NA;;;;;NA;dbw;;;;NA;;;;;NA;NA;NA;NA;NA;NA;NA;NA;NA;NA;2012-04-14;dls;;;,,,,,,
swp;NA;;fig.tree;;;1995-07-23;;;;;NA;;;;;NA;;;;;NA;;;;;NA;NA;NA;NA;NA;NA;NA;NA;NA;NA;1995-07-23;dls;fate unknown;;,,,,,,
swpo;2017-01-23;;kcm;;;2017-08-26;;;;;2017-10-10;;;;DenGrad info not in table, instead taken from tblHyenas;NA;;;;;NA;;;;;NA;NA;NA;NA;NA;NA;NA;NA;NA;NA;2020-04-05;dls;;;,,,,,
swt;2017-02-25;;serena.s;;;2017-03-18;;;;;NA;;;;;NA;;;;;NA;;;;;NA;NA;NA;NA;NA;NA;NA;NA;NA;NA;2018-01-10;dls;;;,,,,,,
swtd;2007-01-01;;17km;;;2008-07-02;;;;;NA;;;;;NA;;;;;NA;;;;;NA;NA;NA;NA;NA;NA;NA;NA;NA;NA;2008-07-02;;;;check EventStatus and EventData,,,,,,
sx;1989-10-14;;talek;;;1989-11-21;;;;;1990-04-25;;;0.5;;1991-01-15;;;;;NA;;;;;NA;NA;NA;NA;NA;NA;NA;NA;NA;NA;2000-07-07;dls;inferred dead;;,,,,,,
sy;NA;;talek;;;1989-09-17;;;;;NA;;;;;NA;;;;;NA;;;;;NA;NA;NA;NA;NA;NA;NA;NA;NA;NA;1997-02-12;dls;fate unknown;;,,,,,,
syd;NA;;talek;;;2005-01-03;;;;;NA;;;;;NA;;;;;NA;;;;;NA;NA;NA;NA;NA;NA;NA;NA;NA;NA;2014-09-30;dls;fate unknown;;,,,,,,
syfy;2016-10-10;;serena.n;;;2016-12-21;;;;DFS assigned by field, no associated session;2017-06-30;;;;DenGrad info not in table, instead taken from tblHyenas;2017-09-17;;;18;;NA;;;;;NA;NA;NA;NA;NA;NA;NA;NA;NA;NA;NA;;;;,,,,
sylv;2016-12-12;;pond;;;2017-03-13;;;;;2017-09-23;;;;DenGrad info not in table, instead taken from tblHyenas;2017-10-05;;;22;;NA;;;;;NA;NA;NA;NA;NA;NA;NA;NA;NA;NA;2021-10-19;dls;;;,,,,,
sym;NA;;airstrip;;;2003-07-21;;;;;NA;;;;;NA;;;;;NA;;;;;NA;NA;NA;NA;NA;NA;NA;NA;NA;NA;2005-07-11;;;;check EventStatus and EventData,,,,,,
syp;NA;;mara.river;;;2001-07-08;;;;;NA;;;;;NA;;;;;NA;;;;;NA;NA;NA;NA;NA;NA;NA;NA;NA;NA;2002-08-14;dls;fate unknown;;,,,,,,
sziq;NA;;;;;NA;;;;;NA;;;;;NA;;;;;NA;;;;;NA;NA;NA;NA;NA;NA;NA;NA;NA;NA;NA;;;;,,,,,,
tab;2007-01-01;;talek;;;2007-08-01;;;;;NA;;;;;2008-05-20;;;5.5;;NA;;;;;NA;NA;NA;NA;NA;NA;NA;NA;NA;NA;2010-11-04;dls;dispersed;;,,,,,,
taco;NA;;airstrip;;;2003-08-16;;;;;NA;;;;;NA;;;;;NA;;;;;NA;NA;NA;NA;NA;NA;NA;NA;NA;NA;2005-07-06;;;;check EventStatus and EventData,,,,,,
tag;2004-06-23;;talek;;;2004-10-14;;;;;NA;dbg;;;;NA;dbw;;;;NA;;;;;NA;NA;NA;NA;NA;NA;NA;NA;NA;NA;2004-11-21;dls;inferred dead;;,,,,,,
tai;NA;;fig.tree;;;2007-05-03;;;;;NA;;;;;NA;;;;;NA;;;;;NA;NA;NA;NA;NA;NA;NA;NA;NA;NA;2009-08-06;dls;dispersed;;,,,,,,
taj;NA;;serena.s;;;2008-11-23;;;;;NA;;;;;NA;;;;;NA;;;;;NA;NA;NA;NA;NA;NA;NA;NA;NA;NA;2018-01-08;dls;fate unknown;;,,,,,,
tall;NA;;fig.tree;;;2009-08-10;;;;;NA;;;;;NA;;;;;NA;;;;;NA;NA;NA;NA;NA;NA;NA;NA;NA;NA;2016-10-19;dls;dispersed;;check EventStatus and EventData,,,,,,
talo;2021-08-05;;cool.beans;;;2021-09-27;;;;;2022-08-05;error;;40;Graduated based on DOB;NA;;;;;NA;;;;;NA;NA;NA;NA;NA;NA;NA;NA;NA;NA;NA;;;;,,,,,,
tals;NA;;oltukai;;;2003-07-12;;;;;NA;;;;;NA;;;;;NA;;;;;NA;NA;NA;NA;NA;NA;NA;NA;NA;NA;2004-04-12;dls;;;check EventStatus and EventData,,,,,,
tami;2015-03-29;;talek;;;2015-06-29;;;;;2016-02-29;;;2;;2016-06-07;;;7.5;;2016-05-01;fission;talek;;;NA;NA;NA;NA;NA;NA;NA;NA;NA;NA;NA;dls;;;,,,,,,
tana;2003-06-15;;talek.e;;;2003-07-27;;;;;NA;sugu;;;;2003-11-29;;;1.5;;2006-09-04;dispersal;unknown;;;NA;NA;NA;NA;NA;NA;NA;NA;NA;NA;2007-05-29;dls;;;,,,,,,
tang;2000-07-06;;talek;;;2000-09-11;;;;;2001-05-18;;;2.5;;2001-08-18;;;2;;NA;;;;;NA;NA;NA;NA;NA;NA;NA;NA;NA;NA;2001-11-30;dls;inferred dead;;,,,,,,
tao;2004-05-12;;oltukai;;;2004-06-12;;;;;NA;;;;;NA;;;;;NA;;;;;NA;NA;NA;NA;NA;NA;NA;NA;NA;NA;2014-04-23;;;;check EventStatus and EventData,,,,,,
tara;2018-10-17;;serena.n;;;2019-02-05;;;;;2019-09-15;;;4.5;;NA;;;;;NA;;;;;NA;NA;NA;NA;NA;NA;NA;NA;NA;NA;2020-03-12;dls;;;,,,,,,
tarl;2021-03-07;;pond;;;2021-04-21;;;;;NA;;;;;NA;;;;;NA;;;;;NA;NA;NA;NA;NA;NA;NA;NA;NA;NA;2021-11-13;dls;;;,,,,,,
tast;2013-09-10;;talek;;;2014-04-10;;;;;2014-06-29;;;0.5;;2014-08-05;;;1;;2016-05-01;fission;pond;;;NA;NA;NA;NA;NA;NA;NA;NA;NA;NA;NA;dls;;;,,,,,,
tat;NA;;talek;;;1995-07-26;;;;;NA;;;;;NA;;;;;NA;;;;;NA;NA;NA;NA;NA;NA;NA;NA;NA;NA;1995-07-26;dls;fate unknown;;,,,,,,
tato;2012-11-25;;talek;;;2013-01-23;;;;;2013-08-06;;;0;;2013-11-02;;;12.5;;2016-05-01;fission;kcm;;;NA;NA;NA;NA;NA;NA;NA;NA;NA;NA;NA;dls;;;,,,,,,
tau;2011-10-13;;happy.zebra;;;2011-11-30;;;;;NA;;;;;NA;dbw;;;;NA;;;;;NA;NA;NA;NA;NA;NA;NA;NA;NA;NA;2012-04-27;dls;;;,,,,,,
taup;NA;;talek;;;1996-12-08;;;;;NA;;;;;NA;;;;;NA;;;;;NA;NA;NA;NA;NA;NA;NA;NA;NA;NA;1996-12-08;dls;fate unknown;;,,,,,,
tavi;NA;;talek;;;2013-10-13;;;;;NA;;;;;NA;;;;;NA;;;;;NA;NA;NA;NA;NA;NA;NA;NA;NA;NA;2014-04-18;dls;inferred dead;;,,,,,,
tawa;NA;;;;;2021-05-17;;;;;NA;;;;;NA;;;;;NA;;;;;NA;NA;NA;NA;NA;NA;NA;NA;NA;NA;NA;;;;,,,,,,
taza;2022-02-03;;talek;;;2022-07-20;;;;;NA;;;;;NA;;;;;NA;;;;;NA;NA;NA;NA;NA;NA;NA;NA;NA;NA;NA;;;;,,,,,,
tb;NA;;talek;;;1989-11-19;;;;;NA;;;;;NA;;;;;NA;;;;;NA;NA;NA;NA;NA;NA;NA;NA;NA;NA;1989-11-19;dls;fate unknown;;,,,,,,
tbbt;2012-01-02;;happy.zebra;;;2012-01-30;;;;;NA;;;;;NA;dbw;;;;NA;;;;;NA;NA;NA;NA;NA;NA;NA;NA;NA;NA;2012-04-13;dls;;;,,,,,,
tbby;2019-01-11;;talek;;;2019-02-15;;;;;NA;;;;;NA;;;;;NA;;;;;NA;NA;NA;NA;NA;NA;NA;NA;NA;NA;2019-02-15;;;;,,,,,,
tbmn;2015-11-13;;happy.zebra;;;2016-02-26;;;;;2016-10-06;;;;DenGrad info not in table, instead taken from tblHyenas;2016-08-16;;;16;;NA;;;;;NA;NA;NA;NA;NA;NA;NA;NA;NA;NA;2019-12-16;dls;;;TBMN was last seen in South territory,,,,,
tbo;2002-11-09;;mara.river;;;2002-12-23;;;;;NA;;;;;NA;;;;;NA;;;;;NA;NA;NA;NA;NA;NA;NA;NA;NA;NA;2006-09-22;dls;dispersed;;,,,,,,
tbsc;2007-11-15;;serena.s;;;2008-11-25;;;;;NA;;;;;NA;sugu;;;;NA;;;;;NA;NA;NA;NA;NA;NA;NA;NA;NA;NA;2012-08-01;dls;fate unknown;;,,,,,,
tbut;NA;;talek;;;1994-10-20;;;;;NA;;;;;NA;;;;;NA;;;;;NA;NA;NA;NA;NA;NA;NA;NA;NA;NA;1994-10-20;dls;fate unknown;;,,,,,,
tc;NA;;unknown;;;2016-07-29;;;;;NA;;;;;NA;;;;;2016-07-29;dispersal;talek;;;NA;NA;NA;NA;NA;NA;NA;NA;NA;NA;2020-12-04;dls;;;,,,,,,
tcat;NA;;llion;;;2008-06-01;;;;;NA;;;;;NA;;;;;NA;;;;;NA;NA;NA;NA;NA;NA;NA;NA;NA;NA;2008-06-01;dls;;;,,,,,,
tch;NA;;emarti h;;;2004-06-10;;;;;NA;;;;;NA;;;;;NA;;;;;NA;NA;NA;NA;NA;NA;NA;NA;NA;NA;2008-06-05;;;;check EventStatus and EventData,,,,,,
tckl;2022-06-13;;talek;;;2022-07-26;;;;;NA;;;;;NA;;;;;NA;;;;;NA;NA;NA;NA;NA;NA;NA;NA;NA;NA;NA;;;;,,,,,,
tclv;2009-10-23;;fig.tree;;;2009-11-21;;;;;NA;;;;;NA;;;;;NA;;;;;NA;NA;NA;NA;NA;NA;NA;NA;NA;NA;2010-06-13;dls;unk;;,,,,,,
tcy;NA;;fig.tree;;;2007-05-03;;;;;NA;;;;;NA;;;;;NA;;;;;NA;NA;NA;NA;NA;NA;NA;NA;NA;NA;2012-03-13;dls;unk;;,,,,,,
tdd;NA;;talek;;;1998-10-23;;;;;NA;;;;;NA;;;;;NA;;;;;NA;NA;NA;NA;NA;NA;NA;NA;NA;NA;1998-10-24;dls;fate unknown;;,,,,,,
tddy;2021-10-04;;cool.beans;;;2022-05-17;;;;;NA;;;;;NA;;;;;NA;;;;;NA;NA;NA;NA;NA;NA;NA;NA;NA;NA;2022-06-06;dls;;;,,,,,,
tdee;1996-03-20;;talek;;;1996-05-20;;;;;NA;;;;;NA;dbw;;;;NA;;;;;NA;NA;NA;NA;NA;NA;NA;NA;NA;NA;1996-07-16;dead;illness;;,,,,,,
tdot;NA;;talek;;;1990-11-04;;;;;NA;;;;;NA;;;;;NA;;;;;NA;NA;NA;NA;NA;NA;NA;NA;NA;NA;1990-11-04;dls;fate unknown;;,,,,,,
tdum;1996-03-20;;talek;;;1996-05-20;;;;;1996-12-19;;;1.5;;1997-04-28;;;2;;NA;;;;;NA;NA;NA;NA;NA;NA;NA;NA;NA;NA;1999-12-07;dls;dispersed;;,,,,,,
teal;2005-05-29;;oltukai;;;2005-06-29;;;;;NA;;;;;NA;;;;;NA;;;;;NA;NA;NA;NA;NA;NA;NA;NA;NA;NA;2005-07-10;;;;,,,,,,
ted;2010-10-30;;talek;;;2011-01-22;;;;;2011-05-25;;;1;;2011-07-18;;;3.5;;2016-05-01;fission;kcm;;;NA;NA;NA;NA;NA;NA;NA;NA;NA;NA;2018-03-25;dls;;;,,,,,,
tedy;2013-11-04;;serena.n;;;2013-12-04;;;;;2014-06-10;;;;DenGrad info not in table, instead taken from tblHyenas;2014-09-08;;;7.5;;NA;;;;;NA;NA;NA;NA;NA;NA;NA;NA;NA;NA;2018-10-26;dead;;;,,,,,
tee;2019-05-10;;talek;;;2020-09-29;;;;;2020-05-05;error;;21978;Graduated based on DOB, before DFS;NA;;;;;NA;;;;;NA;NA;NA;NA;NA;NA;NA;NA;NA;NA;2020-09-29;dls;;;,,,,,
temp;NA;;happy.zebra;;;2012-09-29;;;;;NA;;;;;NA;;;;;NA;;;;;NA;NA;NA;NA;NA;NA;NA;NA;NA;NA;2019-10-30;dls;;;,,,,,,
tena;2015-08-02;;talek;;;2016-07-02;;;;;2016-07-29;;;;DenGrad info not in table, instead taken from tblHyenas;2016-11-20;;;13.5;;2016-05-01;fission;kcm;;;NA;NA;NA;NA;NA;NA;NA;NA;NA;NA;2018-01-02;dls;;;,,,,,
tene;2021-09-12;;pond;;;2022-04-01;;;;;2022-09-12;error;;39.5;Graduated based on DOB;NA;;;;;NA;;;;;NA;NA;NA;NA;NA;NA;NA;NA;NA;NA;NA;;;;,,,,,,
tera;2017-02-12;;happy.zebra;;;2017-06-17;;;;;NA;;;;;NA;;;;;NA;;;;;NA;NA;NA;NA;NA;NA;NA;NA;NA;NA;2017-07-08;dls;;;,,,,,,
terk;2020-09-05;;pond;;;2020-09-28;;;;;NA;;;;;NA;;;;;NA;;;;;NA;NA;NA;NA;NA;NA;NA;NA;NA;NA;2020-09-28;dls;inferred dead;;,,,,,,
term;NA;;talek;;;1991-08-12;;;;;NA;;;;;NA;;;;;NA;;;;;NA;NA;NA;NA;NA;NA;NA;NA;NA;NA;1991-08-12;dls;fate unknown;;,,,,,,
tero;2011-02-16;;serena.n;;;2011-03-30;;;;;2011-12-17;;;;DenGrad info not in table, instead taken from tblHyenas;2012-03-18;;;;;NA;;;;;NA;NA;NA;NA;NA;NA;NA;NA;NA;NA;2023-01-23;dls;fate unknown;;,,,,,
terv;2016-01-17;;serena.s;;;2016-06-17;;;;;2017-02-22;;;;DenGrad info not in table, instead taken from tblHyenas;2017-08-15;;;1.5;;2018-12-15;dispersal;serena.n;;;NA;NA;NA;NA;NA;NA;NA;NA;NA;NA;NA;dls;;;,,,,,
tet;NA;;serena.s;;;2019-10-23;;;;;NA;;;;;NA;;;;;NA;;;;;NA;NA;NA;NA;NA;NA;NA;NA;NA;NA;2020-03-21;dls;;;,,,,,,
teti;2021-10-10;;talek;;;2022-05-20;;;;;2022-07-23;;;0.5;;NA;;;;;NA;;;;;NA;NA;NA;NA;NA;NA;NA;NA;NA;NA;NA;;;;,,,,,,
teva;2008-04-16;;talek;;;2008-07-19;;;;;2009-01-25;;;1;;2009-02-19;;;4;;NA;;;;;NA;NA;NA;NA;NA;NA;NA;NA;NA;NA;2010-01-29;dls;fate unknown;;,,,,,,
tgly;2016-10-17;;talek;;;2016-11-24;;;;;2017-06-06;;;3;;NA;;;;;NA;;;;;NA;NA;NA;NA;NA;NA;NA;NA;NA;NA;NA;dls;;;,,,,,,
tgn;2012-10-10;;fig.tree;;;2012-12-06;;;;;NA;;;;;NA;;;;;NA;;;;;NA;NA;NA;NA;NA;NA;NA;NA;NA;NA;2014-11-07;dls;;;check EventStatus and EventData,,,,,,
tgpi;2012-01-03;;talek;;;2012-03-06;;;;;2012-09-14;;;0;;2012-12-18;error;;41;;2016-05-01;fission;talek;;;NA;NA;NA;NA;NA;NA;NA;NA;NA;NA;NA;dls;;;,,,,,,
tguy;NA;;serena.n;;;2008-07-10;;;;;NA;;;;;NA;;;;;NA;;;;;NA;NA;NA;NA;NA;NA;NA;NA;NA;NA;2009-05-09;dls;fate unknown;;,,,,,,
tgw;2005-11-20;;talek;;;2006-02-15;;;;;2006-08-16;;;1;;2006-11-27;;;3.5;;NA;;;;;NA;NA;NA;NA;NA;NA;NA;NA;NA;NA;2006-12-12;dls;starved?;;,,,,,,
the;NA;;talek;;;1997-01-21;;;;;NA;;;;;NA;;;;;NA;;;;;NA;NA;NA;NA;NA;NA;NA;NA;NA;NA;1997-01-21;dls;fate unknown;;,,,,,,
thef;2014-08-08;;talek;;;2014-12-22;;;;;NA;;;;;NA;;;;;NA;;;;;NA;NA;NA;NA;NA;NA;NA;NA;NA;NA;2015-05-08;dls;fate unknown;;,,,,,,
thel;2012-01-02;;mara.river;;;2012-01-28;;;;;NA;;;;;NA;;;;;NA;;;;;NA;NA;NA;NA;NA;NA;NA;NA;NA;NA;NA;dls;;;,,,,,,
thg;NA;;serena.n;;;2008-06-27;;;;;NA;;;;;NA;;;;;NA;;;;;NA;NA;NA;NA;NA;NA;NA;NA;NA;NA;2008-06-27;;;;check EventStatus and EventData,,,,,,
thi;1995-03-13;;talek;;;1995-03-17;;;;;NA;;;;;NA;;;;;NA;;;;;NA;NA;NA;NA;NA;NA;NA;NA;NA;NA;1995-03-26;dead;starvation;;,,,,,,
thls;2015-09-15;;happy.zebra;;;2016-02-26;;;;;2016-09-25;;;;DenGrad info not in table, instead taken from tblHyenas;2016-09-13;;;2;;NA;;;;;NA;NA;NA;NA;NA;NA;NA;NA;NA;NA;NA;dls;;;,,,,,
thm;2009-02-15;;mara.river;;;2009-07-19;;;;;NA;;;;;NA;;;;;NA;;;;;NA;NA;NA;NA;NA;NA;NA;NA;NA;NA;NA;dls;;;,,,,,,
thnd;2014-09-23;;serena.s;;;2014-10-28;;;;;2015-05-15;;;;DenGrad info not in table, instead taken from tblHyenas;2015-06-23;;;26.5;;NA;;;;;NA;NA;NA;NA;NA;NA;NA;NA;NA;NA;2015-07-20;dls;;;,,,,,
tho;1999-05-25;;talek;;;1999-06-14;;;;;NA;;;;;NA;;;;;NA;;;;;NA;NA;NA;NA;NA;NA;NA;NA;NA;NA;1999-06-15;dead;;;,,,,,,
thom;2006-04-01;;talek;;;2006-06-09;;;;;NA;dbg;;;;NA;dbw;;;;NA;;;;;NA;NA;NA;NA;NA;NA;NA;NA;NA;NA;2006-11-16;dls;;;Date from Master List, approved KEH,,,,,
thor;2002-03-08;;talek;;;2002-04-26;;;;;2002-11-10;;;3;;2002-12-08;;;2.5;;NA;;;;;NA;NA;NA;NA;NA;NA;NA;NA;NA;NA;2003-01-20;dls;inferred dead;;,,,,,,
thrl;2013-12-30;;serena.n;;;2014-02-27;;;;;NA;;;;;NA;dbw;;;;NA;;;;;NA;NA;NA;NA;NA;NA;NA;NA;NA;NA;2014-05-03;dls;;;,,,,,,
tht;2003-08-03;;oltukai;;;2003-09-01;;;;;NA;;;;;NA;;;;;NA;;;;;NA;NA;NA;NA;NA;NA;NA;NA;NA;NA;2005-07-09;;;;check EventStatus and EventData,,,,,,
thum;1994-07-12;;talek;;;1994-07-31;;;;;NA;;;;;NA;;;;;NA;;;;;NA;NA;NA;NA;NA;NA;NA;NA;NA;NA;1994-09-05;dead;;;,,,,,,
thy;2010-11-22;;serena.s;;;2011-02-14;;;;;2011-07-11;;;;DenGrad info not in table, instead taken from tblHyenas;2011-11-09;;;;;NA;;;;;NA;NA;NA;NA;NA;NA;NA;NA;NA;NA;2014-04-03;dls;fate unknown;;,,,,,
tia;2003-02-18;;talek;;;2003-03-17;;;;;2003-10-27;;;2;;2004-02-12;;;1;;NA;;;;;NA;NA;NA;NA;NA;NA;NA;NA;NA;NA;2006-12-09;dead;lions;;,,,,,,
tian;2013-07-04;;talek;;;2013-08-08;;;;;2014-04-29;;;1;;2014-02-15;;;0.5;;2016-05-01;fission;kcm;;;NA;NA;NA;NA;NA;NA;NA;NA;NA;NA;NA;dls;;;,,,,,,
tib;2005-05-19;;airstrip;;;2005-06-24;;;;;NA;;;;;NA;dbw;;;;NA;;;;;NA;NA;NA;NA;NA;NA;NA;NA;NA;NA;2005-07-09;dls;;;,,,,,,
tica;2012-10-04;;talek;;;2012-11-04;;;;;2013-07-29;;;1;;2013-08-28;;;2;;NA;;;;;NA;NA;NA;NA;NA;NA;NA;NA;NA;NA;2016-01-25;dls;dispersed;;,,,,,,
tig;1994-09-08;;talek;;;1994-09-15;;;;;NA;;;;;NA;;;;;NA;;;;;NA;NA;NA;NA;NA;NA;NA;NA;NA;NA;1995-03-17;dead;;;,,,,,,
tigr;2021-12-05;;kcm;;;2022-07-29;;;;;2022-08-09;error;;0;;NA;;;;;NA;;;;;NA;NA;NA;NA;NA;NA;NA;NA;NA;NA;NA;;;;,,,,,,
tija;NA;;talek;;;2011-06-13;;;;;NA;;;;;NA;;;;;NA;;;;;NA;NA;NA;NA;NA;NA;NA;NA;NA;NA;2013-04-05;dls;inferred dead;;,,,,,,
tika;NA;;talek;;;1997-04-17;;;;;NA;;;;;NA;;;;;NA;;;;;NA;NA;NA;NA;NA;NA;NA;NA;NA;NA;1997-04-17;dls;fate unknown;;,,,,,,
tilt;2008-07-20;;talek;;;2008-07-26;;;;;2009-05-04;;;0;;2009-08-27;;;5.5;;2016-05-01;fission;kcm;;;NA;NA;NA;NA;NA;NA;NA;NA;NA;NA;NA;dls;;;,,,,,,
timo;2015-04-01;;talek;;;2015-05-06;;;;;2015-10-11;;;5;;2016-08-14;;;10;;2016-05-01;fission;pond;;;NA;NA;NA;NA;NA;NA;NA;NA;NA;NA;2018-08-06;dls;;;,,,,,,
tin;NA;;emarti h;;;2003-06-18;;;;;NA;;;;;NA;;;;;NA;;;;;NA;NA;NA;NA;NA;NA;NA;NA;NA;NA;2016-06-18;;;;check EventStatus and EventData,,,,,,
ting;2018-01-01;;serena.s;;;2018-01-17;;;;;NA;;;;;NA;;;;;NA;;;;;NA;NA;NA;NA;NA;NA;NA;NA;NA;NA;2018-04-21;dls;;;,,,,,,
tini;2003-06-28;;talek;;;2003-07-27;;;;;2004-04-29;;;6.5;;2004-06-28;;;24;;NA;;;;;NA;NA;NA;NA;NA;NA;NA;NA;NA;NA;2007-08-19;dls;dispersed;;,,,,,,
tino;2020-04-19;;kcm;;;2021-03-19;;;;;2021-04-19;error;;22152.5;Graduated based on DOB, never seen at den;NA;;;;;NA;;;;;NA;NA;NA;NA;NA;NA;NA;NA;NA;NA;NA;;;;,,,,,
tinu;1989-01-12;;talek;;;1989-02-14;;;;;1989-09-07;;;9.5;;NA;;;;;NA;;;;;NA;NA;NA;NA;NA;NA;NA;NA;NA;NA;1990-01-08;dead;;;,,,,,,
tip;2017-10-22;;serena.n;;;2017-10-23;;;;;2018-09-25;grad;;0.5;;NA;;;;;NA;;;;;NA;NA;NA;NA;NA;NA;NA;NA;NA;NA;NA;;;;,,,,,,
tipi;NA;;embryo;;;1997-07-02;;;;;NA;;;;;NA;;;;;NA;;;;;NA;NA;NA;NA;NA;NA;NA;NA;NA;NA;1997-07-02;dead;humans;;,,,,,,
tiq;2016-10-28;;talek;;;2016-12-13;;;;;2017-07-19;;;;DenGrad info not in table, instead taken from tblHyenas;NA;;;;;NA;;;;;NA;NA;NA;NA;NA;NA;NA;NA;NA;NA;2020-05-27;dls;;;,,,,,
tira;2014-04-29;;talek;;;2014-05-20;;;;;2014-11-25;;;0.5;;2015-03-02;;;3;;2016-05-01;fission;talek;;;NA;NA;NA;NA;NA;NA;NA;NA;NA;NA;2017-11-08;dls;;;,,,,,,
tit;1993-08-15;;talek;;;1993-09-09;;;;;1994-04-22;;;0.5;;1994-08-01;;;;;NA;;;;;NA;NA;NA;NA;NA;NA;NA;NA;NA;NA;1995-03-19;dead;;;,,,,,,
titn;2010-10-25;;talek;;;2010-12-13;;;;;2011-06-27;;;0;;2011-08-26;;;6;;NA;;;;;NA;NA;NA;NA;NA;NA;NA;NA;NA;NA;2013-11-30;dls;dispersed;;,,,,,,
tk;NA;;talek;;;2001-09-19;;;;;NA;;;;;NA;;;;;NA;;;;;NA;NA;NA;NA;NA;NA;NA;NA;NA;NA;2001-09-26;dls;fate unknown;;,,,,,,
tlda;2019-01-18;;serena.n;;;2019-03-11;;;;;2019-10-27;;;16;;NA;;;;;NA;;;;;NA;NA;NA;NA;NA;NA;NA;NA;NA;NA;2021-06-26;dls;;;,,,,,,
tldo;NA;;serena.s;;;2010-08-08;;;;;NA;;;;;NA;;;;;NA;;;;;NA;NA;NA;NA;NA;NA;NA;NA;NA;NA;2019-04-13;dls;fate unknown;;,,,,,,
tlek;NA;;mara.river;;;2007-04-08;;;;;NA;;;;;NA;;;;;NA;;;;;NA;NA;NA;NA;NA;NA;NA;NA;NA;NA;2014-01-24;dls;;;check EventStatus and EventData,,,,,,
tles;NA;;talek;;;1991-09-09;;;;;NA;;;;;NA;;;;;NA;;;;;NA;NA;NA;NA;NA;NA;NA;NA;NA;NA;1991-09-09;dls;fate unknown;;,,,,,,
tman;NA;;talek;;;1991-12-28;;;;;NA;;;;;NA;;;;;NA;;;;;NA;NA;NA;NA;NA;NA;NA;NA;NA;NA;1992-05-06;dls;fate unknown;;,,,,,,
tmtu;NA;;talek;;;2010-07-31;;;;;NA;;;;;NA;;;;;NA;;;;;NA;NA;NA;NA;NA;NA;NA;NA;NA;NA;2010-08-03;dls;dispersed;;,,,,,,
tna;2020-12-16;;kcm;;;2021-10-12;;;;;NA;;;;;NA;;;;;NA;;;;;NA;NA;NA;NA;NA;NA;NA;NA;NA;NA;2021-10-12;dls;;;,,,,,,
tnda;2021-04-28;;kcm;;;2022-07-27;;;;;2022-04-28;22339.5;;;Graduated based on DOB, before DFS;NA;;;;;NA;;;;;NA;NA;NA;NA;NA;NA;NA;NA;NA;NA;NA;;;;,,,,,
tndr;2015-01-29;;talek;;;2015-03-09;;;;;NA;;;;;2015-08-22;;;1;;2016-05-01;fission;talek;;;NA;NA;NA;NA;NA;NA;NA;NA;NA;NA;2017-04-21;dls;;;,,,,,,
tngy;2017-02-25;;serena.s;;;2017-03-18;;;;;NA;;;;;NA;;;;;NA;;;;;NA;NA;NA;NA;NA;NA;NA;NA;NA;NA;2017-11-10;dls;;;,,,,,,
tnk;2008-09-24;;olare;;;2008-11-03;;;;;NA;;;;;NA;;;;;NA;;;;;NA;NA;NA;NA;NA;NA;NA;NA;NA;NA;NA;;;;,,,,,,
tnks;2013-03-15;;talek;;;2013-05-14;;;;;2014-01-03;;;8.5;;2013-11-27;;;2.5;;2016-05-01;fission;talek;;;NA;NA;NA;NA;NA;NA;NA;NA;NA;NA;2022-05-17;dls;;;,,,,,,
tnsl;NA;;serena.n;;;2008-07-08;;;;;NA;;;;;NA;;;;;NA;;;;;NA;NA;NA;NA;NA;NA;NA;NA;NA;NA;2014-06-12;dls;fate unknown;;,,,,,,
tntn;2015-03-10;;serena.n;;;2015-04-07;;;;;NA;;;;;NA;dbw;;;;NA;;;;;NA;NA;NA;NA;NA;NA;NA;NA;NA;NA;2015-04-10;dls;;;,,,,,,
toad;2013-08-18;;talek;;;2014-03-18;;;;;2014-05-21;;;2.5;;2014-07-11;;;18;;2016-05-01;fission;pond;;;NA;NA;NA;NA;NA;NA;NA;NA;NA;NA;2016-12-10;dls;inferred dead;;,,,,,,
toba;2016-08-11;;serena.s;;;2016-09-03;;;;;2017-02-25;;;;DenGrad info not in table, instead taken from tblHyenas;NA;;;;;NA;;;;;NA;NA;NA;NA;NA;NA;NA;NA;NA;NA;2019-08-17;dls;;;,,,,,
tod;2021-12-29;;serena.s;;;2022-02-09;;;;;2022-10-08;;;1.5;>200, >200, >200;NA;;;;;NA;;;;;NA;NA;NA;NA;NA;NA;NA;NA;NA;NA;NA;;;;,,,,
tof;1999-04-24;;talek;;;1999-05-01;;;;;NA;;;;;NA;;;;;NA;;;;;NA;NA;NA;NA;NA;NA;NA;NA;NA;NA;1999-05-13;dls;fate unknown;;,,,,,,
tol;2001-08-06;;talek;;;2001-08-12;;;;;2002-04-24;;;12.5;;NA;dbw;;;;NA;;;;;NA;NA;NA;NA;NA;NA;NA;NA;NA;NA;2002-04-28;dls;inferred dead;;,,,,,,
tom;NA;;talek;;;1988-09-04;;;;;NA;;;;;NA;;;;;NA;;;;;NA;NA;NA;NA;NA;NA;NA;NA;NA;NA;1989-07-13;dls;dispersed;;,,,,,,
toms;2022-04-26;;happy.zebra;;;2022-06-13;;;;;NA;;;;;NA;;;;;NA;;;;;NA;NA;NA;NA;NA;NA;NA;NA;NA;NA;2022-11-26;dead;lions;;,,,,,,
tony;2020-06-21;;kcm;;;2021-03-21;;;;;NA;;;;;NA;;;;;NA;;;;;NA;NA;NA;NA;NA;NA;NA;NA;NA;NA;2021-03-21;dls;;;,,,,,,
toon;2023-06-16;born;serena.n;;;2023-08-06;;;;;NA;;;;;NA;;;;;NA;;;;;NA;NA;NA;NA;NA;NA;NA;NA;NA;NA;NA;;;;,,,,,,
toot;2017-12-03;;serena.n;;;2017-12-23;;;;;NA;;;;;NA;;;;;NA;;;;;NA;NA;NA;NA;NA;NA;NA;NA;NA;NA;2017-12-23;dls;;;,,,,,,
topa;2019-12-06;;talek;;;2020-01-10;;;;;2020-09-16;error;;109.5;;NA;;;;;NA;;;;;NA;NA;NA;NA;NA;NA;NA;NA;NA;NA;NA;;;;,,,,,,
toph;2017-05-25;;serena.n;;;2017-06-18;;;;DFS assigned by field, no associated session;NA;;;;;NA;;;;;NA;;;;;NA;NA;NA;NA;NA;NA;NA;NA;NA;NA;2020-02-25;dls;;;,,,,,
tor;NA;;talek;;;1996-12-09;;;;;NA;;;;;NA;;;;;NA;;;;;NA;NA;NA;NA;NA;NA;NA;NA;NA;NA;1996-12-09;dls;fate unknown;;,,,,,,
tora;2019-09-18;;serena.n;;;2019-11-26;;;;;2020-09-18;error;;10.5;Cub automatically den graduated based on birthdate, error term skewed due to pandemic;NA;;;;;NA;;;;;NA;NA;NA;NA;NA;NA;NA;NA;NA;NA;2023-01-14;dls;inferred dispersal;;KDSL: inferred dispersal due to last being seen in South,,,,,
toro;NA;;serena.n;;;2010-07-02;;;;;NA;;;;;NA;;;;;NA;;;;;NA;NA;NA;NA;NA;NA;NA;NA;NA;NA;2016-10-25;dls;fate unknown;;,,,,,,
tort;2008-04-01;;talek;;;2008-05-22;;;;;NA;dbg;;;;NA;dbw;;;;NA;;;;;NA;NA;NA;NA;NA;NA;NA;NA;NA;NA;2008-05-27;dls;inferred dead;;,,,,,,
toto;NA;;17km;;;2009-02-25;;;;;NA;;;;;NA;;;;;NA;;;;;NA;NA;NA;NA;NA;NA;NA;NA;NA;NA;NA;;;;,,,,,,
tou;NA;;serena.s;;;2009-01-20;;;;;NA;;;;;NA;;;;;NA;;;;;NA;NA;NA;NA;NA;NA;NA;NA;NA;NA;2011-02-09;dls;fate unknown;;check EventStatus and EventData,,,,,,
town;2020-09-21;;serena.s;;;2020-10-12;;;;;2021-09-21;;;0.5;Cub automatically den graduated based on birthdate;NA;;;;;NA;;;;;NA;NA;NA;NA;NA;NA;NA;NA;NA;NA;2021-09-20;dls;;;,,,,,,
tp;1991-06-03;;talek;;;1991-08-02;;;;;NA;;;;;NA;;;;;NA;;;;;NA;NA;NA;NA;NA;NA;NA;NA;NA;NA;1991-11-15;dead;;;,,,,,,
tpac;2010-03-01;;serena.n;;;2010-08-22;;;;;2011-01-28;;;;DenGrad info not in table, instead taken from tblHyenas;2010-10-07;;;;;NA;;;;;NA;NA;NA;NA;NA;NA;NA;NA;NA;NA;2013-06-25;dls;fate unknown;;check EventStatus and EventData,,,,,
tpe;2009-01-10;;talek;;;2009-02-17;;;;;2009-08-05;;;1.5;;2009-10-29;;;4.5;;NA;;;;;NA;NA;NA;NA;NA;NA;NA;NA;NA;NA;2013-05-28;dls;inferred dead;;,,,,,,
tq;1990-10-20;;talek;;;1990-11-25;;;;;1991-08-09;;;2.5;;NA;;;;;NA;;;;;NA;NA;NA;NA;NA;NA;NA;NA;NA;NA;1991-08-10;dead;;;,,,,,,
trap;NA;;oltukai;;;2003-07-12;;;;;NA;;;;;NA;;;;;NA;;;;;NA;NA;NA;NA;NA;NA;NA;NA;NA;NA;2005-07-09;;;;check EventStatus and EventData,,,,,,
trbl;2023-03-07;;serena.n;;;2023-04-20;;;;;NA;;;;;NA;;;;;NA;;;;;NA;NA;NA;NA;NA;NA;NA;NA;NA;NA;NA;;;;,,,,,,
trck;2013-10-11;;mara.river;;;2014-03-11;;;;;NA;;;;;NA;;;;;NA;;;;;NA;NA;NA;NA;NA;NA;NA;NA;NA;NA;NA;dls;;;,,,,,,
trdo;2011-09-12;;serena.n;;;2012-01-27;;;;;NA;;;;;NA;dbw;;;;NA;;;;;NA;NA;NA;NA;NA;NA;NA;NA;NA;NA;2012-03-18;dls;;;,,,,,,
treb;2013-12-02;;happy.zebra;;;2014-01-14;;;;;2014-09-25;;;;DenGrad info not in table, instead taken from tblHyenas;2014-10-11;;;2.5;;NA;;;;;NA;NA;NA;NA;NA;NA;NA;NA;NA;NA;2018-06-23;dls;;;,,,,,
tred;2022-04-15;;talek;;;2022-07-11;;;;;NA;;;;;NA;;;;;NA;;;;;NA;NA;NA;NA;NA;NA;NA;NA;NA;NA;NA;;;;,,,,,,
trex;2008-11-05;;serena.n;;;2009-01-27;;;;;2009-11-05;;;;DenGrad info not in table, instead taken from tblHyenas;2009-08-17;;;;;NA;;;;;NA;NA;NA;NA;NA;NA;NA;NA;NA;NA;2017-04-10;dls;fate unknown;;,,,,,
trfl;NA;;;;;2009-02-19;;;;;NA;;;;;NA;;;;;NA;;;;;NA;NA;NA;NA;NA;NA;NA;NA;NA;NA;2009-02-19;;;;check EventStatus and EventData,,,,,,
tri;NA;;talek;;;1998-10-22;;;;;NA;;;;;NA;;;;;NA;;;;;NA;NA;NA;NA;NA;NA;NA;NA;NA;NA;1998-10-22;dls;fate unknown;;,,,,,,
tric;2011-02-16;;serena.n;;;2011-03-30;;;;;NA;;;;;NA;dbw;;;;NA;;;;;NA;NA;NA;NA;NA;NA;NA;NA;NA;NA;2011-04-06;dls;fate unknown;;TRIC? Seen on 24-April-11,,,,,,
trig;NA;;happy.zebra;;;2008-07-04;;;;;NA;;;;;NA;;;;;NA;;;;;NA;NA;NA;NA;NA;NA;NA;NA;NA;NA;2009-02-25;dls;fate unknown;;,,,,,,
trik;2019-09-25;;happy.zebra;;;2019-11-05;;;;;NA;;;;;NA;;;;;NA;;;;;NA;NA;NA;NA;NA;NA;NA;NA;NA;NA;2019-11-13;;;;,,,,,,
trio;2019-09-19;;happy.zebra;;;2020-01-02;;;;;NA;;;;;NA;;;;;NA;;;;;NA;NA;NA;NA;NA;NA;NA;NA;NA;NA;2020-03-20;dls;;;,,,,,,
trip;NA;;mara.river;;;2005-10-31;;;;;NA;;;;;NA;;;;;NA;;;;;NA;NA;NA;NA;NA;NA;NA;NA;NA;NA;NA;dls;;;,,,,,,
tris;NA;;llion;;;NA;;;;;NA;;;;;NA;;;;;NA;;;;;NA;NA;NA;NA;NA;NA;NA;NA;NA;NA;NA;;;;,,,,,,
trlf;NA;;;;;2009-02-19;;;;;NA;;;;;NA;;;;;NA;;;;;NA;NA;NA;NA;NA;NA;NA;NA;NA;NA;2009-02-19;;;;check EventStatus and EventData,,,,,,
trni;2012-07-04;;serena.n;;;2012-07-12;;;;;2013-02-18;;;;DenGrad info not in table, instead taken from tblHyenas;2013-07-03;;;;;2019-10-21;dispersal;oloololo;;;NA;NA;NA;NA;NA;NA;NA;NA;NA;NA;NA;dls;;;,,,,,
tro;NA;;talek;;;1997-08-29;;;;;NA;;;;;NA;;;;;NA;;;;;NA;NA;NA;NA;NA;NA;NA;NA;NA;NA;1997-08-29;dls;fate unknown;;,,,,,,
trop;2010-12-16;;serena.s;;;2011-01-06;;;;;NA;;;;;NA;dbw;;;;NA;;;;;NA;NA;NA;NA;NA;NA;NA;NA;NA;NA;2011-03-13;dls;fate unknown;;,,,,,,
trot;2007-06-01;;serena.s;;;2008-11-25;;;;;NA;;;;;NA;;;;;2010-04-24;dispersal;serena.n;;;NA;NA;NA;NA;NA;NA;NA;NA;NA;NA;2016-05-18;dls;fate unknown;;,,,,,,
trph;NA;;fig.tree;;;2013-11-24;;;;;NA;;;;;NA;;;;;NA;;;;;NA;NA;NA;NA;NA;NA;NA;NA;NA;NA;2014-11-02;dls;;;check EventStatus and EventData,,,,,,
trqo;2005-01-01;;oltukai;;;2005-01-07;;;;;NA;;;;;NA;;;;;NA;;;;;NA;NA;NA;NA;NA;NA;NA;NA;NA;NA;2005-01-14;dls;;;,,,,,,
trst;2017-12-13;;kcm;;;2018-05-27;;;;;2018-05-27;error;;21623.5;TRST was never seen at a den;NA;;;;;NA;;;;;NA;NA;NA;NA;NA;NA;NA;NA;NA;NA;2021-09-11;dls;;;,,,,,,
trt;2000-06-02;;mara.river;;;2001-06-16;;;;;NA;;;;;NA;;;;;NA;;;;;NA;NA;NA;NA;NA;NA;NA;NA;NA;NA;2004-02-23;dls;;;check EventStatus and EventData,,,,,,
tru;2007-10-01;;serena.s;;;2008-11-25;;;;;NA;;;;;NA;;;;;NA;;;;;NA;NA;NA;NA;NA;NA;NA;NA;NA;NA;NA;dls;fate unknown;;,,,,,,
trub;2015-02-15;;talek;;;2015-07-31;;;;;NA;;;;;2016-01-28;;;21;;2016-05-01;fission;kcm;;;NA;NA;NA;NA;NA;NA;NA;NA;NA;NA;2019-11-15;dls;;;,,,,,,
trus;2013-12-02;;talek;;;2014-05-21;;;;;2014-11-05;;;0;;2014-12-05;;;0.5;;2016-05-01;fission;talek;;;NA;NA;NA;NA;NA;NA;NA;NA;NA;NA;NA;dls;;;,,,,,,
tsa;1998-12-10;;talek;;;1999-02-01;;;;;1999-08-13;;;0.5;;1999-07-20;;;1;;NA;;;;;NA;NA;NA;NA;NA;NA;NA;NA;NA;NA;2001-08-02;dls;inferred dead;;,,,,,,
tson;NA;;talek;;;2013-12-22;;;;;NA;;;;;NA;;;;;NA;;;;;NA;NA;NA;NA;NA;NA;NA;NA;NA;NA;2014-05-29;dls;dispersed;;,,,,,,
tsu;2008-11-05;;serena.n;;;2008-11-21;;;;;2009-03-31;;;;DenGrad info not in table, instead taken from tblHyenas;2009-07-13;;;;;NA;;;;;NA;NA;NA;NA;NA;NA;NA;NA;NA;NA;2011-11-12;dls;fate unknown;;,,,,,
tt;1989-09-01;;talek;;;1989-10-14;;;;;1990-04-19;;;0.5;;NA;;;;;NA;;;;;NA;NA;NA;NA;NA;NA;NA;NA;NA;NA;1990-06-28;dead;;;,,,,,,
ttch;NA;;talek.e;;;2005-09-20;;;;;NA;;;;;NA;;;;;NA;;;;;NA;NA;NA;NA;NA;NA;NA;NA;NA;NA;2007-06-09;dls;;;,,,,,,
ttrs;2010-01-11;;mara.river;;;NA;;;;;NA;;;;;NA;;;;;NA;;;;;NA;NA;NA;NA;NA;NA;NA;NA;NA;NA;NA;dls;;;,,,,,,
tub;2008-10-15;;serena.s;;;2008-11-29;;;;;NA;;;;;NA;dbw;;;;NA;;;;;NA;NA;NA;NA;NA;NA;NA;NA;NA;NA;2008-12-20;dls;fate unknown;;,,,,,,
tube;2022-08-15;;happy.zebra;;;2022-10-03;;;;;NA;;;;;NA;;;;;NA;;;;;NA;NA;NA;NA;NA;NA;NA;NA;NA;NA;2023-02-13;dls;fate unknown;;,,,,,,
tuch;2018-08-20;;serena.n;;;2018-10-04;;;;;NA;;;;;NA;;;;;NA;;;;;NA;NA;NA;NA;NA;NA;NA;NA;NA;NA;2018-12-04;dls;;;,,,,,,
tud;2007-01-02;;fig.tree;;;2007-05-02;;;;;NA;;;;;NA;;;;;NA;;;;;NA;NA;NA;NA;NA;NA;NA;NA;NA;NA;2014-11-02;dls;inferred dead;;,,,,,,
tula;2013-11-23;;happy.zebra;;;2013-11-27;;;;;2014-09-25;;;;DenGrad info not in table, instead taken from tblHyenas;2014-08-21;error;;43;;NA;;;;;NA;NA;NA;NA;NA;NA;NA;NA;NA;NA;2022-07-09;dls;;;,,,,,
tuli;2011-12-02;;talek;;;2012-01-10;;;;;NA;dbg;;;;NA;dbw;;;;NA;;;;;NA;NA;NA;NA;NA;NA;NA;NA;NA;NA;2012-01-10;dead;;;killed and eaten by MOS,,,,,,
tulp;2017-08-11;;talek.w;;;2017-09-22;;;;;2018-07-05;error;;7;;NA;;;;;NA;;;;;NA;NA;NA;NA;NA;NA;NA;NA;NA;NA;2019-12-17;dls;;;,,,,,,
tuna;2021-12-31;;serena.s;;;2022-03-15;;;;;2022-10-10;;;3.5;10-Oct-22;NA;;;;;NA;;;;;NA;NA;NA;NA;NA;NA;NA;NA;NA;NA;2022-11-04;dls;;;,,,,,,
tupu;2020-06-22;;kcm;;;2022-01-29;;;;;2021-06-22;error;;22184.5;Graduated based on DOB, before DFS;NA;;;;;NA;;;;;NA;NA;NA;NA;NA;NA;NA;NA;NA;NA;NA;;;;,,,,,
tura;2005-01-01;;oltukai;;;2005-01-07;;;;;NA;;;;;NA;;;;;NA;;;;;NA;NA;NA;NA;NA;NA;NA;NA;NA;NA;NA;;;;,,,,,,
turk;2004-02-07;;talek;;;2004-05-31;;;;;NA;dbg;;;;NA;dbw;;;;NA;;;;;NA;NA;NA;NA;NA;NA;NA;NA;NA;NA;2004-08-09;dead;lions;;,,,,,,
turq;2009-11-29;;talek;;;2010-02-02;;;;;2010-08-13;;;5.5;;2010-07-05;;;3;;NA;;;;;NA;NA;NA;NA;NA;NA;NA;NA;NA;NA;2012-08-26;dls;inferred dead;;,,,,,,
tus;1999-02-12;;talek;;;1999-02-17;;;;;NA;;;;;NA;;;;;NA;;;;;NA;NA;NA;NA;NA;NA;NA;NA;NA;NA;1999-05-05;dead;;;,,,,,,
tut;NA;;airstrip;;;2003-07-21;;;;;NA;;;;;NA;;;;;NA;;;;;NA;NA;NA;NA;NA;NA;NA;NA;NA;NA;2004-09-15;dls;;;check EventStatus and EventData,,,,,,
tutu;2010-07-22;;mara.river;;;NA;;;;;NA;;;;;NA;;;;;NA;;;;;NA;NA;NA;NA;NA;NA;NA;NA;NA;NA;NA;dls;;;,,,,,,
tw;2016-12-23;;kcm;;;2017-09-23;;;;;2017-10-14;;;;DenGrad info not in table, instead taken from tblHyenas;NA;;;;;NA;;;;;NA;NA;NA;NA;NA;NA;NA;NA;NA;NA;2018-09-11;dls;;;,,,,,
twai;1997-03-03;;talek;;;1997-04-01;;;;;NA;;;;;NA;;;;;NA;;;;;NA;NA;NA;NA;NA;NA;NA;NA;NA;NA;1997-04-28;dead;;;,,,,,,
twb;NA;;talek;;;1996-07-15;;;;;NA;;;;;NA;;;;;NA;;;;;NA;NA;NA;NA;NA;NA;NA;NA;NA;NA;1996-07-15;dls;fate unknown;;,,,,,,
twit;2020-06-23;;serena.n;;;2020-08-07;;;;;2021-03-08;;;.5;;NA;;;;;NA;;;;;NA;NA;NA;NA;NA;NA;NA;NA;NA;NA;NA;;;;,,,,,,
twiz;2019-08-22;;pond;;;2019-12-31;;;;;NA;;;;;NA;;;;;NA;;;;;NA;NA;NA;NA;NA;NA;NA;NA;NA;NA;2020-01-09;dls;;;,,,,,,
twl;2003-09-20;;airstrip;;;2003-12-29;;;;;NA;;;;;NA;;;;;NA;;;;;NA;NA;NA;NA;NA;NA;NA;NA;NA;NA;2005-07-10;dls;;;,,,,,,
twnk;2015-12-17;;serena.n;;;2016-03-10;;;;;NA;;;;;NA;;;;;NA;;;;;NA;NA;NA;NA;NA;NA;NA;NA;NA;NA;2016-03-10;dls;;;,,,,,,
twof;2015-12-14;;serena.s;;;2016-01-18;;;;;NA;;;;;NA;;;;;NA;;;;;NA;NA;NA;NA;NA;NA;NA;NA;NA;NA;2016-01-18;dls;;;,,,,,,
twst;2011-03-03;;talek;;;2011-05-12;;;;;2011-11-19;;;1.5;;2012-05-30;;;1;;2016-05-01;fission;talek;;;NA;NA;NA;NA;NA;NA;NA;NA;NA;NA;2018-03-30;dls;;;,,,,,,
ty;NA;;airstrip;;;2003-10-07;;;;;NA;;;;;NA;;;;;NA;;;;;NA;NA;NA;NA;NA;NA;NA;NA;NA;NA;2004-10-27;dls;;;,,,,,,
tyak;2009-12-12;;serena.s;;;2010-01-05;;;;;NA;;;;;NA;dbw;;;;NA;;;;;NA;NA;NA;NA;NA;NA;NA;NA;NA;NA;2010-04-08;dls;;;,,,,,,
tylr;NA;;serena.s;;;2013-02-13;;;;;NA;;;;;NA;;;;;NA;;;;;NA;NA;NA;NA;NA;NA;NA;NA;NA;NA;2018-05-10;dls;;;,,,,,,
typh;2010-11-03;;serena.n;;;2010-12-15;;;;;2011-08-02;;;;DenGrad info not in table, instead taken from tblHyenas;2011-07-23;;;;;NA;;;;;NA;NA;NA;NA;NA;NA;NA;NA;NA;NA;2012-07-15;dls;fate unknown;;check EventStatus and EventData,,,,,
tyro;2019-10-18;;pond;;;2019-12-31;;;;;2020-10-18;error;;40;Graduated based on DOB;NA;;;;;NA;;;;;NA;NA;NA;NA;NA;NA;NA;NA;NA;NA;2021-12-12;dls;;;,,,,,,
tys;NA;;olare;;;2008-11-14;;;;;NA;;;;;NA;;;;;NA;;;;;NA;NA;NA;NA;NA;NA;NA;NA;NA;NA;NA;;;;,,,,,,
tz;NA;;talek;;;1993-07-05;;;;;NA;;;;;NA;;;;;NA;;;;;NA;NA;NA;NA;NA;NA;NA;NA;NA;NA;2000-02-18;dls;dispersed;;,,,,,,
u:h3;NA;;;;;NA;;;;;NA;;;;;NA;;;;;NA;;;;;NA;NA;NA;NA;NA;NA;NA;NA;NA;NA;NA;dls;double check: hyena not in tblSessions, no Disappeared date;;,,,,,
u1038;NA;;17km;;;NA;;;;;NA;;;;;NA;;;;;NA;;;;;NA;NA;NA;NA;NA;NA;NA;NA;NA;NA;2011-03-11;dead;shot by conservancy rangers;;,,,,,,
u1059;NA;;serena.n;;;2011-05-04;;;;;NA;;;;;NA;;;;;NA;;;;;NA;NA;NA;NA;NA;NA;NA;NA;NA;NA;2016-03-05;dls;dispersed;;,,,,,,
u276;NA;;ollosog;;;2003-02-15;;;;;NA;;;;;NA;;;;;NA;;;;;NA;NA;NA;NA;NA;NA;NA;NA;NA;NA;2003-02-14;dead;humans;;,,,,,,
u342;NA;;keekorok;;;2007-01-24;;;;;NA;;;;;NA;;;;;NA;;;;;NA;NA;NA;NA;NA;NA;NA;NA;NA;NA;2007-01-23;dead;;;lions,,,,,,
u368;NA;;;;;NA;;;;;NA;;;;;NA;;;;;NA;;;;;NA;NA;NA;NA;NA;NA;NA;NA;NA;NA;NA;;;;,,,,,,
u401;NA;;;;;2000-06-21;;;;;NA;;;;;NA;;;;;NA;;;;;NA;NA;NA;NA;NA;NA;NA;NA;NA;NA;2000-06-19;dead;;;unknown,,,,,,
u439;NA;;;;;2009-01-18;;;;;NA;;;;;NA;;;;;NA;;;;;NA;NA;NA;NA;NA;NA;NA;NA;NA;NA;2009-01-18;dead;;;car and spears,,,,,,
u44;NA;;elban;;;1991-06-21;;;;;NA;;;;;NA;;;;;NA;;;;;NA;NA;NA;NA;NA;NA;NA;NA;NA;NA;1991-06-21;dead;;;,,,,,,
u522;NA;;;;;2013-10-21;;;;;NA;;;;;NA;;;;;NA;;;;;NA;NA;NA;NA;NA;NA;NA;NA;NA;NA;2013-10-21;dead;humans (hit by car,broken neck;;,,,,,
u534;NA;;talek;;;2014-03-17;;;;;NA;;;;;NA;;;;;NA;;;;;NA;NA;NA;NA;NA;NA;NA;NA;NA;NA;2014-03-16;dead;;;humans,,,,,,
u536;NA;;talek;;;2014-04-17;;;;;NA;;;;;NA;;;;;NA;;;;;NA;NA;NA;NA;NA;NA;NA;NA;NA;NA;2014-04-12;dead;;;posion, april 2014 incident,,,,,
u625;NA;;llion;;;2011-09-20;;;;;NA;;;;;NA;;;;;NA;;;;;NA;NA;NA;NA;NA;NA;NA;NA;NA;NA;2011-09-19;dead;unknown;;,,,,,,
u635;NA;;talek;;;2011-09-02;;;;;NA;;;;;NA;;;;;NA;;;;;NA;NA;NA;NA;NA;NA;NA;NA;NA;NA;2011-08-27;dead;unknown;;,,,,,,
u639;NA;;talek;;;2012-01-10;;;;;NA;;;;;NA;;;;;NA;;;;;NA;NA;NA;NA;NA;NA;NA;NA;NA;NA;2012-01-10;dead;hyenas (infanticide by mos);;,,,,,,
u640;NA;;talek;;;2012-01-21;;;;;NA;;;;;NA;;;;;NA;;;;;NA;NA;NA;NA;NA;NA;NA;NA;NA;NA;2012-01-21;dead;humans (speared);;,,,,,,
u642;NA;;talek;;;2012-03-01;;;;;NA;;;;;NA;;;;;NA;;;;;NA;NA;NA;NA;NA;NA;NA;NA;NA;NA;2012-03-01;dead;humans (speared);;,,,,,,
u645;NA;;talek;;;2012-04-12;;;;;NA;;;;;NA;;;;;NA;;;;;NA;NA;NA;NA;NA;NA;NA;NA;NA;NA;2012-04-10;dead;unknown;;,,,,,,
u656;NA;;;;;NA;;;;;NA;;;;;NA;;;;;NA;;;;;NA;NA;NA;NA;NA;NA;NA;NA;NA;NA;NA;;;;,,,,,,
u692;NA;;;;;NA;;;;;NA;;;;;NA;;;;;NA;;;;;NA;NA;NA;NA;NA;NA;NA;NA;NA;NA;NA;dls;double check: hyena not in tblSessions, no Disappeared date;;,,,,,
u852;NA;;;;;2004-08-02;;;;;NA;;;;;NA;;;;;NA;;;;;NA;NA;NA;NA;NA;NA;NA;NA;NA;NA;2004-08-02;dead;;;,,,,,,
u854;NA;;serena;;;2005-03-08;;;;;NA;;;;;NA;;;;;NA;;;;;NA;NA;NA;NA;NA;NA;NA;NA;NA;NA;2005-03-08;dead;;;,,,,,,
u855;NA;;wakuria;;;2005-03-22;;;;;NA;;;;;NA;;;;;NA;;;;;NA;NA;NA;NA;NA;NA;NA;NA;NA;NA;2005-03-22;dead;lions;;,,,,,,
u856;NA;;talek;;;2005-05-23;;;;;NA;;;;;NA;;;;;NA;;;;;NA;NA;NA;NA;NA;NA;NA;NA;NA;NA;2005-05-17;dead;h;;humans, speared,,,,,
u857;NA;;suswa;;;2005-05-22;;;;;NA;;;;;NA;;;;;NA;;;;;NA;NA;NA;NA;NA;NA;NA;NA;NA;NA;2005-05-21;dead;;;humans, date is estimate,,,,,
u859;NA;;emarti w;;;2005-05-27;;;;;NA;;;;;NA;;;;;NA;;;;;NA;NA;NA;NA;NA;NA;NA;NA;NA;NA;2005-05-13;dead;;;,,,,,,
u860;NA;;talek;;;2005-06-05;;;;;NA;;;;;NA;;;;;NA;;;;;NA;NA;NA;NA;NA;NA;NA;NA;NA;NA;2005-06-04;dead;;;humans, speared,,,,,
u861;NA;;talek;;;2005-06-05;;;;;NA;;;;;NA;;;;;NA;;;;;NA;NA;NA;NA;NA;NA;NA;NA;NA;NA;2005-06-04;dead;humans (speared);;,,,,,,
u862;NA;;;;;2005-07-08;;;;;NA;;;;;NA;;;;;NA;;;;;NA;NA;NA;NA;NA;NA;NA;NA;NA;NA;2005-07-08;dead;;;,,,,,,
u863;NA;;;;;NA;;;;;NA;;;;;NA;;;;;NA;;;;;NA;NA;NA;NA;NA;NA;NA;NA;NA;NA;2005-07-21;dls;;;,,,,,,
u864;NA;;llion;;;2005-08-10;;;;;NA;;;;;NA;;;;;NA;;;;;NA;NA;NA;NA;NA;NA;NA;NA;NA;NA;2005-08-10;dls;;;,,,,,,
u865;NA;;llion;;;2005-08-10;;;;;NA;;;;;NA;;;;;NA;;;;;NA;NA;NA;NA;NA;NA;NA;NA;NA;NA;2005-08-10;dls;;;,,,,,,
u866;NA;;;;;NA;;;;;NA;;;;;NA;;;;;NA;;;;;NA;NA;NA;NA;NA;NA;NA;NA;NA;NA;2005-09-23;dead;;;,,,,,,
u867;NA;;;;;2005-11-06;;;;;NA;;;;;NA;;;;;NA;;;;;NA;NA;NA;NA;NA;NA;NA;NA;NA;NA;2005-11-06;dead;lions;;,,,,,,
u888;NA;;;;;2002-06-22;;;;;NA;;;;;NA;;;;;NA;;;;;NA;NA;NA;NA;NA;NA;NA;NA;NA;NA;2002-06-22;dead;humans;;,,,,,,
u888b;NA;;;;;2000-09-04;;;;;NA;;;;;NA;;;;;NA;;;;;NA;NA;NA;NA;NA;NA;NA;NA;NA;NA;2000-09-04;dead;;;,,,,,,
u889;NA;;;;;2000-09-08;;;;;NA;;;;;NA;;;;;NA;;;;;NA;NA;NA;NA;NA;NA;NA;NA;NA;NA;2000-09-08;dead;humans;;,,,,,,
u891;NA;;talek;;;2002-02-27;;;;;NA;;;;;NA;;;;;NA;;;;;NA;NA;NA;NA;NA;NA;NA;NA;NA;NA;2002-02-27;dead;;;lions,,,,,,
u903;NA;;;;;2006-08-09;;;;;NA;;;;;NA;;;;;NA;;;;;NA;NA;NA;NA;NA;NA;NA;NA;NA;NA;NA;;;;,,,,,,
u948;NA;;;;;NA;;;;;NA;;;;;NA;;;;;NA;;;;;NA;NA;NA;NA;NA;NA;NA;NA;NA;NA;2016-02-08;dls;unknown;;,,,,,,
u987;1996-06-09;;;;;2001-06-22;;;;;NA;;;;;NA;;;;;NA;;;;;NA;NA;NA;NA;NA;NA;NA;NA;NA;NA;2001-06-22;dead;lions;;,,,,,,
u993;NA;;mara.river;;;2002-11-14;;;;;NA;;;;;NA;;;;;NA;;;;;NA;NA;NA;NA;NA;NA;NA;NA;NA;NA;2002-11-14;dead;;;,,,,,,
u995;NA;;mara.river;;;2004-02-28;;;;;NA;;;;;NA;;;;;NA;;;;;NA;NA;NA;NA;NA;NA;NA;NA;NA;NA;2004-02-26;dead;;;,,,,,,
u997;NA;;talek;;;2003-07-27;;;;;NA;;;;;NA;;;;;NA;;;;;NA;NA;NA;NA;NA;NA;NA;NA;NA;NA;2003-07-27;dead;;;,,,,,,
ua;1987-03-01;;talek;;;1987-08-01;;;;;NA;;;;;1988-08-19;;;;;NA;;;;;NA;NA;NA;NA;NA;NA;NA;NA;NA;NA;2001-05-05;dls;lions;;,,,,,,
ua6;NA;;;;;1991-08-25;;;;;NA;;;;;NA;;;;;NA;;;;;NA;NA;NA;NA;NA;NA;NA;NA;NA;NA;1991-08-25;dead;;;,,,,,,
uaf3;NA;;ollosog;;;NA;;;;;NA;;;;;NA;;;;;NA;;;;;NA;NA;NA;NA;NA;NA;NA;NA;NA;NA;NA;dls;double check: hyena not in tblSessions, no Disappeared date;;,,,,,
uaf42;NA;;elban;;;1991-06-21;;;;;NA;;;;;NA;;;;;NA;;;;;NA;NA;NA;NA;NA;NA;NA;NA;NA;NA;1991-06-21;dead;;;,,,,,,
uaf43;NA;;elban;;;1991-06-21;;;;;NA;;;;;NA;;;;;NA;;;;;NA;NA;NA;NA;NA;NA;NA;NA;NA;NA;1991-06-21;dead;;;,,,,,,
uaf7;NA;;;;;1991-10-05;;;;;NA;;;;;NA;;;;;NA;;;;;NA;NA;NA;NA;NA;NA;NA;NA;NA;NA;1991-10-05;dead;;;,,,,,,
uano;2018-09-15;;pond;;;2018-10-27;;;;;NA;;;;;NA;;;;;NA;;;;;NA;NA;NA;NA;NA;NA;NA;NA;NA;NA;NA;;;;,,,,,,
ud;1993-10-04;;talek;;;1993-10-25;;;;;1994-07-03;;;0.5;;1994-08-23;;;;;1996-09-15;dispersal;unknown;;;NA;NA;NA;NA;NA;NA;NA;NA;NA;NA;1998-01-07;dls;;;,,,,,,
ufo;NA;;talek;;;1996-07-16;;;;;NA;;;;;NA;;;;;NA;;;;;NA;NA;NA;NA;NA;NA;NA;NA;NA;NA;1996-07-16;dls;fate unknown;;,,,,,,
ugg;2015-11-19;;talek;;;2016-01-04;;;;;NA;;;;;2016-04-10;;;2.5;;2016-05-01;fission;talek;;;NA;NA;NA;NA;NA;NA;NA;NA;NA;NA;2016-04-14;dls;;;check EventStatus and EventData,,,,,,
ui1;NA;;;;;NA;;;;;NA;;;;;NA;;;;;NA;;;;;NA;NA;NA;NA;NA;NA;NA;NA;NA;NA;NA;dls;double check: hyena not in tblSessions, no Disappeared date;;,,,,,
uis;NA;;talek;;;1997-05-18;;;;;NA;;;;;NA;;;;;NA;;;;;NA;NA;NA;NA;NA;NA;NA;NA;NA;NA;1997-05-18;dls;fate unknown;;,,,,,,
uke;2005-02-01;;talek.e;;;2005-07-16;;;;;2005-09-28;;;1;;2005-10-13;;;6;;NA;;;;;NA;NA;NA;NA;NA;NA;NA;NA;NA;NA;2007-05-09;dls;dispersed;;,,,,,,
ulav;2022-12-03;;serena.n;;;2023-01-06;;;;;NA;;;;;NA;;;;;NA;;;;;NA;NA;NA;NA;NA;NA;NA;NA;NA;NA;2023-01-26;dls;fate unknown;;,,,,,,
ulna;2003-08-17;;airstrip;;;2003-11-24;;;;;NA;;;;;NA;;;;;NA;;;;;NA;NA;NA;NA;NA;NA;NA;NA;NA;NA;2005-07-09;;;;check EventStatus and EventData,,,,,,
ulzi;2010-08-02;;mara.river;;;2013-08-25;;;;;NA;;;;;NA;;;;;NA;;;;;NA;NA;NA;NA;NA;NA;NA;NA;NA;NA;2013-08-25;dls;;;check EventStatus and EventData,,,,,,
umb;NA;;oltukai;;;2003-07-12;;;;;NA;;;;;NA;;;;;NA;;;;;NA;NA;NA;NA;NA;NA;NA;NA;NA;NA;NA;;;;,,,,,,
umbr;2013-03-23;;talek;;;2013-10-11;;;;;2014-01-07;;;10;;2013-12-04;;;1;;2016-05-01;fission;talek;;;NA;NA;NA;NA;NA;NA;NA;NA;NA;NA;2018-05-01;dls;;;,,,,,,
umo;2023-05-15;;serena.n;;;2023-06-12;;;;;NA;;;;;NA;;;;;NA;;;;;NA;NA;NA;NA;NA;NA;NA;NA;NA;NA;NA;;;;,,,,,,
umz;NA;;mara.river;;;2001-11-07;;;;;NA;;;;;NA;;;;;NA;;;;;NA;NA;NA;NA;NA;NA;NA;NA;NA;NA;2001-11-07;dls;;;,,,,,,
unag;2014-03-12;;talek;;;2014-04-30;;;;;2014-10-28;;;6.5;;2014-10-14;;;0.5;;2016-05-01;fission;kcm;;;NA;NA;NA;NA;NA;NA;NA;NA;NA;NA;NA;dls;;;,,,,,,
unid3;NA;;;;;2011-05-13;;;;;NA;;;;;NA;;;;;NA;;;;;NA;NA;NA;NA;NA;NA;NA;NA;NA;NA;NA;;;;,,,,,,
unk;NA;;;;;2010-01-19;;;;;NA;;;;;NA;;;;;NA;;;;;NA;NA;NA;NA;NA;NA;NA;NA;NA;NA;NA;;;;,,,,,,
unkn;NA;;;;;2011-02-24;;;;;NA;;;;;NA;;;;;NA;;;;;NA;NA;NA;NA;NA;NA;NA;NA;NA;NA;NA;;;;,,,,,,
unksa;NA;;;;;2010-04-21;;;;;NA;;;;;NA;;;;;NA;;;;;NA;NA;NA;NA;NA;NA;NA;NA;NA;NA;2010-04-21;dead;;;unknown,,,,,,
unlu;NA;;olkiombo;;;NA;;;;;NA;;;;;NA;;;;;NA;;;;;NA;NA;NA;NA;NA;NA;NA;NA;NA;NA;NA;;;;,,,,,,
uno;NA;;happy.zebra;;;2019-10-26;;;;;NA;;;;;NA;;;;;NA;;;;;NA;NA;NA;NA;NA;NA;NA;NA;NA;NA;2020-01-23;dls;;;,,,,,,
urc;2015-12-06;;talek;;;2016-01-15;;;;;2016-06-19;;;;;2016-11-09;;;2.5;;2016-05-01;fission;talek;;;NA;NA;NA;NA;NA;NA;NA;NA;NA;NA;2018-03-11;dls;;;,,,,,,
ursa;NA;;serena.n;;;2008-06-27;;;;;NA;;;;;NA;;;;;NA;;;;;NA;NA;NA;NA;NA;NA;NA;NA;NA;NA;2008-12-29;dls;fate unknown;;,,,,,,
usa;NA;;talek;;;1990-06-15;;;;;NA;;;;;NA;;;;;NA;;;;;NA;NA;NA;NA;NA;NA;NA;NA;NA;NA;1990-06-15;dead;;;,,,,,,
uta;NA;;talek;;;1997-03-02;;;;;NA;;;;;NA;;;;;NA;;;;;NA;NA;NA;NA;NA;NA;NA;NA;NA;NA;1997-03-02;dls;fate unknown;;,,,,,,
uu;NA;;talek;;;1992-04-03;;;;;NA;;;;;NA;;;;;NA;;;;;NA;NA;NA;NA;NA;NA;NA;NA;NA;NA;1992-04-03;dls;fate unknown;;,,,,,,
uu2;NA;;talek;;;1996-06-12;;;;;NA;;;;;NA;;;;;NA;;;;;NA;NA;NA;NA;NA;NA;NA;NA;NA;NA;1996-06-12;dls;fate unknown;;,,,,,,
uw;NA;;talek;;;1995-06-30;;;;;NA;;;;;NA;;;;;NA;;;;;NA;NA;NA;NA;NA;NA;NA;NA;NA;NA;1995-06-30;dls;fate unknown;;,,,,,,
uzco;2019-05-30;;talek;;;2019-06-16;;;;;2020-05-30;error;;71;Graduated based on DOB;NA;;;;;NA;;;;;NA;NA;NA;NA;NA;NA;NA;NA;NA;NA;NA;;;;,,,,,,
uzi;2012-08-21;;serena.n;;;2012-11-06;;;;;2013-07-01;;;;DenGrad info not in table, instead taken from tblHyenas;2013-06-03;;;;;NA;;;;;NA;NA;NA;NA;NA;NA;NA;NA;NA;NA;2016-03-11;dls;;;,,,,,
vail;NA;;serena.s;;;2013-08-08;;;;;NA;;;;;NA;;;;;NA;;;;;NA;NA;NA;NA;NA;NA;NA;NA;NA;NA;2019-01-08;dls;;;,,,,,,
val;NA;;talek;;;1997-08-28;;;;;NA;;;;;NA;;;;;NA;;;;;NA;NA;NA;NA;NA;NA;NA;NA;NA;NA;1997-10-03;dls;fate unknown;;,,,,,,
van;2010-02-26;;talek;;;2010-06-04;;;;;2010-09-29;;;9.5;;2011-02-25;error;;57.5;;NA;;;;;NA;NA;NA;NA;NA;NA;NA;NA;NA;NA;2012-06-20;dls;inferred dead;;,,,,,,
vana;NA;;unknown;;;2016-08-11;;;;;NA;;;;;NA;;;;;2016-08-11;dispersal;talek;;;NA;NA;NA;NA;NA;NA;NA;NA;NA;NA;NA;dls;;;,,,,,,
vaqi;2017-05-07;;serena.n;;;2017-06-25;;;;;2018-02-09;;;;DenGrad info not in table, instead taken from tblHyenas;NA;;;;;NA;;;;;NA;NA;NA;NA;NA;NA;NA;NA;NA;NA;2019-10-28;;;;,,,,,
vaya;2014-02-24;;happy.zebra;;;2014-04-14;;;;;2014-10-27;;;;DenGrad info not in table, instead taken from tblHyenas;2015-02-15;;;28.5;;NA;;;;;NA;NA;NA;NA;NA;NA;NA;NA;NA;NA;2015-06-28;dls;;;,,,,,
vctr;NA;;unknown;;;2019-12-24;;;;;NA;;;;;NA;;;;;2019-12-24;dispersal;happy.zebra;;;NA;NA;NA;NA;NA;NA;NA;NA;NA;NA;NA;;;;,,,,,,
vd;NA;;talek;;;1989-05-29;;;;;NA;;;;;NA;;;;;NA;;;;;NA;NA;NA;NA;NA;NA;NA;NA;NA;NA;1991-07-07;dls;dispersed;;,,,,,,
vdg;2007-11-15;;talek;;;2008-04-13;;;;;2008-07-10;;;1.5;;2008-11-25;;;9;;NA;;;;;NA;NA;NA;NA;NA;NA;NA;NA;NA;NA;2010-08-03;dls;inferred dead;;,,,,,,
vega;1996-01-03;;talek;;;1996-02-21;;;;;NA;;;;;NA;;;;;NA;;;;;NA;NA;NA;NA;NA;NA;NA;NA;NA;NA;1996-03-21;dead;;;,,,,,,
vel;2003-09-20;;airstrip;;;2003-12-02;;;;;NA;;;;;NA;;;;;NA;;;;;NA;NA;NA;NA;NA;NA;NA;NA;NA;NA;2005-07-10;;;;check EventStatus and EventData,,,,,,
vela;2018-11-14;;pond;;;2018-11-25;;;;;2019-11-14;;;0;Graduated based on DOB;NA;;;;;NA;;;;;NA;NA;NA;NA;NA;NA;NA;NA;NA;NA;2021-11-19;dls;;;,,,,,,
velo;2010-03-01;;serena.n;;;2010-03-28;;;;;NA;;;;;NA;dbw;;;;NA;;;;;NA;NA;NA;NA;NA;NA;NA;NA;NA;NA;2012-03-29;dead;cause unknown;;,,,,,,
veni;NA;;serena.s;;;2010-06-26;;;;;NA;;;;;NA;;;;;NA;;;;;NA;NA;NA;NA;NA;NA;NA;NA;NA;NA;2018-03-13;dls;fate unknown;;,,,,,,
vera;2017-07-25;;serena.s;;;2017-09-12;;;;;2018-05-12;grad;;0;;NA;;;;;NA;;;;;NA;NA;NA;NA;NA;NA;NA;NA;NA;NA;2019-01-28;dls;;;,,,,,,
verm;2008-11-01;;fig.tree;;;2008-12-29;;;;;NA;;;;;NA;;;;;NA;;;;;NA;NA;NA;NA;NA;NA;NA;NA;NA;NA;2011-10-23;dls;fate unknown;;,,,,,,
vf;1998-12-02;;talek;;;1999-01-31;;;;;NA;;;;;NA;dbw;;;;NA;;;;;NA;NA;NA;NA;NA;NA;NA;NA;NA;NA;1999-03-05;dead;;;,,,,,,
vgs;NA;;talek;;;1997-08-18;;;;;NA;;;;;NA;;;;;NA;;;;;NA;NA;NA;NA;NA;NA;NA;NA;NA;NA;2006-01-25;dead;snakebite?;;,,,,,,
vic;NA;;airstrip;;;2002-06-09;;;;;NA;;;;;NA;;;;;NA;;;;;NA;NA;NA;NA;NA;NA;NA;NA;NA;NA;2005-07-11;;;;check EventStatus and EventData,,,,,,
vig;2019-10-03;;talek;;;2020-01-03;;;;;NA;;;;;NA;;;;;NA;;;;;NA;NA;NA;NA;NA;NA;NA;NA;NA;NA;2020-01-03;dls;;;,,,,,,
vila;2021-01-02;;kcm;;;2021-08-09;;;;;2021-08-09;error;;22208.5;Never seen at den;NA;;;;;NA;;;;;NA;NA;NA;NA;NA;NA;NA;NA;NA;NA;2022-01-29;dls;;;,,,,,,
vin;2015-11-10;;happy.zebra;;;2016-03-01;;;;;NA;;;;;NA;dbw;;;;NA;;;;;NA;NA;NA;NA;NA;NA;NA;NA;NA;NA;2016-04-09;dead;hyena, clay?;;,,,,,
vinc;NA;;talek;;;1995-06-03;;;;;NA;;;;;NA;;;;;NA;;;;;NA;NA;NA;NA;NA;NA;NA;NA;NA;NA;1995-06-03;dls;fate unknown;;,,,,,,
viny;2003-06-16;;airstrip;;;2003-08-17;;;;;NA;;;;;NA;;;;;NA;;;;;NA;NA;NA;NA;NA;NA;NA;NA;NA;NA;2004-01-24;dls;;;,,,,,,
vio;2005-02-01;;talek.e;;;2005-07-16;;;;;2005-09-25;;;1.5;;2005-10-13;;;6;;NA;;;;;NA;NA;NA;NA;NA;NA;NA;NA;NA;NA;2008-10-26;dls;inferred dead;;,,,,,,
viol;2011-10-30;;talek;;;2012-01-06;;;;;2012-07-04;;;0;;NA;dbw;;;;NA;;;;;NA;NA;NA;NA;NA;NA;NA;NA;NA;NA;2012-08-24;dls;inferred dead;;,,,,,,
vira;2019-07-15;;kcm;;;2021-05-06;;;;;2020-07-15;error;;22013.5;Graduated based on DOB, before DFS;NA;;;;;NA;;;;;NA;NA;NA;NA;NA;NA;NA;NA;NA;NA;NA;;;;,,,,,
visa;2021-01-05;;talek;;;2021-07-13;;;;;2021-08-02;;;4;;NA;;;;;NA;;;;;NA;NA;NA;NA;NA;NA;NA;NA;NA;NA;NA;;;;,,,,,,
vish;2011-04-18;;serena.n;;;2011-06-21;;;;;2012-06-02;;;;DenGrad info not in table, instead taken from tblHyenas;2012-07-29;;;;;NA;;;;;NA;NA;NA;NA;NA;NA;NA;NA;NA;NA;2012-09-28;dls;fate unknown;;,,,,,
vita;NA;;fig.tree;;;2006-05-31;;;;;NA;;;;;NA;;;;;NA;;;;;NA;NA;NA;NA;NA;NA;NA;NA;NA;NA;2006-07-14;dls;;;check EventStatus and EventData,,,,,,
viv;1994-07-01;;talek;;;1994-08-07;;;;;1995-02-04;;;2;;NA;dbw;;;;NA;;;;;NA;NA;NA;NA;NA;NA;NA;NA;NA;NA;1995-02-06;dead;lions;;,,,,,,
vivo;2020-01-31;;kcm;;;2021-01-30;;;;;2021-01-30;error;;22113;Graduated based on DOB, never seen at den;NA;;;;;NA;;;;;NA;NA;NA;NA;NA;NA;NA;NA;NA;NA;NA;;;;,,,,,
vlck;2021-12-15;;serena.s;;;2022-01-21;;;;;2022-10-18;;;3;>200, absent from den, >200;NA;;;;;NA;;;;;NA;NA;NA;NA;NA;NA;NA;NA;NA;NA;NA;;;;,,,,
vlpo;NA;;;;;2014-05-03;;;;;NA;;;;;NA;;;;;2018-11-04;dispersal;happy.zebra;;;2021-03-17;dispersal;serena.n;;;NA;NA;NA;NA;NA;NA;;;;,,,,,,
vltr;NA;;mara.river;;;2001-07-05;;;;;NA;;;;;NA;;;;;NA;;;;;NA;NA;NA;NA;NA;NA;NA;NA;NA;NA;2002-01-10;dls;fate unknown;;,,,,,,
vnci;2021-01-26;;serena.n;;;2021-02-16;;;;;NA;;;;;NA;;;;;NA;;;;;NA;NA;NA;NA;NA;NA;NA;NA;NA;NA;2021-03-19;;;;,,,,,,
vns;1994-07-10;;talek;;;1994-07-29;;;;;NA;;;;;NA;dbw;;;;NA;;;;;NA;NA;NA;NA;NA;NA;NA;NA;NA;NA;1994-11-10;dead;;;,,,,,,
vny;NA;;talek;;;1998-10-20;;;;;NA;;;;;NA;;;;;NA;;;;;NA;NA;NA;NA;NA;NA;NA;NA;NA;NA;1998-10-21;dls;fate unknown;;,,,,,,
vok;NA;;fig.tree;;;2000-08-16;;;;;NA;;;;;NA;;;;;NA;;;;;NA;NA;NA;NA;NA;NA;NA;NA;NA;NA;2001-08-31;dls;;;check EventStatus and EventData,,,,,,
vol;2005-12-06;;talek;;;2005-12-30;;;;;NA;dbg;;;;NA;dbw;;;;NA;;;;;NA;NA;NA;NA;NA;NA;NA;NA;NA;NA;2005-12-30;dead;;;,,,,,,
volk;2022-10-08;;happy.zebra;;;2023-01-09;;;;;NA;;;;;NA;;;;;NA;;;;;NA;NA;NA;NA;NA;NA;NA;NA;NA;NA;NA;;;;,,,,,,
vood;NA;;fig.tree;;;1992-12-20;;;;;NA;;;;;NA;;;;;NA;;;;;NA;NA;NA;NA;NA;NA;NA;NA;NA;NA;1992-12-20;dls;fate unknown;;check EventStatus and EventData,,,,,,
voya;2014-09-18;;serena.s;;;2014-10-06;;;;;2015-05-18;;;;DenGrad info not in table, instead taken from tblHyenas;2015-12-27;error;;160;;NA;;;;;NA;NA;NA;NA;NA;NA;NA;NA;NA;NA;2018-11-21;dls;;;,,,,,
vrnl;2023-07-28;born;serena.n;;;2023-08-09;;;;;NA;;;;;NA;;;;;NA;;;;;NA;NA;NA;NA;NA;NA;NA;NA;NA;NA;NA;;;;,,,,,,
vrsa;2020-07-17;;serena.s;;;2020-08-07;;;;;2021-07-17;;;0;Cub automatically den graduated based on birthdate;NA;;;;;NA;;;;;NA;NA;NA;NA;NA;NA;NA;NA;NA;NA;2022-05-16;dls;;;,,,,,,
vsv;NA;;lookout;;;1996-06-07;;;;;NA;;;;;NA;;;;;NA;;;;;NA;NA;NA;NA;NA;NA;NA;NA;NA;NA;1996-06-07;dls;fate unknown;;,,,,,,
vul;NA;;talek;;;1996-07-16;;;;;NA;;;;;NA;;;;;NA;;;;;NA;NA;NA;NA;NA;NA;NA;NA;NA;NA;1996-07-16;dls;fate unknown;;,,,,,,
vwil;2010-03-30;;talek;;;2010-04-09;;;;;2011-01-01;;;0.5;;2011-06-25;;;1;;NA;;;;;NA;NA;NA;NA;NA;NA;NA;NA;NA;NA;2011-09-19;dls;inferred dead;;,,,,,,
wabn;NA;;talek.w;;;2017-09-26;;;;;NA;;;;;NA;;;;;NA;;;;;NA;NA;NA;NA;NA;NA;NA;NA;NA;NA;2019-03-22;dls;;;,,,,,,
wafl;2007-08-01;;serena.n;;;2008-07-24;;;;;NA;;;;;NA;;;;;NA;;;;;NA;NA;NA;NA;NA;NA;NA;NA;NA;NA;NA;;;;,,,,,,
waga;2014-07-10;;fig.tree;;;2014-12-10;;;;;NA;;;;;NA;;;;;NA;;;;;NA;NA;NA;NA;NA;NA;NA;NA;NA;NA;2015-05-20;dls;;;check EventStatus and EventData,,,,,,
wald;NA;;talek;;;1994-10-28;;;;;NA;;;;;NA;;;;;NA;;;;;NA;NA;NA;NA;NA;NA;NA;NA;NA;NA;1998-06-01;dls;dispersed;;,,,,,,
wale;2010-10-09;;fig.tree;;;2010-10-29;;;;;NA;;;;;NA;;;;;NA;;;;;NA;NA;NA;NA;NA;NA;NA;NA;NA;NA;2013-05-19;dls;fate unknown;;,,,,,,
walo;2022-04-12;;talek;;;2022-05-20;;;;;2022-10-21;grad;;6;;NA;;;;;NA;;;;;NA;NA;NA;NA;NA;NA;NA;NA;NA;NA;NA;;;;,,,,,,
walt;1999-05-25;;talek;;;1999-06-21;;;;;NA;;;;;NA;;;;;NA;;;;;NA;NA;NA;NA;NA;NA;NA;NA;NA;NA;1999-06-15;dls;fate unknown;;,,,,,,
wama;2015-08-01;;talek;;;2016-05-09;;;;;NA;sugu;;;;2016-05-22;;;8;;2016-05-01;fission;kcm;;;NA;NA;NA;NA;NA;NA;NA;NA;NA;NA;NA;dls;;;,,,,,,
wamb;2018-05-02;;talek;;;2018-07-02;;;;;2019-05-06;grad;;0.5;;NA;;;;;NA;;;;;NA;NA;NA;NA;NA;NA;NA;NA;NA;NA;2021-12-27;dls;;;,,,,,,
wame;2021-02-15;;kcm;;;2021-08-09;;;;;2021-08-09;error;;22208.5;Never seen at den;NA;;;;;NA;;;;;NA;NA;NA;NA;NA;NA;NA;NA;NA;NA;NA;;;;,,,,,,
wan;2008-11-11;;mara.river;;;2015-05-30;;;;;NA;;;;;NA;;;;;NA;;;;;NA;NA;NA;NA;NA;NA;NA;NA;NA;NA;2015-05-30;dls;;;check EventStatus and EventData,,,,,,
wand;NA;;fig.tree;;;1992-12-28;;;;;NA;;;;;NA;;;;;NA;;;;;NA;NA;NA;NA;NA;NA;NA;NA;NA;NA;1992-12-28;dls;;;check EventStatus and EventData,,,,,,
wanu;2010-09-06;;fig.tree;;;2011-10-17;;;;;NA;;;;;NA;;;;;2014-04-25;dispersal;talek;;;2016-05-01;fission;pond;;;NA;NA;NA;NA;NA;2022-01-27;dls;;;,,,,,,
warf;1994-11-15;;talek;;;1994-12-19;;;;;NA;;;;;NA;;;;;NA;;;;;NA;NA;NA;NA;NA;NA;NA;NA;NA;NA;1995-03-27;dead;humans (us);;no session associated with this date,,,,,,
wari;2022-03-02;;cool.beans;;;2022-05-23;;;;;NA;;;;;NA;;;;;NA;;;;;NA;NA;NA;NA;NA;NA;NA;NA;NA;NA;NA;;;;,,,,,,
waro;2015-01-07;;talek;;;2015-02-10;;;;;NA;;;;;2015-09-17;;;18;;2016-05-01;fission;pond;;;NA;NA;NA;NA;NA;NA;NA;NA;NA;NA;2016-05-25;dls;inferred dead;;,,,,,,
wart;NA;;lookout;;;1997-07-14;;;;;NA;;;;;NA;;;;;NA;;;;;NA;NA;NA;NA;NA;NA;NA;NA;NA;NA;1997-07-14;dead;lions;;,,,,,,
warw;NA;;oltukai;;;2003-08-18;;;;;NA;;;;;NA;;;;;NA;;;;;NA;NA;NA;NA;NA;NA;NA;NA;NA;NA;2005-07-08;;;;check EventStatus and EventData,,,,,,
wash;1996-10-23;;talek;;;1996-11-27;;;;;1997-06-29;;;0.5;;NA;dbw;;;;NA;;;;;NA;NA;NA;NA;NA;NA;NA;NA;NA;NA;1997-08-27;dead;humans;;probably a car accident,,,,,,
wat;1997-06-27;;talek;;;1997-06-27;;;;;NA;;;;;NA;dbw;;;;NA;;;;;NA;NA;NA;NA;NA;NA;NA;NA;NA;NA;1998-02-01;dls;starvation;;,,,,,,
wati;2019-02-25;;kcm;;;2019-10-25;;;;;NA;;;;;NA;;;;;NA;;;;;NA;NA;NA;NA;NA;NA;NA;NA;NA;NA;2019-10-27;dls;;;,,,,,,
wawa;2013-11-12;;serena.n;;;2013-12-17;;;;;2014-06-10;;;;DenGrad info not in table, instead taken from tblHyenas;2014-07-07;;;0.5;;NA;;;;;NA;NA;NA;NA;NA;NA;NA;NA;NA;NA;NA;dls;;;,,,,,
wayn;NA;;;;;2016-12-11;;;;;NA;;;;;NA;;;;;NA;;;;;NA;NA;NA;NA;NA;NA;NA;NA;NA;NA;2021-05-07;;;;,,,,,,
wazi;2014-10-15;;fig.tree;;;2014-12-10;;;;;NA;;;;;NA;;;;;NA;;;;;NA;NA;NA;NA;NA;NA;NA;NA;NA;NA;2014-12-10;dls;;;check EventStatus and EventData,,,,,,
wdk;2005-11-19;;mara.river;;;2005-11-26;;;;;NA;;;;;NA;;;;;NA;;;;;NA;NA;NA;NA;NA;NA;NA;NA;NA;NA;2005-12-06;dead;infanticide??;;,,,,,,
weve;NA;;emarti h;;;2015-06-23;;;;;NA;;;;;NA;;;;;NA;;;;;NA;NA;NA;NA;NA;NA;NA;NA;NA;NA;NA;;;;,,,,,,
wf;2007-08-01;;serena.s;;;2008-11-25;;;;;NA;;;;;NA;;;;;2010-07-09;dispersal;serena.n;;;NA;NA;NA;NA;NA;NA;NA;NA;NA;NA;2020-08-25;dls;fate unknown;;,,,,,,
wh;1988-04-01;;talek;;;1988-06-25;;;;;1988-12-12;;;0.5;;1989-04-20;;;;;NA;;;;;NA;NA;NA;NA;NA;NA;NA;NA;NA;NA;1989-08-20;dead;;;,,,,,,
whh;1998-02-28;;talek;;;1998-05-29;;;;;1998-10-02;;;3;;1999-01-03;;;1;;NA;;;;;NA;NA;NA;NA;NA;NA;NA;NA;NA;NA;2004-10-22;dead;;;WHH looks dead for several days,,,,,,
whi;2000-03-24;;talek;;;2000-04-17;;;;;2000-09-09;;;2.5;;2001-06-22;;;2;;NA;;;;;NA;NA;NA;NA;NA;NA;NA;NA;NA;NA;2003-11-07;dls;dispersed;;,,,,,,
whis;2019-11-16;;pond;;;2020-01-04;;;;;NA;;;;;NA;;;;;NA;;;;;NA;NA;NA;NA;NA;NA;NA;NA;NA;NA;2020-02-12;dls;;;,,,,,,
whiz;2010-11-16;;serena.s;;;2010-11-30;;;;DFS assigned by field, no associated session;2011-07-11;;;;DenGrad info not in table, instead taken from tblHyenas;2011-07-19;;;4.5;;NA;;;;;NA;NA;NA;NA;NA;NA;NA;NA;NA;NA;2020-10-12;dls;fate unknown;;,,,,
who;1991-07-07;;talek;;;1991-07-20;;;;;NA;;;;;1992-05-22;;;1;;2002-05-01;fission;talek.e;;;NA;NA;NA;NA;NA;NA;NA;NA;NA;NA;2006-12-21;;;;,,,,,,
whz;NA;;fig.tree;;;1999-05-30;;;;;NA;;;;;NA;;;;;NA;;;;;NA;NA;NA;NA;NA;NA;NA;NA;NA;NA;1999-05-30;dls;fate unknown;;,,,,,,
wic;NA;;talek;;;1997-05-12;;;;;NA;;;;;NA;;;;;NA;;;;;NA;NA;NA;NA;NA;NA;NA;NA;NA;NA;1997-05-12;dls;fate unknown;;,,,,,,
wich;2020-06-23;;serena.n;;;2020-08-07;;;;;2021-03-08;;;.5;;NA;;;;;NA;;;;;NA;NA;NA;NA;NA;NA;NA;NA;NA;NA;NA;;;;,,,,,,
wida;2020-02-10;;kcm;;;2021-08-23;;;;;2021-02-10;error;;22118.5;Graduated based on DOB, before DFS;NA;;;;;NA;;;;;NA;NA;NA;NA;NA;NA;NA;NA;NA;NA;NA;;;;,,,,,
wig;2002-10-20;;mara.river;;;2002-11-27;;;;;NA;;;;;NA;;;;;NA;;;;;NA;NA;NA;NA;NA;NA;NA;NA;NA;NA;2003-01-31;dead;;;,,,,,,
wiko;2019-10-29;;talek;;;2019-12-29;;;;;2020-09-18;error;;117.5;;NA;;;;;NA;;;;;NA;NA;NA;NA;NA;NA;NA;NA;NA;NA;2021-03-03;dls;;;,,,,,,
wil;NA;;talek;;;1987-08-01;;;;;NA;;;;;NA;;;;;NA;;;;;NA;NA;NA;NA;NA;NA;NA;NA;NA;NA;1989-02-02;dls;fate unknown;;,,,,,,
wild;2019-12-12;;serena.s;;;2020-02-22;;;;;NA;;;;;NA;;;;;NA;;;;;NA;NA;NA;NA;NA;NA;NA;NA;NA;NA;2020-10-24;dls;;;,,,,,,
will;NA;;talek;;;1994-04-18;;;;;NA;;;;;NA;;;;;NA;;;;;NA;NA;NA;NA;NA;NA;NA;NA;NA;NA;1996-12-23;dls;dispersed;;,,,,,,
wino;2015-02-27;;happy.zebra;;;2015-04-14;;;;;NA;;;;;2015-11-11;;;0;;NA;;;;;NA;NA;NA;NA;NA;NA;NA;NA;NA;NA;2016-03-15;dls;;;,,,,,,
wins;2011-11-02;;happy.zebra;;;2011-11-30;;;;;NA;;;;;NA;dbw;;;;NA;;;;;NA;NA;NA;NA;NA;NA;NA;NA;NA;NA;2012-05-28;dls;;;,,,,,,
winx;2021-11-16;;serena.s;;;2021-12-22;;;;;2022-10-18;;;3;>200, absent from den, >200;NA;;;;;NA;;;;;NA;NA;NA;NA;NA;NA;NA;NA;NA;NA;NA;;;;,,,,
wipe;2014-08-31;;talek;;;2015-05-31;;;;;NA;;;;;NA;;;;;NA;;;;;NA;NA;NA;NA;NA;NA;NA;NA;NA;NA;2015-05-31;dls;fate unknown;;,,,,,,
wise;2022-07-20;;serena.n;;;2022-10-03;;;;;2023-07-20;;;;KDSL, no info from the field RE error or date calc;NA;;;;;NA;;;;;NA;NA;NA;NA;NA;NA;NA;NA;NA;NA;NA;;;;,,,,,
wit;NA;;talek;;;1990-12-28;;;;;NA;;;;;NA;;;;;NA;;;;;NA;NA;NA;NA;NA;NA;NA;NA;NA;NA;1991-08-31;dls;dispersed;;,,,,,,
wite;2021-10-02;cool.beans;;;;2022-05-17;;;;;NA;;;;;NA;;;;;NA;;;;;NA;NA;NA;NA;NA;NA;NA;NA;NA;NA;2022-05-17;dls;;;,,,,,,
wiz;2000-05-25;;mara.river;;;2001-05-25;;;;;NA;;;;;NA;;;;;NA;;;;;NA;NA;NA;NA;NA;NA;NA;NA;NA;NA;2003-06-23;dls;dispersed;;,,,,,,
wk;1990-10-20;;talek;;;1990-11-27;;;;;NA;;;;;NA;;;;;NA;;;;;NA;NA;NA;NA;NA;NA;NA;NA;NA;NA;1991-06-13;dead;;;,,,,,,
wlg;NA;;talek;;;2004-12-01;;;;;NA;;;;;NA;;;;;NA;;;;;NA;NA;NA;NA;NA;NA;NA;NA;NA;NA;2014-04-12;dead;humans (poison - april 2014);;,,,,,,
wlow;2014-01-05;;talek;;;2014-03-22;;;;;2014-07-26;;;1.5;;2014-09-15;;;0.5;;2016-05-01;fission;kcm;;;NA;NA;NA;NA;NA;NA;NA;NA;NA;NA;2016-09-08;dls;dispersed;;,,,,,,
wlt;2017-11-15;;talek.w;;;2018-02-21;;;;;NA;;;;;NA;;;;;NA;;;;;NA;NA;NA;NA;NA;NA;NA;NA;NA;NA;NA;;;;,,,,,,
wltr;NA;;mara.river;;;2012-02-28;;;;;NA;;;;;NA;;;;;NA;;;;;NA;NA;NA;NA;NA;NA;NA;NA;NA;NA;2013-08-25;dls;;;check EventStatus and EventData,,,,,,
wly;2008-10-28;;oz valley;;;2008-12-04;;;;;NA;;;;;NA;;;;;NA;;;;;NA;NA;NA;NA;NA;NA;NA;NA;NA;NA;NA;;;;,,,,,,
wm;1994-07-07;;talek;;;1994-07-29;;;;;1995-01-26;;;3.5;;NA;dbw;;;;NA;;;;;NA;NA;NA;NA;NA;NA;NA;NA;NA;NA;1995-03-13;dead;disease;;,,,,,,
wmbo;2017-10-22;;serena.n;;;2017-10-23;;;;;NA;;;;;NA;;;;;NA;;;;;NA;NA;NA;NA;NA;NA;NA;NA;NA;NA;2018-07-06;dls;fate unknown;;,,,,,,
wmen;2018-10-03;;happy.zebra;;;2018-12-05;;;;;2019-10-03;26;;;graduated by turning 1 yo;NA;;;;;NA;;;;;NA;NA;NA;NA;NA;NA;NA;NA;NA;NA;2019-10-04;;;;,,,,,,
wncr;2015-06-28;;serena.n;;;2015-08-05;;;;DFS assigned by field, no associated session;2016-02-20;;;;DenGrad info not in table, instead taken from tblHyenas;2016-03-20;error;;64.5;;NA;;;;;NA;NA;NA;NA;NA;NA;NA;NA;NA;NA;2023-02-24;dls;fate unknown;;,,,,
wnd;NA;;mara.river;;;2001-05-09;;;;;NA;;;;;NA;;;;;NA;;;;;NA;NA;NA;NA;NA;NA;NA;NA;NA;NA;2006-05-27;dead;lions;;,,,,,,
wndy;2017-04-25;;kcm;;;2017-10-25;;;;;2018-02-17;;;;DenGrad info not in table, instead taken from tblHyenas;NA;;;;;NA;;;;;NA;NA;NA;NA;NA;NA;NA;NA;NA;NA;NA;dls;;;,,,,,
wng;NA;;oltukai;;;2003-07-12;;;;;NA;;;;;NA;;;;;NA;;;;;NA;NA;NA;NA;NA;NA;NA;NA;NA;NA;2005-05-02;;;;check EventStatus and EventData,,,,,,
wntr;NA;;unknown;;;2021-08-11;;;;;NA;;;;;NA;;;;;2021-08-11;dispersal;happy.zebra;;;NA;NA;NA;NA;NA;NA;NA;NA;NA;NA;NA;;;;,,,,,,
wolf;2021-03-10;;serena.n;;;2021-05-13;;;;;2022-03-10;error;;43;Cub automatically den graduated based on birthdate, error term skewed due to lost North den;NA;;;;;NA;;;;;NA;NA;NA;NA;NA;NA;NA;NA;NA;NA;2021-12-14;dls;;;,,,,,
wolv;2013-09-17;;fig.tree;;;2013-11-26;;;;;NA;;;;;NA;;;;;NA;;;;;NA;NA;NA;NA;NA;NA;NA;NA;NA;NA;2016-01-13;dls;;;check EventStatus and EventData,,,,,,
woo;NA;;talek;;;1997-06-05;;;;;NA;;;;;NA;;;;;NA;;;;;NA;NA;NA;NA;NA;NA;NA;NA;NA;NA;1997-06-05;dls;fate unknown;;,,,,,,
woop;2018-06-15;;happy.zebra;;;2018-08-06;;;;;NA;;;;;NA;;;;;NA;;;;;NA;NA;NA;NA;NA;NA;NA;NA;NA;NA;2018-09-24;dls;;;,,,,,,
worf;2008-12-08;;fig.tree;;;2009-02-22;;;;;NA;;;;;NA;;;;;NA;;;;;NA;NA;NA;NA;NA;NA;NA;NA;NA;NA;2014-11-02;dls;;;check EventStatus and EventData,,,,,,
wowo;2019-06-05;;talek;;;2019-10-06;;;;;2020-06-05;error;;74;Graduated based on DOB;NA;;;;;NA;;;;;NA;NA;NA;NA;NA;NA;NA;NA;NA;NA;NA;;;;,,,,,,
wozz;2009-10-23;;fig.tree;;;2009-11-21;;;;;NA;;;;;NA;;;;;NA;;;;;NA;NA;NA;NA;NA;NA;NA;NA;NA;NA;2010-12-19;dls;unk;;,,,,,,
wr;1994-06-22;;talek;;;1994-07-08;;;;;1995-01-25;;;1.5;;1995-12-30;;;;;2002-05-01;fission;talek.e;;;NA;NA;NA;NA;NA;NA;NA;NA;NA;NA;2007-02-25;dls;inferred dead;;,,,,,,
wran;2010-01-13;;talek;;;2010-01-27;;;;;2010-11-04;;;1.5;;2010-10-25;;;2;;2016-05-01;fission;talek;;;NA;NA;NA;NA;NA;NA;NA;NA;NA;NA;2020-05-27;dls;;;,,,,,,
wrl;2002-06-10;;talek;;;2002-06-24;;;;;2003-04-12;;;33.5;;2002-12-26;;;18.5;;NA;;;;;NA;NA;NA;NA;NA;NA;NA;NA;NA;NA;2003-07-29;dead;humans (us);;,,,,,,
wrth;2012-10-28;;talek;;;2013-02-23;;;;;2013-07-29;;;1;;2013-06-03;;;1.5;;2016-05-01;fission;talek;;;NA;NA;NA;NA;NA;NA;NA;NA;NA;NA;NA;dls;;;,,,,,,
wrwk;NA;;talek;;;2009-10-25;;;;;NA;;;;;NA;;;;;NA;;;;;NA;NA;NA;NA;NA;NA;NA;NA;NA;NA;2013-01-16;dls;dispersed;;,,,,,,
wsbi;2015-07-07;;serena.s;;;2015-08-28;;;;;2015-12-09;;;;DenGrad info not in table, instead taken from tblHyenas;2016-07-10;;;24;;2019-01-11;dispersal;serena.n;;;NA;NA;NA;NA;NA;NA;NA;NA;NA;NA;NA;dls;;;,,,,,
wsky;2019-07-29;;happy.zebra;;;2019-09-05;;;;;2020-03-06;;;0.5;;NA;;;;;NA;;;;;NA;NA;NA;NA;NA;NA;NA;NA;NA;NA;2020-03-17;dls;;;,,,,,,
wstr;NA;;happy.zebra;;;2013-02-03;;;;;NA;;;;;NA;;;;;NA;;;;;NA;NA;NA;NA;NA;NA;NA;NA;NA;NA;2015-09-18;dls;;;,,,,,,
wtg;2015-07-07;;serena.n;;;2015-09-10;;;;;2016-04-16;;;;DenGrad info not in table, instead taken from tblHyenas;2016-05-27;;;17.5;;NA;;;;;NA;NA;NA;NA;NA;NA;NA;NA;NA;NA;2020-10-15;dls;;;,,,,,
wth;NA;;fig.tree;;;1997-07-09;;;;;NA;;;;;NA;;;;;NA;;;;;NA;NA;NA;NA;NA;NA;NA;NA;NA;NA;1997-07-09;dls;fate unknown;;,,,,,,
wtp;1994-01-17;;talek;;;1994-01-24;;;;;NA;;;;;NA;;;;;NA;;;;;NA;NA;NA;NA;NA;NA;NA;NA;NA;NA;1994-02-22;dead;;;,,,,,,
wtrl;2006-04-15;;mara.river;;;2006-07-13;;;;;NA;;;;;NA;;;;;NA;;;;;NA;NA;NA;NA;NA;NA;NA;NA;NA;NA;2006-07-22;dead;;;,,,,,,
wy;1990-10-05;;talek;;;1990-10-16;;;;;1991-05-08;;;26;;1991-04-12;error;;38.5;;NA;;;;;NA;NA;NA;NA;NA;NA;NA;NA;NA;NA;1991-06-24;dead;lions;;,,,,,,
wyan;NA;;unknown;;;2017-01-25;;;;;NA;;;;;NA;;;;;2016-11-27;dispersal;pond;;;NA;NA;NA;NA;NA;NA;NA;NA;NA;NA;2019-07-29;dls;;;,,,,,,
wych;2015-12-01;;serena.n;;;2016-01-05;;;;;NA;;;;;NA;;;;;NA;;;;;NA;NA;NA;NA;NA;NA;NA;NA;NA;NA;2016-03-15;dls;;;,,,,,,
wyn;2016-10-03;;kcm;;;2016-11-21;;;;One sibling seen on DFS;2017-07-02;;;;DenGrad info not in table, instead taken from tblHyenas;NA;;;;;NA;;;;;NA;NA;NA;NA;NA;NA;NA;NA;NA;NA;2021-09-29;dls;;;,,,,,
x032;NA;;talek;;;1988-10-16;;;;;NA;;;;;NA;;;;;NA;;;;;NA;NA;NA;NA;NA;NA;NA;NA;NA;NA;1988-10-16;dls;fate unknown;;,,,,,,
x033;NA;;talek;;;1988-10-16;;;;;NA;;;;;NA;;;;;NA;;;;;NA;NA;NA;NA;NA;NA;NA;NA;NA;NA;1988-10-16;dls;fate unknown;;,,,,,,
x036;NA;;talek;;;1988-10-16;;;;;NA;;;;;NA;;;;;NA;;;;;NA;NA;NA;NA;NA;NA;NA;NA;NA;NA;1988-10-16;dls;fate unknown;;,,,,,,
x114;NA;;talek;;;1988-10-11;;;;;NA;;;;;NA;;;;;NA;;;;;NA;NA;NA;NA;NA;NA;NA;NA;NA;NA;1988-10-11;dls;fate unknown;;,,,,,,
x118;NA;;talek;;;1988-07-23;;;;;NA;;;;;NA;;;;;NA;;;;;NA;NA;NA;NA;NA;NA;NA;NA;NA;NA;1988-07-23;dls;fate unknown;;,,,,,,
x131;NA;;talek;;;1988-08-16;;;;;NA;;;;;NA;;;;;NA;;;;;NA;NA;NA;NA;NA;NA;NA;NA;NA;NA;1988-08-16;dls;fate unknown;;,,,,,,
x133;NA;;talek;;;1988-08-22;;;;;NA;;;;;NA;;;;;NA;;;;;NA;NA;NA;NA;NA;NA;NA;NA;NA;NA;1988-08-22;dls;fate unknown;;,,,,,,
x135;NA;;talek;;;1988-08-22;;;;;NA;;;;;NA;;;;;NA;;;;;NA;NA;NA;NA;NA;NA;NA;NA;NA;NA;1988-08-22;dls;fate unknown;;,,,,,,
x138;NA;;talek;;;1988-09-11;;;;;NA;;;;;NA;;;;;NA;;;;;NA;NA;NA;NA;NA;NA;NA;NA;NA;NA;1988-09-11;dls;fate unknown;;,,,,,,
x139;NA;;talek;;;1988-10-04;;;;;NA;;;;;NA;;;;;NA;;;;;NA;NA;NA;NA;NA;NA;NA;NA;NA;NA;1988-10-04;dls;fate unknown;;,,,,,,
x142;NA;;talek;;;1988-10-08;;;;;NA;;;;;NA;;;;;NA;;;;;NA;NA;NA;NA;NA;NA;NA;NA;NA;NA;1988-10-08;dls;fate unknown;;,,,,,,
x145;NA;;talek;;;1988-10-08;;;;;NA;;;;;NA;;;;;NA;;;;;NA;NA;NA;NA;NA;NA;NA;NA;NA;NA;1988-10-08;dls;fate unknown;;,,,,,,
x146;NA;;talek;;;1988-10-04;;;;;NA;;;;;NA;;;;;NA;;;;;NA;NA;NA;NA;NA;NA;NA;NA;NA;NA;1988-10-04;dls;fate unknown;;,,,,,,
x148;NA;;talek;;;1988-10-08;;;;;NA;;;;;NA;;;;;NA;;;;;NA;NA;NA;NA;NA;NA;NA;NA;NA;NA;1988-10-08;dls;fate unknown;;,,,,,,
x896;NA;;talek;;;1988-08-25;;;;;NA;;;;;NA;;;;;NA;;;;;NA;NA;NA;NA;NA;NA;NA;NA;NA;NA;1988-08-25;dls;fate unknown;;,,,,,,
xan;NA;;talek;;;1996-10-07;;;;;NA;;;;;NA;;;;;NA;;;;;NA;NA;NA;NA;NA;NA;NA;NA;NA;NA;1996-10-07;dls;fate unknown;;,,,,,,
xbc;NA;;talek;;;1991-11-28;;;;;NA;;;;;NA;;;;;NA;;;;;NA;NA;NA;NA;NA;NA;NA;NA;NA;NA;1991-11-28;dls;fate unknown;;,,,,,,
xbot;2010-01-11;;;;;NA;;;;;NA;;;;;NA;;;;;NA;;;;;NA;NA;NA;NA;NA;NA;NA;NA;NA;NA;NA;;;;,,,,,,
xena;2011-11-25;;talek;;;2012-01-17;;;;;2012-08-17;;;2;;2013-03-22;;;8;;2014-11-03;dispersal;talek.e;;;NA;NA;NA;NA;NA;NA;NA;NA;NA;NA;2014-11-12;dls;;;,,,,,,
xexe;2021-02-03;;kcm;;;2021-07-23;;;;;2021-07-23;error;;22200;Never seen at den;NA;;;;;NA;;;;;NA;NA;NA;NA;NA;NA;NA;NA;NA;NA;NA;;;;,,,,,,
xfi;NA;;talek;;;1996-12-20;;;;;NA;;;;;NA;;;;;NA;;;;;NA;NA;NA;NA;NA;NA;NA;NA;NA;NA;1996-12-20;dls;fate unknown;;,,,,,,
xma;NA;;talek;;;1996-12-20;;;;;NA;;;;;NA;;;;;NA;;;;;NA;NA;NA;NA;NA;NA;NA;NA;NA;NA;1996-12-20;dls;fate unknown;;,,,,,,
xman;NA;;talek;;;1995-12-10;;;;;NA;;;;;NA;;;;;NA;;;;;NA;NA;NA;NA;NA;NA;NA;NA;NA;NA;1995-12-10;dls;fate unknown;;,,,,,,
xnon;2010-01-13;;talek;;;2010-04-06;;;;;2010-10-09;;;4;;2010-09-14;;;8;;NA;;;;;NA;NA;NA;NA;NA;NA;NA;NA;NA;NA;2014-04-12;dead;poison (april 2014 incident);;,,,,,,
xqv;NA;;talek;;;1998-10-15;;;;;NA;;;;;NA;;;;;NA;;;;;NA;NA;NA;NA;NA;NA;NA;NA;NA;NA;1998-10-15;dls;fate unknown;;,,,,,,
xs;1983-02-01;;talek;;;1983-02-01;;;;;NA;;;;;NA;;;;;NA;;;;;NA;NA;NA;NA;NA;NA;NA;NA;NA;NA;1989-12-13;dls;inferred dead;;,,,,,,
xxx;1996-12-13;;talek;;;1996-12-20;;;;;NA;dbg;;;;NA;;;;;NA;;;;;NA;NA;NA;NA;NA;NA;NA;NA;NA;NA;1996-12-20;dead;hyena;;,,,,,,
xyz;1996-12-13;;talek;;;1996-12-20;;;;;NA;;;;;NA;;;;;NA;;;;;NA;NA;NA;NA;NA;NA;NA;NA;NA;NA;1996-12-20;dead;hyena;;,,,,,,
yaho;2010-07-14;;talek;;;2010-09-06;;;;;2011-05-17;;;1.5;;2011-07-28;;;21.5;;NA;;;;;NA;NA;NA;NA;NA;NA;NA;NA;NA;NA;2012-04-11;dls;inferred dead;;,,,,,,
yam;2019-11-16;;pond;;;2020-01-04;;;;;NA;;;;;NA;;;;;NA;;;;;NA;NA;NA;NA;NA;NA;NA;NA;NA;NA;2020-03-21;dls;;;,,,,,,
yan;NA;;talek;;;1996-12-30;;;;;NA;;;;;NA;;;;;NA;;;;;NA;NA;NA;NA;NA;NA;NA;NA;NA;NA;1996-12-30;dls;fate unknown;;,,,,,,
yana;2021-01-15;;serena.n;;;2021-04-30;;;;;2022-01-15;error;;40.5;Cub automatically den graduated based on birthdate;NA;;;;;NA;;;;;NA;NA;NA;NA;NA;NA;NA;NA;NA;NA;NA;;;;,,,,,,
yang;2021-05-01;;cool.beans;;;2021-07-01;;;;;NA;;;;;NA;;;;;NA;;;;;NA;NA;NA;NA;NA;NA;NA;NA;NA;NA;2021-07-18;dls;;;,,,,,,
yar;NA;;talek;;;1996-12-28;;;;;NA;;;;;NA;;;;;NA;;;;;NA;NA;NA;NA;NA;NA;NA;NA;NA;NA;1996-12-28;dls;fate unknown;;,,,,,,
yat;2004-02-04;;talek;;;2004-02-05;;;;;NA;dbg;;;;NA;dbw;;;;NA;;;;;NA;NA;NA;NA;NA;NA;NA;NA;NA;NA;2004-02-12;dls;inferred dead;;,,,,,,
yaya;2021-11-09;;happy.zebra;;;2021-12-20;;;;;2022-11-09;;;5.5;Cub automatically den graduated based on birthdate;NA;;;;;NA;;;;;NA;NA;NA;NA;NA;NA;NA;NA;NA;NA;2022-02-17;dls;;;,,,,,,
yaz;2008-11-10;;talek;;;2009-06-03;;;;;2009-06-24;;;10.5;;2009-12-20;error;;147;;NA;;;;;NA;NA;NA;NA;NA;NA;NA;NA;NA;NA;2011-11-21;dls;dispersed;;,,,,,,
yel;NA;;talek;;;1996-12-31;;;;;NA;;;;;NA;;;;;NA;;;;;NA;NA;NA;NA;NA;NA;NA;NA;NA;NA;1996-12-31;dls;fate unknown;;,,,,,,
yell;2014-03-09;;serena.n;;;2014-03-29;;;;;NA;;;;;NA;dbw;;;;NA;;;;;NA;NA;NA;NA;NA;NA;NA;NA;NA;NA;2014-04-25;dls;;;,,,,,,
yet;1997-07-09;;talek;;;1997-07-15;;;;;1997-12-04;;;3;;1998-07-18;;;1;;NA;;;;;NA;NA;NA;NA;NA;NA;NA;NA;NA;NA;2001-03-13;dls;dispersed;;,,,,,,
ygri;2018-08-03;;pond;;;2018-10-04;;;;;2019-05-26;grad;;1.5;;NA;;;;;NA;;;;;NA;NA;NA;NA;NA;NA;NA;NA;NA;NA;2021-09-23;dls;;;,,,,,,
ylst;2010-02-19;;talek;;;2010-04-07;;;;;2010-11-12;;;0;;2010-12-26;;;2;;NA;;;;;NA;NA;NA;NA;NA;NA;NA;NA;NA;NA;2012-04-13;dls;dispersed;;,,,,,,
yoda;2001-06-01;;talek;;;2001-07-25;;;;;2002-01-19;;;6;;2001-12-13;;;8;;NA;;;;;NA;NA;NA;NA;NA;NA;NA;NA;NA;NA;2003-01-15;dls;inferred dead;;,,,,,,
yog;2001-11-20;;talek;;;2002-01-07;;;;;2002-10-11;;;4.5;;2003-04-06;;;2;;2016-05-01;fission;kcm;;;NA;NA;NA;NA;NA;NA;NA;NA;NA;NA;2017-05-13;dls;;;,,,,,,
yola;2015-01-31;;talek;;;2015-07-31;;;;;NA;;;;;2016-05-04;error;;45;;2016-05-01;fission;kcm;;;NA;NA;NA;NA;NA;NA;NA;NA;NA;NA;2018-01-08;dls;;;,,,,,,
yor;NA;;talek;;;1996-12-23;;;;;NA;;;;;NA;;;;;NA;;;;;NA;NA;NA;NA;NA;NA;NA;NA;NA;NA;1996-12-23;dls;fate unknown;;,,,,,,
york;2022-08-26;;serena.n;;;2022-09-05;;;;;2023-05-11;grad;;0;;NA;;;;;NA;;;;;NA;NA;NA;NA;NA;NA;NA;NA;NA;NA;NA;;;;,,,,,,
yose;2011-03-19;;happy.zebra;;;2011-04-16;;;;;NA;;;;;NA;;;;;NA;;;;;NA;NA;NA;NA;NA;NA;NA;NA;NA;NA;2011-05-09;dls;fate unknown;;,,,,,,
yosh;2009-06-15;;talek;;;2009-07-11;;;;;NA;;;;;2010-01-15;error;;155;;NA;;;;;NA;NA;NA;NA;NA;NA;NA;NA;NA;NA;2012-02-25;;;;check EventStatus and EventData,,,,,,
yote;2021-12-13;;pond;;;2021-12-13;;;;;2022-09-13;error;;31.5;Graduated based on DOB;NA;;;;;NA;;;;;NA;NA;NA;NA;NA;NA;NA;NA;NA;NA;NA;;;;,,,,,,
yow;NA;;talek;;;1997-01-05;;;;;NA;;;;;NA;;;;;NA;;;;;NA;NA;NA;NA;NA;NA;NA;NA;NA;NA;1997-01-05;dls;fate unknown;;,,,,,,
ypsi;NA;;serena.n;;;2011-07-19;;;;;NA;;;;;NA;;;;;NA;;;;;NA;NA;NA;NA;NA;NA;NA;NA;NA;NA;2021-05-14;;;;,,,,,,
yuc;NA;;talek;;;1996-12-30;;;;;NA;;;;;NA;;;;;NA;;;;;NA;NA;NA;NA;NA;NA;NA;NA;NA;NA;1996-12-30;dls;fate unknown;;,,,,,,
yuki;NA;;unknown;;;2018-10-04;;;;;NA;;;;;NA;;;;;2018-10-04;dispersal;serena.s;;;NA;NA;NA;NA;NA;NA;NA;NA;NA;NA;2019-04-02;dls;;;,,,,,,
yuma;NA;;happy.zebra;;;2009-10-31;;;;;NA;;;;;NA;;;;;NA;;;;;NA;NA;NA;NA;NA;NA;NA;NA;NA;NA;2012-12-02;dls;fate unknown;;check EventStatus and EventData,,,,,,
yumm;2011-11-02;;talek;;;2012-01-12;;;;;2012-09-18;;;0;;2012-12-08;;;17.5;;NA;;;;;NA;NA;NA;NA;NA;NA;NA;NA;NA;NA;2012-12-06;dls;inferred dead;;,,,,,,
yuni;2018-02-12;;talek;;;2018-06-03;;;;;2018-12-01;grad;;5.5;;NA;;;;;NA;;;;;NA;NA;NA;NA;NA;NA;NA;NA;NA;NA;NA;dls;;;,,,,,,
zach;NA;;airstrip;;;2003-07-21;;;;;NA;;;;;NA;;;;;NA;;;;;NA;NA;NA;NA;NA;NA;NA;NA;NA;NA;2004-09-19;dls;;;check EventStatus and EventData,,,,,,
zal;2018-02-01;;happy.zebra;;;2018-05-31;;;;;2018-10-27;;;;;NA;;;;;NA;;;;;NA;NA;NA;NA;NA;NA;NA;NA;NA;NA;2019-03-21;dls;;;,,,,,,
zam;2004-04-27;;airstrip;;;2004-05-07;;;;;NA;;;;;NA;;;;;NA;;;;;NA;NA;NA;NA;NA;NA;NA;NA;NA;NA;2005-07-09;;;;check EventStatus and EventData,,,,,,
zara;2022-03-15;;kcm;;;2022-08-13;;;;;2022-11-11;grad;;3;;NA;;;;;NA;;;;;NA;NA;NA;NA;NA;NA;NA;NA;NA;NA;NA;;;;,,,,,,
zazu;2019-03-15;;pond;;;2019-05-01;;;;;2020-03-15;error;;12;Graduated based on DOB;NA;;;;;NA;;;;;NA;NA;NA;NA;NA;NA;NA;NA;NA;NA;2020-04-18;dls;;;,,,,,,
zc;2001-03-13;;talek;;;2001-05-20;;;;;2001-10-09;;;0.5;;2002-01-27;;;1;;NA;;;;;NA;NA;NA;NA;NA;NA;NA;NA;NA;NA;2005-05-13;dead;humans;;,,,,,,
zebu;2020-06-15;;kcm;;;2022-08-02;;;;;2021-06-15;error;;22181;Graduated based on DOB, before DFS;NA;;;;;NA;;;;;NA;NA;NA;NA;NA;NA;NA;NA;NA;NA;NA;;;;,,,,,
zek;2008-12-08;;fig.tree;;;2009-02-22;;;;;NA;;;;;NA;;;;;NA;;;;;NA;NA;NA;NA;NA;NA;NA;NA;NA;NA;2009-02-22;dls;unk;;,,,,,,
zeny;2010-12-18;;talek;;;2011-01-22;;;;;2011-08-04;;;0;;2012-01-12;;;20.5;;NA;;;;;NA;NA;NA;NA;NA;NA;NA;NA;NA;NA;2012-05-13;dls;inferred dead;;,,,,,,
zep;NA;;talek;;;1991-09-05;;;;;NA;;;;;NA;;;;;NA;;;;;NA;NA;NA;NA;NA;NA;NA;NA;NA;NA;1991-09-05;dls;fate unknown;;,,,,,,
zet;NA;;talek;;;1996-12-21;;;;;NA;;;;;NA;;;;;NA;;;;;NA;NA;NA;NA;NA;NA;NA;NA;NA;NA;1996-12-21;dls;fate unknown;;,,,,,,
zeus;2001-03-20;;talek;;;2001-05-22;;;;;2001-10-08;;;0.5;;NA;dbw;;;;NA;;;;;NA;NA;NA;NA;NA;NA;NA;NA;NA;NA;2001-10-20;dead;;;,,,,,,
zich;2014-07-19;;talek;;;2015-01-19;;;;;NA;dbg;;;;NA;;;;;NA;;;;;NA;NA;NA;NA;NA;NA;NA;NA;NA;NA;2016-12-11;dls;fate unknown;;,,,,,,
zig;NA;;talek;;;1997-09-15;;;;;NA;;;;;NA;;;;;NA;;;;;NA;NA;NA;NA;NA;NA;NA;NA;NA;NA;1999-12-03;dls;dispersed;;,,,,,,
zika;2022-10-20;;kcm;;;2022-10-30;;;;;NA;;;;;NA;;;;;NA;;;;;NA;NA;NA;NA;NA;NA;NA;NA;NA;NA;NA;;;;,,,,,,
zim;1998-11-29;;talek;;;1999-01-07;;;;;1999-08-04;;;0.5;;2000-02-23;;;0.5;;NA;;;;;NA;NA;NA;NA;NA;NA;NA;NA;NA;NA;2002-12-12;dls;inferred dead;;,,,,,,
zimu;2017-10-16;;serena.n;;;2017-11-13;;;;;2018-10-25;;;;;NA;;;;;NA;;;;;NA;NA;NA;NA;NA;NA;NA;NA;NA;NA;2021-10-25;dls;;;,,,,,,
zing;1995-11-09;;talek;;;1995-12-29;;;;;1996-06-29;;;0.5;;1996-09-03;;;4;;NA;;;;;NA;NA;NA;NA;NA;NA;NA;NA;NA;NA;1997-07-24;dls;inferred dead;;,,,,,,
zion;2010-02-19;;talek;;;2010-04-07;;;;;2010-12-24;;;2;;2011-02-16;;;8.5;;NA;;;;;NA;NA;NA;NA;NA;NA;NA;NA;NA;NA;2013-05-06;dls;inferred dead;;,,,,,,
zip;NA;;talek;;;1989-11-27;;;;;NA;;;;;NA;;;;;NA;;;;;NA;NA;NA;NA;NA;NA;NA;NA;NA;NA;1994-04-21;dls;fate unknown;;,,,,,,
ziti;2010-04-03;;talek;;;2010-06-09;;;;;2010-11-12;;;0;;2011-07-14;;;5.5;;2016-05-01;fission;talek;;;NA;NA;NA;NA;NA;NA;NA;NA;NA;NA;2021-10-20;dls;;;,,,,,,
znf;2000-11-18;;talek;;;2000-12-05;;;;;NA;;;;;NA;;;;;NA;;;;;NA;NA;NA;NA;NA;NA;NA;NA;NA;NA;2000-12-12;dls;;;,,,,,,
zoe;NA;;fig.tree;;;1995-06-23;;;;;NA;;;;;NA;;;;;NA;;;;;NA;NA;NA;NA;NA;NA;NA;NA;NA;NA;1995-06-23;dls;fate unknown;;,,,,,,
zoey;NA;;serena.n;;;2008-06-27;;;;;NA;;;;;NA;;;;;NA;;;;;NA;NA;NA;NA;NA;NA;NA;NA;NA;NA;2013-03-26;dls;;;,,,,,,
zomb;2010-10-13;;talek;;;2010-11-03;;;;;NA;dbg;;;;NA;dbw;;;;NA;;;;;NA;NA;NA;NA;NA;NA;NA;NA;NA;NA;2010-12-24;dls;inferred dead;;,,,,,,
zor;1989-07-17;;talek;;;1989-08-12;;;;;1990-04-16;;;2;;NA;;;;;NA;;;;;NA;NA;NA;NA;NA;NA;NA;NA;NA;NA;1990-05-01;dead;;;,,,,,,
zorx;2019-03-23;;serena.s;;;2019-07-24;;;;;2020-03-23;;;72;;NA;;;;;NA;;;;;NA;NA;NA;NA;NA;NA;NA;NA;NA;NA;2019-10-31;;;;,,,,,,
zrch;NA;;talek;;;2010-05-27;;;;;NA;;;;;NA;;;;;NA;;;;;NA;NA;NA;NA;NA;NA;NA;NA;NA;NA;2015-01-09;dls;dispersed;;,,,,,,
zsa;NA;;oltukai;;;2003-07-12;;;;;NA;;;;;NA;;;;;NA;;;;;NA;NA;NA;NA;NA;NA;NA;NA;NA;NA;2005-07-10;dls;;;,,,,,,
zuci;2013-09-22;;mara.river;;;2014-02-22;;;;;NA;;;;;NA;;;;;NA;;;;;NA;NA;NA;NA;NA;NA;NA;NA;NA;NA;NA;dls;;;,,,,,,
zuko;2019-12-06;;serena.n;;;2019-12-24;;;;;NA;;;;;NA;;;;;NA;;;;;NA;NA;NA;NA;NA;NA;NA;NA;NA;NA;2020-03-19;dls;;;,,,,,,
zulu;1994-05-01;;talek;;;1994-05-30;;;;;1995-01-28;;;0.5;;1995-08-20;;;;;NA;;;;;NA;NA;NA;NA;NA;NA;NA;NA;NA;NA;1997-08-31;dead;lions;;,,,,,,
zurg;2011-12-11;;fig.tree;;;2012-01-22;;;;;NA;;;;;NA;;;;;NA;;;;;NA;NA;NA;NA;NA;NA;NA;NA;NA;NA;2014-11-07;dls;;;check EventStatus and EventData,,,,,,
zwe;NA;;talek;;;2001-12-12;;;;;NA;;;;;NA;;;;;NA;;;;;NA;NA;NA;NA;NA;NA;NA;NA;NA;NA;2001-12-12;dls;;;,,,,,,
zyk;2012-02-09;;happy.zebra;;;2012-02-22;;;;;NA;;;;;NA;;;;;NA;;;;;NA;NA;NA;NA;NA;NA;NA;NA;NA;NA;2012-04-27;dls;;;,,,,,,
